type	study.study_id	participant.study_participant_id	sample.sample_id	file_name	file_type	file_description	file_size	md5sum	experimental_strategy_and_data_subtypes	submission_version	checksum_value	checksum_algorithm	file_mapping_level	release_datetime	is_supplementary_file	entityid
file				DUPLICATE_FILENAME_1/0000265770_S1_R1_001.fastq.gz			3100672591	e06f2f740430c786a87a8f96d5b02a1a								syn68527430
file				DUPLICATE_FILENAME_1/0000265770_S1_R2_001.fastq.gz			3313601345	0b25824bb7376f7e090854d6b863fd35								syn68527435
file				DUPLICATE_FILENAME_1/0000303169_S1_R1_001.fastq.gz			3240621524	f689b9da0c6403caa3b32569f858a647								syn68527458
file				DUPLICATE_FILENAME_1/0000303169_S1_R2_001.fastq.gz			3527158405	286ef5320da5130d2080a1c4ff4bec8d								syn68527461
file				DUPLICATE_FILENAME_1/0000319997_S1_R1_001.fastq.gz			2798791532	f8ec46126654ee70dc48b03c73dda104								syn68527462
file				DUPLICATE_FILENAME_1/0000319997_S1_R2_001.fastq.gz			3002199524	0655a1550caf96738028a2c7d9cd4840								syn68527468
file				DUPLICATE_FILENAME_1/0000320079_S1_R1_001.fastq.gz			2202150117	f21d01e28138e925c1d7e7b870810aba								syn68527477
file				DUPLICATE_FILENAME_1/0000320079_S1_R2_001.fastq.gz			2405024976	923e678c2f48b28b68c7e6bd223ae274								syn68527478
file				DUPLICATE_FILENAME_1/0000320114_S1_R1_001.fastq.gz			2172522397	353a082b04b3ee4da18569ce3ea86ed4								syn68527484
file				DUPLICATE_FILENAME_1/0000320114_S1_R2_001.fastq.gz			2352885302	5e353cc3ecffd1a3d1bd03ea26d32d08								syn68527492
file				DUPLICATE_FILENAME_1/0000320245_S1_R1_001.fastq.gz			951376691	aae1deb97d4e51a46b68fb8a404f647d								syn68527497
file				DUPLICATE_FILENAME_1/0000320245_S1_R2_001.fastq.gz			1063994504	976533499ce63d87bcb3e41ca9d40433								syn68527502
file				DUPLICATE_FILENAME_1/0000321912_S1_R1_001.fastq.gz			2324142947	f2410c2a237b623ae0999985e13821c4								syn68527527
file				DUPLICATE_FILENAME_1/0000321912_S1_R2_001.fastq.gz			2548485570	c36962e573b20039ddd2152fe350678a								syn68527537
file				DUPLICATE_FILENAME_1/0000321972_S1_R1_001.fastq.gz			2214766112	c96ee96c1e7e8fa385287bc9878b286b								syn68527550
file				DUPLICATE_FILENAME_1/0000321972_S1_R2_001.fastq.gz			2449424209	16e0a27c3fa3dbfb24b955f8f154a6d8								syn68527554
file				DUPLICATE_FILENAME_1/0000340456_S1_R1_001.fastq.gz			2001942799	9151df1b4044fa7df13d5fcdb06b1079								syn68527639
file				DUPLICATE_FILENAME_1/0000340456_S1_R2_001.fastq.gz			2173545327	84fad0fc2edb683e2ece50419692a4a2								syn68527643
file				DUPLICATE_FILENAME_1/0000340463_S2_R1_001.fastq.gz			1915215101	f45bfceff0b69bdcdb4ef9449a28c476								syn68527645
file				DUPLICATE_FILENAME_1/0000340463_S2_R2_001.fastq.gz			2075039940	e77fe0d088fc49e3936f3423361245d6								syn68527648
file				DUPLICATE_FILENAME_1/0000340469_S1_R1_001.fastq.gz			2013214601	1a04a3ebb4ace6a90e5bce926e5aa54e								syn68527650
file				DUPLICATE_FILENAME_1/0000340469_S1_R2_001.fastq.gz			2211547387	4cea55dcd4388767b8b33e0c8c838f85								syn68527661
file				DUPLICATE_FILENAME_1/0000346152_S1_R1_001.fastq.gz			1923272861	f2d780a3318c0e2dfe5a8d1a36150510								syn68527669
file				DUPLICATE_FILENAME_1/0000346152_S1_R2_001.fastq.gz			2124124806	c04f5b386f01b92c1e361793ffc7e4bf								syn68527671
file				DUPLICATE_FILENAME_1/0000366871_R1.fastq.gz			3093066556	5dedd7baed34076add9f84e64a6ffd28								syn68527675
file				DUPLICATE_FILENAME_1/0000366871_R2.fastq.gz			3442818449	9bd7d947a1dec210d08f5399e02fa075								syn68527693
file				DUPLICATE_FILENAME_1/0000367988_R1.fastq.gz			1626933115	ac1d68e1050f8cbe79b13b0303f4db4b								syn68527702
file				DUPLICATE_FILENAME_1/0000367988_R2.fastq.gz			1831988133	662fc998e103ed066329a565fe693ed3								syn68527707
file				DUPLICATE_FILENAME_1/0000368070_S1_R1_001.fastq.gz			1547503723	d3cae676aaa944ad57dc07026aad90a9								syn68527711
file				DUPLICATE_FILENAME_1/0000368070_S1_R2_001.fastq.gz			1754168689	7e7d208b259e68dfb0e07d271613c972								syn68527719
file				DUPLICATE_FILENAME_1/0000368112_S1_R1_001.fastq.gz			2375728373	3f800a692d81c92b106dd0d8ccc159d0								syn68527730
file				DUPLICATE_FILENAME_1/0000368112_S1_R2_001.fastq.gz			2633642588	bf75db65a79f7a1f2fbe89e7dab15d16								syn68527741
file				DUPLICATE_FILENAME_1/0000382610_R1.fastq.gz			2044756355	442571fba624d8cd3706101b281f7e78								syn68527777
file				DUPLICATE_FILENAME_1/0000382610_R2.fastq.gz			2325177053	3037337c532886e849c372dff2f73bc5								syn68527778
file				DUPLICATE_FILENAME_1/0000382748_S1_R1_001.fastq.gz			2127291748	51eb529d9d2ce36ece25fe228e5c3596								syn68527780
file				DUPLICATE_FILENAME_1/0000382748_S1_R2_001.fastq.gz			2368544663	92a261b2fdd0a181db4b878f3a01607f								syn68527790
file				DUPLICATE_FILENAME_1/0000394763_S1_R1_001.fastq.gz			2101101226	169f7e445af1fd14bc24e5356e9144ac								syn68527837
file				DUPLICATE_FILENAME_1/0000394763_S1_R2_001.fastq.gz			2422773525	ae091ec482b4f7f38056803f7f59964c								syn68527846
file				DUPLICATE_FILENAME_1/0000394880_R1.fastq.gz			2578249702	d61c22243b16d62de04ebd1d16d41beb								syn68527849
file				DUPLICATE_FILENAME_1/0000394880_R2.fastq.gz			2885575038	b289ae2b292d2c0f0be158bd05a37e86								syn68527865
file				DUPLICATE_FILENAME_1/0000399183_R1.fastq.gz			2220353152	be653de80e58b7cefd482881008d11e8								syn68527867
file				DUPLICATE_FILENAME_1/0000399183_R2.fastq.gz			2634130113	31b7908a972f34e33eb2d0eebe546b15								syn68527876
file				DUPLICATE_FILENAME_1/0000404813_R1.fastq.gz			1367646712	56ca71df3b162cc82fb9cd9de7601d62								syn68527878
file				DUPLICATE_FILENAME_1/0000404813_R2.fastq.gz			1740044479	34f5a7cae7d8e314c2c2cdce0983ce5b								syn68527890
file				DUPLICATE_FILENAME_1/0000424110_R1.fastq.gz			1886048700	ef91c92ab5d269dc9e90e40cfbb70bc2								syn68527897
file				DUPLICATE_FILENAME_1/0000424110_R2.fastq.gz			2206938378	df9bd6451c04197c4d13f192205a5f41								syn68527906
file				DUPLICATE_FILENAME_1/0000424126_R1.fastq.gz			2936854319	9165130b8408d5916f5d566e91677971								syn68527926
file				DUPLICATE_FILENAME_1/0000424126_R2.fastq.gz			3305631821	21d9f65ced8934ac30b5c355e2c80ad4								syn68527937
file				DUPLICATE_FILENAME_1/0000434093_R1.fastq.gz			2207881347	75798c4b16a9a9c083d3af5c8fd22fdb								syn68527944
file				DUPLICATE_FILENAME_1/0000434093_R2.fastq.gz			2487545440	9a0ab5a3acb2c999f32533077a9e5a14								syn68527955
file				DUPLICATE_FILENAME_1/0000434105_R1.fastq.gz			1646364031	3f41833c64544215157c1136c0f0136c								syn68527957
file				DUPLICATE_FILENAME_1/0000434105_R2.fastq.gz			1838550050	fe697b8ab33b8d7a8f77371131710e3a								syn68527985
file				DUPLICATE_FILENAME_1/0000434568_R1.fastq.gz			1108393427	ae52a8faa38306db4224f6139405f47a								syn68528000
file				DUPLICATE_FILENAME_1/0000434568_R2.fastq.gz			1276279046	67e555e448e43be790adc75dc174758e								syn68528001
file				DUPLICATE_FILENAME_1/0000446970_R1.fastq.gz			808287451	dd272df79915ae785050b9d061fc58b5								syn68528002
file				DUPLICATE_FILENAME_1/0000446970_R2.fastq.gz			943160370	eaa50fd7e4416839377cdf1f2d0eac9d								syn68528005
file				DUPLICATE_FILENAME_1/0000447031_R1.fastq.gz			929586984	ac466b32e6daaf96ecd82783580ec933								syn68528012
file				DUPLICATE_FILENAME_1/0000447031_R2.fastq.gz			1063574027	992e87e04a6ac1c0e8f0f718742be701								syn68528013
file				DUPLICATE_FILENAME_1/0000447063_R1.fastq.gz			1487728666	740f7e4697fcc88b6db8fac8312650a3								syn68528017
file				DUPLICATE_FILENAME_1/0000447063_R2.fastq.gz			1638461212	2bbfaae7c091c1d75fddb2ba3654305e								syn68528020
file				DUPLICATE_FILENAME_1/0000447194_R1.fastq.gz			1345161496	9863506be11ff01e9aa84d06e9dc3a63								syn68528023
file				m64069_200802_094347.ccs.fastq			64107125689	a2b3221c03bb9f5d0987fef4415e59c1								syn66511578
file				DUPLICATE_FILENAME_1/0000303169.bam			6831442420	1abcfc70adc59720ea18171b70699c88								syn68528031
file				DUPLICATE_FILENAME_1/0000319997.bam			14350872150	4c6e34f9ee64670ba72ffcdcb3ad48e4								syn68528078
file				DUPLICATE_FILENAME_1/0000320079.bam			10696919217	6d44b93768fc691a6a709104ba4f5f7e								syn68528089
file				DUPLICATE_FILENAME_1/0000320245.bam			10520624316	8a5fe6b675b1288636a3982af85f04c5								syn68528185
file				DUPLICATE_FILENAME_1/0000321972.bam			11534532608	52f33cac161ffa7942c302e984b352c6								syn68528286
file				DUPLICATE_FILENAME_1/0000340456.bam			18223343973	1a7fa4c49740eea4af066ffe2cb0c148								syn68528334
file				DUPLICATE_FILENAME_1/0000340463.bam			18170651552	c3a9583d35e3c0104c25d5df1577ba44								syn68528399
file				DUPLICATE_FILENAME_1/0000346152.bam			12145446535	64afc534420748d2ebef014553b2b528								syn68528400
file				DUPLICATE_FILENAME_1/0000265770.bam			1327899477	7a8ace16fdea1d52a908c6a760853b04								syn68528202
file				DUPLICATE_FILENAME_2/0000303169.bam			529016503	78a7d853fce8872ca9839170ad40fa9a								syn68528204
file				DUPLICATE_FILENAME_2/0000319997.bam			2570732979	f58f8ba2d302110fcf9fd31b580f8847								syn68528216
file				DUPLICATE_FILENAME_2/0000320079.bam			1264959533	265281e68e1fba4b698f70d2ca920b8e								syn68528222
file				DUPLICATE_FILENAME_1/0000320114.bam			1761591040	c36b4d92aa625b476d187f7feb97a484								syn68528227
file				DUPLICATE_FILENAME_2/0000320245.bam			902602756	45645679fdb0b8c132473992530e59c5								syn68528229
file				DUPLICATE_FILENAME_1/0000320296.bam			824750546	5e1ccf4104b187afa13364600735d21a								syn68528230
file				DUPLICATE_FILENAME_1/0000321912.bam			1896713041	711ec7332a0d3657a8b10087f8154cc2								syn68528234
file				DUPLICATE_FILENAME_2/0000321972.bam			2163493009	8e279d6e957a88f9ce79b87571c5c2b9								syn68528245
file				DUPLICATE_FILENAME_1/0000321988.bam			846926389	bc63960f9170df316b2ac447b1693031								syn68528247
file				DUPLICATE_FILENAME_1/0000321995.bam			836571197	3f9e7dc59ea48986a40d2e067b582cb3								syn68528250
file				DUPLICATE_FILENAME_1/0000322035.bam			1380665068	c783e04ce1243d92ab282dac9d41a471								syn68528255
file				DUPLICATE_FILENAME_1/0000322041.bam			1003367577	69ae36089ca34dd98f65ce9533d8885a								syn68528257
file				DUPLICATE_FILENAME_2/0000340456.bam			1942377422	387ad15ce9e21eec14d05d9e72ec0572								syn68528266
file				DUPLICATE_FILENAME_2/0000340463.bam			1335565933	2b83891354fb4ae2074f1ab8fcc7d3e8								syn68528268
file				DUPLICATE_FILENAME_1/0000340469.bam			1206482198	6383b228cf4af2618365a34d119173e1								syn68528270
file				DUPLICATE_FILENAME_2/0000346152.bam			915081620	3b9f5de7a03db12246f5f9ac19157643								syn68528272
file				DUPLICATE_FILENAME_1/0000366871.bam			1878554756	aa825ec9eb82bf943d11c053868791a7								syn68528274
file				DUPLICATE_FILENAME_1/0000367988.bam			940098342	f6dd0fb6b1223cb5b2b59cbcae9dbc19								syn68528275
file				DUPLICATE_FILENAME_1/0000368070.bam			1162935747	13b00cd687dd0fd2f470fed6e02be484								syn68528277
file				DUPLICATE_FILENAME_1/0000368112.bam			1919839634	1ca41efb4047466d27502f2b9798ecf9								syn68528280
file				DUPLICATE_FILENAME_1/0000382610.bam			1475244373	617c1eb3c3c95d1fb65ba374c0c83bde								syn68528287
file				DUPLICATE_FILENAME_1/0000382748.bam			1644486325	93a29c8013ac33479de2bd66de8183fa								syn68528290
file				DUPLICATE_FILENAME_1/0000382837.bam			1373094068	29b5dfa9bf32f01bf2b534825ebf3f4d								syn68528291
file				DUPLICATE_FILENAME_1/0000382886.bam			2709356247	129fcc8f7d1cf97dad777d595cc35db9								syn68528298
file				DUPLICATE_FILENAME_1/0000394763.bam			1510872467	386d68c0d21389c9536fbe780d229893								syn68528299
file				DUPLICATE_FILENAME_1/0000394880.bam			1262961054	4356f41669b55eda143ebfa39346cc5d								syn68528300
file				DUPLICATE_FILENAME_1/0000399183.bam			1681108813	ecf5c692355d9cd1779bf8b9f91738d4								syn68528302
file				DUPLICATE_FILENAME_1/0000404813.bam			1021821219	840af68dac1003b8ccd4942f15ddbc6c								syn68528303
file				DUPLICATE_FILENAME_1/0000424110.bam			661967489	a40c7a11c0c6c160051c364425258e39								syn68528305
file				DUPLICATE_FILENAME_1/0000424126.bam			2179854870	4f933314ab4b8128302b7a9e09301525								syn68528308
file				DUPLICATE_FILENAME_1/0000434093.bam			1621734234	fc5912b84948b5c5fb7861f27b245891								syn68528309
file				DUPLICATE_FILENAME_1/0000434105.bam			965484727	6a297d09c577f0d9b5465d9a1c114908								syn68528316
file				DUPLICATE_FILENAME_1/0000434568.bam			537156197	21c06e8c2397a3cb5807a9bdb482c35e								syn68528318
file				DUPLICATE_FILENAME_1/0000446970.bam			582298215	e09f90b26d01fbf8a43dc2aa81415c2a								syn68528319
file				DUPLICATE_FILENAME_1/0000447031.bam			821390963	7d4ae484412d5112a147bb5e24d4dad9								syn68528320
file				DUPLICATE_FILENAME_1/0000447063.bam			763475627	c409f23b476ccc6a15095c53a8777a77								syn68528321
file				DUPLICATE_FILENAME_1/0000447194.bam			1197188450	5521c9f80f38e2a177eb11dffc5cf6c8								syn68528322
file				HTA5_1736_2002.bam			57558520490	be8952d1e596531a4a486000c181df05								syn68743676
file				HTA5_1839_9000.bam			52519206630	4c71553e15175fee29d2c637d7669a6e								syn68744366
file				HTA5_1847_9000.bam			63114174681	5987280733f2515fde2b53a492e772e9								syn68744598
file				10096-AS-1_S1_L005_R2_001.fastq.gz			44640592255	801bf312af34f019079ca99c3f3039e9								syn52578146
file				4954-SR-1_S01_L005_R1_001.fastq.gz			53458111221	6995c4160694d2efde263e258c6175ac								syn64769211
file				4991-SR-1_S01_L005_R2_001.fastq.gz			45084178791	059de5d3b7323bf2d0be41760a732b88								syn64769495
file				H_YZ-764-07_S1_L001_I1_001.fastq.gz			596893753	025209ad339f1a6c5f8f234a7e03672f								syn64587206
file				H_YZ-1239-1451-06-lib1_S5_L001_R2_001.fastq.gz			57945178277	4deb92e3aed12626596ab51a8b737894								syn64587821
file				1715_Ru1314A_T_1_IGO_10519_2_S2_L002_R1_001.fastq.gz			2475715193	27953047f4323b24bc180b205a4c3fae								syn68204879
file				1715_Ru1314A_T_1_IGO_10519_2_S2_L002_R2_001.fastq.gz			5650098757	970aee9d3b53ada38b03bcff44b3fd82								syn68204880
file				1717_Ru1303B_LN_t2_1_IGO_10519_4_S13_L001_R2_001.fastq.gz			5976700800	41f3d9cd2236895becd26d2ddb196120								syn68204882
file				2231_POSIE_101320_BM_1_re_IGO_11499_33_S20_L002_R1_001.fastq.gz			3002793798	720a018b9389dd16da9facd76c558e09								syn68204937
file				2265_Ru222b_T_1_IGO_11589_3_S15_L001_R1_001.fastq.gz			2833884200	164aef90ea22cde185c0e42185b06199								syn68204949
file				3318_AV-1383_Ru942C_IGO_12437_J_5_S36_L002_R2_001.fastq.gz			3983296410	01066aba18e0e97e0a6118724a48c5ba								syn68205264
file				Rus81c-LN_2_IGO_09488_20_S20_L002_R1_001.fastq.gz			2699793769	18e6bfc69df80a767e513b6897e05f2d								syn68208449
file				SM-L123H_S7_L002_I1_001.fastq.gz			1966380076	a98cbf4ee2b72c7e9e1fa9517691e386								syn51271247
file				SM-L123L_S1_L001_R1_001.fastq.gz			6393649715	520c9e5b06e0f3972fef47a99dfe2a5a								syn51271385
file				SM-L123N_S9_L003_R1_001.fastq.gz			5812008516	6bca87a9a759e83badf0f9b7debb1d98								syn51271278
file				SM-L1287_S8_L002_I1_001.fastq.gz			1141499756	de47cf2e144d368134040399f95a8f16								syn51271429
file				HTA6_2494_2-L002_R2_001-190919_A00257_0187_BHG2GCDRXX.fastq.gz			25406602841	c990ba0d2262067eefb5163fea381308								syn64367689
file				HTA6_2498_2-L002_R2_001-201107_A00201R_0290_AHW2WNDRXX.fastq.gz			12221004688	c881d72dde154c12f97f1a8a1f4b8679								syn64367950
file				HTA6_2501_2-L002_R1_001-201112_J00118_0619_AHK5HGBBXY.fastq.gz			667031643	7b6946230041dedd37e3fe3373c1fc59								syn64369147
file				HTA6_2501_3-L002_I1_001-210222_A00509_0201_AH2LJFDRXY-SFGF-West-SS-16701.fastq.gz			142394547	c2e15c8c496fee5284a7b48d08dfe8f7								syn64369162
file				HTA6_2502_3-L001_R1_001-201112_J00118_0619_AHK5HGBBXY.fastq.gz			730323271	9f381707db612e9e4eda9c4a42fcb9ef								syn64369203
file				HTA6_2504_1-L001_R2_001-210222_A00509_0201_AH2LJFDRXY-SFGF-West-SS-16701.fastq.gz			3365138436	dd845cb6f632c6206411fd2bc8ac3d3e								syn64369336
file				HTA6_2504_2-L001_R2_001-201112_J00118_0619_AHK5HGBBXY.fastq.gz			2469409447	62f4b3c1277bb393ce0bd3ba7154e035								syn64369350
file				HTA6_2506_2-L001_I1_001-210327_A00257_0566_BH7FMYDRXY.fastq.gz			1221153507	3b65bf4ac0d6611fb8d7ad8cb6f2bdaf								syn64369421
file				HTA6_2507_1-L001_R2_001-220221_A00201R_0593_BH7G7FDMXY.fastq.gz			26744673090	d50d1875db6330179b14549cbd817874								syn64369455
file				HTA6_2507_1-L002_R2_001-220221_A00201R_0593_BH7G7FDMXY.fastq.gz			27431848606	9d3d9088eb02f92f37ac34897699f37f								syn64369473
file				HTA6_2508_1-L001_R2_001-220221_A00201R_0593_BH7G7FDMXY.fastq.gz			33770396028	3ef53b8d2fac9a3ba1439e35cbca0133								syn64369486
file				HTA6_2508_1-L002_R2_001-220221_A00201R_0593_BH7G7FDMXY.fastq.gz			34665304083	0737b8bd2eefcc1cd77d86cdd7660bb6								syn64369499
file				HTA6_2508_2-L001_R2_001-220221_A00201R_0593_BH7G7FDMXY.fastq.gz			27947679506	9a2f236c444013e33309de1c7602c973								syn64369509
file				HTA6_2508_2-L002_R2_001-220221_A00201R_0593_BH7G7FDMXY.fastq.gz			28755667386	55971ebea9355f01198d387f44f2cd18								syn64369515
file				Lau10096_S1_sample_alignments.bam			21524272616	78ed51c52bd8f0144b370dffe61c5b4c								syn52579000
file				4720-SR-1_S14_L005.bam			25893825372	a213bce80cd6211fc046f1c9bd22eb9e								syn64773083
file				4954-SR-1_S01_L005.bam			33516298049	7c7f9c0bd6b3abc00e3df56c725a6e10								syn64773084
file				4991-SR-1_S01_L005.bam			34260792427	4f45098efb5f2f2bcbf96ef8eedebaf7								syn64773105
file				5385-SR-3_S01_L005.bam			13560535281	a451b13c779664bf83d21320dd6dce82								syn64773119
file				6011-SR-6_S1_L005.bam			19571367658	a35a2dda65e2b7b9ad15379334d88fa1								syn64773138
file				6091-SR-4_S1_L005.bam			30228651766	55f69f27312a8f462893eec93ade19a5								syn64773151
file				0000368073.bam			32735290376	e61dcc5efba57ffb13edad25bb4633e9								syn68502402
file				0000382613.bam			24291867941	95c301a36929e8eb158b95807be43757								syn68502566
file				0000382750.bam			33451287297	05917d3e94de9afc5398a356cf5d843d								syn68502613
file				0000382840.bam			23044641465	221f758b59a860944e731a5cdb256e03								syn68502666
file				0000382888.bam			20514916425	c1f2642acf5aac29a4109f03b9784959								syn68502879
file				0000399184.bam			27214104461	a8f01383565b80cfc755f3820d1ee008								syn68502926
file				0000434407.bam			28164482692	eeb73febdcbdbd72c5262d377eab82c9								syn68502981
file				0000446973.bam			27441512024	34994801a06edb2b297bf8d718778773								syn68503040
file				0000447034.bam			27359061858	ffe13dd25e93574d26a9efefa149b278								syn68503060
file				HTA8_6001_002101_Aligned.out.bam			23757398781	795d131ce91c9823a26550c8f73dbe3f								syn61905446
file				HTA8_6001_003101_Aligned.out.bam			22887863446	e932cb3a70cb42ba5b0dcceee946d1fa								syn61905554
file				HTA8_6002_001101_Aligned.out.bam			18448799183	ba0c463c9ded94835e90ab095d4c2177								syn61905614
file				HTA8_6004_001101_Aligned.out.bam			23443803618	556f797f5b97a6674d1cc3f2e31e7ece								syn61905901
file				HTA8_6005_001101_Aligned.out.bam			21858212315	5081bde0fcddc2001401abfc0c2e5400								syn61905963
file				HTA8_6006_001101_Aligned.out.bam			19759088945	84713f8ce5e4ca1e2f0cbb345321e8b7								syn61906058
file				HTA8_6006_003101_Aligned.out.bam			19615434320	21605669a9444d3346f61fa67c927760								syn61906205
file				HTA8_6007_001101_Aligned.out.bam			20681605773	0c231cef270e89c77e0dc3f0d838b96f								syn61906357
file				HTA8_6007_003101_Aligned.out.bam			18537292666	9474518214e38d7106c17d585af61d6a								syn61906480
file				HTA8_6008_001101_Aligned.out.bam			20332237496	a28e7dfc6b6dbf739ff5d37849bcc8b8								syn61906550
file				HTA8_6008_002101_Aligned.out.bam			19463163715	edbc9f171b55319ac6505b7b6e2e1f28								syn61906618
file				HTA8_6010_004101_Aligned.out.bam			26231393184	03ccbd1734f7201876eb9ab95fa2c972								syn61907001
file				HTA8_6011_001101_Aligned.out.bam			19924645626	f589df42bdc4fc2f892b53dedb27e2af								syn61907125
file				HTA8_6011_002101_Aligned.out.bam			17773362832	4c536a7ebcbded278f2537a64e13d051								syn61907192
file				HTA8_6011_003101_Aligned.out.bam			13723967854	e8779f0c08b0b8cc441b75bbb7941d89								syn61907246
file				HTA8_6012_001101_Aligned.out.bam			21994498464	2f06611685d91d967448dbc272c6b9bb								syn61907365
file				HTA8_6012_002101_Aligned.out.bam			19751744070	a8c06c2a0d467021e2e6d8f38f5e0762								syn61907443
file				HTA8_6012_003101_Aligned.out.bam			22455991593	5a0002b89119bbcea851b8db43cea637								syn61907522
file				HTA8_6013_001101_Aligned.out.bam			17578888922	49eb7eaf7c0119cadaf4fd714fbfde3f								syn61907592
file				HTA8_6013_002101_Aligned.out.bam			18004143999	b26f00137db1bf60a806cee699269f7e								syn61907685
file				HTA8_6013_003101_Aligned.out.bam			18599791636	c8bfecde2b761ec26a66f5352880124c								syn61907744
file				HTA8_6014_001101_Aligned.out.bam			16716496368	a0904659099ffabf6f88c19395b5fcca								syn61907795
file				HTA8_6014_002101_Aligned.out.bam			16880079491	6a6dd7c57cbee4a572e931811ffe4110								syn61907858
file				HTA8_6015_001101_Aligned.out.bam			20646045258	0e7e9ceb803c88be56441b6c9c9d950b								syn61907941
file				HTA8_6015_002101_Aligned.out.bam			18457969023	ddedeecc5196a30b9c27865dd77d04ca								syn61908034
file				HTA8_6016_001101_Aligned.out.bam			22200197898	a0230ba0182d023ee02367a19cf16379								syn61908126
file				HTA8_6016_002101_Aligned.out.bam			22911591056	13f863bfe153ec53e57c956a8ef1e95e								syn61908176
file				HTA8_6016_003101_Aligned.out.bam			24491587999	e5d50d81ef83cf9db7104dbc047122ff								syn61908246
file				HTA8_6017_003101_Aligned.out.bam			18882197724	6e8741d5c19e680ce6fbf0776d1fda96								syn61908439
file				HTA8_6017_004101_Aligned.out.bam			25325541095	e1db472842af826a96e510914684f963								syn61908518
file				HTA8_6018_001101_Aligned.out.bam			23183660386	c54a84a960db2cac8920406340f789df								syn61908593
file				HTA8_6018_002101_Aligned.out.bam			23489664889	0fed9f21c5af2f5e17d0a90105e1f5e5								syn61908688
file				HTA8_6018_003101_Aligned.out.bam			22938275857	ab2e5ef65070aff1ca9fd0b0849d00a1								syn61908800
file				HTA8_6019_001101_Aligned.out.bam			21065107339	65f7ea524fc58184104be67c2ca899ad								syn61908861
file				HTA8_6019_002101_Aligned.out.bam			19027173011	1c892afaf1a6d54ebf12e36f5285460e								syn61908929
file				HTA8_6020_001101_Aligned.out.bam			21851902563	48b40d2290c07f3b102cf8230c1fa4aa								syn61909092
file				HTA8_6020_002101_Aligned.out.bam			24292570988	322188101b4690fd19c7b1771a486e05								syn61909150
file				HTA8_6021_001101_Aligned.out.bam			26003266566	80516f13546faab516f40cca8a600fc1								syn61909262
file				HTA8_6021_002101_Aligned.out.bam			31697039360	6c83828febfe9be27cc6c93579a998f2								syn61909352
file				HTA8_6022_001101_Aligned.out.bam			18720142053	1c1f45484d84a507b99eb4ba00cd9a6e								syn61909398
file				HTA8_6022_002101_Aligned.out.bam			20824075671	2f2289b3ccb5352574ac74ed039dae39								syn61909478
file				HTA8_6022_003101_Aligned.out.bam			22743234956	22a4ea258abe81ec6ef9780aca17ce94								syn61909542
file				HTA8_6022_004101_Aligned.out.bam			18132317287	761155cdf0b8e74c16f92e03e204eee8								syn61909586
file				HTA8_6023_001101_Aligned.out.bam			20278163469	ae082793f92a2d8800f7c1a045e8fa79								syn61909623
file				HTA8_6023_002101_Aligned.out.bam			21389020437	3486a33b98933d185451977d09be2852								syn61909681
file				HTA8_6023_003101_Aligned.out.bam			21548497310	d6ed466f335cfb1dbc902ef3f3c04edc								syn61909757
file				HTA8_6023_004101_Aligned.out.bam			24255448270	3c6db4e948206d973874d03e3db97519								syn61909867
file				HTA8_6024_001101_Aligned.out.bam			18317417600	a493f99e2e4f7b32eefc708eddb36c05								syn61909922
file				HTA8_6024_002101_Aligned.out.bam			22583802467	17b5596b23f1f5d5e289a09edc436174								syn61909965
file				HTA8_6024_003101_Aligned.out.bam			22842458005	b58f8a1e073412302b067ea8e48d3720								syn61910012
file				HTA8_6025_001101_Aligned.out.bam			24529700795	704dd49553191278715958fc114863d5								syn61910051
file				HTA8_6025_002101_Aligned.out.bam			23399243181	6a2882a82e20c364c196be9e55c22dba								syn61910095
file				HTA8_6025_003101_Aligned.out.bam			23526571963	78e074df7fd16d7f8ee2b56202abe33c								syn61910129
file				HTA8_6026_001101_Aligned.out.bam			24421701319	7dfd4ceb1421e0b5ed2feaf1c53ee9b7								syn61910178
file				HTA8_6026_002101_Aligned.out.bam			23294700665	900e4ce0adde135da0199a2f9d09b219								syn61910227
file				HTA8_6026_003101_Aligned.out.bam			21762664610	d3e5b8b3732c1be3d1995476b24ca38a								syn61910271
file				HTA8_6027_001101_Aligned.out.bam			19412394024	7f03e2f60884ca082f7edbdb9c4485d6								syn61910309
file				HTA8_6027_002101_Aligned.out.bam			20561558431	eb3f3d174a1585348719ef732a699400								syn61910347
file				HTA8_6027_003101_Aligned.out.bam			23881187734	81813ff349744f4c847c34e09bdedd38								syn61910396
file				HTA8_6028_001101_Aligned.out.bam			18176947259	9da7c6a8c0cf5067b791f6656f1bd5d6								syn61910440
file				HTA8_6028_002101_Aligned.out.bam			21756344934	d100234cfec882732262186089d770f6								syn61910481
file				HTA8_6028_003101_Aligned.out.bam			20825899003	5fc53524c1f82949a3057ea86c9109b3								syn61910512
file				HTA8_6029_001101_Aligned.out.bam			23134098676	f02f59d07bcf07776cc3b0d1168e4ba8								syn61910586
file				HTA8_6029_002101_Aligned.out.bam			33325295388	7947780b6072d87556d8f3fc4a22fe2c								syn61910628
file				HTA8_5001_001201_IGO_10299_26_Aligned.out.bam			9976241550	edae5202a49b3dc673f4226cdaaf41c2								syn64109357
file				HTA8_5001_002201_IGO_10299_30_Aligned.out.bam			10202187834	8e7893ca98356efa2f1df9e2c667cd7f								syn64109303
file				HTA8_5001_003201_IGO_10299_20_Aligned.out.bam			12504804569	968d8d34d27b6faa2c73fcd8e69cc6d4								syn64109308
file				HTA8_5001_004101_IGO_10299_23_Aligned.out.bam			12065820056	f9c96bfb5bfc2fa2a885954f6290096e								syn64109224
file				HTA8_5001_004201_IGO_10299_22_Aligned.out.bam			12694945879	d1f56b952ed8bf4d089a917ff66f3c6f								syn64109579
file				HTA8_5001_005201_IGO_10299_18_Aligned.out.bam			10981894561	5a7c93fb176f1213593a891b298f0d1a								syn64109235
file				HTA8_5001_006101_IGO_10299_17_Aligned.out.bam			9279775257	5e4a1db11755f9d09222b3c2214d104f								syn64109527
file				HTA8_5001_006201_IGO_10299_16_Aligned.out.bam			9687238070	9bcdf347321b9bd6e8ad6bb75a9356ae								syn64109253
file				HTA8_5001_007101_IGO_10218_13_Aligned.out.bam			12333137871	d85b19b560cc7839eef4cc0f7a4114a7								syn64109638
file				HTA8_5001_007201_IGO_10299_33_Aligned.out.bam			10164626696	d2a3a60000bf2cab9abb029557e2771d								syn64109350
file				HTA8_5001_007501_IGO_10299_32_Aligned.out.bam			9781222407	a5706dfc91dab161b44758c11e39cb13								syn64109219
file				HTA8_5001_007701_IGO_10128_17_Aligned.out.bam			9689015540	edce51c510bf220ce38d33222b20f410								syn64109300
file				HTA8_5001_008201_IGO_10299_24_Aligned.out.bam			10529881296	6b229e9b55c2b438efed9797226df884								syn64109656
file				HTA8_5001_009101_IGO_10682_13_Aligned.out.bam			17350215356	43f7c193f7fdaa1fd4cbc41ca8c2bd4f								syn64109286
file				HTA8_5001_009201_IGO_10682_14_Aligned.out.bam			17126233807	2347f639a028418d0f37bb3269f563ce								syn64109327
file				HTA8_5001_009301_IGO_10299_15_Aligned.out.bam			9179903335	7ceb914946a5f5f7fa2f2dfa02184b3c								syn64109707
file				HTA8_5001_009401_IGO_10587_22_Aligned.out.bam			13255531185	f2203699159fe6ffe4fe0f7c1ef608c0								syn64109684
file				HTA8_5001_009501_IGO_10299_14_Aligned.out.bam			9128693872	474cdf19521d08e5856b352f14ebe041								syn64109382
file				HTA8_5001_010101_IGO_10299_13_Aligned.out.bam			11557546230	39f0331bea5f01ea27e7f2838e32dc9e								syn64109378
file				HTA8_5001_010201_IGO_10299_12_Aligned.out.bam			12676937286	d5a63ac35d2fa93ba153e668dee8058d								syn64109523
file				HTA8_5001_011101_IGO_10299_29_Aligned.out.bam			8818840181	ae9cd72543abe8983f5b36b010c40975								syn64109662
file				HTA8_5001_011201_IGO_10299_28_Aligned.out.bam			8631240585	3eb59f12f609f6d8b0d52004b96df936								syn64109373
file				HTA8_5002_001101_IGO_10218_15_Aligned.out.bam			12808013381	ff323668b3dd19ceec9806d512f2eb53								syn64109290
file				HTA8_5002_001201_IGO_10218_14_Aligned.out.bam			12980289306	f20c46c0718a3968fe02a54deec756f1								syn64109319
file				HTA8_5002_002101_IGO_10218_16_Aligned.out.bam			11737055667	b7df72f00b7bd66316784fdea17fb660								syn64109264
file				HTA8_5002_003201_IGO_10218_17_Aligned.out.bam			12282506486	0c6aad4949b4cbb71bbe0b3953de0a2b								syn64109624
file				HTA8_5002_004101_IGO_10218_19_Aligned.out.bam			11210357994	18cdcbae7577676f5e8b8aeaca6cdc2a								syn64109278
file				HTA8_5002_005101_IGO_10299_5_Aligned.out.bam			8768559359	b1d42c414dcafa95ec759491d538aad3								syn64109363
file				HTA8_5002_005201_IGO_10299_6_Aligned.out.bam			7967826805	f0009fda788ad14847a72b1d4c3295ec								syn64109590
file				HTA8_5002_006201_IGO_10299_7_Aligned.out.bam			8802472449	0d660ec7abd4efc67b0117bef8d76e23								syn64109273
file				HTA8_5002_007101_IGO_10299_10_Aligned.out.bam			8788558406	b77cb5930c6890f759550b745a627f98								syn64109685
file				HTA8_5002_007201_IGO_10299_11_Aligned.out.bam			8570811684	503c19b87ea02a64df8ae93691d37e24								syn64109688
file				HTA8_5002_008101_IGO_10298_7_Aligned.out.bam			9204080949	2bba1d622a4e315a9e99d4024d6d1baa								syn64109406
file				HTA8_5002_008201_IGO_10298_6_Aligned.out.bam			8687874606	d44e3fe2740f601fa1c9963745faab95								syn64109215
file				HTA8_5002_009101_IGO_10298_9_Aligned.out.bam			9077076724	0a8027531dcec4359c1251284b1af2cd								syn64109244
file				HTA8_5002_009201_IGO_10298_8_Aligned.out.bam			9241704137	7f091d561f8334bfe89deb438353321d								syn64109269
file				HTA8_5002_010101_IGO_10298_10_Aligned.out.bam			9084891666	4ad0b5e460552ecb837d59f41dbe45b4								syn64109210
file				HTA8_5002_010201_IGO_10298_13_Aligned.out.bam			9550322292	9eb6e80fadd091c4f248a38e067e1e78								syn64109368
file				HTA8_5002_011101_IGO_10298_12_Aligned.out.bam			9042415228	440c68a3dda20e744902d2bcc63dc1f1								syn64109239
file				HTA8_5002_011201_IGO_10298_11_Aligned.out.bam			11983377994	ea6a2990dbbfce945f4913c9f56d150d								syn64109338
file				HTA8_5002_012101_IGO_10299_3_Aligned.out.bam			8534227081	43f0065f56fbcee78ae981cc7735737e								syn64109258
file				HTA8_5002_012201_IGO_10299_4_Aligned.out.bam			8584655177	a3910cb6c6197bc35674fe249364f140								syn64109311
file				1178_RU1171a_P95_IGO_09902_18_Aligned.out.bam			18552767881	dbe44b7629686a770eb0e1abc068ced9								syn68204983
file				1183_Ru1173_P96_IGO_09902_19_Aligned.out.bam			18564121739	62bbd659b9b8c2a47dc7c8a416da9b9a								syn68204992
file				1184_Ru1173_bam_fresh_P96_IGO_09902_20_Aligned.out.bam			19350601536	c74345ded8850dbdece44d4ab4ec8b91								syn68205018
file				1327_Ru1202A_1SM_P96_IGO_10128_1_Aligned.out.bam			18072713427	8a4d1717b014ef52fe7f0e0856dc38c4								syn68205049
file				1561_1264_P96_IGO_10317_20_Aligned.out.bam			18891683473	265237d9a913f97fde78981914c25841								syn68205071
file				1575_Ru1281A_IGO_10414_12_Aligned.out.bam			14940884097	ac7161f554af406af7a72f30a27c0f36								syn68205077
file				1609_Ru581D_IGO_10414_17_Aligned.out.bam			17898848381	d92544cc0dd1616b3f194c0ec34fef77								syn68205098
file				1615_Ru1287A_IGO_10414_18_Aligned.out.bam			16462325462	806e9b946453e36153b6856eb1d1fcef								syn68205158
file				1637_Ru1250C_T_1_IGO_10298_B_35_Aligned.out.bam			22377372255	6270a58670678c27b6bac54d52e646cc								syn68205230
file				1665_Ru581B_Bam_IGO_10414_15_Aligned.out.bam			15899446068	17456d8302e7592d723c1bda528a9b23								syn68205286
file				1666_Ru581C_Bam_IGO_10414_16_Aligned.out.bam			14520528892	31b2d233f44d413890d981dc851248e1								syn68205292
file				1675_Ru1303A_T_1_IGO_10506_2_Aligned.out.bam			19496705483	3db3eeed8c5c2cc51509f23f07cab234								syn68205303
file				1682_Ru1304A_PL_1_IGO_10506_3_Aligned.out.bam			22540724974	c846616e3572c5f60c285fd3b0ac0d03								syn68205313
file				1683_Ru1305A_LI_1_IGO_10506_4_Aligned.out.bam			22756120296	c97dcb8febf86a5b33a51bbd97bad93d								syn68205586
file				1714_Ru1304B_PL_t2_1_IGO_10519_1_Aligned.out.bam			20912490328	d30132237b0c2c156f58f8732583cc09								syn68205601
file				1715_Ru1314A_T_1_IGO_10519_2_Aligned.out.bam			19857523598	eb7d1bccb86edefd667111daeccbdb84								syn68205735
file				1717_Ru1303B_LN_t2_1_IGO_10519_4_Aligned.out.bam			20412033974	f2d79faf61f4dff9f30fbbe9bbcf8a1b								syn68206625
file				1816_Ru1083_IGO_10837_11_Aligned.out.bam			17083207266	59646d2eb34d073c270b92f339c96f96								syn68207414
file				1960_Ru831PDX_IGO_11175_23_Aligned.out.bam			15820711514	2bebe8c83dcc1151fadf12ae377947e2								syn68208017
file				1961_Ru1042PDX_IGO_11247_5_Aligned.out.bam			20761126853	e945dec799bf04166c17ea2546e10e31								syn68208320
file				1964_Ru1250D_T_1_IGO_11247_7_Aligned.out.bam			17634166829	770eca5212c62f911ff74e0b1dd41021								syn68208329
file				2211_Ru1444A_LN_1_IGO_11554_18_Aligned.out.bam			12765260215	a9fb87882441983612f7acbcccb75e23								syn68208334
file				2231_POSIE_101320_BM_1_re_IGO_11499_33_Aligned.out.bam			21839289062	e63b8dbc40db2912d4df8d254ba9e009								syn68208360
file				2253_Poise_101920_IGO_11588_11_Aligned.out.bam			4102589630	7cb79161f4c83cae8f1aec4af5fd5504								syn68208362
file				2265_Ru222b_T_1_IGO_11589_3_Aligned.out.bam			21052757505	5648aba3b6736e413b410ed8e4e90f81								syn68208370
file				2266_Ru1360b_CNS_2_IGO_11589_4_Aligned.out.bam			20942743686	1b4a1192f333987d77ac04d552b2004d								syn68208378
file				2520_Ru1518a_T_1_IGO_11874_47_Aligned.out.bam			24226305919	b15cfc5625076920d17eebe5385cafe0								syn68208386
file				2597_Ru942B_IGO_12065_47_Aligned.out.bam			23532803196	90e92d60e0fda50bf4a0f8f88cb7c1ab								syn68208396
file				2615_Ru1173d_LN_2_IGO_12065_56_Aligned.out.bam			21383448873	5a9a8bacd13e3d0b9b4e9a8bd7ce2ffd								syn68208399
file				2634_Ru1405B_IGO_12068_21_Aligned.out.bam			18431150809	405cdb77fd2ec029f41847006a359198								syn68208404
file				2830_MSK_LX_1250b_PM_1_IGO_12194_27_Aligned.out.bam			23864676793	50fd3e1f03439b2bd48bc1eeb5f9c268								syn68208408
file				2839_MSK_LX_1083c_T_2_IGO_12194_36_Aligned.out.bam			18747396708	e187da864fea87b68fae6cb54ec6e24e								syn68208410
file				2892_MSK_LX_1414C_IGO_12253_45_Aligned.out.bam			24423985095	0e84332c2d113aa278c78744e500532a								syn68208417
file				2924_MSK_LX_222C_T_2_IGO_12317_44_Aligned.out.bam			12716272443	1251c200653690e92602cfdc01e23c2f								syn68208420
file				3318_AV-1383_Ru942C_IGO_12437_J_5_Aligned.out.bam			22780618875	98517d7c4e05f669efa5360254023590								syn68208430
file				3323_AV-1382_Ru1676A_IGO_12437_J_6_Aligned.out.bam			19580084707	5cd5d9686332e34dd615f646df9c1e57								syn68208441
file				3601_PM-1538_Ru1250e_IGO_12437_AB_7_Aligned.out.bam			30820724110	3423f6eae7847abfc4bc5ff0152a3295								syn68208472
file				3616_PM-1548_Ru1083d_IGO_12437_AC_12_Aligned.out.bam			14511194442	205681040bb1daa7ec5351b2ebe65e4b								syn68208482
file				3762_AV-1648_MSK_LX_1250f_IGO_12437_AJ_19_Aligned.out.bam			32413496777	5c8a310a7e92043296878801d4a391b7								syn68208529
file				3831_AV-1677_MSK_LX_1303j_IGO_12437_AO_30_Aligned.out.bam			29139631384	e261f486ccd39cad09f45b96a8839a35								syn68208535
file				4329_AV-1969_Lx1518_IGO_12437_BN_36_Aligned.out.bam			25503318502	9d8cce87b241209e291451cdf26b5096								syn68208562
file				4330_AV-1969_Lx1676_IGO_12437_BN_37_Aligned.out.bam			24897216494	0a9440f36341f477bddeba84850e0960								syn68208572
file				4332_AV-1970_Lx226b_IGO_12437_BN_41_Aligned.out.bam			27862789755	0b8b1e67359ad08616f68ab173a8c27d								syn68208581
file				4334_AV-1970_Lx773c_IGO_12437_BN_40_Aligned.out.bam			24355315542	eee4be9b544bb3a66087f4e7d5fa8f8c								syn68208591
file				4335_AV-1973_Lx1305B_IGO_12437_BN_42_Aligned.out.bam			31293525592	a9f1ec68b7e79351d0086cce9144a347								syn68208611
file				Pleural_fluid_CD45minus_plus_Aligned.out.bam			21009177049	a8d5960c171a3be3f7ebe080e7d14dba								syn68208616
file				RU151_Aligned.out.bam			15869444107	552a5e4497bdd8a215c67847a2ed6dee								syn68208623
file				Ru263_Aligned.out.bam			23160711371	5946f2d04d4e09ad57612c53b64eea1e								syn68208631
file				Ru871_Aligned.out.bam			25188674878	67ba1e4b02c3b6f0f865889aca815c16								syn68208636
file				Rus81b-tumor_1_Aligned.out.bam			21646812851	d8fb6623d92a51fa0408a4d7c50f5614								syn68208644
file				Rus81b-tumor_2_Aligned.out.bam			20596235580	7b837172a6dfb3bbfdb4de330df482ea								syn68208648
file				Rus81c-LN_1_Aligned.out.bam			22317646691	f826a5666c6591a792f371996a41990e								syn68208652
file				Rus81c-LN_2_Aligned.out.bam			23204560995	2df20ed7461d1611c9a3ec8412cdb46f								syn68208659
file				SM-L128J_possorted_genome_bam.bam			17752988645	2a6f68f51a24b90e88e43643a454adb0								syn68646388
file				SM-L123O_possorted_genome_bam.bam			81297365329	3089f4ca148c754148924a8ec8f293fa								syn68646571
file				SM-L123P_possorted_genome_bam.bam			24950596722	ef9f0f68b67d4fbf10c1d2536d8bb880								syn68647625
file				SM-L1287_possorted_genome_bam.bam			40064102885	9c3a01dc2faf6723b76165b8f4a17429								syn68689732
file				HTA6_2494_1-possorted_genome_bam.bam			50902946916	b4224d3ccba4d7334886c920ea447f08								syn64371547
file				HTA6_2494_2-possorted_genome_bam.bam			57533563777	f610d4a4bfb9295400f110ea4e544191								syn64371552
file				HTA6_2495_1-possorted_genome_bam.bam			46824750047	9f2d38764c7d126059e5d2568c9910dc								syn64371553
file				HTA6_2496_1-possorted_genome_bam.bam			40138458934	46228726354d7a82d1003a0825be7be1								syn64371557
file				HTA6_2497_1-possorted_genome_bam.bam			28882115740	abca6943e96a01c934da12c043266040								syn64371558
file				HTA6_2498_1-possorted_genome_bam.bam			18587157605	794d11f3820e2eaa416465dfaa391974								syn64371559
file				HTA6_2498_2-possorted_genome_bam.bam			47926418401	f317c57940a0591804a58d94a453620d								syn64371560
file				HTA6_2499_1-possorted_genome_bam.bam			43986991046	4fe662e90697d23535eb55fba743d94d								syn64371585
file				HTA6_2500_1-possorted_genome_bam.bam			43027171844	a77cea5aa12eb0093c517b97d42aa750								syn64371586
file				HTA6_2500_2-possorted_genome_bam.bam			42101286705	ba7a0421be1a117d112e8abc673c5440								syn64371587
file				HTA6_2500_3-possorted_genome_bam.bam			41044440093	11bbb83db61dbbc8794427033e82650b								syn64371598
file				HTA6_2501_1-possorted_genome_bam.bam			8030660846	a744bf8115dd9241c87eca17937f31dd								syn64371599
file				HTA6_2501_2-possorted_genome_bam.bam			9630793338	1dd743cbef9ad39107eabd0367e2da78								syn64371600
file				HTA6_2501_3-possorted_genome_bam.bam			11241324411	28d063d062d7c9595c579f73d953700f								syn64371601
file				HTA6_2502_1-possorted_genome_bam.bam			13951353404	297b46af44a1d101646ab0b9d1967007								syn64371603
file				HTA6_2502_2-possorted_genome_bam.bam			14450465965	c3a593759222ff52f97a67b728255b4d								syn64371604
file				HTA6_2502_3-possorted_genome_bam.bam			37128739674	4fa12bcefd435b0f29c9845889850a36								syn64371608
file				HTA6_2502_4-possorted_genome_bam.bam			10221131386	3e230b6723c2d084a88e12a06ad2e737								syn64371609
file				HTA6_2503_1-possorted_genome_bam.bam			17659083814	1607a0b5087821ff8c65027564d948fa								syn64371610
file				HTA6_2503_2-possorted_genome_bam.bam			79216198420	4be8c6bed1012008acef994c43a14be9								syn64371629
file				HTA6_2504_1-possorted_genome_bam.bam			23038271191	ec6d1ecae7303f881a508f8fea1c872a								syn64371632
file				HTA6_2504_2-possorted_genome_bam.bam			39058240466	3a2ecdae15cb83a91391c5f873d6cd5d								syn64371636
file				HTA6_2505_1-possorted_genome_bam.bam			24442386359	456ab09d402c435647e40ef4b6356642								syn64371638
file				HTA6_2505_2-possorted_genome_bam.bam			27430088785	f2709eeb97e939381a23ad73cbcd8cd2								syn64371639
file				HTA6_2506_1-possorted_genome_bam.bam			27684520245	2f7f6ca8a4542ef4e2ee123e63fe9356								syn64371644
file				HTA6_2506_2-possorted_genome_bam.bam			28237536371	d78d349e40789cf85b40239bc66c377b								syn64371654
file				HTA6_2507_1-possorted_genome_bam.bam			66317778044	a4efede8b452a1cb085817b83da6a70d								syn64371662
file				HTA6_2508_1-possorted_genome_bam.bam			82018602726	b1906a6189d5ba210e63b3ee19bba046								syn64371671
file				HTA6_2508_2-possorted_genome_bam.bam			68312126590	2bc6380c3d9e591d2cdbcff27585d30c								syn64371679
file				HTA6_2509_1-possorted_genome_bam.bam			48288316980	851cd7ffc447cbfee740a745e2d8e075								syn64371688
file				A1_S1_L001_I2_001.fastq.gz			1326089014	2a1efafca9aee32314ded6db3762b837								syn64759348
file				D1_S1_L001_I2_001.fastq.gz			1297281766	db255456542f722ad59cb3bc75da4e62								syn64759349
file				D1_S1_L001_I1_001.fastq.gz			1213368838	a73061e35d5b3d3fa3f68bf71a49b195								syn64759350
file				A1_S1_L001_I1_001.fastq.gz			1364960334	d8d5089d6b525bd682f92b55dbf7460e								syn64759352
file				A1_S1_L001_R1_001.fastq.gz			3722739138	c7c1e9dbdd0162f086891abec4169867								syn64759381
file				D1_S1_L001_R1_001.fastq.gz			3774522957	72dc75a36cf8ed77d8af1b33797eb3b7								syn64759382
file				D1_S1_L001_R2_001.fastq.gz			7677695353	05a3dc33a2a72e9f436aaa1a668c139e								syn64759409
file				A1_S1_L001_R2_001.fastq.gz			7520339057	8918212590e9c0252ba5875b0de9004b								syn64759541
file				D1_possorted_genome_bam.bam			7668446815	67d5c6a173c1b47b14dd7eccead8639e								syn64759334
file				A1_possorted_genome_bam.bam			7986623011	d1f19c6e2910ca43ad31e5b38488df6f								syn64759335
file				HTA9_14_068_LCM_C17_S401_L001_R1_001.fastq.gz			18676453	a26889fd32623770689a98a3e0a5e198								syn31547968
file				HTA9_14_068_LCM_C18_S402_L001_R1_001.fastq.gz			32902806	c2848765424ed13e3326d38bd4789c7c								syn31547970
file				HTA9_14_068_LCM_C19_S403_L001_R1_001.fastq.gz			20921290	83cf02ecb0ac583225e0fa970f0570c2								syn31547969
file				HTA9_14_068_LCM_C1_S385_L001_R1_001.fastq.gz			19537517	7bb0d839dc111063e6c0a3eb436c2f11								syn31547971
file				HTA9_14_068_LCM_C20_S404_L001_R1_001.fastq.gz			26957708	9fdc0cfe35b54ef6e1eae4604c417358								syn31547973
file				HTA9_14_068_LCM_C21_S405_L001_R1_001.fastq.gz			35257950	5ae015f5d27115fde4d005b47f1b329b								syn31547975
file				HTA9_14_068_LCM_C22_S406_L001_R1_001.fastq.gz			21182499	71051da8a8007286ff3e4fd03a97eb41								syn31547974
file				HTA9_14_068_LCM_C23_S407_L001_R1_001.fastq.gz			24517199	c61a32896759a0710f3f32e20aa864d3								syn31547980
file				HTA9_14_068_LCM_C24_S408_L001_R1_001.fastq.gz			16145145	dae444dda3d1ca5b203d2ce434a8db45								syn31547979
file				HTA9_14_068_LCM_C2_S386_L001_R1_001.fastq.gz			23692496	58bc10d810862d080130a2efd3e2c194								syn31547981
file				HTA9_14_068_LCM_C3_S387_L001_R1_001.fastq.gz			26215971	6b4204fad73557ac0651038b66b56d5a								syn31547982
file				HTA9_14_068_LCM_C4_S388_L001_R1_001.fastq.gz			43378020	b5822059ef6b56d4ef3921bc150dbde5								syn31547988
file				HTA9_14_068_LCM_C5_S389_L001_R1_001.fastq.gz			26787672	373d47ceec64588975111c94475699e1								syn31547985
file				HTA9_14_068_LCM_C6_S390_L001_R1_001.fastq.gz			46226905	01e9512bf3b14738bf8d71fbcb471067								syn31547991
file				HTA9_14_068_LCM_C7_S391_L001_R1_001.fastq.gz			27495427	e5791f64de8bec3555a76299ee91c877								syn31547995
file				HTA9_14_068_LCM_C8_S392_L001_R1_001.fastq.gz			18456592	add75cd13ea15f8a65769226fe4f40d6								syn31547990
file				HTA9_14_070_A_C101_S1253_L004_R1_001.fastq.gz			4805804	f9ba13420064e6db8be5c34e4eb693d3								syn31547989
file				HTA9_14_070_A_C102_S1254_L004_R1_001.fastq.gz			10219729	20d2566238fa6f37587d7e6577b3f53d								syn31547993
file				HTA9_14_070_A_C103_S1255_L004_R1_001.fastq.gz			59540663	d17c4f1585ed1520dbb8f671fe98ee26								syn31548003
file				HTA9_14_070_A_C104_S1256_L004_R1_001.fastq.gz			53042914	60998add1fc7aeb60518c4e289eacf63								syn31548004
file				HTA9_14_070_A_C106_S1258_L004_R1_001.fastq.gz			44818954	9a5f713d119d1cc68715fb7bb43d4a31								syn31548005
file				HTA9_14_070_A_C107_S1259_L004_R1_001.fastq.gz			36052667	518fc871e6c32c74cfda8efb6c8dace9								syn31548006
file				HTA9_14_070_A_C108_S1260_L004_R1_001.fastq.gz			56307600	b2b6a0e5b1de552393789ec0e5aa472b								syn31548009
file				HTA9_14_070_A_C109_S1261_L004_R1_001.fastq.gz			30137710	a8532a4332082d1b4e2410203ca1fa65								syn31548008
file				HTA9_14_070_A_C10_S1162_L004_R1_001.fastq.gz			53097737	693edb74293018a2ad1259debfdfdccd								syn31548013
file				HTA9_14_070_A_C112_S1264_L004_R1_001.fastq.gz			65534861	88f6fb4983e1cff7cc650c5e2e8f4cee								syn31548017
file				HTA9_14_070_A_C115_S1267_L004_R1_001.fastq.gz			7132754	d9d0c001bf70bbea3ffe185bc1ef1397								syn31548014
file				HTA9_14_070_A_C118_S1270_L004_R1_001.fastq.gz			9513541	7672572f9605da73ec7b2d289efaf76d								syn31548016
file				HTA9_14_070_A_C119_S1271_L004_R1_001.fastq.gz			59520059	2c02b60aa75544dd7c868405f1ff903f								syn31548018
file				HTA9_14_070_A_C11_S1163_L004_R1_001.fastq.gz			42775067	4d0876ebde90017e0781e80a1abc4b88								syn31548021
file				HTA9_14_070_A_C120_S1272_L004_R1_001.fastq.gz			45367115	a215ba7741c78e8f1e8c97416fc1e6b4								syn31548024
file				HTA9_14_070_A_C121_S1273_L004_R1_001.fastq.gz			60840661	e2d408c6d79b19c2e2096924524bf3a8								syn31548027
file				HTA9_14_070_A_C122_S1274_L004_R1_001.fastq.gz			64784232	0657b3953d9143c36e35de04f4ca927b								syn31548030
file				HTA9_14_070_A_C124_S1276_L004_R1_001.fastq.gz			54673843	b6a3c41c82d16fe7bca9a2f930bc8121								syn31548034
file				HTA9_14_070_A_C125_S1277_L004_R1_001.fastq.gz			44066513	c3e1a4662fbb286e47489b4552d09aee								syn31548033
file				HTA9_14_070_A_C128_S1280_L004_R1_001.fastq.gz			58036271	05d58d2a052d60ff035044ad7499d2ca								syn31548036
file				HTA9_14_070_A_C12_S1164_L004_R1_001.fastq.gz			58580822	b125e11d3d58fda518cc9c9a13a68876								syn31548057
file				HTA9_14_070_A_C135_S1287_L004_R1_001.fastq.gz			48293726	49b6f373b2dd0b10c8c383349e86a150								syn31548046
file				HTA9_14_070_A_C136_S1288_L004_R1_001.fastq.gz			43925190	ba2bd83d9d8438c8c64c3d80093dda27								syn31548045
file				HTA9_14_070_A_C137_S1289_L004_R1_001.fastq.gz			55989266	2fe514d9dfe32993816c121dadf68565								syn31548054
file				HTA9_14_070_A_C139_S1291_L004_R1_001.fastq.gz			48812759	0ae811b43b89b8a6147552860f2f894f								syn31548058
file				HTA9_14_070_A_C142_S1294_L004_R1_001.fastq.gz			53908141	6e0a8e03d666bb5a15518ea3a9fdb3db								syn31548063
file				HTA9_14_070_A_C143_S1295_L004_R1_001.fastq.gz			50396124	72e76cd2c1068ad6b83f20c2940d8f32								syn31548061
file				HTA9_14_070_A_C145_S1297_L004_R1_001.fastq.gz			7965269	6c99c709a9ce0a53b3fe75bc3fe3e6b1								syn31548059
file				HTA9_14_070_A_C147_S1299_L004_R1_001.fastq.gz			8136073	c97f43e0e9bb32b3a8bd8f386212b1a8								syn31548060
file				HTA9_14_070_A_C148_S1300_L004_R1_001.fastq.gz			13412445	2f542e7c6d5663908c317e632cb94baa								syn31548062
file				HTA9_14_070_A_C149_S1301_L004_R1_001.fastq.gz			18287655	f82ad36be450d123c80c3b9f346438af								syn31548066
file				HTA9_14_070_A_C14_S1166_L004_R1_001.fastq.gz			59023778	fc87e163dc61cb1d95921e57f244d0df								syn31548068
file				HTA9_14_070_A_C151_S1303_L004_R1_001.fastq.gz			58174599	30a7825df52d67a2bdac15c69a77b81f								syn31548071
file				HTA9_14_070_A_C152_S1304_L004_R1_001.fastq.gz			52994950	62c0f52f0e86d471c37686733f197499								syn31548072
file				HTA9_14_070_A_C153_S1305_L004_R1_001.fastq.gz			64983690	337b24cd90c9e6b4d525a4c626d19e07								syn31548084
file				HTA9_14_070_A_C155_S1307_L004_R1_001.fastq.gz			58492638	d160970a4ba8ffbcb86239d2b66c5967								syn31548080
file				HTA9_14_070_A_C156_S1308_L004_R1_001.fastq.gz			38591138	7a53591b8b984e8a208a23810673aed4								syn31548083
file				HTA9_14_070_A_C157_S1309_L004_R1_001.fastq.gz			48252528	7c99de424292b4d4d699706e7389ccc5								syn31548085
file				HTA9_14_070_A_C158_S1310_L004_R1_001.fastq.gz			56373879	11b47a91bb3985e49e7e8b542789ff8b								syn31548087
file				HTA9_14_070_A_C159_S1311_L004_R1_001.fastq.gz			57010071	c70b0997d2553290f8f63139fe115e59								syn31548090
file				HTA9_14_070_A_C160_S1312_L004_R1_001.fastq.gz			58663410	c79992464aa0e4c7b41ca9abad79ba67								syn31548093
file				HTA9_14_070_A_C165_S1317_L004_R1_001.fastq.gz			11932477	9fef602f512bfa97121ad2a9ba127190								syn31548092
file				HTA9_14_070_A_C168_S1320_L004_R1_001.fastq.gz			47084277	e16b9efb087b7b70c59ed5d743f306e5								syn31548096
file				HTA9_14_070_A_C169_S1321_L004_R1_001.fastq.gz			44593366	4b8fb0afd40789179227c0bdeb4aaec6								syn31548098
file				HTA9_14_070_A_C170_S1322_L004_R1_001.fastq.gz			17799617	554e5944c88e261df5fe154edfbf16e9								syn31548099
file				HTA9_14_070_A_C171_S1323_L004_R1_001.fastq.gz			50276934	19043c646c7da22f3e3b2df9ebe46a30								syn31548102
file				HTA9_14_070_A_C172_S1324_L004_R1_001.fastq.gz			52261167	5a1474e8705da37b952eec0c1982c02b								syn31548103
file				HTA9_14_070_A_C174_S1326_L004_R1_001.fastq.gz			49463523	c2629f9ca4622f67d24a6f8b58ba30b9								syn31548107
file				HTA9_14_070_A_C175_S1327_L004_R1_001.fastq.gz			39132066	ccc556ad582d1d921be972eff1ee7213								syn31548105
file				HTA9_14_070_A_C176_S1328_L004_R1_001.fastq.gz			38621200	76021fb3ac621392b6f8d98397e4dae5								syn31548106
file				HTA9_14_070_A_C180_S1332_L004_R1_001.fastq.gz			8303322	fa5637bc6e3509c65411437f0399a9bf								syn31548108
file				HTA9_14_070_A_C181_S1333_L004_R1_001.fastq.gz			15257638	a45b6c7232a3849eb4c862d7f4574d79								syn31548113
file				HTA9_14_070_A_C182_S1334_L004_R1_001.fastq.gz			45456193	472823d4718c70b5cff3f369de92856e								syn31548114
file				HTA9_14_070_A_C184_S1336_L004_R1_001.fastq.gz			50383922	85cee26d502181cbbbdc3650138c0c89								syn31548120
file				HTA9_14_070_A_C186_S1338_L004_R1_001.fastq.gz			66537922	8fc51176e2414d7f5bf5bd1b84b8bb9b								syn31548122
file				HTA9_14_070_A_C187_S1339_L004_R1_001.fastq.gz			54836454	cb9b1895e382e5ac0ecf13b6d13f8e6e								syn31548123
file				HTA9_14_070_A_C190_S1342_L004_R1_001.fastq.gz			54067458	b9b28459cd9567e81385796e90380c83								syn31548126
file				HTA9_14_070_A_C192_S1344_L004_R1_001.fastq.gz			57450891	0b41e110e8616636127f23cb0a5f9af0								syn31548132
file				HTA9_14_070_A_C195_S1347_L004_R1_001.fastq.gz			6483590	7f95b1812d3af403f468ea3c5930a387								syn31548127
file				HTA9_14_070_A_C196_S1348_L004_R1_001.fastq.gz			14149878	bc961c8e97e17fd8099cc89c1fbbe7b0								syn31548130
file				HTA9_14_070_A_C198_S1350_L004_R1_001.fastq.gz			9409438	67a9609bf972d07eb8e33a69ccacb619								syn31548131
file				HTA9_14_070_A_C200_S1352_L004_R1_001.fastq.gz			51685066	68abe38d7d6aa81fbf4f07bda8191517								syn31548136
file				HTA9_14_070_A_C201_S1353_L004_R1_001.fastq.gz			64060594	359d5769f7937fb9a2f8dc3931285817								syn31548139
file				HTA9_14_070_A_C204_S1356_L004_R1_001.fastq.gz			54926462	7e9c1e1a5f24d2ae651fc2a831321e89								syn31548141
file				HTA9_14_070_A_C205_S1357_L004_R1_001.fastq.gz			63526901	961688cd381162d0814e868df27fd2ed								syn31548145
file				HTA9_14_070_A_C206_S1358_L004_R1_001.fastq.gz			55851296	cfeb964ccdae00a1db9f7f3966006dda								syn31548146
file				HTA9_14_070_A_C214_S1366_L004_R1_001.fastq.gz			7828691	41a79f97b111f4266d8b9eaff5c0a4ff								syn31548144
file				HTA9_14_070_A_C215_S1367_L004_R1_001.fastq.gz			60892988	4757186d68a60c23a44459bc21d9334f								syn31548148
file				HTA9_14_070_A_C216_S1368_L004_R1_001.fastq.gz			50068221	0d097114e27ec176d59dded9b3c80e60								syn31548150
file				HTA9_14_070_A_C219_S1371_L004_R1_001.fastq.gz			54122802	30f63389fedb1d2eab788620192b8fe1								syn31548153
file				HTA9_14_070_A_C21_S1173_L004_R1_001.fastq.gz			17135635	122e28b36cc234d834e93a0368f3c9a8								syn31548154
file				HTA9_14_070_A_C220_S1372_L004_R1_001.fastq.gz			59471772	a923905defdf64c0f0b397cfd3301309								syn31548157
file				HTA9_14_070_A_C221_S1373_L004_R1_001.fastq.gz			62074899	d59f0b87356410ea21cf749f310c7ff3								syn31548158
file				HTA9_14_070_A_C224_S1376_L004_R1_001.fastq.gz			56913593	4cb0450adf13735f0bcf8569bd055237								syn31548163
file				HTA9_14_070_A_C22_S1174_L004_R1_001.fastq.gz			10334818	3642293d1a2e7fb27189fa6eb3c59dd6								syn31548159
file				HTA9_14_070_A_C230_S1382_L004_R1_001.fastq.gz			8639978	cb6b953e559a71386b50dddeec9b973d								syn31548166
file				HTA9_14_070_A_C231_S1383_L004_R1_001.fastq.gz			60626737	ae83fb593a775b35d7381d43cc07807d								syn31548172
file				HTA9_14_070_A_C232_S1384_L004_R1_001.fastq.gz			54434442	85fe7bd00ab0651afe22fbae86860a54								syn31548174
file				HTA9_14_070_A_C233_S1385_L004_R1_001.fastq.gz			60031955	5a2922300df21d8e77e18debd6f4b427								syn31548176
file				HTA9_14_070_A_C234_S1386_L004_R1_001.fastq.gz			53638461	a86c980ddddeaa845c24087890b770b4								syn31548177
file				HTA9_14_070_A_C235_S1387_L004_R1_001.fastq.gz			56981193	0fcc6d49368d05f7621b151afdd99ca5								syn31548180
file				HTA9_14_070_A_C236_S1388_L004_R1_001.fastq.gz			57983216	df7e8c41692a2e23335c9d223ba3357b								syn31548183
file				HTA9_14_070_A_C238_S1390_L004_R1_001.fastq.gz			45660770	b2d8fa492725b37a7d8e4324f9f28d36								syn31548184
file				HTA9_14_070_A_C239_S1391_L004_R1_001.fastq.gz			59333263	f2a37a940a5bc15f0db60adf7cb4eda2								syn31548186
file				HTA9_14_070_A_C23_S1175_L004_R1_001.fastq.gz			9805331	0827eb2d6fea3c76e468fe6f67f5fa30								syn31548187
file				HTA9_14_070_A_C240_S1392_L004_R1_001.fastq.gz			58600523	713fbbd506ea8ff86f7dd6207b317966								syn31548193
file				HTA9_14_070_A_C243_S1395_L004_R1_001.fastq.gz			7803792	881e93fbcd6e73d466d46f2538721888								syn31548188
file				HTA9_14_070_A_C244_S1396_L004_R1_001.fastq.gz			10357861	3d236b587f96ac6b31b5f27ef8fa1d1e								syn31548192
file				HTA9_14_070_A_C245_S1397_L004_R1_001.fastq.gz			5466941	026381ca40679ef32d4fa0c844508f39								syn31548191
file				HTA9_14_070_A_C247_S1399_L004_R1_001.fastq.gz			57466977	34a41b6494a28814202fc53879d48904								syn31548199
file				HTA9_14_070_A_C248_S1400_L004_R1_001.fastq.gz			50229241	c1757d4bcb66f9b8b2072456f6211c9e								syn31548200
file				HTA9_14_070_A_C24_S1176_L004_R1_001.fastq.gz			53299493	28ecae0e0c59f2409d5de7ddd97fb028								syn31548201
file				HTA9_14_070_A_C250_S1402_L004_R1_001.fastq.gz			65435531	2afbee7d62d1044b1f73164a0058ea71								syn31548205
file				HTA9_14_070_A_C255_S1407_L004_R1_001.fastq.gz			58907581	ff45961f12894351dfeedd7b0d5dad92								syn31548208
file				HTA9_14_070_A_C25_S1177_L004_R1_001.fastq.gz			11324498	cf453d13b885570d5fc50c926f0240d1								syn31548207
file				HTA9_14_070_A_C260_S1412_L004_R1_001.fastq.gz			6978525	225829e9d5f03212cb1535d8eb3ad356								syn31548203
file				HTA9_14_070_A_C261_S1413_L004_R1_001.fastq.gz			10563498	4478168c308070dad4cb0135a1b19e76								syn31548209
file				HTA9_14_070_A_C262_S1414_L004_R1_001.fastq.gz			16033178	5663c19a62390085bcfa0e30f7e657ed								syn31548212
file				HTA9_14_070_A_C264_S1416_L004_R1_001.fastq.gz			49420995	f6f402ec137200eeebbff4ff506f50e4								syn31548215
file				HTA9_14_070_A_C265_S1417_L004_R1_001.fastq.gz			40706614	01898b6553938a0dbfe99855a76a28ca								syn31548216
file				HTA9_14_070_A_C266_S1418_L004_R1_001.fastq.gz			55234873	3c0d2a3c5ad9c0e6050f0536c99d4ccd								syn31548218
file				HTA9_14_070_A_C267_S1419_L004_R1_001.fastq.gz			55983775	887798a7dec80e53e850374e063e9b0f								syn31548223
file				HTA9_14_070_A_C268_S1420_L004_R1_001.fastq.gz			57141124	e8440f31c03521179eda9f8652b9e2dc								syn31548228
file				HTA9_14_070_A_C26_S1178_L004_R1_001.fastq.gz			59154798	24f5608f848236003454733494e94a35								syn31548232
file				HTA9_14_070_A_C272_S1424_L004_R1_001.fastq.gz			62412410	a4e225458a90de2c82f369551de85b31								syn31548234
file				HTA9_14_070_A_C274_S1426_L004_R1_001.fastq.gz			12939176	0527b72ae8a99277aedb31319867c550								syn31548235
file				HTA9_14_070_A_C275_S1427_L004_R1_001.fastq.gz			16773469	6de932e683d82e63b2c234366abdf5f3								syn31548236
file				HTA9_14_070_A_C276_S1428_L004_R1_001.fastq.gz			18663010	3125ab014294acc9fe636f0337f7fab5								syn31548238
file				HTA9_14_070_A_C278_S1430_L004_R1_001.fastq.gz			8098784	6d3d7a71a7e51b838121b1b713f3fc2b								syn31548237
file				HTA9_14_070_A_C279_S1431_L004_R1_001.fastq.gz			61157805	5fce2f30288654df10e92776b5b096fa								syn31548239
file				HTA9_14_070_A_C27_S1179_L004_R1_001.fastq.gz			42169091	45843baa8089cfe8d0e9f997021ba7e0								syn31548240
file				HTA9_14_070_A_C280_S1432_L004_R1_001.fastq.gz			52338095	cb70785812778fd78ae1c3b47b34f790								syn31548245
file				HTA9_14_070_A_C281_S1433_L004_R1_001.fastq.gz			60770294	679eddcdfac4fca3f5f88b4c0c1dc6c4								syn31548249
file				HTA9_14_070_A_C283_S1435_L004_R1_001.fastq.gz			53691216	e0ae69b7e8342f276eb39f06e7e581b7								syn31548253
file				HTA9_14_070_A_C285_S1437_L004_R1_001.fastq.gz			46476711	f509c131e88b610d6e1eb188826849c0								syn31548252
file				HTA9_14_070_A_C286_S1438_L004_R1_001.fastq.gz			61992475	b85d7b04baf73e190a91c186c8a54745								syn31548259
file				HTA9_14_070_A_C287_S1439_L004_R1_001.fastq.gz			62422462	9fd40d21377161d491effd04ef8fd5f7								syn31548260
file				HTA9_14_070_A_C288_S1440_L004_R1_001.fastq.gz			62862443	2bfa0eee95cd5de0ed514bdc884436e4								syn31548264
file				HTA9_14_070_A_C28_S1180_L004_R1_001.fastq.gz			48307852	d3949df9fdb2e9f0ec328f1a9a39aef0								syn31548266
file				HTA9_14_070_A_C292_S1444_L004_R1_001.fastq.gz			7918755	c97a5523e580af07fe0964720b1ce271								syn31548261
file				HTA9_14_070_A_C293_S1445_L004_R1_001.fastq.gz			7304240	394195cef02e1449e965755d7620031b								syn31548262
file				HTA9_14_070_A_C295_S1447_L004_R1_001.fastq.gz			51803529	b614fb75673bafb2cfff57d519290092								syn31548271
file				HTA9_14_070_A_C296_S1448_L004_R1_001.fastq.gz			49495391	45e68ae4c74b937d4a5bd77cf23c7f5c								syn31548275
file				HTA9_14_070_A_C297_S1449_L004_R1_001.fastq.gz			56884929	a0bf37470d697a25d721bc487f5feb9b								syn31548277
file				HTA9_14_070_A_C298_S1450_L004_R1_001.fastq.gz			57927130	0b192a795123c815be7e01f4697bda5a								syn31548278
file				HTA9_14_070_A_C299_S1451_L004_R1_001.fastq.gz			54349234	b88ab796c2218c5b68c797bec0c8ec4d								syn31548279
file				HTA9_14_070_A_C29_S1181_L004_R1_001.fastq.gz			60973979	616cbd787e1d5eefdc97d1b11c240d73								syn31548286
file				HTA9_14_070_A_C300_S1452_L004_R1_001.fastq.gz			58849819	82bd5d2828059af3bc5ba54aae3ce23d								syn31548287
file				HTA9_14_070_A_C301_S1453_L004_R1_001.fastq.gz			64367131	87d3de1f42e3fb7860fbe83119e31dd9								syn31548292
file				HTA9_14_070_A_C30_S1182_L004_R1_001.fastq.gz			62070824	8e5b90acedf4997a9ea35cfaffb413bf								syn31548295
file				HTA9_14_070_A_C311_S1463_L004_R1_001.fastq.gz			24181406	794166db791d3f6bedaa06a4ef4ae91f								syn31548296
file				HTA9_14_070_A_C312_S1464_L004_R1_001.fastq.gz			47669478	37899a45cb0f497b032b00ea607e1008								syn31548297
file				HTA9_14_070_A_C313_S1465_L004_R1_001.fastq.gz			64876310	6945640548d1cf0787a00645ca2123a3								syn31548304
file				HTA9_14_070_A_C314_S1466_L004_R1_001.fastq.gz			57556094	3a49b0bd8c3c4b86446f17b01b5a3f94								syn31548302
file				HTA9_14_070_A_C315_S1467_L004_R1_001.fastq.gz			58029010	1c2380638c299d28301de0991d4f515e								syn31548303
file				HTA9_14_070_A_C317_S1469_L004_R1_001.fastq.gz			52659971	5e865b9fb4a40d2a629a62e9b2048640								syn31548305
file				HTA9_14_070_A_C319_S1471_L004_R1_001.fastq.gz			63095459	29ab0a9ae9b962dc0b18cf4c330c48dc								syn31548307
file				HTA9_14_070_A_C31_S1183_L004_R1_001.fastq.gz			59020868	f20ed2765d646fb4299b512a70424e7f								syn31548315
file				HTA9_14_070_A_C320_S1472_L004_R1_001.fastq.gz			58539454	31c6d8eec2c825aa4e733e6de3e5c5db								syn31548317
file				HTA9_14_070_A_C322_S1474_L004_R1_001.fastq.gz			8858305	601511fc4f65d515fa1ee0fb5ecabf16								syn31548306
file				HTA9_14_070_A_C323_S1475_L004_R1_001.fastq.gz			13601744	8960584877cbb30d5ce72626185335cd								syn31548309
file				HTA9_14_070_A_C326_S1478_L004_R1_001.fastq.gz			9284272	bd08af646a8c71b08637561e287ccdbb								syn31548308
file				HTA9_14_070_A_C327_S1479_L004_R1_001.fastq.gz			10509007	1109c81f9e2748d53e9520599e061348								syn31548314
file				HTA9_14_070_A_C328_S1480_L004_R1_001.fastq.gz			50418717	07a13a22ea9a49a09034b0627638c9c3								syn31548324
file				HTA9_14_070_A_C329_S1481_L004_R1_001.fastq.gz			63658050	577f22ebf882eae520053f8c000aa27d								syn31548327
file				HTA9_14_070_A_C330_S1482_L004_R1_001.fastq.gz			57636502	a21545a838def747138d713fad536242								syn31548330
file				HTA9_14_070_A_C334_S1486_L004_R1_001.fastq.gz			62075548	86ead54ee1dc8eb0cbfeecf6a25ff085								syn31548333
file				HTA9_14_070_A_C335_S1487_L004_R1_001.fastq.gz			59103989	e0613d94848f74a7d538eade27583ef6								syn31548331
file				HTA9_14_070_A_C336_S1488_L004_R1_001.fastq.gz			60463827	a6340c19312b65859121f1a1c7e2ddc2								syn31548338
file				HTA9_14_070_A_C340_S1492_L004_R1_001.fastq.gz			17060780	722d5434ef3506309d2dcaf9c51c9027								syn31548336
file				HTA9_14_070_A_C342_S1494_L004_R1_001.fastq.gz			6851108	f675ee468da231cb12f1de55bc1a47db								syn31548326
file				HTA9_14_070_A_C344_S1496_L004_R1_001.fastq.gz			9833180	42b75f6af74a4f61fade4eac66b95c65								syn31548335
file				HTA9_14_070_A_C346_S1498_L004_R1_001.fastq.gz			59787673	e2dc78693c77585d6e70a2489d6f009e								syn31548345
file				HTA9_14_070_A_C347_S1499_L004_R1_001.fastq.gz			55332898	be70c03f0650307d53d9772e0da1a0ca								syn31548339
file				HTA9_14_070_A_C348_S1500_L004_R1_001.fastq.gz			56573698	a83189432a855e61c1046cb5cb9a01c1								syn31548348
file				HTA9_14_070_A_C349_S1501_L004_R1_001.fastq.gz			48307222	2544f487853af9d7a246c8568d33bc25								syn31548349
file				HTA9_14_070_A_C350_S1502_L004_R1_001.fastq.gz			58094211	9e6dd38c2a0c6f011596bc17f7fa8863								syn31548355
file				HTA9_14_070_A_C351_S1503_L004_R1_001.fastq.gz			44930818	fc574530d66d89c51362f319f0ab6b78								syn31548353
file				HTA9_14_070_A_C352_S1504_L004_R1_001.fastq.gz			46406704	4cb75a3ea968a442492be78e87d97445								syn31548357
file				HTA9_14_070_A_C38_S1190_L004_R1_001.fastq.gz			10118700	52ff786659d65627354b0dfc56213ae4								syn31548350
file				HTA9_14_070_A_C39_S1191_L004_R1_001.fastq.gz			9370858	da8a0c7b370cd12a8a508ebfaebe7a33								syn31548352
file				HTA9_14_070_A_C40_S1192_L004_R1_001.fastq.gz			60934588	1b4063cc6a3c1e35df745ccaa888bbb5								syn31548361
file				HTA9_14_070_A_C41_S1193_L004_R1_001.fastq.gz			65339505	32bf797e787b51c51115d4dab3a28a54								syn31548367
file				HTA9_14_070_A_C42_S1194_L004_R1_001.fastq.gz			62488128	753d6f727cf989a2ed18dcfd80d47951								syn31548362
file				HTA9_14_070_A_C43_S1195_L004_R1_001.fastq.gz			53688263	641caeafd6152e8af73ab0e5d7af947f								syn31548363
file				HTA9_14_070_A_C44_S1196_L004_R1_001.fastq.gz			55306309	ba441eb1c6be6fc6b8199f1eda638569								syn31548368
file				HTA9_14_070_A_C45_S1197_L004_R1_001.fastq.gz			66694035	9e1df26163c9eec962312d72731e9cfe								syn31548376
file				HTA9_14_070_A_C46_S1198_L004_R1_001.fastq.gz			44802854	5c806977473e0ef58a842fb65c062279								syn31548373
file				HTA9_14_070_A_C48_S1200_L004_R1_001.fastq.gz			14372683	79bc92daad1310c6991bc81b74de0352								syn31548369
file				HTA9_14_070_A_C53_S1205_L004_R1_001.fastq.gz			5186863	45e1bb070fae20053aadeb7a8edd1c81								syn31548360
file				HTA9_14_070_A_C55_S1207_L004_R1_001.fastq.gz			57181661	0c612010b962428415e6c606f8399361								syn31548378
file				HTA9_14_070_A_C56_S1208_L004_R1_001.fastq.gz			60004134	da0030383d906506af2b4c7e2d3203ba								syn31548380
file				HTA9_14_070_A_C57_S1209_L004_R1_001.fastq.gz			64343683	852e9314013a29ec01ef7ba8148354e8								syn31548382
file				HTA9_14_070_A_C58_S1210_L004_R1_001.fastq.gz			65394989	74302b7e612b79880cd97c4825c7c558								syn31548388
file				HTA9_14_070_A_C59_S1211_L004_R1_001.fastq.gz			58400849	15c2c5dae6fe2bfc4302932f01e43344								syn31548393
file				HTA9_14_070_A_C60_S1212_L004_R1_001.fastq.gz			63546939	aa1981e3c9d5a3ae2148294108fc247b								syn31548398
file				HTA9_14_070_A_C61_S1213_L004_R1_001.fastq.gz			65759396	f8da176547e0e935bd14821864568e6b								syn31548402
file				HTA9_14_070_A_C62_S1214_L004_R1_001.fastq.gz			68997125	0d49f80e0af276ebe641ad1306854d99								syn31548404
file				HTA9_14_070_A_C63_S1215_L004_R1_001.fastq.gz			71243392	a6688ed7f1a91aa90c86fa21f93b1c18								syn31548408
file				HTA9_14_070_A_C67_S1219_L004_R1_001.fastq.gz			10151096	6d7c8f42c753f5fc0daba23436270692								syn31548396
file				HTA9_14_070_A_C71_S1223_L004_R1_001.fastq.gz			62737623	ec89efcc1e53a8addac9fae556b27295								syn31548410
file				HTA9_14_070_A_C72_S1224_L004_R1_001.fastq.gz			57884453	ac2a6d86a996a3d911802a95e12a702c								syn31548413
file				HTA9_14_070_A_C73_S1225_L004_R1_001.fastq.gz			57802681	c31648ddb0ee3c9805a9e774da9f45fc								syn31548423
file				HTA9_14_070_A_C76_S1228_L004_R1_001.fastq.gz			55463036	890bc61df815cea9d3c1cbc5c50fd176								syn31548417
file				HTA9_14_070_A_C77_S1229_L004_R1_001.fastq.gz			62672740	8fdb0cf2cd55cc72994828c406e29af9								syn31548426
file				HTA9_14_070_A_C78_S1230_L004_R1_001.fastq.gz			61872267	a72ee3fcc360edbe9801aa4d39666809								syn31548425
file				HTA9_14_070_A_C7_S1159_L004_R1_001.fastq.gz			7121848	e2e54baf41b1cb30dc74850aaf532bc1								syn31548411
file				HTA9_14_070_A_C80_S1232_L004_R1_001.fastq.gz			31276288	503c533f91d4cf37719d2c790c6b681f								syn31548422
file				HTA9_14_070_A_C83_S1235_L004_R1_001.fastq.gz			6402455	a778af9aed6637fcb159609917562bb8								syn31548412
file				HTA9_14_070_A_C84_S1236_L004_R1_001.fastq.gz			7241592	9c9c33d9185d7b452d762e9c926d1200								syn31548416
file				HTA9_14_070_A_C87_S1239_L004_R1_001.fastq.gz			61034613	6b1fd9aab83dc15371764999bdd520e0								syn31548433
file				HTA9_14_070_A_C88_S1240_L004_R1_001.fastq.gz			51253764	6d36744764626b12cf8db5b6f357d6df								syn31548428
file				HTA9_14_070_A_C90_S1242_L004_R1_001.fastq.gz			56523339	92b8168ce2f35f6509a00de3385e8c64								syn31548435
file				HTA9_14_070_A_C91_S1243_L004_R1_001.fastq.gz			11104737	ee7437b10f80811d34681232d669657f								syn31548427
file				HTA9_14_070_A_C92_S1244_L004_R1_001.fastq.gz			54079087	b09107c470cbb1cda71fb918eae330ae								syn31548436
file				HTA9_14_070_A_C94_S1246_L004_R1_001.fastq.gz			42557977	b850cc6332b9401bcf4300e2699f5a3c								syn31548437
file				HTA9_14_070_A_C95_S1247_L004_R1_001.fastq.gz			54062244	af6f680b278ff459ccfdd7a1499cde23								syn31548441
file				HTA9_14_070_A_C96_S1248_L004_R1_001.fastq.gz			59181878	0daf8c6bfbf4505c651fa197c39795ed								syn31548442
file				HTA9_14_070_A_C9_S1161_L004_R1_001.fastq.gz			59829880	035397c70829b72c7ff3d8a9c9b5fe41								syn31548448
file				HTA9_14_070_D_C379_S1531_L004_R1_001.fastq.gz			40273003	1a0cdfcb6e9140d257de79d80fbcb1a1								syn31548444
file				HTA9_14_077_LCM_C1_S1201_L003_R1_001.fastq.gz			31508784	12c27628eadf3bce878e6caef08d9ec5								syn31548450
file				HTA9_14_077_LCM_C25_S1609_L004_R1_001.fastq.gz			20009362	3da15a3ab6d0b4f4a4bb4a44e397ffef								syn31548449
file				HTA9_14_077_LCM_C27_S1611_L004_R1_001.fastq.gz			92283628	5f421266b1ebb01b766301b82c1b09d5								syn31548468
file				HTA9_14_077_LCM_C28_S1612_L004_R1_001.fastq.gz			30636375	9b3ffac005130a8bb5cbc31e943f62a5								syn31548455
file				HTA9_14_077_LCM_C29_S1613_L004_R1_001.fastq.gz			19500578	5c1410f391440e938bbaa2dd8150b158								syn31548452
file				HTA9_14_077_LCM_C2_S1202_L003_R1_001.fastq.gz			28161854	6431de2897dee9a72e84fd1a3c4947ad								syn31548454
file				HTA9_14_077_LCM_C30_S1614_L004_R1_001.fastq.gz			22796127	a31d23c462f1a08731545c5021c462d7								syn31548453
file				HTA9_14_077_LCM_C32_S1616_L004_R1_001.fastq.gz			18143535	37dd4c679528a9994fb44a6289053f1f								syn31548460
file				HTA9_14_077_LCM_C3_S1203_L003_R1_001.fastq.gz			43021765	f5fd24c1d1b1c338c192ad43e12aa655								syn31548469
file				HTA9_14_077_LCM_C44_S1628_L004_R1_001.fastq.gz			31786828	4cb782b13742803a5ee5a0e4478cd326								syn31548463
file				HTA9_14_077_LCM_C46_S1630_L004_R1_001.fastq.gz			33437580	c21b3eec484f20dc0b606493656167a6								syn31548464
file				HTA9_14_077_LCM_C47_S1631_L004_R1_001.fastq.gz			28377944	f507fd53cdc6749f55d077d83261aa78								syn31548471
file				HTA9_14_077_LCM_C4_S1204_L003_R1_001.fastq.gz			35886526	d17f59bcfef6de122dfccd48a0208f05								syn31548476
file				HTA9_14_077_LCM_C8_S1208_L003_R1_001.fastq.gz			28879741	890632ec636d3f8a92b796b39029c585								syn31548475
file				HTA9_14_078_A_C102_S870_L003_R1_001.fastq.gz			63337272	7c42a1c66d8a2a7a02a4d90f38aedaed								syn31548479
file				HTA9_14_078_A_C103_S871_L003_R1_001.fastq.gz			60647423	58b34902e03f47f50f18bcddf5570acf								syn31548481
file				HTA9_14_078_A_C104_S872_L003_R1_001.fastq.gz			20483732	435ac8e85a5c2158a8a4ded1e34d38c7								syn31548477
file				HTA9_14_078_A_C105_S873_L003_R1_001.fastq.gz			66591259	d4dc930dddd0b2928b87dc43c0ed3913								syn31548486
file				HTA9_14_078_A_C106_S874_L003_R1_001.fastq.gz			60073560	03081152dfdd74de15657ed98fda3b45								syn31548485
file				HTA9_14_078_A_C107_S875_L003_R1_001.fastq.gz			51436563	94970ffa4fcada7336b4a648f7dfedb2								syn31548489
file				HTA9_14_078_A_C108_S876_L003_R1_001.fastq.gz			52881355	b98d309b9316cafa99929f3059cd7b49								syn31548491
file				HTA9_14_078_A_C109_S877_L003_R1_001.fastq.gz			34888380	e94494df9105772ad0cf539a573a013e								syn31548488
file				HTA9_14_078_A_C10_S778_L003_R1_001.fastq.gz			52888510	7d2ce12c98a1f9d3e6f01d6f3ba389a1								syn31548497
file				HTA9_14_078_A_C110_S878_L003_R1_001.fastq.gz			60227020	c28d5aa795544cf744d4da7930496b72								syn31548499
file				HTA9_14_078_A_C111_S879_L003_R1_001.fastq.gz			66953956	e2b940f1d5153afbc491b378e736a0b0								syn31548501
file				HTA9_14_078_A_C112_S880_L003_R1_001.fastq.gz			58788460	5940013602f84b99a095016b9e63d835								syn31548500
file				HTA9_14_078_A_C114_S882_L003_R1_001.fastq.gz			10686110	5ae4b923179223a703074c27a01489f9								syn31548494
file				HTA9_14_078_A_C115_S883_L003_R1_001.fastq.gz			9057769	02ae151c4c985a39959f4aabdaa125c2								syn31548498
file				HTA9_14_078_A_C117_S885_L003_R1_001.fastq.gz			24574899	4d6a7a90de080fdf4ce53e0006cb69ed								syn31548502
file				HTA9_14_078_A_C118_S886_L003_R1_001.fastq.gz			45973901	d5a61d8b234c9ba5f44854e5b40c87fa								syn31548508
file				HTA9_14_078_A_C119_S887_L003_R1_001.fastq.gz			59768504	3d51ee827d11091418ab1f276f92879b								syn31548512
file				HTA9_14_078_A_C11_S779_L003_R1_001.fastq.gz			49891752	aef2b9a61e8218c5832bfa30a5d323f1								syn31548514
file				HTA9_14_078_A_C120_S888_L003_R1_001.fastq.gz			47328063	0fd99d2b57b3757da3ee42c2ce6b68f3								syn31548510
file				HTA9_14_078_A_C121_S889_L003_R1_001.fastq.gz			68143621	fea5793851d757cf5fa19a3a8fe71264								syn31548515
file				HTA9_14_078_A_C122_S890_L003_R1_001.fastq.gz			18760856	29c24e91423c530b4f09577171484e05								syn31548511
file				HTA9_14_078_A_C123_S891_L003_R1_001.fastq.gz			52771022	67d723f9bea9cf455f0aaec0b43b1e21								syn31548524
file				HTA9_14_078_A_C124_S892_L003_R1_001.fastq.gz			44400081	58a9e29f831ffb41a28a0b15eb87b37d								syn31548520
file				HTA9_14_078_A_C125_S893_L003_R1_001.fastq.gz			33045082	fd4ae8bc393ffe598aa8a8ed8e57145c								syn31548516
file				HTA9_14_078_A_C126_S894_L003_R1_001.fastq.gz			54885450	e95dec00855ccec991d196b7cfa4f8d7								syn31548526
file				HTA9_14_078_A_C127_S895_L003_R1_001.fastq.gz			40256566	3cc4ebe2060aa1af819000db53f8946a								syn31548519
file				HTA9_14_078_A_C128_S896_L003_R1_001.fastq.gz			51379014	4abec16b01b5f23db102843c641848b8								syn31548529
file				HTA9_14_078_A_C12_S780_L003_R1_001.fastq.gz			53591704	527459952e0b7f43584cc78b25af164e								syn31548531
file				HTA9_14_078_A_C131_S899_L003_R1_001.fastq.gz			8877100	bd5ecbc9edfd5611393bc6573903fee4								syn31548525
file				HTA9_14_078_A_C133_S901_L003_R1_001.fastq.gz			4629266	b4662678ab93a5dacabd0f8919daf53d								syn31548522
file				HTA9_14_078_A_C134_S902_L003_R1_001.fastq.gz			51014982	a73eeb07a38234b496b7c83053f9917a								syn31548533
file				HTA9_14_078_A_C135_S903_L003_R1_001.fastq.gz			49078120	611bdccaa50999cd39c6204721a3ae30								syn31548532
file				HTA9_14_078_A_C136_S904_L003_R1_001.fastq.gz			46957498	bd8237777308d233f16fec8680e2bd4f								syn31548535
file				HTA9_14_078_A_C137_S905_L003_R1_001.fastq.gz			58646614	643d18cf2823e70ac792b37da82afe93								syn31548538
file				HTA9_14_078_A_C138_S906_L003_R1_001.fastq.gz			36416591	5514dd2a9ade192e0072bd48bf5d3081								syn31548537
file				HTA9_14_078_A_C139_S907_L003_R1_001.fastq.gz			51904144	eb20b9b4b7d1631429b632a833992fee								syn31548539
file				HTA9_14_078_A_C13_S781_L003_R1_001.fastq.gz			61601691	0a2eaa3f50f0ef0ce8d45d060e83fd90								syn31548543
file				HTA9_14_078_A_C140_S908_L003_R1_001.fastq.gz			48025272	dbb49bdaa81d6a98de08c33314b1a004								syn31548542
file				HTA9_14_078_A_C141_S909_L003_R1_001.fastq.gz			60990554	728e204e012020a78e7138d60c95e2a8								syn31548550
file				HTA9_14_078_A_C142_S910_L003_R1_001.fastq.gz			58244224	975032d61cb546ecd20d401304af20b0								syn31548551
file				HTA9_14_078_A_C143_S911_L003_R1_001.fastq.gz			57060199	b2d1136cb01f0bd0eb4655ff6ad90796								syn31548554
file				HTA9_14_078_A_C144_S912_L003_R1_001.fastq.gz			36638493	d5abb7d25613120d25ebb54451118ced								syn31548552
file				HTA9_14_078_A_C147_S915_L003_R1_001.fastq.gz			12253251	27b4013a8f69e5854c0b3d837a8c23fd								syn31548547
file				HTA9_14_078_A_C148_S916_L003_R1_001.fastq.gz			7834167	fbd1482ba7f12c6722ea2b028bfa566c								syn31548545
file				HTA9_14_078_A_C149_S917_L003_R1_001.fastq.gz			10996906	523b40086af129337c8f100dba1a81f8								syn31548553
file				HTA9_14_078_A_C14_S782_L003_R1_001.fastq.gz			23527182	c3d552568f739e5e5e3efa35ff887d14								syn31548556
file				HTA9_14_078_A_C150_S918_L003_R1_001.fastq.gz			18925028	610366d860cc4e90d66e79246cadf8f2								syn31548555
file				HTA9_14_078_A_C151_S919_L003_R1_001.fastq.gz			28298302	2c45d8976de90e0d5277513532c7f04c								syn31548558
file				HTA9_14_078_A_C152_S920_L003_R1_001.fastq.gz			26648332	0736549d14f53610b3ba4c91a3a45de1								syn31548559
file				HTA9_14_078_A_C153_S921_L003_R1_001.fastq.gz			67369477	062f5394d774f780a3793c0ceb362741								syn31548567
file				HTA9_14_078_A_C154_S922_L003_R1_001.fastq.gz			67650003	e4de5d7d1ad3e3ab89219f1a399ea893								syn31548570
file				HTA9_14_078_A_C155_S923_L003_R1_001.fastq.gz			55664196	1d97e6ca10a8d1dd8cabbcbc3701f55e								syn31548566
file				HTA9_14_078_A_C156_S924_L003_R1_001.fastq.gz			55128744	6e08d76d02ca61f8d2ac817f758f8284								syn31548572
file				HTA9_14_078_A_C157_S925_L003_R1_001.fastq.gz			46858401	48f917a6cda25879e8a23086414699e6								syn31548573
file				HTA9_14_078_A_C158_S926_L003_R1_001.fastq.gz			64260640	1222d6772df571b46af9952abdb82da1								syn31548578
file				HTA9_14_078_A_C159_S927_L003_R1_001.fastq.gz			44462348	52c66cb31d53c385bdd3bab2e144e7b8								syn31548577
file				HTA9_14_078_A_C160_S928_L003_R1_001.fastq.gz			44674080	62d556a2907c835e3e5687a9dfefa7c5								syn31548580
file				HTA9_14_078_A_C162_S930_L003_R1_001.fastq.gz			6415764	2713b0cfe5cdc0ecdc58579acf6851fd								syn31548569
file				HTA9_14_078_A_C166_S934_L003_R1_001.fastq.gz			37213721	009c2fdf69409500e751d25976515ca0								syn31548579
file				HTA9_14_078_A_C167_S935_L003_R1_001.fastq.gz			50024142	326f9747a44b05d9d692f25f1217c3d2								syn31548582
file				HTA9_14_078_A_C169_S937_L003_R1_001.fastq.gz			55528254	c3759f0e12d496fa1b3cde7c6db82351								syn31548585
file				HTA9_14_078_A_C170_S938_L003_R1_001.fastq.gz			57520174	da1621715ba9a3ea51ec35a266c200ae								syn31548588
file				HTA9_14_078_A_C171_S939_L003_R1_001.fastq.gz			48004157	2417f3d86a3321669fdbc417b8ec15a6								syn31548590
file				HTA9_14_078_A_C172_S940_L003_R1_001.fastq.gz			32097685	537214ba3e7ad350bada5f611143c4c9								syn31548587
file				HTA9_14_078_A_C173_S941_L003_R1_001.fastq.gz			52093994	124275e91eb5b39be32a6fedb272ecb7								syn31548591
file				HTA9_14_078_A_C174_S942_L003_R1_001.fastq.gz			54044555	8d2a331676ceb35ce077e35575526c70								syn31548597
file				HTA9_14_078_A_C175_S943_L003_R1_001.fastq.gz			51386643	d516b6916649faaf8d05870fd112e6e7								syn31548595
file				HTA9_14_078_A_C176_S944_L003_R1_001.fastq.gz			21355163	6161d4f2b86433051e893056b11af342								syn31548592
file				HTA9_14_078_A_C180_S948_L003_R1_001.fastq.gz			14187907	a2585c23a195e88bf4e5b4a533bc89a4								syn31548593
file				HTA9_14_078_A_C182_S950_L003_R1_001.fastq.gz			60653309	32aad8eca5913845071df1bf975cbcc4								syn31548599
file				HTA9_14_078_A_C183_S951_L003_R1_001.fastq.gz			59265298	9be9e1d6e1bcb537ca24af632c593da6								syn31548603
file				HTA9_14_078_A_C184_S952_L003_R1_001.fastq.gz			52293868	163f35ea32f210808ffcece5d0e944fb								syn31548604
file				HTA9_14_078_A_C185_S953_L003_R1_001.fastq.gz			65000597	9d71a3a8e74becfc4e005c7f8f0ea6e8								syn31548605
file				HTA9_14_078_A_C187_S955_L003_R1_001.fastq.gz			57310355	14f4a179998982b6f93c2a981f1214eb								syn31548609
file				HTA9_14_078_A_C188_S956_L003_R1_001.fastq.gz			60465563	fa2beb73edee00b9210b3ab757bcfc10								syn31548615
file				HTA9_14_078_A_C189_S957_L003_R1_001.fastq.gz			40781883	b2a6157301062294ea9942820e266bf8								syn31548611
file				HTA9_14_078_A_C190_S958_L003_R1_001.fastq.gz			64753243	57db673952076dda4c706144bc8a162f								syn31548621
file				HTA9_14_078_A_C191_S959_L003_R1_001.fastq.gz			52148923	37a1b5a4d5949b93de42f92f66c29fbb								syn31548617
file				HTA9_14_078_A_C192_S960_L003_R1_001.fastq.gz			39217875	d0d1d3677922026518124034555a2ce8								syn31548616
file				HTA9_14_078_A_C194_S962_L003_R1_001.fastq.gz			13187761	8a2fd8d4cfb9f13842983c92b284c43d								syn31548612
file				HTA9_14_078_A_C195_S963_L003_R1_001.fastq.gz			6324873	3b2ef10e68c4e8578671258dda3e6792								syn31548610
file				HTA9_14_078_A_C197_S965_L003_R1_001.fastq.gz			11987735	b66a59533e11039ca93f3abedf1a8b5f								syn31548614
file				HTA9_14_078_A_C198_S966_L003_R1_001.fastq.gz			23322645	8f89b1b30d41df2df1fd31ac16c122a8								syn31548620
file				HTA9_14_078_A_C199_S967_L003_R1_001.fastq.gz			48987559	5927a30bb8199bb76d13c9b7ede6afa4								syn31548623
file				HTA9_14_078_A_C200_S968_L003_R1_001.fastq.gz			51326469	7c4e1a21dc8f3a53590107be60cd1adf								syn31548630
file				HTA9_14_078_A_C201_S969_L003_R1_001.fastq.gz			51293084	5a9af024724c65ba8a1863e09f147a56								syn31548627
file				HTA9_14_078_A_C202_S970_L003_R1_001.fastq.gz			50077686	41467bfc888f87ce1ddde14d9529d3e2								syn31548629
file				HTA9_14_078_A_C203_S971_L003_R1_001.fastq.gz			35368691	bc8d37b75294c6c2fe4a7437e5ac246d								syn31548626
file				HTA9_14_078_A_C204_S972_L003_R1_001.fastq.gz			53012167	a70f2c2841f33be8409dc74a0659255e								syn31548636
file				HTA9_14_078_A_C205_S973_L003_R1_001.fastq.gz			62566474	63a9f6778e10290f6a3356b878aa009e								syn31548644
file				HTA9_14_078_A_C206_S974_L003_R1_001.fastq.gz			60894520	847d98a666fb9884cdcd678c372bc423								syn31548638
file				HTA9_14_078_A_C207_S975_L003_R1_001.fastq.gz			50500587	2652647de6797f99143676e3fcc398c3								syn31548637
file				HTA9_14_078_A_C208_S976_L003_R1_001.fastq.gz			32514669	dacb0a711ed77327caaa0f1e4b8d0083								syn31548635
file				HTA9_14_078_A_C210_S978_L003_R1_001.fastq.gz			10122732	aa3b8391557403b927f0dc9fd31a4e41								syn31548639
file				HTA9_14_078_A_C214_S982_L003_R1_001.fastq.gz			60122943	601a674e4edb46569e7056d4dab499b5								syn31548651
file				HTA9_14_078_A_C215_S983_L003_R1_001.fastq.gz			35104671	dcd5c1fdeb25ce1f302d398cc90dd6bc								syn31548647
file				HTA9_14_078_A_C216_S984_L003_R1_001.fastq.gz			30669244	41a6ead470d270fc0bc3aaa3d065b503								syn31548648
file				HTA9_14_078_A_C217_S985_L003_R1_001.fastq.gz			65841131	7a9e3ca1f82b5af8c7b535f8a0e9f91b								syn31548655
file				HTA9_14_078_A_C218_S986_L003_R1_001.fastq.gz			28452173	325c9dc9d9ce22f6e6da6093c20ff160								syn31548649
file				HTA9_14_078_A_C219_S987_L003_R1_001.fastq.gz			46886739	d0a4493666837a177200c3fbff27ec72								syn31548652
file				HTA9_14_078_A_C220_S988_L003_R1_001.fastq.gz			52623476	45bba868ef624e3cc10e40ddfcfdd242								syn31548658
file				HTA9_14_078_A_C221_S989_L003_R1_001.fastq.gz			40356476	4cf070b0bc1dd4d04076b45407084fe9								syn31548657
file				HTA9_14_078_A_C222_S990_L003_R1_001.fastq.gz			59092774	1a4bbb060e0a2a65fe6399aafe5dd308								syn31548665
file				HTA9_14_078_A_C223_S991_L003_R1_001.fastq.gz			63381648	58a8bcc49e1e656d32299864af7a0952								syn31548669
file				HTA9_14_078_A_C224_S992_L003_R1_001.fastq.gz			39936189	07cb648dff6427c6e45b07b87b90bb68								syn31548666
file				HTA9_14_078_A_C225_S993_L003_R1_001.fastq.gz			5261683	432f46e266509bf9f1a629f021c4e0ab								syn31548653
file				HTA9_14_078_A_C226_S994_L003_R1_001.fastq.gz			10280818	71ede98cbe6db040753ed62decc8ddda								syn31548659
file				HTA9_14_078_A_C228_S996_L003_R1_001.fastq.gz			7523341	f3d2885246d17e4afe786b4996e6ae61								syn31548656
file				HTA9_14_078_A_C229_S997_L003_R1_001.fastq.gz			15189463	479b562b12eb3e85a5f648bfcbbe0197								syn31548664
file				HTA9_14_078_A_C22_S790_L003_R1_001.fastq.gz			9655317	f53eb2f3865746c6e7bb56bffe41b544								syn31548670
file				HTA9_14_078_A_C231_S999_L003_R1_001.fastq.gz			61695517	f408c775e277deb3108c9d9e1e8ee489								syn31548675
file				HTA9_14_078_A_C232_S1000_L003_R1_001.fastq.gz			56168132	e37fda78f8e945d9c3e8e1d645978e49								syn31548673
file				HTA9_14_078_A_C233_S1001_L003_R1_001.fastq.gz			61759692	6e5d130825a64806648e5a1dedf21c22								syn31548677
file				HTA9_14_078_A_C234_S1002_L003_R1_001.fastq.gz			55268420	a6b539f526e00ed52c6ad5de19be8ab7								syn31548676
file				HTA9_14_078_A_C235_S1003_L003_R1_001.fastq.gz			52411419	18607c37c24e1e89e6c8d6bf8df90b44								syn31548680
file				HTA9_14_078_A_C236_S1004_L003_R1_001.fastq.gz			43764870	bd1380b510be36ebd48bf061a21cb1a8								syn31548684
file				HTA9_14_078_A_C237_S1005_L003_R1_001.fastq.gz			43269388	871c3dbb44c05cfec0a34a0a47d68543								syn31548689
file				HTA9_14_078_A_C238_S1006_L003_R1_001.fastq.gz			65044630	884332c8cd2d0e95d4603a5dc2a5b01c								syn31548695
file				HTA9_14_078_A_C23_S791_L003_R1_001.fastq.gz			51610623	2d7e436b965f77ce8a985e90bae23c34								syn31548692
file				HTA9_14_078_A_C240_S1008_L003_R1_001.fastq.gz			49421791	716d19cb2db08746e10702641ba362b8								syn31548693
file				HTA9_14_078_A_C242_S1010_L003_R1_001.fastq.gz			6566835	f16e01345f612c0472d613488e762b56								syn31548686
file				HTA9_14_078_A_C243_S1011_L003_R1_001.fastq.gz			7307821	170a83f0e9e9b352260f8b3403bba631								syn31548685
file				HTA9_14_078_A_C244_S1012_L003_R1_001.fastq.gz			10340504	c3b016e260cc37e3423dcc435e36fce0								syn31548694
file				HTA9_14_078_A_C245_S1013_L003_R1_001.fastq.gz			5333618	743a9b5f484445abaa8935ce22e43217								syn31548687
file				HTA9_14_078_A_C246_S1014_L003_R1_001.fastq.gz			50240715	227a60d919349c432202b7e941f967a3								syn31548699
file				HTA9_14_078_A_C247_S1015_L003_R1_001.fastq.gz			60701242	62daa96f3bcb461d3640a8ef70f7d5f9								syn31548703
file				HTA9_14_078_A_C249_S1017_L003_R1_001.fastq.gz			69819191	908429b620427ca5cf5b0619b64950c6								syn31548704
file				HTA9_14_078_A_C24_S792_L003_R1_001.fastq.gz			34501242	2dbd4a5d3087e9320c8dcfabd3f37e4f								syn31548700
file				HTA9_14_078_A_C250_S1018_L003_R1_001.fastq.gz			65610662	ff7e106a4607f6da61c7f31dc4f9389f								syn31548705
file				HTA9_14_078_A_C251_S1019_L003_R1_001.fastq.gz			55477329	42c329430db7bc511140c1b6db388c8e								syn31548712
file				HTA9_14_078_A_C252_S1020_L003_R1_001.fastq.gz			54059547	68c3abecbf1abb4cefdd848aedba8a0b								syn31548710
file				HTA9_14_078_A_C253_S1021_L003_R1_001.fastq.gz			11833219	4e39ea01867bd421317317cc234b8993								syn31548709
file				HTA9_14_078_A_C254_S1022_L003_R1_001.fastq.gz			55742319	d75ea085f362dc89e19ed83f5bf3a2b1								syn31548714
file				HTA9_14_078_A_C255_S1023_L003_R1_001.fastq.gz			51980705	f982b1a5da2271f8ee5063d8f2ab1cd0								syn31548715
file				HTA9_14_078_A_C256_S1024_L003_R1_001.fastq.gz			47660770	6ff4a85eb060e89d9fd4c2d66c87cd95								syn31548720
file				HTA9_14_078_A_C25_S793_L003_R1_001.fastq.gz			68818217	ee77560068e9aa0eb3153a89e9de2110								syn31548724
file				HTA9_14_078_A_C263_S1031_L003_R1_001.fastq.gz			60980267	e1442b902b1e3a6b41b0b05837b1342d								syn31548723
file				HTA9_14_078_A_C264_S1032_L003_R1_001.fastq.gz			52433023	1108cdcebe0aa763bf624cabb53b6d1e								syn31548727
file				HTA9_14_078_A_C265_S1033_L003_R1_001.fastq.gz			65102300	6db4d38faf1ebdada98c6e75ed6fddae								syn31548726
file				HTA9_14_078_A_C266_S1034_L003_R1_001.fastq.gz			72849174	4bc200e8cfbf8270cbdb0f1a32486834								syn31548733
file				HTA9_14_078_A_C267_S1035_L003_R1_001.fastq.gz			40653662	322baf2304aee2daeb2720702bd32416								syn31548731
file				HTA9_14_078_A_C268_S1036_L003_R1_001.fastq.gz			55467764	bcc8bc23cd2772c4ba5789d200125d58								syn31548735
file				HTA9_14_078_A_C269_S1037_L003_R1_001.fastq.gz			54610366	f4bc0910c455d657357f80996491aef7								syn31548738
file				HTA9_14_078_A_C26_S794_L003_R1_001.fastq.gz			59284139	70eb2c4090dbf5e240779d42963a9a0b								syn31548737
file				HTA9_14_078_A_C270_S1038_L003_R1_001.fastq.gz			46158662	884f9d4e1442ec7b6135c6be49dd45b5								syn31548745
file				HTA9_14_078_A_C271_S1039_L003_R1_001.fastq.gz			60976218	9ab208abb3b2ca57d108e6ee3c1dd8ce								syn31548748
file				HTA9_14_078_A_C272_S1040_L003_R1_001.fastq.gz			40692949	e0b3c7526289542069593572fcf4a944								syn31548746
file				HTA9_14_078_A_C274_S1042_L003_R1_001.fastq.gz			5966446	2ceb2ef0baa04b3e5881ab8715f36039								syn31548736
file				HTA9_14_078_A_C276_S1044_L003_R1_001.fastq.gz			10459799	40c7a52877f6b7f6889a98563cc5f766								syn31548740
file				HTA9_14_078_A_C277_S1045_L003_R1_001.fastq.gz			16362434	273bdbbfa725604465670e374145c931								syn31548744
file				HTA9_14_078_A_C278_S1046_L003_R1_001.fastq.gz			11182347	a43cd5ea42eb9af8ba6ba6c6387e587f								syn31548747
file				HTA9_14_078_A_C279_S1047_L003_R1_001.fastq.gz			67895539	cebaa4f6db17e9610f992f41d295d703								syn31548758
file				HTA9_14_078_A_C27_S795_L003_R1_001.fastq.gz			44949968	94b985b6400a93e034fcba4e3d64411a								syn31548751
file				HTA9_14_078_A_C280_S1048_L003_R1_001.fastq.gz			53722040	12a9fea8eade8e60d15004777468a8ea								syn31548759
file				HTA9_14_078_A_C281_S1049_L003_R1_001.fastq.gz			50028755	9f20ba836fd60366c97e22eadd0fbb2e								syn31548756
file				HTA9_14_078_A_C282_S1050_L003_R1_001.fastq.gz			63997089	fc42104a1a036b66c27a0514912d60bf								syn31548762
file				HTA9_14_078_A_C283_S1051_L003_R1_001.fastq.gz			50657272	dd50bb2cc0d96e69945b654b6c2c6c9a								syn31548770
file				HTA9_14_078_A_C284_S1052_L003_R1_001.fastq.gz			40524061	756f060bfba4db49bc04393be805c193								syn31548764
file				HTA9_14_078_A_C285_S1053_L003_R1_001.fastq.gz			63186187	0b41e162097da89638f1362368916de3								syn31548767
file				HTA9_14_078_A_C286_S1054_L003_R1_001.fastq.gz			31095381	6a3956e1a34072410bcb522f2eb3bfa4								syn31548765
file				HTA9_14_078_A_C287_S1055_L003_R1_001.fastq.gz			59634830	46f61df695338870de990b692ff8b2d0								syn31548773
file				HTA9_14_078_A_C288_S1056_L003_R1_001.fastq.gz			35956019	392ec62110a804087671fbca2e6b2bdd								syn31548779
file				HTA9_14_078_A_C28_S796_L003_R1_001.fastq.gz			48040804	ce971088ac17b41910e096dc248e3118								syn31548776
file				HTA9_14_078_A_C291_S1059_L003_R1_001.fastq.gz			8487244	95b55059ad2e44d4b146eed5b036e0ea								syn31548768
file				HTA9_14_078_A_C293_S1061_L003_R1_001.fastq.gz			11667036	bd4364c148a770194ee08f47fa2d2dc1								syn31548774
file				HTA9_14_078_A_C295_S1063_L003_R1_001.fastq.gz			55579745	6465c885c217bfd03ae22e26178cc8b4								syn31548788
file				HTA9_14_078_A_C296_S1064_L003_R1_001.fastq.gz			40005679	ed0f277741464c391d33a75a97261198								syn31548784
file				HTA9_14_078_A_C297_S1065_L003_R1_001.fastq.gz			64731095	15c13f6b11bdf266ddb89fbd8e2f81d1								syn31548792
file				HTA9_14_078_A_C298_S1066_L003_R1_001.fastq.gz			5618006	01ef5e799d32f7cf63dd5f156b97a23f								syn31548775
file				HTA9_14_078_A_C299_S1067_L003_R1_001.fastq.gz			16391244	bd5fcd9b0737851aabded08a87489a59								syn31548780
file				HTA9_14_078_A_C29_S797_L003_R1_001.fastq.gz			41208661	69e8ea5e214dc4be8580bcb2cb9825ba								syn31548790
file				HTA9_14_078_A_C300_S1068_L003_R1_001.fastq.gz			56027102	7519b4d2755b57c7146e50eb2d1e9883								syn31548796
file				HTA9_14_078_A_C301_S1069_L003_R1_001.fastq.gz			63668228	bec7c92a2caeb558571d1cd1fe995a44								syn31548801
file				HTA9_14_078_A_C302_S1070_L003_R1_001.fastq.gz			60175349	811b29a8e278cafc7a4aebc28d205a80								syn31548798
file				HTA9_14_078_A_C303_S1071_L003_R1_001.fastq.gz			46356585	00adf8b18b2150aaec5c4eb6ac2aee81								syn31548803
file				HTA9_14_078_A_C304_S1072_L003_R1_001.fastq.gz			45649378	277873350497d97ad9267e3557d0ec9b								syn31548802
file				HTA9_14_078_A_C308_S1076_L003_R1_001.fastq.gz			12297480	d424db088ba76287a16db47d54ce7d88								syn31548800
file				HTA9_14_078_A_C30_S798_L003_R1_001.fastq.gz			63381288	e60ae6ff6f889a911e3ba4e331a0d334								syn31548817
file				HTA9_14_078_A_C312_S1080_L003_R1_001.fastq.gz			50269774	74365c44e5d5cf604da4bb12f04df384								syn31548810
file				HTA9_14_078_A_C313_S1081_L003_R1_001.fastq.gz			66137131	ad577dfa1786060d4938d081f24b9dfb								syn31548812
file				HTA9_14_078_A_C314_S1082_L003_R1_001.fastq.gz			66810288	ded2df92280ea1722b0491391949f9c4								syn31548815
file				HTA9_14_078_A_C315_S1083_L003_R1_001.fastq.gz			32653755	db90245de7ce0d1d7180c03d356ce596								syn31548808
file				HTA9_14_078_A_C316_S1084_L003_R1_001.fastq.gz			58919360	7710a210c7a8aebf18f7b50fd3e92f74								syn31548821
file				HTA9_14_078_A_C317_S1085_L003_R1_001.fastq.gz			63643451	075ae4823ce4b802952506e570e1f1c6								syn31548825
file				HTA9_14_078_A_C318_S1086_L003_R1_001.fastq.gz			39776093	55315da576f5c610614e82e4ba185416								syn31548820
file				HTA9_14_078_A_C319_S1087_L003_R1_001.fastq.gz			58367884	6fa0be63dcac37f075b95063ed5092cf								syn31548828
file				HTA9_14_078_A_C31_S799_L003_R1_001.fastq.gz			35428873	0ae80b7342357d734cec59fd0dee07b9								syn31548822
file				HTA9_14_078_A_C320_S1088_L003_R1_001.fastq.gz			43010557	23b7ad56a31390e43199b32d699e22ef								syn31548833
file				HTA9_14_078_A_C324_S1092_L003_R1_001.fastq.gz			11284924	1385e048dcfd5336aec0786f2d9f43fe								syn31548824
file				HTA9_14_078_A_C326_S1094_L003_R1_001.fastq.gz			10050688	79e82baa68567f0f6ab03ef9514b4d35								syn31548823
file				HTA9_14_078_A_C327_S1095_L003_R1_001.fastq.gz			12039498	4aa8b47bc37a890905a7b0177ca20eb3								syn31548827
file				HTA9_14_078_A_C328_S1096_L003_R1_001.fastq.gz			34262945	19350952271feb089887a1620b683f3a								syn31548837
file				HTA9_14_078_A_C329_S1097_L003_R1_001.fastq.gz			10268134	83431f1d70b4e93c7b22370d40550ce7								syn31548832
file				HTA9_14_078_A_C330_S1098_L003_R1_001.fastq.gz			66255956	6df456c9d8f0feb40d383f8e4a8aa787								syn31548843
file				HTA9_14_078_A_C331_S1099_L003_R1_001.fastq.gz			47496150	dbd1fe723aa8bebd9f8b7990550e1570								syn31548838
file				HTA9_14_078_A_C332_S1100_L003_R1_001.fastq.gz			58680840	c942457629ae980f0b90cd83b16f2b34								syn31548842
file				HTA9_14_078_A_C333_S1101_L003_R1_001.fastq.gz			47643156	b02d3ae5b8ea4df39f9b2e4bcfdae23c								syn31548846
file				HTA9_14_078_A_C334_S1102_L003_R1_001.fastq.gz			62706470	9d7bee12bffbcc92734c583464042581								syn31548857
file				HTA9_14_078_A_C335_S1103_L003_R1_001.fastq.gz			54706856	8ca3b68423bd238e31b3b7b345fe0eab								syn31548855
file				HTA9_14_078_A_C336_S1104_L003_R1_001.fastq.gz			20258722	947b6f5faa36e042b22a8ad76c4f219c								syn31548849
file				HTA9_14_078_A_C340_S1108_L003_R1_001.fastq.gz			7308161	53e89a5206ae7b9919a61c862f25d082								syn31548841
file				HTA9_14_078_A_C341_S1109_L003_R1_001.fastq.gz			10770496	2e94e8ccf44d9dcf036bfde669560dcd								syn31548848
file				HTA9_14_078_A_C343_S1111_L003_R1_001.fastq.gz			20455158	0e76527660a4e0d5a705e30f6471a73c								syn31548850
file				HTA9_14_078_A_C344_S1112_L003_R1_001.fastq.gz			10307568	53462ea46988fd3c377271aacdb71b1a								syn31548854
file				HTA9_14_078_A_C345_S1113_L003_R1_001.fastq.gz			40296892	98a59354f4f1f2148da33c427a815681								syn31548862
file				HTA9_14_078_A_C346_S1114_L003_R1_001.fastq.gz			9289237	c3093a45918078b461d3b1edd43bde5d								syn31548853
file				HTA9_14_078_A_C347_S1115_L003_R1_001.fastq.gz			48162722	ab558ddc88ad1439b6ef574f8be17057								syn31548864
file				HTA9_14_078_A_C348_S1116_L003_R1_001.fastq.gz			46859134	5002fe1f4da74a61ac92cdd3570c6293								syn31548865
file				HTA9_14_078_A_C349_S1117_L003_R1_001.fastq.gz			63804441	c5103279c9707b54dab118fa1c853e7d								syn31548871
file				HTA9_14_078_A_C34_S802_L003_R1_001.fastq.gz			5863118	e362c28fa78087a9c0e51188acf7f1b4								syn31548860
file				HTA9_14_078_A_C350_S1118_L003_R1_001.fastq.gz			65595313	339c5712d6f6a1dfe1703a75e20feb2f								syn31548873
file				HTA9_14_078_A_C351_S1119_L003_R1_001.fastq.gz			36864223	3469e40a44c1b94b1bea05c834511b5e								syn31548872
file				HTA9_14_078_A_C352_S1120_L003_R1_001.fastq.gz			9933991	38775ecd3c5b5efd6a85e3010c66245e								syn31548867
file				HTA9_14_078_A_C35_S803_L003_R1_001.fastq.gz			8808558	6c0ec5e02f95cb93a577e4539f1f09ee								syn31548868
file				HTA9_14_078_A_C39_S807_L003_R1_001.fastq.gz			9171609	1c7151ef5ae59e3c58e2d36570e911ec								syn31548874
file				HTA9_14_078_A_C40_S808_L003_R1_001.fastq.gz			12302209	a8f1536cba169317836bb5d99d57c1e7								syn31548878
file				HTA9_14_078_A_C42_S810_L003_R1_001.fastq.gz			57088202	9f8cfe320d266d837a47ca87f857fc6f								syn31548883
file				HTA9_14_078_A_C43_S811_L003_R1_001.fastq.gz			48556870	580f7e7619ba07702f31589563076b97								syn31548885
file				HTA9_14_078_A_C44_S812_L003_R1_001.fastq.gz			48392105	91315cb2a219731e53c82ed259b75211								syn31548884
file				HTA9_14_078_A_C45_S813_L003_R1_001.fastq.gz			59738106	619700e2fb8916948afa8a5940911893								syn31548892
file				HTA9_14_078_A_C46_S814_L003_R1_001.fastq.gz			57887899	799ac069dfacb9f65c77bec6a51e8378								syn31548891
file				HTA9_14_078_A_C47_S815_L003_R1_001.fastq.gz			55551003	66c96f21bd5e1137ffb2114aab4174b9								syn31548897
file				HTA9_14_078_A_C48_S816_L003_R1_001.fastq.gz			28612445	eaadd8d30fda0de2e2cbc7fd36796fc0								syn31548888
file				HTA9_14_078_A_C50_S818_L003_R1_001.fastq.gz			5869727	5acede8113af2d09005e84566a9f2a50								syn31548882
file				HTA9_14_078_A_C51_S819_L003_R1_001.fastq.gz			20313102	7341b64dbeb15a0bd581ca461ff0207e								syn31548887
file				HTA9_14_078_A_C52_S820_L003_R1_001.fastq.gz			57748577	abbed7b9a7db709e4c8da061ff76ccd7								syn31548900
file				HTA9_14_078_A_C53_S821_L003_R1_001.fastq.gz			61592919	259a7b114cfe43e973e7c946edde649d								syn31548903
file				HTA9_14_078_A_C54_S822_L003_R1_001.fastq.gz			56499878	30f1193a5e5cd69d63f8caeaa9746ef9								syn31548907
file				HTA9_14_078_A_C55_S823_L003_R1_001.fastq.gz			8157997	20421d56a84f32b36e04b4e96e1c2611								syn31548895
file				HTA9_14_078_A_C56_S824_L003_R1_001.fastq.gz			41388137	73978931b013997168913da833cd5f82								syn31548899
file				HTA9_14_078_A_C57_S825_L003_R1_001.fastq.gz			69077819	b839c8068d226d1afe207cfaceee5ce1								syn31548909
file				HTA9_14_078_A_C58_S826_L003_R1_001.fastq.gz			52619727	4bd0e70d66d45bbc2bc276cb93984bfe								syn31548915
file				HTA9_14_078_A_C59_S827_L003_R1_001.fastq.gz			58762639	30cf2a22094f54e6f3a0f21c31b0ab4a								syn31548916
file				HTA9_14_078_A_C61_S829_L003_R1_001.fastq.gz			60313838	bd852e1e96d09f8a0d4f7823db4180b8								syn31548921
file				HTA9_14_078_A_C62_S830_L003_R1_001.fastq.gz			31149001	cdafa8f17757a9da7bf0895093d7cd46								syn31548908
file				HTA9_14_078_A_C63_S831_L003_R1_001.fastq.gz			52485469	eb362c63a7f0f2573b2d8d910865310e								syn31548922
file				HTA9_14_078_A_C64_S832_L003_R1_001.fastq.gz			41368118	9179f11f3aab02d6b2b60115cb512571								syn31548920
file				HTA9_14_078_A_C67_S835_L003_R1_001.fastq.gz			8439002	a6a07164f65ed6b048a8c7623b4f8185								syn31548917
file				HTA9_14_078_A_C68_S836_L003_R1_001.fastq.gz			50119863	f823cfd03e1b15aee1d7856f41582108								syn31549019
file				HTA9_14_078_A_C69_S837_L003_R1_001.fastq.gz			44114867	942663ddc3872607e51728f29ddb3f05								syn31548926
file				HTA9_14_078_A_C70_S838_L003_R1_001.fastq.gz			51716389	10d0ad3cc15f65d19c3567fa95051d55								syn31548924
file				HTA9_14_078_A_C71_S839_L003_R1_001.fastq.gz			26616802	d1a28d8be652da8a450de3c06d202df3								syn31548923
file				HTA9_14_078_A_C72_S840_L003_R1_001.fastq.gz			43027420	f120e65372ed5f590a6257aa6a6cdb1a								syn31548925
file				HTA9_14_078_A_C73_S841_L003_R1_001.fastq.gz			61530074	b4de240e4a92c88fdeecaba5053716fc								syn31548929
file				HTA9_14_078_A_C74_S842_L003_R1_001.fastq.gz			63132899	b6111ea0777a94b2203eb7d9a68d43e7								syn31548928
file				HTA9_14_078_A_C75_S843_L003_R1_001.fastq.gz			50138218	c8670a6202d6aea75591fa8b09b1ee31								syn31548931
file				HTA9_14_078_A_C76_S844_L003_R1_001.fastq.gz			33242639	401f5065c5160952cc43d0f7ba4cd0c6								syn31548927
file				HTA9_14_078_A_C77_S845_L003_R1_001.fastq.gz			67512867	f93b60cbc1b59f4da8cafb390ec49367								syn31548935
file				HTA9_14_078_A_C78_S846_L003_R1_001.fastq.gz			59513679	955bb1bf6661c490bee83b53aca84602								syn31548937
file				HTA9_14_078_A_C79_S847_L003_R1_001.fastq.gz			46124900	aeb4e229d2a771a6bda448ba2a5dce58								syn31548934
file				HTA9_14_078_A_C80_S848_L003_R1_001.fastq.gz			50407407	524805629898dfd19147537ed9cad427								syn31548936
file				HTA9_14_078_A_C82_S850_L003_R1_001.fastq.gz			4287167	0cb0a1ce4433a82386bacc472245e735								syn31548930
file				HTA9_14_078_A_C83_S851_L003_R1_001.fastq.gz			10190711	c2397df87f0cc8ba2453a9c30d076830								syn31548932
file				HTA9_14_078_A_C84_S852_L003_R1_001.fastq.gz			48899244	0af170eb9d347e3cef742b5d92286324								syn31548939
file				HTA9_14_078_A_C86_S854_L003_R1_001.fastq.gz			56302676	7fbafcb549901f376c4c99c75c2a9e81								syn31548940
file				HTA9_14_078_A_C87_S855_L003_R1_001.fastq.gz			47239511	d44374d8799037cb3b10ba521a0264b5								syn31548943
file				HTA9_14_078_A_C88_S856_L003_R1_001.fastq.gz			49786476	a0da2bb723ebd08c8c652377c280815c								syn31548941
file				HTA9_14_078_A_C89_S857_L003_R1_001.fastq.gz			56095106	fae17b6afbab28dffa92cb4ec01c95e3								syn31548942
file				HTA9_14_078_A_C8_S776_L003_R1_001.fastq.gz			7485212	6c0938eff73089bbfe535c589b5f7fa9								syn31548938
file				HTA9_14_078_A_C90_S858_L003_R1_001.fastq.gz			57038442	a8300c3691bfb62a7c326a81273154af								syn31548944
file				HTA9_14_078_A_C91_S859_L003_R1_001.fastq.gz			47346283	c7ac2f99438dd1421aabb48063993c00								syn31548953
file				HTA9_14_078_A_C93_S861_L003_R1_001.fastq.gz			62251511	740e4e491582c516f0787455c6c51d6a								syn31548950
file				HTA9_14_078_A_C94_S862_L003_R1_001.fastq.gz			57050963	99f0d241bc18509b35bfeb7c3aed8528								syn31548951
file				HTA9_14_078_A_C95_S863_L003_R1_001.fastq.gz			54755730	afabd604af7c27ed5fef2559dccd0478								syn31548947
file				HTA9_14_078_A_C96_S864_L003_R1_001.fastq.gz			53330204	c16bac1314a45a01d0700dc5d3d42090								syn31548956
file				HTA9_14_078_A_C98_S866_L003_R1_001.fastq.gz			10542016	30060f34d133a7433c06f6a8fa0bb0f6								syn31548949
file				HTA9_14_078_A_C9_S777_L003_R1_001.fastq.gz			62733884	c3f532a69b8b0f72ad1089289e733472								syn31548958
file				HTA9_14_078_D_C354_S1122_L003_R1_001.fastq.gz			5910174	4e8d942b24a972abfb076f71ad23c064								syn31548946
file				HTA9_14_078_D_C356_S1124_L003_R1_001.fastq.gz			8029090	e9c80c0f1d1c88059a8d8e6679bd52e9								syn31548948
file				HTA9_14_078_D_C358_S1126_L003_R1_001.fastq.gz			8443957	edf858ceb35510c5b921a6c293243250								syn31548954
file				HTA9_14_078_D_C359_S1127_L003_R1_001.fastq.gz			12418398	885d82f512ef572dbe2e3fe03365ea99								syn31548952
file				HTA9_14_078_D_C366_S1134_L003_R1_001.fastq.gz			44632965	4d38a5d150b2d699d6b88c819c7dcbf5								syn31548957
file				HTA9_14_078_D_C375_S1143_L003_R1_001.fastq.gz			9900841	4d88eab948927b108969c8b28ddbb624								syn31548959
file				HTA9_14_078_D_C377_S1145_L003_R1_001.fastq.gz			6830973	8a51151796620898c7ae2ce1abebfb32								syn31548955
file				HTA9_15_059_A_C100_S484_L002_R1_001.fastq.gz			54539300	dd7f7c9914d1b784c425857119c278e6								syn31548962
file				HTA9_15_059_A_C101_S485_L002_R1_001.fastq.gz			40689423	4e6287f31ace1e2d547b88a23d26f9a3								syn31548960
file				HTA9_15_059_A_C103_S487_L002_R1_001.fastq.gz			61528801	a7d13d23a1f96a5b9e7267ef514639fb								syn31548965
file				HTA9_15_059_A_C105_S489_L002_R1_001.fastq.gz			48407794	07223f54bf914b396c340e4d079aa947								syn31548963
file				HTA9_15_059_A_C108_S492_L002_R1_001.fastq.gz			63161077	d70d26203cf9e47d5c5a9c8aa5154f80								syn31548966
file				HTA9_15_059_A_C109_S493_L002_R1_001.fastq.gz			45180804	38b33b80b88ebaf849ef53541e62995a								syn31548968
file				HTA9_15_059_A_C10_S394_L002_R1_001.fastq.gz			4804297	90bb0b745067e302967f6a91911460f4								syn31548961
file				HTA9_15_059_A_C110_S494_L002_R1_001.fastq.gz			13769023	5c6bac2f16ccd3cd8cfa36d31c5b07ab								syn31548964
file				HTA9_15_059_A_C112_S496_L002_R1_001.fastq.gz			18448870	2483cd81088fb9a46bc3af7ee35e077c								syn31548967
file				HTA9_15_059_A_C114_S498_L002_R1_001.fastq.gz			57018593	2f9f4f4c5f9295de1b5c575c970437d8								syn31548969
file				HTA9_15_059_A_C115_S499_L002_R1_001.fastq.gz			58131461	aa22b7a65b6f1083e2c78a606b64f401								syn31548972
file				HTA9_15_059_A_C116_S500_L002_R1_001.fastq.gz			52567154	52dc852b6b6e59cf6cd80721a0fd32e5								syn31548970
file				HTA9_15_059_A_C117_S501_L002_R1_001.fastq.gz			53898249	4e9b1780f08e25ed7ef833870aaa43fb								syn31548973
file				HTA9_15_059_A_C119_S503_L002_R1_001.fastq.gz			58945995	b443b7c082fb3cc1d3ee84746cb90687								syn31548977
file				HTA9_15_059_A_C11_S395_L002_R1_001.fastq.gz			8429324	01ac6ec0ae51b3f3b562f58c17b7fbbd								syn31548971
file				HTA9_15_059_A_C120_S504_L002_R1_001.fastq.gz			47850744	cbe2c0d25330fcc83e194532469b1213								syn31548975
file				HTA9_15_059_A_C121_S505_L002_R1_001.fastq.gz			42436591	59fdadf77de34036822405959adf5caa								syn31548974
file				HTA9_15_059_A_C122_S506_L002_R1_001.fastq.gz			57550661	24294ab5741ed5d93cdf128273e6244e								syn31548984
file				HTA9_15_059_A_C124_S508_L002_R1_001.fastq.gz			47093139	92b6eea524c300ad6d1275d93910fef5								syn31548980
file				HTA9_15_059_A_C125_S509_L002_R1_001.fastq.gz			44508341	e9abf73fd1e491a55c3e38c2f7e6cd44								syn31548982
file				HTA9_15_059_A_C127_S511_L002_R1_001.fastq.gz			9169969	8065250aa6d6de90e625da9347bf6fc0								syn31548976
file				HTA9_15_059_A_C128_S512_L002_R1_001.fastq.gz			12376427	a95bbac37f1c6ca9f9bb899510196870								syn31548981
file				HTA9_15_059_A_C130_S514_L002_R1_001.fastq.gz			56002030	5318df276376894edf4dcc29c89a1a40								syn31548987
file				HTA9_15_059_A_C131_S515_L002_R1_001.fastq.gz			41290531	5fa2eaaf3e52ffb4da3534f8f404123d								syn31548985
file				HTA9_15_059_A_C132_S516_L002_R1_001.fastq.gz			32133669	2b9d1b1ce89342a675bf8f942ae8bc16								syn31548983
file				HTA9_15_059_A_C133_S517_L002_R1_001.fastq.gz			49323230	04b1afdfbe43da6df6dd3b67ad11b032								syn31548986
file				HTA9_15_059_A_C135_S519_L002_R1_001.fastq.gz			54136333	8ad41fdcc0ddff022d77c3ce827978ac								syn31548988
file				HTA9_15_059_A_C137_S521_L002_R1_001.fastq.gz			45813636	7fa59893ad0fd20743e6140840433777								syn31548991
file				HTA9_15_059_A_C140_S524_L002_R1_001.fastq.gz			40932616	66c0b70a9887b3bd77b3b9d1e7b967c8								syn31548989
file				HTA9_15_059_A_C144_S528_L002_R1_001.fastq.gz			29668383	9bb123bd8f5f06bf72095a04e1aaff85								syn31548990
file				HTA9_15_059_A_C145_S529_L002_R1_001.fastq.gz			42816361	e1f838d942969069d1c037f6d07c04a8								syn31548993
file				HTA9_15_059_A_C146_S530_L002_R1_001.fastq.gz			45010419	a1faa5f31425f077fea4695fe32370dc								syn31548992
file				HTA9_15_059_A_C147_S531_L002_R1_001.fastq.gz			43690351	935c781e9ccf40edb3cd2423a278d5ab								syn31548994
file				HTA9_15_059_A_C148_S532_L002_R1_001.fastq.gz			46894814	7a3852a2e0489cd62d0f32e41043c99f								syn31548995
file				HTA9_15_059_A_C149_S533_L002_R1_001.fastq.gz			49634675	d079f22cc95d48f63cb2ae628ac599de								syn31549000
file				HTA9_15_059_A_C151_S535_L002_R1_001.fastq.gz			56378896	f7c0913b993615d2f51fdfc9e6de2945								syn31548996
file				HTA9_15_059_A_C152_S536_L002_R1_001.fastq.gz			45308957	590cb35a37c45496aa577af2c3f2dd7d								syn31548997
file				HTA9_15_059_A_C153_S537_L002_R1_001.fastq.gz			39966278	967cde715d1b8df648d9271aed8d6c79								syn31548998
file				HTA9_15_059_A_C154_S538_L002_R1_001.fastq.gz			57224363	4d68314cce938f9c12239c06658a30ca								syn31549002
file				HTA9_15_059_A_C157_S541_L002_R1_001.fastq.gz			43809643	a1b6b6243be4879ae66f036cdc5763af								syn31549004
file				HTA9_15_059_A_C158_S542_L002_R1_001.fastq.gz			14351004	f1842786da230c7ef6c5b0d409dc5609								syn31549001
file				HTA9_15_059_A_C160_S544_L002_R1_001.fastq.gz			10260208	96c4188331c7ea877e58e5c197801aa2								syn31548999
file				HTA9_15_059_A_C161_S545_L002_R1_001.fastq.gz			44611905	990b460780343e0d9f689b9fd6736d61								syn31549006
file				HTA9_15_059_A_C162_S546_L002_R1_001.fastq.gz			47972971	feba0d73a568dd5e9d8b2fc1e6232762								syn31549005
file				HTA9_15_059_A_C168_S552_L002_R1_001.fastq.gz			33702525	446777e93cf3c8169b35928d6a3c6ccd								syn31549010
file				HTA9_15_059_A_C171_S555_L002_R1_001.fastq.gz			38846226	645da8c7812fd9815e5a267d00087cb8								syn31549007
file				HTA9_15_059_A_C172_S556_L002_R1_001.fastq.gz			44409406	84c44bd1849bf15462669ad5b4a6c3d8								syn31549008
file				HTA9_15_059_A_C173_S557_L002_R1_001.fastq.gz			37655540	a0cedaabcf60230c8b514e578365ddea								syn31549011
file				HTA9_15_059_A_C175_S559_L002_R1_001.fastq.gz			8854262	f44b697468da1c5eb3af0ced00a12b29								syn31549009
file				HTA9_15_059_A_C177_S561_L002_R1_001.fastq.gz			58745986	84bb0d6466ff068cb287b267e6bd15e8								syn31549018
file				HTA9_15_059_A_C178_S562_L002_R1_001.fastq.gz			52337978	d67b7a265aa3a26691064d07a1796ae3								syn31549013
file				HTA9_15_059_A_C179_S563_L002_R1_001.fastq.gz			62278420	02a603c2cbd8d008ad677c4f2b391eea								syn31549014
file				HTA9_15_059_A_C17_S401_L002_R1_001.fastq.gz			39689926	afc4f32b968021dced3571b18915b43f								syn31549012
file				HTA9_15_059_A_C180_S564_L002_R1_001.fastq.gz			57329342	4248771f6c42e7f1e772fb8f0f34d745								syn31549016
file				HTA9_15_059_A_C181_S565_L002_R1_001.fastq.gz			39795134	fb367d727eb0553bf5c0c2165865ca25								syn31549020
file				HTA9_15_059_A_C184_S568_L002_R1_001.fastq.gz			33289575	0c503135bcd7751c5a3c878f7f99f819								syn31549017
file				HTA9_15_059_A_C185_S569_L002_R1_001.fastq.gz			58634895	3ad67bcc903dfbfb9e4918763ec9b35d								syn31549022
file				HTA9_15_059_A_C186_S570_L002_R1_001.fastq.gz			62336337	68ae72dab9af7e9c3267ac338010695f								syn31549023
file				HTA9_15_059_A_C187_S571_L002_R1_001.fastq.gz			41826637	6333049151a5065cd5e2e4800193a5cd								syn31549021
file				HTA9_15_059_A_C188_S572_L002_R1_001.fastq.gz			57471921	a1c807d42c05b0804ea5abfd850f52e7								syn31549026
file				HTA9_15_059_A_C189_S573_L002_R1_001.fastq.gz			48904346	6d41c05e8396af8e3235e684e775c125								syn31549025
file				HTA9_15_059_A_C18_S402_L002_R1_001.fastq.gz			55905688	808ae5bad0ac02a92a529ea2ff4257c4								syn31549030
file				HTA9_15_059_A_C191_S575_L002_R1_001.fastq.gz			9103929	8dfc006f50e816e27b7a1f763eb39340								syn31549024
file				HTA9_15_059_A_C193_S577_L002_R1_001.fastq.gz			36216880	a12604887527fd72ea53f347e37e5869								syn31549029
file				HTA9_15_059_A_C194_S578_L002_R1_001.fastq.gz			49292422	1c2e53be43c40d9ea8793845e996e6bd								syn31549033
file				HTA9_15_059_A_C195_S579_L002_R1_001.fastq.gz			42630051	1ff03e67b4ac93ce4926a66ac0e235aa								syn31549031
file				HTA9_15_059_A_C196_S580_L002_R1_001.fastq.gz			41321344	90ece635174a210834d86a68a6dfe373								syn31549028
file				HTA9_15_059_A_C197_S581_L002_R1_001.fastq.gz			42004415	d0746e3e0137cf29920f28e9e298cd5b								syn31549034
file				HTA9_15_059_A_C199_S583_L002_R1_001.fastq.gz			21207253	067fe7b1ec6bb3d297701048d446c54a								syn31549032
file				HTA9_15_059_A_C19_S403_L002_R1_001.fastq.gz			53227363	7811f2231772cb24a63fa83352885840								syn31549039
file				HTA9_15_059_A_C200_S584_L002_R1_001.fastq.gz			38195746	e9f0f350d9368a74032bf0ddd620633e								syn31549035
file				HTA9_15_059_A_C201_S585_L002_R1_001.fastq.gz			47124645	3e81d8dea9ad675956e1ae8933c6fb8d								syn31549037
file				HTA9_15_059_A_C203_S587_L002_R1_001.fastq.gz			38306314	fcfb2dca8d71f6a61af2bb856be73266								syn31549036
file				HTA9_15_059_A_C204_S588_L002_R1_001.fastq.gz			45763165	e699f7f53cb4e1ffa584bf090e1137c2								syn31549040
file				HTA9_15_059_A_C207_S591_L002_R1_001.fastq.gz			9049536	5570db89ada1764a266d85a728255baf								syn31549038
file				HTA9_15_059_A_C208_S592_L002_R1_001.fastq.gz			45270634	25c43793ea0264ba4003d69e7a374b96								syn31549042
file				HTA9_15_059_A_C209_S593_L002_R1_001.fastq.gz			53028732	aa6e2b6a09ec308b1caceeb714eb810d								syn31549043
file				HTA9_15_059_A_C20_S404_L002_R1_001.fastq.gz			38657091	f613e9b22acf0b8d2e960cf44a0c166c								syn31549041
file				HTA9_15_059_A_C211_S595_L002_R1_001.fastq.gz			41741405	b94891751f91d7c0cc4b0b794da65ac6								syn31549045
file				HTA9_15_059_A_C212_S596_L002_R1_001.fastq.gz			53178900	0b1f44f88a53e7249661ec6266af4cdc								syn31549044
file				HTA9_15_059_A_C215_S599_L002_R1_001.fastq.gz			36251043	75c31f2aae3865d19f174830fb0fdb9a								syn31549046
file				HTA9_15_059_A_C219_S603_L002_R1_001.fastq.gz			37424091	f8d5d49823ec623ce7709d06e7c5b888								syn31549047
file				HTA9_15_059_A_C21_S405_L002_R1_001.fastq.gz			55926985	9714f3c44787755bea60b3dba35ea553								syn31549049
file				HTA9_15_059_A_C225_S609_L002_R1_001.fastq.gz			52481143	f228554f729394274d6586ab3a72808c								syn31549048
file				HTA9_15_059_A_C226_S610_L002_R1_001.fastq.gz			53475345	b650f04522eec019b78a8e592b7545e9								syn31549051
file				HTA9_15_059_A_C227_S611_L002_R1_001.fastq.gz			25874988	115269e9f96e66db910a4be9212a00e2								syn31549050
file				HTA9_15_059_A_C228_S612_L002_R1_001.fastq.gz			49650719	d6a3986acec2f4f23e266f848630e46a								syn31549053
file				HTA9_15_059_A_C229_S613_L002_R1_001.fastq.gz			48978809	595852f302219073d8d994aa1b70d3dd								syn31549055
file				HTA9_15_059_A_C231_S615_L002_R1_001.fastq.gz			28537193	28d19bedbfe7b281d5a12092ae816773								syn31549052
file				HTA9_15_059_A_C232_S616_L002_R1_001.fastq.gz			41789602	9ee664d3357488bf620ba38a273aad7a								syn31549054
file				HTA9_15_059_A_C234_S618_L002_R1_001.fastq.gz			47048865	e5240b48448e7c952577f93b2e2a7772								syn31549056
file				HTA9_15_059_A_C235_S619_L002_R1_001.fastq.gz			43833944	70969f8c5bedabd0d024232175cbad05								syn31549057
file				HTA9_15_059_A_C236_S620_L002_R1_001.fastq.gz			56145259	5ebbb7033560789b8acb8c542ec5e44b								syn31549059
file				HTA9_15_059_A_C237_S621_L002_R1_001.fastq.gz			33984583	e2695781f06c89e37c5103abcad00299								syn31549058
file				HTA9_15_059_A_C238_S622_L002_R1_001.fastq.gz			12964972	4929f0cf14fc87a2a882e9fb3d5311b6								syn31549060
file				HTA9_15_059_A_C23_S407_L002_R1_001.fastq.gz			45297916	1c833a18a88bd567c0183b52163a263c								syn31549062
file				HTA9_15_059_A_C240_S624_L002_R1_001.fastq.gz			14542508	583dc0a1670a7bd3a2eb963fb7c1844a								syn31549061
file				HTA9_15_059_A_C241_S625_L002_R1_001.fastq.gz			38833073	6f334e9c765c352115ce9aceac490645								syn31549063
file				HTA9_15_059_A_C243_S627_L002_R1_001.fastq.gz			41453200	8dd8f5a57e5dfeceaab4eefc7bf7cf50								syn31549067
file				HTA9_15_059_A_C244_S628_L002_R1_001.fastq.gz			45524523	fc0f4701fed7e04ea2793a20219d5f72								syn31549065
file				HTA9_15_059_A_C245_S629_L002_R1_001.fastq.gz			44961226	ef520d28c42f023e8595d1577c8743b7								syn31549068
file				HTA9_15_059_A_C247_S631_L002_R1_001.fastq.gz			16006593	c49efcf28b7c0d6716fa639c671569c5								syn31549064
file				HTA9_15_059_A_C248_S632_L002_R1_001.fastq.gz			43679379	3dfe100d8f443f0d2e9437f7ff7d2d8c								syn31549069
file				HTA9_15_059_A_C249_S633_L002_R1_001.fastq.gz			48105383	138932a4f11c7a5f7f6d6e3e1c944b22								syn31549172
file				HTA9_15_059_A_C24_S408_L002_R1_001.fastq.gz			11994315	55c7a87a23335b5823549c1260d9925b								syn31549066
file				HTA9_15_059_A_C251_S635_L002_R1_001.fastq.gz			42265182	ce4034fcaab893331061ffe5aa06d89e								syn31549071
file				HTA9_15_059_A_C252_S636_L002_R1_001.fastq.gz			39734176	39f03bb5a8c09211f711da02e066e58a								syn31549072
file				HTA9_15_059_A_C253_S637_L002_R1_001.fastq.gz			46716706	d24b1721392368e37d7bd837ec062017								syn31549073
file				HTA9_15_059_A_C254_S638_L002_R1_001.fastq.gz			13823849	2354bdc568ea8fa38521fac149da4b0e								syn31549070
file				HTA9_15_059_A_C255_S639_L002_R1_001.fastq.gz			42563556	3762d65b0e9e6e5dffdee28a15b9e890								syn31549075
file				HTA9_15_059_A_C256_S640_L002_R1_001.fastq.gz			20348799	3cb962ed2610b4f755fa4124e20c5576								syn31549074
file				HTA9_15_059_A_C257_S641_L002_R1_001.fastq.gz			47247030	cc8aeb1c4161a32b3f891e98926f431d								syn31549077
file				HTA9_15_059_A_C259_S643_L002_R1_001.fastq.gz			57292930	5303d41ab1f831c0f2b0a6e0688dbdc3								syn31549078
file				HTA9_15_059_A_C260_S644_L002_R1_001.fastq.gz			21082488	d3c458f3923c44843949fdb9bc0f5c23								syn31549076
file				HTA9_15_059_A_C261_S645_L002_R1_001.fastq.gz			42901963	61ea3233be2ff7535deb77fe44722296								syn31549079
file				HTA9_15_059_A_C264_S648_L002_R1_001.fastq.gz			46826617	f47d36b59a392cd2be3561181a528592								syn31549081
file				HTA9_15_059_A_C265_S649_L002_R1_001.fastq.gz			40051307	1f7c33d63965f1b9e2d4b4af4c0e796b								syn31549083
file				HTA9_15_059_A_C267_S651_L002_R1_001.fastq.gz			30791633	f2616064039ef9f970c6f7dbbd62e1d8								syn31549080
file				HTA9_15_059_A_C268_S652_L002_R1_001.fastq.gz			41092821	3cb07996df2e551e1df471dcf9f03e7f								syn31549082
file				HTA9_15_059_A_C269_S653_L002_R1_001.fastq.gz			43639760	a593e29d9351caf23206423504553b73								syn31549087
file				HTA9_15_059_A_C26_S410_L002_R1_001.fastq.gz			22123110	773433b85301f7f916fdf25b3f159cf2								syn31549084
file				HTA9_15_059_A_C270_S654_L002_R1_001.fastq.gz			36531724	63f62a9a44c241d67e35b61523a21eb9								syn31549192
file				HTA9_15_059_A_C273_S657_L002_R1_001.fastq.gz			46716585	f48e7af8c16a2485e6ce6ddfb057510e								syn31549086
file				HTA9_15_059_A_C274_S658_L002_R1_001.fastq.gz			45074061	f29757011ff9cc64b51cfc05186b4d14								syn31549088
file				HTA9_15_059_A_C276_S660_L002_R1_001.fastq.gz			53894914	bc7ad7dd10e43b92be09cd8bad03d04a								syn31549089
file				HTA9_15_059_A_C277_S661_L002_R1_001.fastq.gz			47013522	1576e1505c7f32f159e61ea759460fd6								syn31549091
file				HTA9_15_059_A_C27_S411_L002_R1_001.fastq.gz			7230858	30cda47a9e773b6fff579b7a6e12b12c								syn31549085
file				HTA9_15_059_A_C280_S664_L002_R1_001.fastq.gz			50907325	f22042bac5267ebef821421b5fb0ec0a								syn31549090
file				HTA9_15_059_A_C281_S665_L002_R1_001.fastq.gz			60304672	98b95a7a03a2a98326e9e0b0a6a178d2								syn31549094
file				HTA9_15_059_A_C283_S667_L002_R1_001.fastq.gz			50378097	0d3356c71a81bdb0cd6961dc5bcf1d5e								syn31549092
file				HTA9_15_059_A_C285_S669_L002_R1_001.fastq.gz			51739015	11d08c419ff4a4d71cd66346dc88edfa								syn31549096
file				HTA9_15_059_A_C286_S670_L002_R1_001.fastq.gz			16983157	6970e986d81dc8abcbe465c024d185a7								syn31549093
file				HTA9_15_059_A_C288_S672_L002_R1_001.fastq.gz			37081964	a0ea4f896c5a3f011a45b844d5100c3f								syn31549095
file				HTA9_15_059_A_C289_S673_L002_R1_001.fastq.gz			50212913	4151fbc4e88dfc32a09b51c12a31abe0								syn31549097
file				HTA9_15_059_A_C290_S674_L002_R1_001.fastq.gz			54136120	35d33c6aad480bdae7f5e2b85893ed9f								syn31549099
file				HTA9_15_059_A_C293_S677_L002_R1_001.fastq.gz			54105568	3a2cdee57abebca685f1d2a7636e319f								syn31549101
file				HTA9_15_059_A_C295_S679_L002_R1_001.fastq.gz			22030608	e349e29340e717a26a3bc3bb80edbf3c								syn31549098
file				HTA9_15_059_A_C297_S681_L002_R1_001.fastq.gz			41741823	d08f4ec62fadbb05f8977f433bfbc84d								syn31549104
file				HTA9_15_059_A_C298_S682_L002_R1_001.fastq.gz			59759847	ba19716bcd23c8b6fc67d06c4ee66222								syn31549106
file				HTA9_15_059_A_C29_S413_L002_R1_001.fastq.gz			14804692	13d018cdfcffbfb3d16788c29ffaa289								syn31549103
file				HTA9_15_059_A_C2_S386_L002_R1_001.fastq.gz			7728370	dbf6ac01a0d7ff65030430b63c0f537e								syn31549100
file				HTA9_15_059_A_C302_S686_L002_R1_001.fastq.gz			11769613	354456ef54ca340eead32a950c2e59b4								syn31549102
file				HTA9_15_059_A_C303_S687_L002_R1_001.fastq.gz			17505570	440d8aa848abe36ff1a091c17718e79a								syn31549105
file				HTA9_15_059_A_C304_S688_L002_R1_001.fastq.gz			39994100	0ebb896c00ee649b57eb5dafd0d576e2								syn31549108
file				HTA9_15_059_A_C33_S417_L002_R1_001.fastq.gz			25342035	4fc68a6f42a4c28c62a432381ae6c203								syn31549107
file				HTA9_15_059_A_C35_S419_L002_R1_001.fastq.gz			51506010	090ce5cf1f7990a823c1116c5e9874d5								syn31549110
file				HTA9_15_059_A_C36_S420_L002_R1_001.fastq.gz			47059203	1011ef6a3447771d1972c9be94921863								syn31549109
file				HTA9_15_059_A_C37_S421_L002_R1_001.fastq.gz			54775667	a945c32a4aed7d51852e7e039a59d45a								syn31549111
file				HTA9_15_059_A_C39_S423_L002_R1_001.fastq.gz			56624566	a62f54f65fedc7575b7f19e5b28a9ec9								syn31549113
file				HTA9_15_059_A_C3_S387_L002_R1_001.fastq.gz			51274336	a33a05eca95286112c4a08469c075967								syn31549112
file				HTA9_15_059_A_C40_S424_L002_R1_001.fastq.gz			36159274	d75bfb8c3e64df3065f85ccfdfec4473								syn31549115
file				HTA9_15_059_A_C41_S425_L002_R1_001.fastq.gz			48474537	472bfa989693988c1cbb7d729e516250								syn31549118
file				HTA9_15_059_A_C45_S429_L002_R1_001.fastq.gz			11463609	a847f751fd3921bc138bcb4768a543e0								syn31549114
file				HTA9_15_059_A_C47_S431_L002_R1_001.fastq.gz			8120226	d44d1ff217fe82c7183a482bbd7f1a58								syn31549116
file				HTA9_15_059_A_C49_S433_L002_R1_001.fastq.gz			23153685	f787eed92935f451795356b7168ca9eb								syn31549117
file				HTA9_15_059_A_C4_S388_L002_R1_001.fastq.gz			47406669	ac047a7afe76332cb3aec26c214aabdd								syn31549120
file				HTA9_15_059_A_C50_S434_L002_R1_001.fastq.gz			28877922	05294819c40d8ea5f7452c475adc35dc								syn31549119
file				HTA9_15_059_A_C52_S436_L002_R1_001.fastq.gz			54460461	9d83c3b2109905020da54021ce465f51								syn31549122
file				HTA9_15_059_A_C53_S437_L002_R1_001.fastq.gz			31555126	27fd50cb726ca1f53636a0286f160a10								syn31549121
file				HTA9_15_059_A_C55_S439_L002_R1_001.fastq.gz			48023877	b9963ab0451f7cff09546986f85940d4								syn31549123
file				HTA9_15_059_A_C57_S441_L002_R1_001.fastq.gz			50318913	6af858fa048c135e02c06d81bcccc987								syn31549124
file				HTA9_15_059_A_C59_S443_L002_R1_001.fastq.gz			44204332	761540fc44a57174aa59c87633aaeaae								syn31549125
file				HTA9_15_059_A_C5_S389_L002_R1_001.fastq.gz			42571889	2293e8d3b45f5472c55cef4a252ced1c								syn31549127
file				HTA9_15_059_A_C65_S449_L002_R1_001.fastq.gz			41630876	1d22c4a6b5f553b5c1d189954ef8d344								syn31549126
file				HTA9_15_059_A_C66_S450_L002_R1_001.fastq.gz			48352673	865a005a2c82682b44b3020ad0ae92e8								syn31549129
file				HTA9_15_059_A_C67_S451_L002_R1_001.fastq.gz			50974449	cae2cde42d02a4faa68b455489edff61								syn31549130
file				HTA9_15_059_A_C68_S452_L002_R1_001.fastq.gz			46287221	0467412284e424cc92c2c738dfd902a8								syn31549131
file				HTA9_15_059_A_C69_S453_L002_R1_001.fastq.gz			40858009	9450c281b4d75623510ea8b67dd15a2c								syn31549132
file				HTA9_15_059_A_C6_S390_L002_R1_001.fastq.gz			19315664	20f6ec7745f514ad01e2b55950a60349								syn31549128
file				HTA9_15_059_A_C73_S457_L002_R1_001.fastq.gz			33912517	de974fa4a09d82ea6bc89c4381afa9dc								syn31549135
file				HTA9_15_059_A_C74_S458_L002_R1_001.fastq.gz			56789134	22e2d21bdb7caf4075d3d3ef3d4a492c								syn31549138
file				HTA9_15_059_A_C76_S460_L002_R1_001.fastq.gz			53097632	375702dd9e752406d66fcccde2af710c								syn31549137
file				HTA9_15_059_A_C77_S461_L002_R1_001.fastq.gz			54915432	bd331fd58a516f9c1119bda00aa2bdfb								syn31549136
file				HTA9_15_059_A_C79_S463_L002_R1_001.fastq.gz			13472273	8d131ad46a6392de1444b9bb853e1058								syn31549134
file				HTA9_15_059_A_C80_S464_L002_R1_001.fastq.gz			9201106	ed2cd19b656a4f1dbbf6b1dbe4f305bb								syn31549133
file				HTA9_15_059_A_C81_S465_L002_R1_001.fastq.gz			22073151	2f22a86cbbb3de64bd4621ab76e82348								syn31549139
file				HTA9_15_059_A_C82_S466_L002_R1_001.fastq.gz			37257089	2b6635a790f34680639a23a923645858								syn31549141
file				HTA9_15_059_A_C83_S467_L002_R1_001.fastq.gz			42755916	e74657029c63dd4abf7512066607f876								syn31549142
file				HTA9_15_059_A_C84_S468_L002_R1_001.fastq.gz			45142243	4d6d8d931b4b0ca4edc9291dab9adbcf								syn31549143
file				HTA9_15_059_A_C85_S469_L002_R1_001.fastq.gz			44518133	301858a89695499e521357cd1f23af18								syn31549144
file				HTA9_15_059_A_C88_S472_L002_R1_001.fastq.gz			30392569	4870309b4215f7c0eaaa99fc6104a009								syn31549140
file				HTA9_15_059_A_C89_S473_L002_R1_001.fastq.gz			33751007	4afb01ee47ced27e3cb80b91f80416b6								syn31549147
file				HTA9_15_059_A_C8_S392_L002_R1_001.fastq.gz			31274281	8cf5e3fb73059108a741cf5428bacf2e								syn31549148
file				HTA9_15_059_A_C90_S474_L002_R1_001.fastq.gz			51585084	18874815f6f0d2fa022cb1f0ca2220bb								syn31549154
file				HTA9_15_059_A_C91_S475_L002_R1_001.fastq.gz			41791424	2e126eb8a781d424a7ea5824ffeb4490								syn31549149
file				HTA9_15_059_A_C92_S476_L002_R1_001.fastq.gz			45910288	8d94608ecfc269cca0e4184928f1a669								syn31549153
file				HTA9_15_059_A_C93_S477_L002_R1_001.fastq.gz			47115984	617ad678ed81c5b0fa4e858de6cca246								syn31549155
file				HTA9_15_059_A_C94_S478_L002_R1_001.fastq.gz			15335537	0a62abc0373b10f459b41b558c9b667f								syn31549151
file				HTA9_15_059_A_C95_S479_L002_R1_001.fastq.gz			14791396	62a71985a4ce896a1020f2435d246c66								syn31549152
file				HTA9_15_059_A_C96_S480_L002_R1_001.fastq.gz			7203497	5ecbadc878069d19cffe0d19feab1a32								syn31549150
file				HTA9_15_059_A_C97_S481_L002_R1_001.fastq.gz			42024627	ea1f6b0e0717f21bb96d8627a0b4db19								syn31549156
file				HTA9_15_059_A_C98_S482_L002_R1_001.fastq.gz			58070483	ec1bf308f744fd11353ad248a59fe309								syn31549159
file				HTA9_15_059_A_C9_S393_L002_R1_001.fastq.gz			40529294	96484a03b1739cc909f7e2b0b4e919cf								syn31549157
file				HTA9_15_059_D_C305_S689_L002_R1_001.fastq.gz			37499060	0e01ef4f462fe9fd7e0dfeb3de4dad55								syn31549158
file				HTA9_15_059_D_C307_S691_L002_R1_001.fastq.gz			35426375	7618cb4547a59b294f55faf6983751a4								syn31549161
file				HTA9_15_059_D_C308_S692_L002_R1_001.fastq.gz			34619760	5cc34903e61ca55eb2f0925499c7562c								syn31549162
file				HTA9_15_059_D_C313_S697_L002_R1_001.fastq.gz			36820704	ca4697880c7f30d314c742ddbfe59f8d								syn31549163
file				HTA9_15_059_D_C314_S698_L002_R1_001.fastq.gz			36727651	f211e0d4cd6f030428f6895a57b81a1b								syn31549166
file				HTA9_15_059_D_C317_S701_L002_R1_001.fastq.gz			38497624	89d905ac78ff79f44e4ffbd83c2b319e								syn31549167
file				HTA9_15_059_D_C319_S703_L002_R1_001.fastq.gz			9355162	9325e5fe49091433f0c7ae60ada039de								syn31549160
file				HTA9_15_059_D_C320_S704_L002_R1_001.fastq.gz			8462514	f7a15e921c41424bc56b905f0644d2de								syn31549165
file				HTA9_15_059_D_C321_S705_L002_R1_001.fastq.gz			15214975	692a5a53aaad62bad4cfca2a6469f436								syn31549164
file				HTA9_15_059_D_C323_S707_L002_R1_001.fastq.gz			36868143	df8e693be4915fda37d116a4e2bf623d								syn31549169
file				HTA9_15_059_D_C324_S708_L002_R1_001.fastq.gz			22467297	b71d02eb50fa068442b77c90793e5778								syn31549168
file				HTA9_15_059_D_C327_S711_L002_R1_001.fastq.gz			33708152	aed953fcae372349fda9180933788273								syn31549170
file				HTA9_15_059_D_C328_S712_L002_R1_001.fastq.gz			30116569	8d533e10ef55420035efca07ff441d0c								syn31549171
file				HTA9_15_059_D_C329_S713_L002_R1_001.fastq.gz			29663040	7568e5ce0b4696000e2680580b837df7								syn31549173
file				HTA9_15_059_D_C331_S715_L002_R1_001.fastq.gz			28966753	ebfb8a0f16797aa483c7e4dfb46ac030								syn31549177
file				HTA9_15_059_D_C332_S716_L002_R1_001.fastq.gz			26722240	4d9030568eab5c77f1ebeb37a773529c								syn31549175
file				HTA9_15_059_D_C333_S717_L002_R1_001.fastq.gz			33682139	e440239248085797aa8d079e63a4054d								syn31549178
file				HTA9_15_059_D_C336_S720_L002_R1_001.fastq.gz			9854457	cc59a5f8ea4726aaf87c5f8332a53b62								syn31549174
file				HTA9_15_059_D_C337_S721_L002_R1_001.fastq.gz			30947884	5fc96d574e9ce1321ea0ddf2763d5387								syn31549176
file				HTA9_15_059_D_C344_S728_L002_R1_001.fastq.gz			20681394	048259f5c050e19a7d5932c3b9885888								syn31549180
file				HTA9_15_059_D_C347_S731_L002_R1_001.fastq.gz			15015690	0b06e9fe15473224f62450bdb8f476d8								syn31549181
file				HTA9_15_059_D_C348_S732_L002_R1_001.fastq.gz			36270021	dc3e1c0eecf9837ea9ba5dafd2cc2c4b								syn31549183
file				HTA9_15_059_D_C349_S733_L002_R1_001.fastq.gz			7970316	993e56a200a3d3e99d0ad8f22d1448f2								syn31549179
file				HTA9_15_059_D_C351_S735_L002_R1_001.fastq.gz			8855265	23ecae2020720b8511f5a4f3147a1ad1								syn31549182
file				HTA9_15_059_D_C356_S740_L002_R1_001.fastq.gz			36048324	70898be7268e0d599b86d56b48aabe53								syn31549185
file				HTA9_15_059_D_C359_S743_L002_R1_001.fastq.gz			35217158	6bf69f19c962b303d03e544133da9148								syn31549184
file				HTA9_15_059_D_C360_S744_L002_R1_001.fastq.gz			33224574	2649538850d9c23d2563bcfa10dab19d								syn31549186
file				HTA9_15_059_D_C361_S745_L002_R1_001.fastq.gz			40115968	36d24e49b01d8b5c9c81af440f649a8c								syn31549190
file				HTA9_15_059_D_C362_S746_L002_R1_001.fastq.gz			31233402	86568ba6d8979b1a1f12a605cd2fda45								syn31549189
file				HTA9_15_059_D_C365_S749_L002_R1_001.fastq.gz			15445314	0b033d2bd7444c488856d5c904c90bfa								syn31549188
file				HTA9_15_059_D_C366_S750_L002_R1_001.fastq.gz			11164754	9da6e20f78f370282319f243825b0ad8								syn31549187
file				HTA9_15_059_D_C372_S756_L002_R1_001.fastq.gz			33511282	8f5e8ccba8c2046dfef24634d38969ff								syn31549191
file				HTA9_15_059_D_C376_S760_L002_R1_001.fastq.gz			29379770	7524041c9240a364c701b352123698d5								syn31549193
file				HTA9_15_059_D_C377_S761_L002_R1_001.fastq.gz			34668876	47c7dc95dcd4f7141d036cc848a588c6								syn31549194
file				HTA9_15_059_D_C378_S762_L002_R1_001.fastq.gz			33619961	f9b009d0212695d67498240688451883								syn31549196
file				HTA9_15_059_D_C379_S763_L002_R1_001.fastq.gz			34994725	c01034c9efe111e4bdab88e6a765481a								syn31549197
file				HTA9_15_059_D_C380_S764_L002_R1_001.fastq.gz			13665978	79f9b97b901743303944ea92df8516b9								syn31549195
file				HTA9_2_045_C39_S2_L001_R1_001.fastq.gz			76188298	501b48f7439cde582a165b801729684f								syn26535726
file				HTA9_2_045_C39_S2_L002_R1_001.fastq.gz			79589320	372638a01a02fb0db18878688f83647b								syn26535728
file				HTA9_2_045_C39_S2_L003_R1_001.fastq.gz			79947786	e9ca48f2e77146e7dbdf2be71a57172e								syn26535733
file				HTA9_2_045_C39_S2_L004_R1_001.fastq.gz			78838806	459476194604bf5a849ce575c915eb5a								syn26535735
file				HTA9_2_045_C40_S3_L001_R1_001.fastq.gz			84818680	f2e65dbb527c7d102bb5351e4831812f								syn26535736
file				HTA9_2_045_C40_S3_L002_R1_001.fastq.gz			88501114	ae940f669ad194b4692e84734c655ce2								syn26535738
file				HTA9_2_045_C40_S3_L003_R1_001.fastq.gz			89136565	a4c517420fa701f864f093f1844b048c								syn26535748
file				HTA9_2_045_C40_S3_L004_R1_001.fastq.gz			87935980	1dec28e550e7183a14fb3231125be438								syn26535744
file				HTA9_2_045_C41_S4_L001_R1_001.fastq.gz			76142177	d1e52522d1ad369b373470ad360a0c63								syn26535752
file				HTA9_2_045_C41_S4_L002_R1_001.fastq.gz			77702201	0de613697b4df2bfcff4a5eee083954b								syn26535757
file				HTA9_2_045_C41_S4_L003_R1_001.fastq.gz			79189520	15ecbe2cd47fab0f9d112cf3620904dc								syn26535759
file				HTA9_2_045_C41_S4_L004_R1_001.fastq.gz			77364614	7deadbdfbb67e708bea33ca9e103bf66								syn26535760
file				HTA9_2_045_C42_S5_L001_R1_001.fastq.gz			84541322	a00ddd3afb937b6fbf5db481962404f7								syn26535761
file				HTA9_2_045_C42_S5_L002_R1_001.fastq.gz			87580869	22af7d6d793ff3ac5977906bd17b1fe7								syn26535763
file				HTA9_2_045_C42_S5_L003_R1_001.fastq.gz			88470453	3f54e7e8474f60aabbccdd66d66b8992								syn26535765
file				HTA9_2_045_C42_S5_L004_R1_001.fastq.gz			86794660	65975d623114818d007711b425827a2e								syn26535766
file				HTA9_2_045_C45_S8_L001_R1_001.fastq.gz			83173017	ef98f70b05b8bb6f418187178a6fd3b1								syn26535768
file				HTA9_2_045_C45_S8_L002_R1_001.fastq.gz			85329040	0dfb170c41f8ae5bcfd074c85ceb7f48								syn26535770
file				HTA9_2_045_C45_S8_L003_R1_001.fastq.gz			86821023	7b7041044d3960c803998a133d710c1f								syn26535775
file				HTA9_2_045_C45_S8_L004_R1_001.fastq.gz			85185821	226ea02ca39b7540f75ac75462329df0								syn26535773
file				HTA9_2_045_C46_S9_L001_R1_001.fastq.gz			76536533	cbe6ea63ef00ccb74daf1a01dffb5dd5								syn26535774
file				HTA9_2_045_C46_S9_L002_R1_001.fastq.gz			82611065	84eb99e5a1c3f34353825415312c8b92								syn26535777
file				HTA9_2_045_C46_S9_L003_R1_001.fastq.gz			81161939	67e910369abdde2fdc8212b557221aeb								syn26535779
file				HTA9_2_045_C46_S9_L004_R1_001.fastq.gz			81325143	faca6034202bee5421a031610fac8990								syn26535780
file				HTA9_2_045_C48_S11_L001_R1_001.fastq.gz			83479934	b9190e33ae98bf800e4027ece1023c96								syn26535784
file				HTA9_2_045_C48_S11_L002_R1_001.fastq.gz			90272325	d5d91c15f9ba8a78f836862a4614a6b0								syn26535786
file				HTA9_2_045_C48_S11_L003_R1_001.fastq.gz			89083452	27dbd73072a9f0eb3b2bcb464aa9919d								syn26535788
file				HTA9_2_045_C48_S11_L004_R1_001.fastq.gz			89261944	b3baadf64c2dcba45dd2a5cd869f891d								syn26535790
file				HTA9_2_045_C50_S13_L001_R1_001.fastq.gz			72255638	95558319f7e3462dfdbe2c77beac8627								syn26535791
file				HTA9_2_045_C50_S13_L002_R1_001.fastq.gz			77799339	3763cb1b8141fd33ab1b4155356c21fe								syn26535793
file				HTA9_2_045_C50_S13_L003_R1_001.fastq.gz			76784278	0a4c24f66bf698efca8950af372e4d8a								syn26535794
file				HTA9_2_045_C50_S13_L004_R1_001.fastq.gz			76427474	338a68b8b3d90a13322eea8bd5f7a0fc								syn26535796
file				HTA9_2_045_C51_S14_L001_R1_001.fastq.gz			68915040	87c64031535c5917a625e20095490863								syn26535797
file				HTA9_2_045_C51_S14_L002_R1_001.fastq.gz			74623327	17d4bfc0c2424aeb613c7f5c6fc0fddf								syn26535798
file				HTA9_2_045_C51_S14_L003_R1_001.fastq.gz			73282622	efbc5f0179e1a1626ed1e56197498afb								syn26535803
file				HTA9_2_045_C51_S14_L004_R1_001.fastq.gz			73285074	5c4a93ab8f21ac24dd663c6593afb593								syn26535805
file				HTA9_2_045_C52_S15_L001_R1_001.fastq.gz			86617389	cddbd3f5081c7a1e6e1cdd0efd2e76a9								syn26535807
file				HTA9_2_045_C52_S15_L002_R1_001.fastq.gz			93048953	168c3d1eb9150edecfd01a6d93c40c52								syn26535808
file				HTA9_2_045_C52_S15_L003_R1_001.fastq.gz			91671644	9c9f25e215510c295c8a41729b03dd1e								syn26535809
file				HTA9_2_045_C52_S15_L004_R1_001.fastq.gz			91510607	6f6523721968889d6f216a4225fdaafc								syn26535812
file				HTA9_2_045_C53_S16_L001_R1_001.fastq.gz			88125294	e304a5894d96b7c02ba18d2ff9cf809d								syn26535817
file				HTA9_2_045_C53_S16_L002_R1_001.fastq.gz			94470691	4f901c3ef7111bd23b4d6a7f722e9a28								syn26535818
file				HTA9_2_045_C53_S16_L003_R1_001.fastq.gz			93616006	620459705e97145876e77ab8b4a63ec4								syn26535821
file				HTA9_2_045_C53_S16_L004_R1_001.fastq.gz			93411070	cf04f7d3040a3aba0447773e210dab35								syn26535823
file				HTA9_2_045_C55_S18_L001_R1_001.fastq.gz			86490695	98843230e51b48bf65ad1b1625b0a32e								syn26535830
file				HTA9_2_045_C55_S18_L002_R1_001.fastq.gz			92409827	ac64f83fcbc105e00a24c5d3b103c139								syn26535837
file				HTA9_2_045_C55_S18_L003_R1_001.fastq.gz			91705658	131e5bd0854f6b47ae62951e3759835c								syn26535834
file				HTA9_2_045_C55_S18_L004_R1_001.fastq.gz			91743748	18f58f6d69b211eeacf43a94b5984158								syn26535840
file				HTA9_2_045_C56_S19_L001_R1_001.fastq.gz			85936922	f3efd2ba79dda5433805f6549de2e162								syn26535842
file				HTA9_2_045_C56_S19_L002_R1_001.fastq.gz			92541427	c8f56382291401cbb930f94420fb95ff								syn26535846
file				HTA9_2_045_C56_S19_L003_R1_001.fastq.gz			91611601	6975dd0de67708d3fb40783784ef1533								syn26535851
file				HTA9_2_045_C56_S19_L004_R1_001.fastq.gz			92306229	76a6acdd2b3beeee8505d310b2341788								syn26535858
file				HTA9_2_045_C60_S23_L001_R1_001.fastq.gz			92508447	82e12502e58c33c63df9f60c654640b4								syn26535860
file				HTA9_2_045_C60_S23_L002_R1_001.fastq.gz			99477326	38a327af76c69aa687b7769f74e0f056								syn26535866
file				HTA9_2_045_C60_S23_L003_R1_001.fastq.gz			98209662	08883802fc33d57efb77b75a582bb286								syn26535869
file				HTA9_2_045_C60_S23_L004_R1_001.fastq.gz			98620470	9d63a22e3b78dcc97a45f2143d67f1ad								syn26535873
file				HTA9_2_045_C62_S25_L001_R1_001.fastq.gz			96610355	cac0fe5e7afbac5483ad9123187b8801								syn26535876
file				HTA9_2_045_C62_S25_L002_R1_001.fastq.gz			104013299	db24a9b2000b380a319cbaa772c4c712								syn26535881
file				HTA9_2_045_C62_S25_L003_R1_001.fastq.gz			102729623	cb5ddf7f24322004fd6fd61770532489								syn26535886
file				HTA9_2_045_C62_S25_L004_R1_001.fastq.gz			103185705	98b800e5803dceea8cc5e9e64521b36a								syn26535887
file				HTA9_2_045_C66_S28_L001_R1_001.fastq.gz			85486661	a8ab9b79e6fddd9a60a1fa71cf07cdb8								syn26535890
file				HTA9_2_045_C66_S28_L002_R1_001.fastq.gz			92809387	72984c237ce839d377f2c3c7ab18f303								syn26535894
file				HTA9_2_045_C66_S28_L003_R1_001.fastq.gz			91215000	25e3b07aac4b522c9fe592f11b5128b8								syn26535897
file				HTA9_2_045_C66_S28_L004_R1_001.fastq.gz			91265069	56f67d4a778ab5cfe26e015edba9194f								syn26535902
file				HTA9_2_045_C70_S29_L001_R1_001.fastq.gz			89603194	c8b7dbd6f98d22383f17c507903916c9								syn26535903
file				HTA9_2_045_C70_S29_L002_R1_001.fastq.gz			94639438	420050d2b6bfad57896935cad52d0a22								syn26535906
file				HTA9_2_045_C70_S29_L003_R1_001.fastq.gz			94629499	daf0bc3093fdbb6f28d81dca3e7dd9ae								syn26535908
file				HTA9_2_045_C70_S29_L004_R1_001.fastq.gz			94114183	125034ae714236a532f150b835c29c54								syn26535910
file				HTA9_2_045_C73_S32_L001_R1_001.fastq.gz			22293273	ad95ef497f3eb65661848af18b51ee12								syn26535911
file				HTA9_2_045_C73_S32_L002_R1_001.fastq.gz			23545587	778f20c43782a464db2a7ea01b020e85								syn26535912
file				HTA9_2_045_C73_S32_L003_R1_001.fastq.gz			23592571	13eb72e1fd3b3f685e8b6cb247877fac								syn26535915
file				HTA9_2_045_C73_S32_L004_R1_001.fastq.gz			23357935	e88e38c9e17700b29ab97d086d99874a								syn26535919
file				HTA9_2_045_C76_S35_L001_R1_001.fastq.gz			16055632	9c9db0a2adfccbe771b7f3172d770231								syn26535918
file				HTA9_2_045_C76_S35_L002_R1_001.fastq.gz			16860846	026cf7de2a11f13b27e06ade166cadce								syn26535920
file				HTA9_2_045_C76_S35_L003_R1_001.fastq.gz			16924734	9c23323ae39600c589abd72c3b6dd4c7								syn26535925
file				HTA9_2_045_C76_S35_L004_R1_001.fastq.gz			16617148	92ff11679f81bf26b9f3e87578334d29								syn26535927
file				HTA9_2_045_C77_S36_L001_R1_001.fastq.gz			13170536	1d25a4320823b8b317cbfb231248e8a4								syn26535928
file				HTA9_2_045_C77_S36_L002_R1_001.fastq.gz			14019058	fa78e39bad168cadbf61fa179cf04c3d								syn26535929
file				HTA9_2_045_C77_S36_L003_R1_001.fastq.gz			14037605	906a8c3e1a1bb85befeeb2a7c325d865								syn26535931
file				HTA9_2_045_C77_S36_L004_R1_001.fastq.gz			13882920	0b8ea2581cbaad7f4646d17a567c76e6								syn26535933
file				HTA9_2_045_POP_S37_L001_R1_001.fastq.gz			80569161	739dbb49183c8af160902bf78181a5de								syn26535935
file				HTA9_2_045_POP_S37_L002_R1_001.fastq.gz			86992831	d96594f04b9e7145f957360ca574f12b								syn26535946
file				HTA9_2_045_POP_S37_L003_R1_001.fastq.gz			85451715	ce92b5c965246e5c12ef3669aac5b43f								syn26535943
file				HTA9_2_045_POP_S37_L004_R1_001.fastq.gz			86328202	7a00c606a0dfd2a08248887cd1b36a63								syn26535948
file				HTA9_2_046_C100_S137_L001_R1_001.fastq.gz			49872047	fb42a906e07d72e4beede3d495bdb714								syn26535950
file				HTA9_2_046_C100_S137_L002_R1_001.fastq.gz			51974206	99ebadffb4e3d60f7020f20d06c73e5e								syn26535951
file				HTA9_2_046_C100_S137_L003_R1_001.fastq.gz			52312054	8afc8c542d08c2b7bd9ac7e42af13e41								syn26535955
file				HTA9_2_046_C100_S137_L004_R1_001.fastq.gz			51688479	d5bcdd05192b9d6ef35f258cdf6b0c3f								syn26535958
file				HTA9_2_046_C115_S152_L001_R1_001.fastq.gz			48740043	29b2a2cb4a1663eb313399ee696b36cd								syn26535960
file				HTA9_2_046_C115_S152_L002_R1_001.fastq.gz			52028171	099e06dde5a2662844403eed70dd650c								syn26535968
file				HTA9_2_046_C115_S152_L003_R1_001.fastq.gz			51773493	5945fddf3492c739f2dcd2f1c9d13bc4								syn26535967
file				HTA9_2_046_C115_S152_L004_R1_001.fastq.gz			51208605	4d475297671abbff4a01dac11acf574f								syn26535966
file				HTA9_2_046_C116_S153_L001_R1_001.fastq.gz			30887258	227e5a8ca45c63e73a7feabd0003a951								syn26535962
file				HTA9_2_046_C116_S153_L002_R1_001.fastq.gz			32390915	ea3652dba1ed4f9b45766fb21c484817								syn26535963
file				HTA9_2_046_C116_S153_L003_R1_001.fastq.gz			32522987	ccad4d3fdac655e276bc2d630aa6bba9								syn26535974
file				HTA9_2_046_C116_S153_L004_R1_001.fastq.gz			32093530	6efe72de0f273421aafd4a0865172970								syn26535971
file				HTA9_2_046_C117_S154_L001_R1_001.fastq.gz			82838256	3b7752d5a1a494e07781340a09425eaf								syn26535982
file				HTA9_2_046_C117_S154_L002_R1_001.fastq.gz			88757528	6d58c0ffd53a4682cf7928d51f3d1aea								syn26535984
file				HTA9_2_046_C117_S154_L003_R1_001.fastq.gz			87802853	5466d98a9895c0c279ac287fa9f3fa96								syn26535985
file				HTA9_2_046_C117_S154_L004_R1_001.fastq.gz			86852355	44fd2837bce7035752de63888457747d								syn26535987
file				HTA9_2_046_C130_S167_L001_R1_001.fastq.gz			39037708	8311bd3bdf097d57ee58017a08e7494d								syn26535980
file				HTA9_2_046_C130_S167_L002_R1_001.fastq.gz			41427687	85a9c1f9a4d5c1030296a9c187630cc3								syn26535986
file				HTA9_2_046_C130_S167_L003_R1_001.fastq.gz			41392665	9b822593f22dcd230c9d8e85b0442163								syn26535988
file				HTA9_2_046_C130_S167_L004_R1_001.fastq.gz			41217649	186da834b9b087ffbd7fbd7a900371d7								syn26535990
file				HTA9_2_046_C131_S168_L001_R1_001.fastq.gz			55503625	0d9bbbc390d32823198939e473fa3a40								syn26535994
file				HTA9_2_046_C131_S168_L002_R1_001.fastq.gz			59912419	35aaf0ff84a0a3dbf907f7f7750ceaf9								syn26535999
file				HTA9_2_046_C131_S168_L003_R1_001.fastq.gz			59300447	f451f62fe5954a3635aa81bd98c57ec2								syn26536000
file				HTA9_2_046_C131_S168_L004_R1_001.fastq.gz			58981594	d8f104092f46c9d77a9aeaa0541e6656								syn26536002
file				HTA9_2_046_C132_S169_L001_R1_001.fastq.gz			54971265	22e9ac3df435eab8c7a50115fa2ff179								syn26536004
file				HTA9_2_046_C132_S169_L002_R1_001.fastq.gz			58174771	422d10f99fae2ffc874c695287f4bb92								syn26536005
file				HTA9_2_046_C132_S169_L003_R1_001.fastq.gz			58336001	a76b83d52ec03185fb49dddc540f741e								syn26536007
file				HTA9_2_046_C132_S169_L004_R1_001.fastq.gz			57698404	b661ff9ec2507623aa4d9483cd5ce3b3								syn26536008
file				HTA9_2_046_C133_S170_L001_R1_001.fastq.gz			78621525	b0b77e57d3b396beaa33cfd8fc1c58f6								syn26536013
file				HTA9_2_046_C133_S170_L002_R1_001.fastq.gz			84516259	6d57cc25c88aba04a4720d685873cc77								syn26536014
file				HTA9_2_046_C133_S170_L003_R1_001.fastq.gz			83544403	affea176347f8a855ac02f818c6c061c								syn26536015
file				HTA9_2_046_C133_S170_L004_R1_001.fastq.gz			83074761	2b1270620e5062c54cfd4785b7fed6fc								syn26536018
file				HTA9_2_046_C146_S183_L001_R1_001.fastq.gz			47309768	cbb6b0d1e01715a90963ff9cec0e7ec4								syn26536016
file				HTA9_2_046_C146_S183_L002_R1_001.fastq.gz			50419000	49b8a0123557f00beb63649a4b347699								syn26536019
file				HTA9_2_046_C146_S183_L003_R1_001.fastq.gz			50277293	6623ef6eddb6796d50e9438abae85caf								syn26536020
file				HTA9_2_046_C146_S183_L004_R1_001.fastq.gz			49975188	10309d6b7c88ef63765a20bb180598e8								syn26536023
file				HTA9_2_046_C148_S185_L001_R1_001.fastq.gz			40961776	13162f46b82754353706d68968786dd6								syn26536022
file				HTA9_2_046_C148_S185_L002_R1_001.fastq.gz			43515110	6d75e9122d77c415764e1be89d88c8c2								syn26536024
file				HTA9_2_046_C148_S185_L003_R1_001.fastq.gz			43297070	8dd3cbbdc96264bcb140627c4e9a8fe6								syn26536027
file				HTA9_2_046_C148_S185_L004_R1_001.fastq.gz			43183725	a05a1441f40f9fd86842d38f76b9c370								syn26536026
file				HTA9_2_046_C149_S186_L001_R1_001.fastq.gz			61726868	f8c6db8044ef5600ec96707d930dc2a8								syn26536034
file				HTA9_2_046_C149_S186_L002_R1_001.fastq.gz			66316833	8f7c3e2ba1b2f4f45f25be485e382613								syn26536032
file				HTA9_2_046_C149_S186_L003_R1_001.fastq.gz			65610169	57ba995c74bb0412fc3df9f7661b8ae4								syn26536036
file				HTA9_2_046_C149_S186_L004_R1_001.fastq.gz			65294248	899e9cf45b9286e71da464da74a05f74								syn26536037
file				HTA9_2_046_C162_S199_L001_R1_001.fastq.gz			50199338	1c253a5567ae15b7100ac09bef951609								syn26536035
file				HTA9_2_046_C162_S199_L002_R1_001.fastq.gz			52615292	1374f04340cb4c195e8f8d9729b4e699								syn26536039
file				HTA9_2_046_C162_S199_L003_R1_001.fastq.gz			53039436	309b8cdf368080bba90fb5a2cc057008								syn26536038
file				HTA9_2_046_C162_S199_L004_R1_001.fastq.gz			52404627	e2e1a1b4530d9fe2746766433d612023								syn26536041
file				HTA9_2_046_C163_S200_L001_R1_001.fastq.gz			53324316	f57ac98be859a04396f0668c160298f9								syn26536042
file				HTA9_2_046_C163_S200_L002_R1_001.fastq.gz			56234487	ae8620e115fa417bc4a1ab9b66993499								syn26536046
file				HTA9_2_046_C163_S200_L003_R1_001.fastq.gz			56316158	5f7d434238e5618d2c8a6ddf9f18951b								syn26536047
file				HTA9_2_046_C163_S200_L004_R1_001.fastq.gz			55772788	71240515cbf222754db099cb8cd3c90d								syn26536048
file				HTA9_2_046_C164_S201_L001_R1_001.fastq.gz			29776334	047cee4683c30179107743ac517daf03								syn26536049
file				HTA9_2_046_C164_S201_L002_R1_001.fastq.gz			31131051	89cdda772da58bcee81c12c87e9921a1								syn26536051
file				HTA9_2_046_C164_S201_L003_R1_001.fastq.gz			31346683	9d199877ef2add53736b45da706fa69a								syn26536050
file				HTA9_2_046_C164_S201_L004_R1_001.fastq.gz			30919687	2a47906946578a1894cb750720c3e5da								syn26536052
file				HTA9_2_046_C178_S215_L001_R1_001.fastq.gz			50121953	0b9f388738a8ddb88069179f80298988								syn26536054
file				HTA9_2_046_C178_S215_L002_R1_001.fastq.gz			53552035	d2a818eb883865832616980f32f510e2								syn26536055
file				HTA9_2_046_C178_S215_L003_R1_001.fastq.gz			53393543	e46e651f166d193d3f25fd5c1b1846eb								syn26536056
file				HTA9_2_046_C178_S215_L004_R1_001.fastq.gz			53297035	3245b7414aaa5346e12b9fd3a9b7d1d4								syn26536058
file				HTA9_2_046_C179_S216_L001_R1_001.fastq.gz			68105958	4699a5044944869eabda9bdb0aae091c								syn26536060
file				HTA9_2_046_C179_S216_L002_R1_001.fastq.gz			73074169	f1104dbe1d51344ba66228e56e8f3a6a								syn26536068
file				HTA9_2_046_C179_S216_L003_R1_001.fastq.gz			72538188	4a29b84369e65ff263434d1eb98b2ed5								syn26536070
file				HTA9_2_046_C179_S216_L004_R1_001.fastq.gz			72154859	2c2f985e750372d71678a4463be9b860								syn26536072
file				HTA9_2_046_C180_S217_L001_R1_001.fastq.gz			63713835	68277af2a2a512cd9bc16b746566ed69								syn26536074
file				HTA9_2_046_C180_S217_L002_R1_001.fastq.gz			67372176	e453b32f1caa7d6d7f65081093c7c3b9								syn26536079
file				HTA9_2_046_C180_S217_L003_R1_001.fastq.gz			67372743	f663eb059b6ab0af353b8b170ff0d5ac								syn26536084
file				HTA9_2_046_C180_S217_L004_R1_001.fastq.gz			66849057	e8fd50d254657676afbd1e74d370d346								syn26536088
file				HTA9_2_046_C194_S231_L001_R1_001.fastq.gz			44999546	6148cc194a3016cd8f8165a5d0b2db12								syn26536082
file				HTA9_2_046_C194_S231_L002_R1_001.fastq.gz			48294888	18725535659591c07107203032e4f6a7								syn26536085
file				HTA9_2_046_C194_S231_L003_R1_001.fastq.gz			47781754	1e7047d028c886e1a6e6ffba3d123d03								syn26536091
file				HTA9_2_046_C194_S231_L004_R1_001.fastq.gz			47763930	cbb34b0ae97b92004ea9209e761ed471								syn26536094
file				HTA9_2_046_C196_S233_L001_R1_001.fastq.gz			40803909	6f38c95e057059be266a512b00a9e0a6								syn26536092
file				HTA9_2_046_C196_S233_L002_R1_001.fastq.gz			43441959	0640a1cd48c2e6559d94efa05d508106								syn26536093
file				HTA9_2_046_C196_S233_L003_R1_001.fastq.gz			43400617	08261b6bf341c231d36610e0886f077d								syn26536097
file				HTA9_2_046_C196_S233_L004_R1_001.fastq.gz			43039714	3f9cb4caa45438c175463af1a95cb636								syn26536103
file				HTA9_2_046_C197_S234_L001_R1_001.fastq.gz			72904621	ecebcb2c2c03659c4d4e0a17e4a1c794								syn26536114
file				HTA9_2_046_C197_S234_L002_R1_001.fastq.gz			78337480	9642eac3474b26d58790ff72fd2435c4								syn26536120
file				HTA9_2_046_C197_S234_L003_R1_001.fastq.gz			77508119	bd65606d6c098218c9bf28ae2874baa9								syn26536121
file				HTA9_2_046_C197_S234_L004_R1_001.fastq.gz			77150309	ad1f4a8e153630dbd4d3dd236d39f2cf								syn26536128
file				HTA9_2_046_C20_S57_L001_R1_001.fastq.gz			51237841	e6f48106268140e9a300377c28288100								syn26536127
file				HTA9_2_046_C20_S57_L002_R1_001.fastq.gz			54449503	0e90f774924b225238482d3870f69e07								syn26536137
file				HTA9_2_046_C20_S57_L003_R1_001.fastq.gz			54297402	1b5acf50e9a5c79c67eae879f711afaf								syn26536149
file				HTA9_2_046_C20_S57_L004_R1_001.fastq.gz			53750579	83c092427454d985f71382daf2b78612								syn26536142
file				HTA9_2_046_C210_S247_L001_R1_001.fastq.gz			56535786	3e08c791151d63fc1be40833e7bb66b8								syn26536157
file				HTA9_2_046_C210_S247_L002_R1_001.fastq.gz			59913898	1b755382828aca34f5bb11f731e54bf4								syn26536161
file				HTA9_2_046_C210_S247_L003_R1_001.fastq.gz			60048617	3e6f98e0daf9b63648990fcaf48e5bdd								syn26536173
file				HTA9_2_046_C210_S247_L004_R1_001.fastq.gz			59356321	6a6aed4245d45c03ecb4e6e6b64b0ba3								syn26536182
file				HTA9_2_046_C21_S58_L001_R1_001.fastq.gz			51434386	8af7aaba53debb2ab85d11e66839341f								syn26536180
file				HTA9_2_046_C21_S58_L002_R1_001.fastq.gz			55172763	05448247a75c3a127ae453cb000c72f8								syn26536190
file				HTA9_2_046_C21_S58_L003_R1_001.fastq.gz			54543453	8b8db93106705b37f591f7c096c08a41								syn26536192
file				HTA9_2_046_C21_S58_L004_R1_001.fastq.gz			54238751	0b684187223616be59f207117c26141f								syn26536200
file				HTA9_2_046_C226_S263_L001_R1_001.fastq.gz			51196941	e6be11130310def818f8a11697e6c262								syn26536201
file				HTA9_2_046_C226_S263_L002_R1_001.fastq.gz			54975605	a1eda9b037a8ea4d35dc2eef06f15d91								syn26536204
file				HTA9_2_046_C226_S263_L003_R1_001.fastq.gz			54514715	dc2c9cc4ac6354c71e27231c2218d12f								syn26536203
file				HTA9_2_046_C226_S263_L004_R1_001.fastq.gz			54450237	4f39dfcc964c405efed46d261862fc04								syn26536207
file				HTA9_2_046_C227_S264_L001_R1_001.fastq.gz			61749652	f8faa49507fae9465344663453dfa843								syn26536212
file				HTA9_2_046_C227_S264_L002_R1_001.fastq.gz			66633103	145d708984205b6f4242b3f23ec5b025								syn26536215
file				HTA9_2_046_C227_S264_L003_R1_001.fastq.gz			65933386	78a3269fb6e408eff361730f21b441ba								syn26536214
file				HTA9_2_046_C227_S264_L004_R1_001.fastq.gz			65829566	7cdb6f48347cd410a41f48a6096c2f38								syn26536217
file				HTA9_2_046_C243_S280_L001_R1_001.fastq.gz			67360853	cea234e42b413aa78827331ccccef385								syn26536220
file				HTA9_2_046_C243_S280_L002_R1_001.fastq.gz			72136739	bd84e188276ead7cce54105efb0a5cb1								syn26536226
file				HTA9_2_046_C243_S280_L003_R1_001.fastq.gz			71697393	f9a826148d55199f68845d4275754a81								syn26536233
file				HTA9_2_046_C243_S280_L004_R1_001.fastq.gz			71531141	879a2c93da6ae6a98c0ba23ded17c5e8								syn26536234
file				HTA9_2_046_C245_S282_L001_R1_001.fastq.gz			60663171	bdd18280fbe5ba29660e16cc90378261								syn26536229
file				HTA9_2_046_C245_S282_L002_R1_001.fastq.gz			64993984	07d28e8a18281d69f8bb57482299abcc								syn26536237
file				HTA9_2_046_C245_S282_L003_R1_001.fastq.gz			64355931	259a2ea64ec5dc8093498dbcb37ab206								syn26536246
file				HTA9_2_046_C245_S282_L004_R1_001.fastq.gz			64312219	25d74bee45b4a1dcede235918bf7a8d6								syn26536248
file				HTA9_2_046_C259_S296_L001_R1_001.fastq.gz			37119738	78b7b185efd14d472c74b0657bfdf46a								syn26536241
file				HTA9_2_046_C259_S296_L002_R1_001.fastq.gz			7282497	80c74f7914607ed59e0debe38f546280								syn26536235
file				HTA9_2_046_C259_S296_L003_R1_001.fastq.gz			36505564	b98228057d67974b92b6c61aa323a775								syn26536245
file				HTA9_2_046_C259_S296_L004_R1_001.fastq.gz			5606986	8e00223d0e137e75a8d3691dcb9f98bf								syn26536238
file				HTA9_2_046_C274_S311_L001_R1_001.fastq.gz			44992308	34ea22978ee9ddcb5b34bac48fc4429c								syn26536249
file				HTA9_2_046_C274_S311_L002_R1_001.fastq.gz			48252218	c5de3de9852273b0b53c94954b2e388b								syn26536250
file				HTA9_2_046_C274_S311_L003_R1_001.fastq.gz			47960762	fd158d72cf7f0bc4b569fd7b768e391c								syn26536253
file				HTA9_2_046_C274_S311_L004_R1_001.fastq.gz			47832411	8f0feca9e9730e304d1757e2db6ea5ae								syn26536254
file				HTA9_2_046_C275_S312_L001_R1_001.fastq.gz			71004233	15d338424301b35f75a4699d8f103a50								syn26536258
file				HTA9_2_046_C275_S312_L002_R1_001.fastq.gz			76497323	42f527968c738b899debdc278dec331b								syn26536262
file				HTA9_2_046_C275_S312_L003_R1_001.fastq.gz			75868762	c1606a0f04af70324dc76bec66f2d4ab								syn26536265
file				HTA9_2_046_C275_S312_L004_R1_001.fastq.gz			75768323	af472c92a5e8f1d05a5c1637fcb580b5								syn26536266
file				HTA9_2_046_C277_S314_L001_R1_001.fastq.gz			52395250	2544a2394cf399ac233239325bd3df6f								syn26536264
file				HTA9_2_046_C277_S314_L002_R1_001.fastq.gz			56517135	c10bd84f24968435f85dd32a0982741e								syn26536268
file				HTA9_2_046_C277_S314_L003_R1_001.fastq.gz			55734031	cd5fab92e55b6168543bccbe5e4d5e02								syn26536270
file				HTA9_2_046_C277_S314_L004_R1_001.fastq.gz			55735264	9669fbdbb296ae567284f21418147505								syn26536274
file				HTA9_2_046_C290_S327_L001_R1_001.fastq.gz			35517376	6b7247b814189eb2e41745eb3c2fb97e								syn26536273
file				HTA9_2_046_C290_S327_L002_R1_001.fastq.gz			37595027	5b7a5c1e8813f42b22d4211903a22821								syn26536276
file				HTA9_2_046_C290_S327_L003_R1_001.fastq.gz			37476670	b8afd70577f788b31559db717aee1b69								syn26536275
file				HTA9_2_046_C290_S327_L004_R1_001.fastq.gz			37433992	3c5d1ebc63513f9479cbb59f80f2d07b								syn26536279
file				HTA9_2_046_C291_S328_L001_R1_001.fastq.gz			71550153	639c5c4bc0f75cb6c22f125603bf2699								syn26536288
file				HTA9_2_046_C291_S328_L002_R1_001.fastq.gz			76691630	0d4f61ff686588841948e28b2e654d46								syn26536290
file				HTA9_2_046_C291_S328_L003_R1_001.fastq.gz			75976973	68a1807024b97a0882984db11e660cec								syn26536292
file				HTA9_2_046_C291_S328_L004_R1_001.fastq.gz			75908696	b3230a6701484a2b8bd1dd6784bee48a								syn26536293
file				HTA9_2_046_C293_S330_L001_R1_001.fastq.gz			60857584	1fe282c3681003122b5a194f991c8932								syn26536294
file				HTA9_2_046_C293_S330_L002_R1_001.fastq.gz			65201097	998c49b7b153604c5f9a4ea2cecdb452								syn26536298
file				HTA9_2_046_C293_S330_L003_R1_001.fastq.gz			64695432	7940e34e8148b6090b58d073fdab30a9								syn26536304
file				HTA9_2_046_C293_S330_L004_R1_001.fastq.gz			64465469	dbcf7af69e827df51c6449bdb757e894								syn26536306
file				HTA9_2_046_C306_S343_L001_R1_001.fastq.gz			36545742	60249182ec8641a1795f895b9b432bc5								syn26536301
file				HTA9_2_046_C306_S343_L002_R1_001.fastq.gz			38463056	f70cd6782b3cdb1784a19c7471a6af2c								syn26536300
file				HTA9_2_046_C306_S343_L003_R1_001.fastq.gz			38743562	b373df1288a8b989ef1f36c322f66fbc								syn26536312
file				HTA9_2_046_C306_S343_L004_R1_001.fastq.gz			38171675	836dc14d2e9e2374493f0bbdd6e8295c								syn26536311
file				HTA9_2_046_C307_S344_L001_R1_001.fastq.gz			44648010	f4aee5685ce6df83c4d553bb3c0083bb								syn26536309
file				HTA9_2_046_C307_S344_L002_R1_001.fastq.gz			47475539	dfd2c9e6053a147850b6b24ebeeddd23								syn26536313
file				HTA9_2_046_C307_S344_L003_R1_001.fastq.gz			47588263	d942742e6e9c628392bdce91d764db73								syn26536314
file				HTA9_2_046_C307_S344_L004_R1_001.fastq.gz			46961580	e8fa5d3a332c498051f2bcc277596422								syn26536318
file				HTA9_2_046_C309_S346_L001_R1_001.fastq.gz			58492165	11fcea8597b5fbc9a6a186f1da4faab8								syn26536322
file				HTA9_2_046_C309_S346_L002_R1_001.fastq.gz			61968970	880406ea84c2b3b426dafb46bbceb4db								syn26536321
file				HTA9_2_046_C309_S346_L003_R1_001.fastq.gz			62132399	3ab01ea196cfeed408794b5184cc5f4b								syn26536328
file				HTA9_2_046_C309_S346_L004_R1_001.fastq.gz			61252316	6f26a76250ca1e6c77e6f1ce033bfbfb								syn26536326
file				HTA9_2_046_C322_S359_L001_R1_001.fastq.gz			15441159	3c89747b4c84adb0ec74e705f0561470								syn26536325
file				HTA9_2_046_C322_S359_L002_R1_001.fastq.gz			16313166	e7858425875ec163e790b18fe34780fd								syn26536333
file				HTA9_2_046_C322_S359_L003_R1_001.fastq.gz			16293776	24b2e795278b042bde859ae94dc14921								syn26536330
file				HTA9_2_046_C322_S359_L004_R1_001.fastq.gz			16366204	91ea1234448be22368ff9b6c383187b4								syn26536332
file				HTA9_2_046_C323_S360_L001_R1_001.fastq.gz			62743999	787c81c06a8d3a02e4f070cde011d011								syn26536341
file				HTA9_2_046_C323_S360_L002_R1_001.fastq.gz			67549891	6ee9c354dbb96cfcff0656afc34052d6								syn26536342
file				HTA9_2_046_C323_S360_L003_R1_001.fastq.gz			67013188	79f2d89a6f2247b3b18d346c39f65d05								syn26536343
file				HTA9_2_046_C323_S360_L004_R1_001.fastq.gz			67047817	9562ae28903f91246825457902150d8e								syn26536353
file				HTA9_2_046_C338_S375_L001_R1_001.fastq.gz			5581708	cbe688072edcb3e001f0ef20486e517e								syn26536335
file				HTA9_2_046_C338_S375_L002_R1_001.fastq.gz			5812346	a3969b6aa19e8107241f2252a8aeff73								syn26536336
file				HTA9_2_046_C338_S375_L003_R1_001.fastq.gz			5822996	449c099c287a85ece84ce60637b1d082								syn26536339
file				HTA9_2_046_C338_S375_L004_R1_001.fastq.gz			5763978	1f2d87e563fb9b2ceb067eb07eec22b6								syn26536340
file				HTA9_2_046_C339_S376_L001_R1_001.fastq.gz			39531590	9c8809482c4f49ac5efdfda87c2ac71b								syn26536351
file				HTA9_2_046_C339_S376_L002_R1_001.fastq.gz			42277691	f74f754abbb02e63e6cff8a843e30c15								syn26536359
file				HTA9_2_046_C339_S376_L003_R1_001.fastq.gz			42118310	8123b71669b4236e42840bd21f8a49ea								syn26536355
file				HTA9_2_046_C339_S376_L004_R1_001.fastq.gz			41759912	26db5b7c1155fe7c3f7daf5c3b752e92								syn26536357
file				HTA9_2_046_C341_S378_L001_R1_001.fastq.gz			19213900	655d87049c9b56757427619b4ecbadb0								syn26536356
file				HTA9_2_046_C341_S378_L002_R1_001.fastq.gz			20243168	a479a44146a9b8426cd7f6411a83dc58								syn26536368
file				HTA9_2_046_C341_S378_L003_R1_001.fastq.gz			20258598	689e66bdabc622fa5a149c192da6e1ee								syn26536363
file				HTA9_2_046_C341_S378_L004_R1_001.fastq.gz			20035369	a7d30dda3a8fd941be3ea4491b00d4dc								syn26536366
file				HTA9_2_046_C34_S71_L001_R1_001.fastq.gz			7012645	2c19019a3801c3f63f06a68c9c426ec6								syn26536362
file				HTA9_2_046_C34_S71_L002_R1_001.fastq.gz			7409172	f7ce54cdd9ef52f6f9fb8e6539b4f4b0								syn26536369
file				HTA9_2_046_C34_S71_L003_R1_001.fastq.gz			7392985	a202dd81427bdc0fbc3b0d399ccee732								syn26536361
file				HTA9_2_046_C34_S71_L004_R1_001.fastq.gz			7395225	e9baea09ef585d994676f18678ec1c4c								syn26536365
file				HTA9_2_046_C35_S72_L001_R1_001.fastq.gz			55086434	396a2d66983e213b14c53b695bd37d79								syn26536373
file				HTA9_2_046_C35_S72_L002_R1_001.fastq.gz			59275916	e352d770f659e863f94853962b21651e								syn26536374
file				HTA9_2_046_C35_S72_L003_R1_001.fastq.gz			59079898	5a8ef2232b2cc144f3f1519f87ef416f								syn26536378
file				HTA9_2_046_C35_S72_L004_R1_001.fastq.gz			58863721	ecf927db45e2059659a39dbff183375f								syn26536377
file				HTA9_2_046_C36_S73_L001_R1_001.fastq.gz			48819240	10064d89fd6b308f1484f5a58d39e54e								syn26536380
file				HTA9_2_046_C36_S73_L002_R1_001.fastq.gz			52048810	e691da8f3120edf5a3dd77aa6aea32cc								syn26536389
file				HTA9_2_046_C36_S73_L003_R1_001.fastq.gz			51719589	229085d79176bed64a597652d7b45de8								syn26536387
file				HTA9_2_046_C36_S73_L004_R1_001.fastq.gz			51793289	1cc80c709d36c69d7febb6266649e894								syn26536386
file				HTA9_2_046_C37_S74_L001_R1_001.fastq.gz			60907385	165c2e7601274d3bfcdb04112c601c41								syn26536391
file				HTA9_2_046_C37_S74_L002_R1_001.fastq.gz			65589385	4c0da8f52a86b718d9733f6b76a5cddf								syn26536394
file				HTA9_2_046_C37_S74_L003_R1_001.fastq.gz			64915384	8b331d81c34223d1630e6571277dfdfb								syn26536400
file				HTA9_2_046_C37_S74_L004_R1_001.fastq.gz			64999301	56f28f7e97078ebe1c31e98c6464f53a								syn26536401
file				HTA9_2_046_C50_S87_L001_R1_001.fastq.gz			15818196	a04a3c87f601de80218dc40dccb4b243								syn26536392
file				HTA9_2_046_C50_S87_L002_R1_001.fastq.gz			7020697	bee67f3c5ac36318c3024d5ebc998a17								syn26536390
file				HTA9_2_046_C50_S87_L003_R1_001.fastq.gz			15799598	b09f9ed4336cfef58cf1f26dfbe4c504								syn26536396
file				HTA9_2_046_C50_S87_L004_R1_001.fastq.gz			6998617	f9b150b1eeed9b921c951529dc7c3fb6								syn26536398
file				HTA9_2_046_C51_S88_L001_R1_001.fastq.gz			50528442	69dd1e8403713cef8a7deef30a23ca34								syn26536402
file				HTA9_2_046_C51_S88_L002_R1_001.fastq.gz			54031153	c80d4b9cae51cd96484ef02db2b1c143								syn26536408
file				HTA9_2_046_C51_S88_L003_R1_001.fastq.gz			53817463	e235a5f5b7867929596d2dbd2d915f15								syn26536409
file				HTA9_2_046_C51_S88_L004_R1_001.fastq.gz			53529855	e931f0588f4ca9d43a1a36d15859894a								syn26536414
file				HTA9_2_046_C52_S89_L001_R1_001.fastq.gz			58036436	80b2ca8464b12f8e877f7051354d5f43								syn26536415
file				HTA9_2_046_C52_S89_L002_R1_001.fastq.gz			61928216	c771a6ad164849e03adecdfaeafcbd8f								syn26536419
file				HTA9_2_046_C52_S89_L003_R1_001.fastq.gz			61575024	892e0d7bf2700be8f175f2e9153f8f76								syn26536421
file				HTA9_2_046_C52_S89_L004_R1_001.fastq.gz			61348308	74ba51baffc28d429460621ecf3dffe2								syn26536420
file				HTA9_2_046_C53_S90_L001_R1_001.fastq.gz			55318402	3058f4b1f790e051b5384ee28df75314								syn26536425
file				HTA9_2_046_C53_S90_L002_R1_001.fastq.gz			59314635	99d5b2df78e77a4be4f64c40de45ce1f								syn26536431
file				HTA9_2_046_C53_S90_L003_R1_001.fastq.gz			58774291	a4aabd82f9a45593d8bf2b9528fc7dd4								syn26536435
file				HTA9_2_046_C53_S90_L004_R1_001.fastq.gz			58587977	62d7697335861d950d53f465a8604278								syn26536436
file				HTA9_2_046_C54_S91_L001_R1_001.fastq.gz			22256894	7d289a80e6b86f064e646efc42951315								syn26536432
file				HTA9_2_046_C54_S91_L002_R1_001.fastq.gz			23811876	6548d76c688a9836331c61e1f5fe6b33								syn26536433
file				HTA9_2_046_C54_S91_L003_R1_001.fastq.gz			23695697	18b69e4f2ffbb1a67fcc2b71c9f43e7e								syn26536438
file				HTA9_2_046_C54_S91_L004_R1_001.fastq.gz			23638787	db591a796048c7b733aa1b30745ac137								syn26536437
file				HTA9_2_046_C66_S103_L001_R1_001.fastq.gz			26610193	7d20847517983f35c1bb63b5675b439e								syn26536440
file				HTA9_2_046_C66_S103_L002_R1_001.fastq.gz			28127338	1cf476d545914f4935b9edfd92ab0889								syn26536442
file				HTA9_2_046_C66_S103_L003_R1_001.fastq.gz			28288446	d135a022c7c683dc8d50706ec6652bb0								syn26536443
file				HTA9_2_046_C66_S103_L004_R1_001.fastq.gz			27983207	a754c398ae28f4eba02c3f6aba92ba71								syn26536446
file				HTA9_2_046_C67_S104_L001_R1_001.fastq.gz			58503099	8a706713d0f268ee85b3c2ebed69347c								syn26536450
file				HTA9_2_046_C67_S104_L002_R1_001.fastq.gz			62848412	9f2a471ef4bb5939510efebd3611fcf9								syn26536453
file				HTA9_2_046_C67_S104_L003_R1_001.fastq.gz			62495310	34ab587e6b120d89544fbc3f7b22fb3d								syn26536456
file				HTA9_2_046_C67_S104_L004_R1_001.fastq.gz			62064174	8b401accc7c0db505c317404d2c76e41								syn26536458
file				HTA9_2_046_C68_S105_L001_R1_001.fastq.gz			34549255	14d08f807ad99387d8a2dc242a4b30b1								syn26536452
file				HTA9_2_046_C68_S105_L002_R1_001.fastq.gz			35763033	8ffff860090e03df11ddfc576c7824ce								syn26536459
file				HTA9_2_046_C68_S105_L003_R1_001.fastq.gz			36493227	aafc6a0b01fec47e35d7f25d9b746fc4								syn26536463
file				HTA9_2_046_C68_S105_L004_R1_001.fastq.gz			35497832	3920761644246a77f6e5483e69db6d06								syn26536464
file				HTA9_2_046_C69_S106_L001_R1_001.fastq.gz			50960219	8f178b2566d5184c6315686e58cc8a6b								syn26536469
file				HTA9_2_046_C69_S106_L002_R1_001.fastq.gz			54425274	ef7a5297340b6bda301c84c166235799								syn26536471
file				HTA9_2_046_C69_S106_L003_R1_001.fastq.gz			54349044	d790750ec9d32c58511464f67af20723								syn26536474
file				HTA9_2_046_C69_S106_L004_R1_001.fastq.gz			53608292	a10017504a949e01649342ee51b3d018								syn26536476
file				HTA9_2_046_C70_S107_L001_R1_001.fastq.gz			43843696	d16eb0869895d76061823a26e04367c3								syn26536473
file				HTA9_2_046_C70_S107_L002_R1_001.fastq.gz			46946828	71c7ce949a7790e7371ed831e30fa9dc								syn26536481
file				HTA9_2_046_C70_S107_L003_R1_001.fastq.gz			46692304	0f2c2395010c8ea156ea55729576ed81								syn26536482
file				HTA9_2_046_C70_S107_L004_R1_001.fastq.gz			46476421	8ff37ff3fbad0b754fe269d8f1d68d8d								syn26536484
file				HTA9_2_046_C82_S119_L001_R1_001.fastq.gz			50221596	08a153309377d114c86f734d4d1c2659								syn26536483
file				HTA9_2_046_C82_S119_L002_R1_001.fastq.gz			53618031	03d66a9be48063ddf165afce110db9ce								syn26536488
file				HTA9_2_046_C82_S119_L003_R1_001.fastq.gz			53267721	c8e0ef7c984197b6cf18ec4367d347b6								syn26536490
file				HTA9_2_046_C82_S119_L004_R1_001.fastq.gz			53376005	3cc14c632bef71950af1cc542af94ef2								syn26536489
file				HTA9_2_046_C83_S120_L001_R1_001.fastq.gz			63756999	d8be1355369ae4b9875209d61d529b0b								syn26536495
file				HTA9_2_046_C83_S120_L002_R1_001.fastq.gz			67455077	4089bdcb33b589d934efb01621531075								syn26536496
file				HTA9_2_046_C83_S120_L003_R1_001.fastq.gz			68007244	dce96668054a8dd4846611959f978530								syn26536498
file				HTA9_2_046_C83_S120_L004_R1_001.fastq.gz			66529041	f45013ea9afaa82c119cae281c6f718b								syn26536509
file				HTA9_2_046_C85_S122_L001_R1_001.fastq.gz			79289791	83c770e8aca7ef24b67b58565c2f4566								syn26536507
file				HTA9_2_046_C85_S122_L002_R1_001.fastq.gz			85432586	005e0ba707d49cd09cee6244b2f92485								syn26536510
file				HTA9_2_046_C85_S122_L003_R1_001.fastq.gz			84192125	23ee84ade615861dc908e090d279b167								syn26536512
file				HTA9_2_046_C85_S122_L004_R1_001.fastq.gz			84191454	cf76755b4ea9f07320330f9317a82438								syn26536513
file				HTA9_2_046_C86_S123_L001_R1_001.fastq.gz			41467727	730a8caa10aca65bb915d729a4d96dfb								syn26536514
file				HTA9_2_046_C86_S123_L002_R1_001.fastq.gz			44680442	53bd38f70b239b5e22149871f7fb92b4								syn26536515
file				HTA9_2_046_C86_S123_L003_R1_001.fastq.gz			44208821	fab39817b8777b77611795b1a29ea511								syn26536518
file				HTA9_2_046_C86_S123_L004_R1_001.fastq.gz			44243125	551e829bfb4a871ed169719a1ba7323d								syn26536520
file				HTA9_2_046_C98_S135_L001_R1_001.fastq.gz			42255176	abfee697243c6f6605264593e0a86cc8								syn26536522
file				HTA9_2_046_C98_S135_L002_R1_001.fastq.gz			44256854	fe20db64c9d26bd10c93abdeef864589								syn26536526
file				HTA9_2_046_C98_S135_L003_R1_001.fastq.gz			44585729	47520a63206765deb0a7664ef67bcc32								syn26536525
file				HTA9_2_046_C98_S135_L004_R1_001.fastq.gz			43994014	eaa9c96c214db7d1106648e043fe8ac7								syn26536527
file				HTA9_2_046_C99_S136_L001_R1_001.fastq.gz			49208700	511aeea490aa2d02b236f8bce157cb29								syn26536530
file				HTA9_2_046_C99_S136_L002_R1_001.fastq.gz			51600974	f58fa9bdff12aa76bb73eb3fc3272a7f								syn26536534
file				HTA9_2_046_C99_S136_L003_R1_001.fastq.gz			52005073	5b0fd7076dfaee3094c5b7a332a9323b								syn26536533
file				HTA9_2_046_C99_S136_L004_R1_001.fastq.gz			50970797	09f529dbad64dcfa4bc15887ff56ad20								syn26536537
file				HTA9_2_056_C388_S4_L002_R1_001.fastq.gz			24536319	9d480204c05347fdeb3252935874b039								syn26536535
file				HTA9_2_056_C390_S6_L002_R1_001.fastq.gz			54558627	a8ad611a9f0333e687b94b79f13e880d								syn26536541
file				HTA9_2_056_C392_S8_L002_R1_001.fastq.gz			57599744	46e36ff07b6af5216936f71d9dd5b951								syn26536544
file				HTA9_2_056_C393_S9_L002_R1_001.fastq.gz			33677482	470ba2422fc0099cb24be25e3c8e5099								syn26536542
file				HTA9_2_056_C398_S14_L002_R1_001.fastq.gz			62022117	a7e54e14d3f9309e8f47a614cfe2531c								syn26536546
file				HTA9_2_056_C411_S27_L002_R1_001.fastq.gz			98016984	4fffb073dafbdbbe44191a9691ab52d0								syn26536556
file				HTA9_2_056_C414_S30_L002_R1_001.fastq.gz			104655642	c818bbb5ad8e446a6c95b59e9d22f37b								syn26536559
file				HTA9_2_056_C417_S33_L002_R1_001.fastq.gz			12668597	c30f9f69758026cdbf468bfc9797882e								syn26536547
file				HTA9_2_056_C418_S34_L002_R1_001.fastq.gz			26056690	cd800b5daf2401579ca8f1b19a90cddf								syn26536550
file				HTA9_2_056_C427_S43_L002_R1_001.fastq.gz			71253038	55626a41f2fcf55c5b05fcb0a337c668								syn26536561
file				HTA9_2_056_C429_S45_L002_R1_001.fastq.gz			16552473	cd95d5d54d62efd48ef6472992cd1cc9								syn26536552
file				HTA9_2_056_C430_S46_L002_R1_001.fastq.gz			60103449	2e47fc77805f87700f4757dd05a18973								syn26536565
file				HTA9_2_056_C433_S49_L002_R1_001.fastq.gz			20941133	bb4ba83d7d8ad18400cae02c7902a112								syn26536557
file				HTA9_2_056_C434_S50_L002_R1_001.fastq.gz			63075124	8fb15510f0c0323975637a02ce3bf770								syn26536567
file				HTA9_2_056_C435_S51_L002_R1_001.fastq.gz			50783410	614643505c998bdbf83ab25736db3046								syn26536568
file				HTA9_2_056_C439_S55_L002_R1_001.fastq.gz			30504981	b8f9ec3ffd8aa40288fa283a7c65f719								syn26536566
file				HTA9_2_056_C441_S57_L002_R1_001.fastq.gz			67332035	ebb51ed15ad1a5993f0be34f1225f747								syn26536574
file				HTA9_2_056_C442_S58_L002_R1_001.fastq.gz			52281983	cc3dc2ff191fac84cdba6eff8b1202e1								syn26536576
file				HTA9_2_056_C443_S59_L002_R1_001.fastq.gz			49862733	fcefbde51bfaabd05cde2f6fa9769cbc								syn26536575
file				HTA9_2_056_C444_S60_L002_R1_001.fastq.gz			59331560	15d0d44cb5b2e5ed4d3430bdcccdedc8								syn26536581
file				HTA9_2_056_C446_S62_L002_R1_001.fastq.gz			101686340	5f809d837deac9df01ef27fd0ee0c2b1								syn26536591
file				HTA9_2_056_C450_S66_L002_R1_001.fastq.gz			34959842	8a69ca5b1e7534f4e08ac46441bf3c43								syn26536583
file				HTA9_2_056_C451_S67_L002_R1_001.fastq.gz			30151918	ec5aa3ec2b61bffd07d769bb30f37d54								syn26536587
file				HTA9_2_056_C455_S71_L002_R1_001.fastq.gz			32946359	e34660720ac8a5a40ed1deec170dcdbb								syn26536582
file				HTA9_2_056_C458_S74_L002_R1_001.fastq.gz			41092360	bb065ef835a5c5b6632d3bce01afe08f								syn26536590
file				HTA9_2_056_C459_S75_L002_R1_001.fastq.gz			71692321	e74c986f1360fedbb966e0e8d87e40d6								syn26536601
file				HTA9_2_056_C461_S77_L002_R1_001.fastq.gz			25761370	6b2c2c881569b00b1bbe2142cfacb147								syn26536593
file				HTA9_2_056_C462_S78_L002_R1_001.fastq.gz			63099525	feeb3806dc622abbff4048c51f271170								syn26536600
file				HTA9_2_056_C466_S82_L002_R1_001.fastq.gz			35111909	cfdddd0244453550a7a5dcd4895c9ba6								syn26536599
file				HTA9_2_056_C471_S87_L002_R1_001.fastq.gz			30538128	6671755ef2216e6aac29914e99b5eea4								syn26536597
file				HTA9_2_056_C472_S88_L002_R1_001.fastq.gz			102841746	b16c972448342083a38a954d811ed283								syn26536614
file				HTA9_2_056_C473_S89_L002_R1_001.fastq.gz			96910928	6c00d199c6ebab5c0897ad5e7fa211b7								syn26536615
file				HTA9_2_056_C476_S92_L002_R1_001.fastq.gz			38828390	142ec32a06720ca44edf58a2c03611f1								syn26536607
file				HTA9_2_056_C481_S97_L002_R1_001.fastq.gz			52482062	d091c852d4e96870b70c3d07b9206eb1								syn26536610
file				HTA9_2_056_C483_S99_L002_R1_001.fastq.gz			40043775	19b5d532911887692d7f5fbd5c5cd307								syn26536609
file				HTA9_2_056_C484_S100_L002_R1_001.fastq.gz			27580936	19a8f8af3685cc4f080ef7a306d8dae6								syn26536617
file				HTA9_2_056_C488_S104_L002_R1_001.fastq.gz			79925234	574585303aafc5cc31a257aef379fcc0								syn26536624
file				HTA9_2_056_C492_S108_L002_R1_001.fastq.gz			70266312	5f3145d808c306ba7f3d6d0f1fda02a1								syn26536627
file				HTA9_2_056_C493_S109_L002_R1_001.fastq.gz			66197406	86eb373b567d3051e323f0bd92c8991e								syn26536631
file				HTA9_2_056_C497_S113_L002_R1_001.fastq.gz			43291137	f55180147b15458b84e4b438489ca596								syn26536623
file				HTA9_2_056_C498_S114_L002_R1_001.fastq.gz			61304857	592e1d88a2a96f73ae51916447a0bead								syn26536629
file				HTA9_2_056_C501_S117_L002_R1_001.fastq.gz			14528115	0b146b7fd6eb8e2869720c5fbf438370								syn26536634
file				HTA9_2_056_C506_S122_L002_R1_001.fastq.gz			35525620	7d4b7930c87e8059fc979de242c20263								syn26536636
file				HTA9_2_056_C507_S123_L002_R1_001.fastq.gz			63584203	e8c7622f71f27666b0a94572db0f474c								syn26536638
file				HTA9_2_056_C509_S125_L002_R1_001.fastq.gz			54939227	a205c03ebed43bf571f23279a53379d8								syn26536644
file				HTA9_2_056_C513_S129_L002_R1_001.fastq.gz			83688579	8c3b74549d2f4f07ded9eeab4006179c								syn26536652
file				HTA9_2_056_C515_S131_L002_R1_001.fastq.gz			43962930	1d53688c9c9fac1bd4f8f2e59cb17331								syn26536642
file				HTA9_2_056_C523_S139_L002_R1_001.fastq.gz			33466106	6bbdcb2f37af08309a029d1ff4c9967e								syn26536645
file				HTA9_2_056_C525_S141_L002_R1_001.fastq.gz			74829696	5edfc8cc578c6f124b253a53dd84bbc2								syn26536657
file				HTA9_2_056_C529_S145_L002_R1_001.fastq.gz			32957379	124505f85fefcdcb7f380d823589ab4a								syn26536651
file				HTA9_2_056_C530_S146_L002_R1_001.fastq.gz			51275331	027ecee2861b1d1dfe0d9e5e3db1f9f7								syn26536659
file				HTA9_2_056_C531_S147_L002_R1_001.fastq.gz			124502231	ae8e512d78912c08770db1cf07f19c49								syn26536671
file				HTA9_2_056_C532_S148_L002_R1_001.fastq.gz			61637505	93e89df7a908b4bd53d718babcb37bf4								syn26536664
file				HTA9_2_056_C533_S149_L002_R1_001.fastq.gz			36584722	8fe739cc6e25e1b014f68d617873f463								syn26536663
file				HTA9_2_056_C534_S150_L002_R1_001.fastq.gz			23914354	830065a09e981a07dd22f351570d8ff0								syn26536661
file				HTA9_2_056_C537_S153_L002_R1_001.fastq.gz			67445182	4445bf6c148fe608625fcb5c9a985f85								syn26536672
file				HTA9_2_056_C538_S154_L002_R1_001.fastq.gz			24653760	1aee51712a057dc1dc37e61118be3a67								syn26536667
file				HTA9_2_056_C539_S155_L002_R1_001.fastq.gz			18752367	f494cd2e147e89b6e757d795fecc82c6								syn26536668
file				HTA9_2_056_C541_S157_L002_R1_001.fastq.gz			88018690	572731c619b23fac5f97369a348f1230								syn26536687
file				HTA9_2_056_C545_S161_L002_R1_001.fastq.gz			59430536	b28e7e1f1549251bd4285fab6d6977c0								syn26536684
file				HTA9_2_056_C547_S163_L002_R1_001.fastq.gz			56177898	9cec6bea23a309ad3e4212ddbb456512								syn26536679
file				HTA9_2_056_C548_S164_L002_R1_001.fastq.gz			44403043	5f4670240dfff8d677f45faca86cae4d								syn26536680
file				HTA9_2_056_C549_S165_L002_R1_001.fastq.gz			49892648	6471ad3981cdfc022c07906918d3e1ab								syn26536681
file				HTA9_2_056_C551_S167_L002_R1_001.fastq.gz			76931452	d79b9c3b57316432e24b056317e0018a								syn26536697
file				HTA9_2_056_C553_S169_L002_R1_001.fastq.gz			22425760	61783f1f70ef3073943ca713359540a7								syn26536685
file				HTA9_2_056_C555_S171_L002_R1_001.fastq.gz			43788735	bd6f2be02fc131c93f5195ac1a84f4f7								syn26536693
file				HTA9_2_056_C557_S173_L002_R1_001.fastq.gz			55923327	73ef495ebc60acd66e72c56b88889936								syn26536695
file				HTA9_2_056_C561_S177_L002_R1_001.fastq.gz			17542169	d279a17eb6d4e811ca30e2ef63dc012f								syn26536688
file				HTA9_2_056_C565_S181_L002_R1_001.fastq.gz			54867360	ae899ad9accba2d62e7e56b51a9e79c8								syn26536698
file				HTA9_2_056_C566_S182_L002_R1_001.fastq.gz			94534216	71e58b974388905f3e186254e57ff397								syn26536710
file				HTA9_2_056_C572_S188_L002_R1_001.fastq.gz			41329191	ed62ded6436d410fc7b9358b1618333a								syn26536703
file				HTA9_2_056_C573_S189_L002_R1_001.fastq.gz			37726072	0ce1a8251b2a2003ec5e4525d6b578f3								syn26536700
file				HTA9_2_056_C577_S193_L002_R1_001.fastq.gz			60281095	7429b0601ff23cdae7781b9de01dcc12								syn26536708
file				HTA9_2_056_C581_S197_L002_R1_001.fastq.gz			76102256	b851a6f7ced163685546767efa946d30								syn26536713
file				HTA9_2_056_C582_S198_L002_R1_001.fastq.gz			59971953	d3f5d844573db7bd5a4f2bf8dfa19dae								syn26536716
file				HTA9_2_056_C584_S200_L002_R1_001.fastq.gz			23936596	15b6c03f800dca871f90549bd2453457								syn26536712
file				HTA9_2_056_C588_S204_L002_R1_001.fastq.gz			61049668	8f13372cf4565db72b485fe78589827b								syn26536723
file				HTA9_2_056_C589_S205_L002_R1_001.fastq.gz			58098249	5e7a01a1550f4c79afabf05f5f5ee672								syn26536719
file				HTA9_2_056_C593_S209_L002_R1_001.fastq.gz			75320336	bac4431a1894a6652583f5bfccb9197d								syn26536725
file				HTA9_2_056_C594_S210_L002_R1_001.fastq.gz			34869148	32228f0fb870a4bd3f9240de73fcb8a5								syn26536721
file				HTA9_2_056_C596_S212_L002_R1_001.fastq.gz			40115775	7786a0719f4dce56a56e8cae7aaa4433								syn26536726
file				HTA9_2_056_C599_S215_L002_R1_001.fastq.gz			61377515	087085fc4e54bf6bb423d9d56c957e13								syn26536733
file				HTA9_2_056_C600_S216_L002_R1_001.fastq.gz			32797101	cc9652b5b8db8f51c6346f17d2b642b6								syn26536728
file				HTA9_2_056_C601_S217_L002_R1_001.fastq.gz			25871134	bb8c9a7853423d97b71332a60c0bc8bd								syn26536731
file				HTA9_2_056_C604_S220_L002_R1_001.fastq.gz			84649026	d316d77c40f89e0c15c3e0f158520af2								syn26536739
file				HTA9_2_056_C605_S221_L002_R1_001.fastq.gz			118205411	8cafb6a173e716881c1f4d1e1b6321c4								syn26536799
file				HTA9_2_056_C609_S225_L002_R1_001.fastq.gz			102497436	9833752c543cc779105be69315d75c5c								syn26536743
file				HTA9_2_056_C610_S226_L002_R1_001.fastq.gz			75014603	2fd86c0ef7d5102e61a123bddd89128b								syn26536741
file				HTA9_2_056_C611_S227_L002_R1_001.fastq.gz			81925416	4c9c300043358e044835065349f4be2d								syn26536745
file				HTA9_2_056_C612_S228_L002_R1_001.fastq.gz			23219945	225b9076cefd1eeb3473e0cba9ac8427								syn26536747
file				HTA9_2_056_C613_S229_L002_R1_001.fastq.gz			70118092	793c0e478fec39a5c91ac952b7a254ce								syn26536753
file				HTA9_2_056_C614_S230_L002_R1_001.fastq.gz			22637395	6d3b55285574e56daf7437079e0470dc								syn26536748
file				HTA9_2_056_C615_S231_L002_R1_001.fastq.gz			86564034	699167cff160fe935e8245a5d9bb3f9f								syn26536759
file				HTA9_2_056_C616_S232_L002_R1_001.fastq.gz			32001073	584347d4bb90fea4e1952ea45922340a								syn26536749
file				HTA9_2_056_C625_S241_L002_R1_001.fastq.gz			71715114	5bb50d65713955638a4349101ff99d6c								syn26536761
file				HTA9_2_056_C626_S242_L002_R1_001.fastq.gz			52368606	2eaa1dfd5bee456664b0026f30a21c93								syn26536758
file				HTA9_2_056_C627_S243_L002_R1_001.fastq.gz			130205253	91713aa2c99706ba15db0d77715ff221								syn26536786
file				HTA9_2_056_C628_S244_L002_R1_001.fastq.gz			51140972	167d24c1b70698c0c20de801bd892b3e								syn26536766
file				HTA9_2_056_C630_S246_L002_R1_001.fastq.gz			86259164	0f5a96903113bdf47a6c6308671323dc								syn26536783
file				HTA9_2_056_C631_S247_L002_R1_001.fastq.gz			73972400	b9617a26e774e92e007261e5e81b497b								syn26536780
file				HTA9_2_056_C632_S248_L002_R1_001.fastq.gz			56229526	14b297425e206b4f8826b7dfb68a9093								syn26536776
file				HTA9_2_056_C633_S249_L002_R1_001.fastq.gz			39479334	cbbc0a76ca8cd4d594715fc4a3736029								syn26536779
file				HTA9_2_056_C634_S250_L002_R1_001.fastq.gz			39380637	e50f3c4cf94993eecc755bc78bad0e93								syn26536789
file				HTA9_2_056_C641_S257_L002_R1_001.fastq.gz			43191840	10abbe15ed9323ba36405b4a493c80cb								syn26536790
file				HTA9_2_056_C642_S258_L002_R1_001.fastq.gz			12880798	e0986fed3cb9ad802d7e8a9e5fd17a5b								syn26536785
file				HTA9_2_056_C643_S259_L002_R1_001.fastq.gz			25624807	59f3d57b70b301e5affcfe484b636753								syn26536787
file				HTA9_2_056_C644_S260_L002_R1_001.fastq.gz			53200704	c62388e046dbdd4483e52e7c3f4a479b								syn26536794
file				HTA9_2_056_C645_S261_L002_R1_001.fastq.gz			72133011	2630be12aa9c19db6e7b29ced5448927								syn26536800
file				HTA9_2_056_C646_S262_L002_R1_001.fastq.gz			23552687	ed4832d5ecfac8988562ebd4db1b6084								syn26536796
file				HTA9_2_056_C647_S263_L002_R1_001.fastq.gz			44608368	211b72d7b447c230d67cb7fb76a89640								syn26536801
file				HTA9_2_056_C648_S264_L002_R1_001.fastq.gz			59589021	f96bd5cde06d888d8fe48528b26c9282								syn26536803
file				HTA9_2_056_C649_S265_L002_R1_001.fastq.gz			53634564	5461322c1344eba05d5936ce20f8a435								syn26536807
file				HTA9_2_056_C650_S266_L002_R1_001.fastq.gz			35391698	0966a049586c89f454659ba2b1047470								syn26536804
file				HTA9_2_056_C652_S268_L002_R1_001.fastq.gz			35975985	5270761b841b52ef45e42d31dc0fe9b4								syn26536811
file				HTA9_2_056_C653_S269_L002_R1_001.fastq.gz			32369525	1ede89fac1210d5f4c43e3cd822f4116								syn26536810
file				HTA9_2_056_C657_S273_L002_R1_001.fastq.gz			41636904	af944686d105da69fb1097a65a5ca4b9								syn26536814
file				HTA9_2_056_C658_S274_L002_R1_001.fastq.gz			85282078	cc1d5316537a56c02abcaa9236a2f21c								syn26536823
file				HTA9_2_056_C659_S275_L002_R1_001.fastq.gz			71096605	b84fa130f1f1f643853506aa93e4a6dc								syn26536819
file				HTA9_2_056_C660_S276_L002_R1_001.fastq.gz			112697802	f2d02551c49d7566580a2414bd674057								syn26536859
file				HTA9_2_056_C661_S277_L002_R1_001.fastq.gz			94344264	27373789db9219bf7884b93f6bf24418								syn26536831
file				HTA9_2_056_C662_S278_L002_R1_001.fastq.gz			71808493	45a39a9c4ed97c663078467bf5441f71								syn26536825
file				HTA9_2_056_C663_S279_L002_R1_001.fastq.gz			53952420	7fc63ab0dd4df8860831f9791ecdb590								syn26536834
file				HTA9_2_056_C665_S281_L002_R1_001.fastq.gz			74740438	2593a1ea7b72f84df473303ccc832119								syn26536836
file				HTA9_2_056_C666_S282_L002_R1_001.fastq.gz			42473933	dd6fd8f799556a3608771377fa98a44d								syn26536833
file				HTA9_2_056_C673_S289_L002_R1_001.fastq.gz			18441034	064b521a428bf3a3524fe1adbd3bad6f								syn26536832
file				HTA9_2_056_C674_S290_L002_R1_001.fastq.gz			47495243	66a9b6b9202c5c5e17a022bd1ad2b499								syn26536835
file				HTA9_2_056_C675_S291_L002_R1_001.fastq.gz			77852012	bbfcbeed065663f3495db5d4d2d3b463								syn26536838
file				HTA9_2_056_C676_S292_L002_R1_001.fastq.gz			59242993	c2ba4adc4d3f220779b7ec5dbe195530								syn26536840
file				HTA9_2_056_C677_S293_L002_R1_001.fastq.gz			64279938	f4cb968dc6031ce0472e3311f94c9726								syn26536842
file				HTA9_2_056_C678_S294_L002_R1_001.fastq.gz			57626614	af31b5485cf48d75f3b4194f49435b60								syn26536839
file				HTA9_2_056_C680_S296_L002_R1_001.fastq.gz			37910268	67226d4e81f15ee6165971b245bcf5d5								syn26536837
file				HTA9_2_056_C681_S297_L002_R1_001.fastq.gz			38954956	3cf9c59869dacb0acf4b890f606b85d5								syn26536844
file				HTA9_2_056_C682_S298_L002_R1_001.fastq.gz			30707597	e09ebe53d222213c341933e0ecf35c63								syn26536849
file				HTA9_2_056_C683_S299_L002_R1_001.fastq.gz			45130347	3ad18ab844998373b3c49dd1fd116082								syn26536845
file				HTA9_2_056_C684_S300_L002_R1_001.fastq.gz			52088586	06cd40d5ea78deed9262d7d9ee5fb84d								syn26536847
file				HTA9_2_056_C685_S301_L002_R1_001.fastq.gz			15033315	f66efc214ed03b5f77ff1b4a0cb1798e								syn26536843
file				HTA9_2_056_C695_S311_L002_R1_001.fastq.gz			24430596	35e413e8c2d55a4de64f33f4f582f984								syn26536846
file				HTA9_2_056_C705_S321_L002_R1_001.fastq.gz			29079274	a7a98677a5b2b91158a7c528df04dc13								syn26536848
file				HTA9_2_056_C706_S322_L002_R1_001.fastq.gz			83893640	0d8587fa68eb664e1f7822f740a14f94								syn26536851
file				HTA9_2_056_C707_S323_L002_R1_001.fastq.gz			100213663	0145ef3fcd8308de79599d083ad413b1								syn26536852
file				HTA9_2_056_C709_S325_L002_R1_001.fastq.gz			63154411	ceb1ab1746bbef0df7d4de003a6a7e9c								syn26536850
file				HTA9_2_056_C710_S326_L002_R1_001.fastq.gz			110438636	63b62e63d9c15e9ec67290869658b1e2								syn26536855
file				HTA9_2_056_C711_S327_L002_R1_001.fastq.gz			53499533	ee3ddf3be1590171be3be863ba9df446								syn26536853
file				HTA9_2_056_C712_S328_L002_R1_001.fastq.gz			60085153	6c758adf5b7bb1079ec1d90fe997e181								syn26536858
file				HTA9_2_056_C713_S329_L002_R1_001.fastq.gz			82029689	acee6b91bb984ae03c3183a891013ab2								syn26536862
file				HTA9_2_056_C715_S331_L002_R1_001.fastq.gz			60860263	d851746dedaae616ed1c7be403c8d81b								syn26536860
file				HTA9_2_056_C716_S332_L002_R1_001.fastq.gz			44547235	be46dd8aaac764344f8859175cc9d39d								syn26536861
file				HTA9_2_056_C722_S338_L002_R1_001.fastq.gz			103495064	29d8ee77bf2946957083e6cf127681b4								syn26536867
file				HTA9_2_056_C723_S339_L002_R1_001.fastq.gz			15553913	ae8b002eed90dbe7da1cdc810cdacd0e								syn26536863
file				HTA9_2_056_C724_S340_L002_R1_001.fastq.gz			91181111	161dfc68a6ad41962d84935f3d0ca1d2								syn26536869
file				HTA9_2_056_C725_S341_L002_R1_001.fastq.gz			120700890	903f42b4214b47035684effee7b901e4								syn26536871
file				HTA9_2_056_C726_S342_L002_R1_001.fastq.gz			80916240	6579c34268c186208111ee898192e138								syn26536866
file				HTA9_2_056_C727_S343_L002_R1_001.fastq.gz			72521655	e58bc4fd34ed7680f93b1d303e9ed0f7								syn26536868
file				HTA9_2_056_C728_S344_L002_R1_001.fastq.gz			66959501	a424655e33dbc3134c951d18b1244a5f								syn26536873
file				HTA9_2_056_C730_S346_L002_R1_001.fastq.gz			49878449	802eab84daa91d66a351e889d67814d6								syn26536874
file				HTA9_2_056_C731_S347_L002_R1_001.fastq.gz			42962960	a1170a7636fba540fd7a9d5efc999d44								syn26536876
file				HTA9_2_056_C732_S348_L002_R1_001.fastq.gz			31076168	edaa196f7f95712fce47f8e8d71c7df5								syn26536875
file				HTA9_2_056_C733_S349_L002_R1_001.fastq.gz			15006889	fdbaa902cc1c6fb64c87e10c9e0c657e								syn26536870
file				HTA9_2_056_C738_S354_L002_R1_001.fastq.gz			16617893	df6006c49b61e9d146009d51dd301b70								syn26536877
file				HTA9_2_056_C739_S355_L002_R1_001.fastq.gz			112591025	7020780088fb3da8ec8434c266914de0								syn26536884
file				HTA9_2_056_C741_S357_L002_R1_001.fastq.gz			69369670	276311f4a2ba6831d1e4ccbd6171e22c								syn26536880
file				HTA9_2_056_C742_S358_L002_R1_001.fastq.gz			45180257	f427fc17fd827421ab5385e86bcb9ac8								syn26536879
file				HTA9_2_056_C744_S360_L002_R1_001.fastq.gz			37938159	f417550dda6fc0fde90c92da66f4ddec								syn26536881
file				HTA9_2_056_C745_S361_L002_R1_001.fastq.gz			63159637	32ce37aaf61bdca791e5bdce80973c6b								syn26536882
file				HTA9_2_056_C746_S362_L002_R1_001.fastq.gz			26372957	eb9d9cf0e60efebbb158d15928e9c190								syn26536883
file				HTA9_2_056_C747_S363_L002_R1_001.fastq.gz			57042351	d90bc5bd8dfe2844f5221e3fc44c2a48								syn26536885
file				HTA9_2_056_C748_S364_L002_R1_001.fastq.gz			53473911	681a6d397b637d18c2ed0ad267d54e2d								syn26536887
file				HTA9_2_056_C749_S365_L002_R1_001.fastq.gz			30635935	17cf9f5a14d90233d909b3d9c6d3c0b1								syn26536886
file				HTA9_2_056_C753_S369_L002_R1_001.fastq.gz			61307655	d6ca36c1ece5916cdd0222fd50598b8a								syn26536888
file				HTA9_2_056_C754_S370_L002_R1_001.fastq.gz			55934175	4a438234ed502822a363fbfcd13417fd								syn26536889
file				HTA9_2_056_C755_S371_L002_R1_001.fastq.gz			106566348	044f6c77814c02e20c1e144d5560a2c4								syn26536895
file				HTA9_2_056_C756_S372_L002_R1_001.fastq.gz			72866487	2aba761677764ee4971aef8d7d5a6a19								syn26536891
file				HTA9_2_056_C760_S376_L002_R1_001.fastq.gz			35029363	79b686ef08164a265e49a47bc4395774								syn26536890
file				HTA9_2_056_C761_S377_L002_R1_001.fastq.gz			48233220	53cfec7d73ddce683c586f42aed7831e								syn26536892
file				HTA9_2_056_C763_S379_L002_R1_001.fastq.gz			50151343	6cc257220004d4ee62e2824705ba1085								syn26536894
file				HTA9_2_056_C764_S380_L002_R1_001.fastq.gz			28557944	6b76fe1c32526d86952bc9a200376871								syn26536893
file				HTA9_2_55_C10_S10_L001_R1_001.fastq.gz			269507595	df7e6f7c0401554e46cc63ac7b3c9ae4								syn26536901
file				HTA9_2_55_C13_S13_L001_R1_001.fastq.gz			22993775	04d7c643f0ae11cff0c955dd83a0e1e2								syn26536896
file				HTA9_2_55_C18_S17_L001_R1_001.fastq.gz			395944890	6a0b28a20ca7d0b11e523d4cd000dd6e								syn26536905
file				HTA9_2_55_C19_S18_L001_R1_001.fastq.gz			421226754	950beb41fe1641497dfa969b74aae451								syn26536906
file				HTA9_2_55_C1_S1_L001_R1_001.fastq.gz			52553603	ccdee5d8339eb090396c72adf003b045								syn26536898
file				HTA9_2_55_C20_S19_L001_R1_001.fastq.gz			374185602	db93674f00b6ab1cb6d778be38f20ee7								syn26536904
file				HTA9_2_55_C21_S20_L001_R1_001.fastq.gz			440486390	d69f32d77b368f89c5d2497efdfb5617								syn26536909
file				HTA9_2_55_C22_S21_L001_R1_001.fastq.gz			331390375	4a789bc5acdfb7a1ad95700064563c2b								syn26536911
file				HTA9_2_55_C23_S22_L001_R1_001.fastq.gz			24334158	79089838b123798aa01e951395958402								syn26536903
file				HTA9_2_55_C25_S24_L001_R1_001.fastq.gz			290362991	4da00941a51366ad30880674697f8fb6								syn26536914
file				HTA9_2_55_C26_S25_L001_R1_001.fastq.gz			419648244	22eff79224ddd0aa4578b228c9d3e2aa								syn26536916
file				HTA9_2_55_C27_S26_L001_R1_001.fastq.gz			376045140	23dd284d462eef423de0bbc22fb4e53d								syn26536915
file				HTA9_2_55_C29_S28_L001_R1_001.fastq.gz			426769940	d53068a95edaca2adef31717ef3d1224								syn26536922
file				HTA9_2_55_C2_S2_L001_R1_001.fastq.gz			37393854	15d406cac73c37dff122d44c519706ae								syn26536912
file				HTA9_2_55_C30_S29_L001_R1_001.fastq.gz			245761156	aa56709aaa581e716016ac2c4ff219d0								syn26536920
file				HTA9_2_55_C31_S30_L001_R1_001.fastq.gz			194902456	b979f8d6bf78fc23a0ad484a50eaca6c								syn26536932
file				HTA9_2_55_C34_S33_L001_R1_001.fastq.gz			368242410	ca49a5e7fe96b9a1e080825ecf81f830								syn26536926
file				HTA9_2_55_C35_S34_L001_R1_001.fastq.gz			397648831	80ce43b6b6af2fcdd201d0f4f37deeac								syn26536930
file				HTA9_2_55_C36_S35_L001_R1_001.fastq.gz			28853677	23eaa40f36e1bdaa58f4d7be8df85477								syn26536918
file				HTA9_2_55_C37_S36_L001_R1_001.fastq.gz			401217439	1d031b659fb8422ee9f1559438483a85								syn26536935
file				HTA9_2_55_C38_S37_L001_R1_001.fastq.gz			353349227	39724b415f693b573e94144efdd6d3ed								syn26536934
file				HTA9_2_55_C39_S38_L001_R1_001.fastq.gz			373560884	00d7adc3bcbb4f36430a5e8f52dbde45								syn26536936
file				HTA9_2_55_C3_S3_L001_R1_001.fastq.gz			211099640	279db9e35f579ebcbd6913ce601637e7								syn26536939
file				HTA9_2_55_C40_S39_L001_R1_001.fastq.gz			358742482	a1c78315564955f4c6a7fa8648fab099								syn26536942
file				HTA9_2_55_C4_S4_L001_R1_001.fastq.gz			363538477	f21b13afc45156c0b0d011c283975eeb								syn26536944
file				HTA9_2_55_C5_S5_L001_R1_001.fastq.gz			387566526	e626cd2ea9cb6440698c7017b87d1eeb								syn26536948
file				HTA9_2_55_C6_S6_L001_R1_001.fastq.gz			448998054	914aa758d9d584a7cb185a02fc3a9ec3								syn26536951
file				HTA9_2_55_C7_S7_L001_R1_001.fastq.gz			422345750	55cb45049144e5c715150b2977ae9b33								syn26536954
file				HTA9_2_55_C8_S8_L001_R1_001.fastq.gz			385661520	dda409105c15e486910a542b99c9c9d7								syn26536972
file				HTA9_2_55_C9_S9_L001_R1_001.fastq.gz			393620598	0680bb8dc11f90fd07ca4e3cac748fd0								syn26536975
file				HTA9_3_1st_C101_S2909_L008_R1_001.fastq.gz			45830636	74135b716569e1f2ac51880d075936b7								syn26536950
file				HTA9_3_1st_C104_S2912_L008_R1_001.fastq.gz			49270764	c91949e21b0bdee1b21aeadf9bff4daf								syn26536952
file				HTA9_3_1st_C105_S2913_L008_R1_001.fastq.gz			68542626	4fe129c541f913c80bda91970d91780c								syn26536955
file				HTA9_3_1st_C108_S2916_L008_R1_001.fastq.gz			66465885	e9a58fdc8af7254a6045988462a243ab								syn26536957
file				HTA9_3_1st_C109_S2917_L008_R1_001.fastq.gz			53479418	cfb329c895e0e1ea9ccb8dcfb6075b15								syn26536956
file				HTA9_3_1st_C110_S2918_L008_R1_001.fastq.gz			60053673	58f5171481171ad05c8a34e80c8ca091								syn26536958
file				HTA9_3_1st_C111_S2919_L008_R1_001.fastq.gz			35552989	27083203712baec5f8cf6c6bf78eadc0								syn26536959
file				HTA9_3_1st_C112_S2920_L008_R1_001.fastq.gz			53827575	bdf46c70f6c1935d0c026e8330cc1a95								syn26536962
file				HTA9_3_1st_C115_S2923_L008_R1_001.fastq.gz			7858978	988a14c98b0f7539875bf1f92b807cb9								syn26536960
file				HTA9_3_1st_C117_S2925_L008_R1_001.fastq.gz			49415672	d147638fcdfb14d35af5f594d728f862								syn26536963
file				HTA9_3_1st_C120_S2928_L008_R1_001.fastq.gz			63962885	b0965d8c6a112f93f83a65c91bbd048f								syn26536964
file				HTA9_3_1st_C121_S2929_L008_R1_001.fastq.gz			64521422	bf101cb415eaa07b3ff77a7e3b10dd9f								syn26536966
file				HTA9_3_1st_C122_S2930_L008_R1_001.fastq.gz			44134749	c068e5bf47805fa61d584a9889022a0e								syn26536969
file				HTA9_3_1st_C124_S2932_L008_R1_001.fastq.gz			44696231	c9380e49e86485f24ba6eaa2ae0f8945								syn26536970
file				HTA9_3_1st_C126_S2934_L008_R1_001.fastq.gz			39549400	374aeac6f609cdead36d697a5d06a036								syn26536973
file				HTA9_3_1st_C128_S2936_L008_R1_001.fastq.gz			72601374	127e1f24f4db8c0d153aee0087610346								syn26536977
file				HTA9_3_1st_C130_S2938_L008_R1_001.fastq.gz			7411672	dc3df98ce0eec43fac83c22cc5ef85cb								syn26536965
file				HTA9_3_1st_C131_S2939_L008_R1_001.fastq.gz			5351591	55d6c4206edbe0fcff90f87275bc0944								syn26536967
file				HTA9_3_1st_C132_S2940_L008_R1_001.fastq.gz			25377979	477c36f8a6f1eb33a139d834c482d426								syn26536976
file				HTA9_3_1st_C136_S2944_L008_R1_001.fastq.gz			54538521	d13c954ee57d008802ed87848bd74291								syn26536980
file				HTA9_3_1st_C137_S2945_L008_R1_001.fastq.gz			58158859	955def5c05ee3623746f1caa8a73ef0c								syn26536981
file				HTA9_3_1st_C139_S2947_L008_R1_001.fastq.gz			46548203	bde75521bc246bb4776e11476f1f142d								syn26536979
file				HTA9_3_1st_C140_S2948_L008_R1_001.fastq.gz			41949416	aa117d65b44ad2f475908815690d30f5								syn26536982
file				HTA9_3_1st_C141_S2949_L008_R1_001.fastq.gz			37900262	b870d9673b2e74312cf75c54f5987b80								syn26536983
file				HTA9_3_1st_C142_S2950_L008_R1_001.fastq.gz			40799332	579a54d5ba0c56298d10ef321338d6c7								syn26536985
file				HTA9_3_1st_C143_S2951_L008_R1_001.fastq.gz			39200398	dee3da10040723f31933c827c6e4adcf								syn26536984
file				HTA9_3_1st_C149_S2957_L008_R1_001.fastq.gz			41812999	3b135503cf880b4d475c96e4cbb7f6b5								syn26536986
file				HTA9_3_1st_C153_S2961_L008_R1_001.fastq.gz			34621176	f8af5965631eeb13f10578c99eb40644								syn26536992
file				HTA9_3_1st_C155_S2963_L008_R1_001.fastq.gz			30056964	8fdfc440eb6256ee7b2be75bed784a37								syn26536989
file				HTA9_3_1st_C157_S2965_L008_R1_001.fastq.gz			29209108	8ff95cee80103677bf1e2979a2ddbef8								syn26536990
file				HTA9_3_1st_C159_S2967_L008_R1_001.fastq.gz			36719834	5fb2fd34c14b17644402551d9e0d11fd								syn26536993
file				HTA9_3_1st_C163_S2971_L008_R1_001.fastq.gz			5192475	7af74aaa855be34c71ef829718e7ac46								syn26536987
file				HTA9_3_1st_C164_S2972_L008_R1_001.fastq.gz			7553057	56ae762537a5678072c23eb116da2160								syn26536988
file				HTA9_3_1st_C166_S2974_L008_R1_001.fastq.gz			37848459	2aecee6df9a4fbaffcf873b0a1eb956c								syn26536995
file				HTA9_3_1st_C170_S2978_L008_R1_001.fastq.gz			32868538	92021c975aac45e8ccfbe5a27f27fbcf								syn26536996
file				HTA9_3_1st_C172_S2980_L008_R1_001.fastq.gz			36267293	c9356ef8d028dc4be8412777388a3855								syn26536994
file				HTA9_3_1st_C183_S2991_L008_R1_001.fastq.gz			50430145	ceafbc959ca394fd4bb0b453f998c01d								syn26536998
file				HTA9_3_1st_C185_S2993_L008_R1_001.fastq.gz			37108917	692285063fb9d1ae35fed74994fbf7b2								syn26536997
file				HTA9_3_1st_C186_S2994_L008_R1_001.fastq.gz			59459993	aced01e763d50253354dc6cb3e9aa065								syn26537003
file				HTA9_3_1st_C189_S2997_L008_R1_001.fastq.gz			58081957	2eb3cdc8af5b62d04c4b0b8f50db2d7e								syn26537001
file				HTA9_3_1st_C190_S2998_L008_R1_001.fastq.gz			62443615	c839488f2435f30cb01f79327779035d								syn26537002
file				HTA9_3_1st_C191_S2999_L008_R1_001.fastq.gz			43462005	206a4b0153d1b0c5c0eb08bc63f7a5aa								syn26537004
file				HTA9_3_1st_C194_S3002_L008_R1_001.fastq.gz			3495856	997fabb2a0cd43f47fa6afcf00fe832a								syn26536999
file				HTA9_3_1st_C196_S3004_L008_R1_001.fastq.gz			15213397	62ba17e472546d8bff903e94bb81bb90								syn26537000
file				HTA9_3_1st_C197_S3005_L008_R1_001.fastq.gz			39666477	8f19eff8768cced616bfcaf42ada8f99								syn26537006
file				HTA9_3_1st_C199_S3007_L008_R1_001.fastq.gz			62166912	851214735a30d8bb37b60cb8e72e93fe								syn26537010
file				HTA9_3_1st_C19_S2827_L008_R1_001.fastq.gz			10471583	fa8f412495e12b92bc7886514c8f1484								syn26537005
file				HTA9_3_1st_C201_S3009_L008_R1_001.fastq.gz			47664752	3238d10c2a3c5a41ed4c615979f49d93								syn26537009
file				HTA9_3_1st_C204_S3012_L008_R1_001.fastq.gz			54468008	96e4ff7a7e326d495e51046248b4bd59								syn26537011
file				HTA9_3_1st_C207_S3015_L008_R1_001.fastq.gz			56311567	60d1051216b437fb1596028e3f94cc1f								syn26537013
file				HTA9_3_1st_C208_S3016_L008_R1_001.fastq.gz			67380268	da288f92355f1e95740d087990433a3c								syn26537015
file				HTA9_3_1st_C210_S3018_L008_R1_001.fastq.gz			5293853	fad48c9144bd8364683063307bcb5950								syn26537007
file				HTA9_3_1st_C213_S3021_L008_R1_001.fastq.gz			44697708	64002f9e5e5d62d4907a015730175ae6								syn26537016
file				HTA9_3_1st_C214_S3022_L008_R1_001.fastq.gz			39517339	6dea0930a6b2fa974b6113276e9fa28d								syn26537018
file				HTA9_3_1st_C215_S3023_L008_R1_001.fastq.gz			49615147	37f6529c07ed25300aea0631963fa800								syn26537020
file				HTA9_3_1st_C219_S3027_L008_R1_001.fastq.gz			56907551	170b44a0b581549052b68ffe29d76edb								syn26537023
file				HTA9_3_1st_C21_S2829_L008_R1_001.fastq.gz			6325272	f87da5c5a9a5bfeaf1e73ad7636e0363								syn26537017
file				HTA9_3_1st_C221_S3029_L008_R1_001.fastq.gz			52384462	285d32980bfb33d2fea3776a9b8ddf22								syn26537025
file				HTA9_3_1st_C223_S3031_L008_R1_001.fastq.gz			49113084	f1f511cf7e3f72c768a5550c84bf5bde								syn26537024
file				HTA9_3_1st_C224_S3032_L008_R1_001.fastq.gz			60809265	951fba8b37ac753e67ed40c6d5fdd358								syn26537026
file				HTA9_3_1st_C228_S3036_L008_R1_001.fastq.gz			4770790	d291b4049ecf0942449b36e12af7e86c								syn26537021
file				HTA9_3_1st_C22_S2830_L008_R1_001.fastq.gz			9479674	18f746d5b4a5fde5d7b4f1cc78c05c12								syn26537022
file				HTA9_3_1st_C238_S3046_L008_R1_001.fastq.gz			57219008	32930327e15921785c8688d692c47f47								syn26537029
file				HTA9_3_1st_C239_S3047_L008_R1_001.fastq.gz			50095301	0126e8ae058c059a9479d7b01217006d								syn26537028
file				HTA9_3_1st_C240_S3048_L008_R1_001.fastq.gz			83130297	36aa32381a3943c57f6f23ff89ddc6e0								syn26537032
file				HTA9_3_1st_C244_S3052_L008_R1_001.fastq.gz			9806975	c9c528afd8cbb42fd011dd2babac1329								syn26537027
file				HTA9_3_1st_C245_S3053_L008_R1_001.fastq.gz			45613134	4dffd97c199b3ae53a2d5e9c2907c2c5								syn26537031
file				HTA9_3_1st_C247_S3055_L008_R1_001.fastq.gz			34781848	b3c28f6e97b51c71f17c1d3bc6b48607								syn26537030
file				HTA9_3_1st_C248_S3056_L008_R1_001.fastq.gz			33120502	801e2e5e260fb9964792ae3dd950514d								syn26537033
file				HTA9_3_1st_C249_S3057_L008_R1_001.fastq.gz			36575505	8ba4420480112f886e13dedf771af2b2								syn26537034
file				HTA9_3_1st_C250_S3058_L008_R1_001.fastq.gz			26876109	c7ce76af7433cb7ede3e8b18cef33d16								syn26537036
file				HTA9_3_1st_C253_S3061_L008_R1_001.fastq.gz			23283871	32959c45871f0de3ca6bedd7655a89d0								syn26537037
file				HTA9_3_1st_C254_S3062_L008_R1_001.fastq.gz			37196421	74179d209a389abd441ad6bb0009edd9								syn26537038
file				HTA9_3_1st_C25_S2833_L008_R1_001.fastq.gz			59406169	894b398e501a9077215f6f6ac766b94d								syn26537041
file				HTA9_3_1st_C261_S3069_L008_R1_001.fastq.gz			59673698	bb97737496d44802076c9c0bdac42b25								syn26537039
file				HTA9_3_1st_C262_S3070_L008_R1_001.fastq.gz			51399448	99f705b14140a02b271a8b81a8fdec71								syn26537042
file				HTA9_3_1st_C263_S3071_L008_R1_001.fastq.gz			70070250	af7ffeb5d666b7e35d66cd8309cadc35								syn26537047
file				HTA9_3_1st_C264_S3072_L008_R1_001.fastq.gz			37204120	3d5d241a27fe84479818e11b007de3fd								syn26537040
file				HTA9_3_1st_C265_S3073_L008_R1_001.fastq.gz			41866578	c134b4b7243fd12ff36d75192d0922ca								syn26537044
file				HTA9_3_1st_C266_S3074_L008_R1_001.fastq.gz			47176892	2a6aae1a8c5cc4b7cc81291bae082e4d								syn26537046
file				HTA9_3_1st_C270_S3078_L008_R1_001.fastq.gz			52756849	ef1229ac4d727aaea980f2f4f396b97f								syn26537051
file				HTA9_3_1st_C272_S3080_L008_R1_001.fastq.gz			47139594	bc33bf29b6d18703091efa108b6ae353								syn26537048
file				HTA9_3_1st_C273_S3081_L008_R1_001.fastq.gz			2465819	c0a3bf3d1babb02e64be7438bc9d896d								syn26537045
file				HTA9_3_1st_C275_S3083_L008_R1_001.fastq.gz			9272983	2cbbd18d83d8ae04831157fe182784f8								syn26537049
file				HTA9_3_1st_C277_S3085_L008_R1_001.fastq.gz			63186488	99abe880f4841b9cbd62f9f64f26ed0a								syn26537054
file				HTA9_3_1st_C279_S3087_L008_R1_001.fastq.gz			25509149	8aefb979d30fbad99d0a2ff398b60f88								syn26537050
file				HTA9_3_1st_C280_S3088_L008_R1_001.fastq.gz			46385000	3cf29c1fc913eb98508618276ab42c19								syn26537053
file				HTA9_3_1st_C281_S3089_L008_R1_001.fastq.gz			39086296	73fd2df8944da1ad92db646aa769b7d5								syn26537052
file				HTA9_3_1st_C282_S3090_L008_R1_001.fastq.gz			60887782	8a8e2ea6a232b0770a530eb5be6fa1e2								syn26537056
file				HTA9_3_1st_C283_S3091_L008_R1_001.fastq.gz			33555737	8eaa8611ae23afb48a8047efb6797865								syn26537057
file				HTA9_3_1st_C286_S3094_L008_R1_001.fastq.gz			53321309	aec9ee1036834b325327ad31da4dbde2								syn26537060
file				HTA9_3_1st_C287_S3095_L008_R1_001.fastq.gz			60698132	3a934e5669ec000b422d870fcfd33a5b								syn26537061
file				HTA9_3_1st_C288_S3096_L008_R1_001.fastq.gz			53347752	e0801d6e8921e22c7d6f1dacaca024f4								syn26537062
file				HTA9_3_1st_C289_S3097_L008_R1_001.fastq.gz			2497470	a0413bf390dd865c608fb19dee8582d4								syn26537055
file				HTA9_3_1st_C28_S2836_L008_R1_001.fastq.gz			67088202	aac7a5ffd584e8d3b2c4028a744fd7b7								syn26537064
file				HTA9_3_1st_C290_S3098_L008_R1_001.fastq.gz			5013110	532b2df33e4c6c4ec3c6e61d985e0310								syn26537058
file				HTA9_3_1st_C291_S3099_L008_R1_001.fastq.gz			7095456	c552fcb81613e4764955b9e26c31ab77								syn26537059
file				HTA9_3_1st_C294_S3102_L008_R1_001.fastq.gz			59010668	fe52c956736b02d58b2848e252964131								syn26537063
file				HTA9_3_1st_C295_S3103_L008_R1_001.fastq.gz			52785610	de4160f64ff25c02ccb9318e73e086ff								syn26537067
file				HTA9_3_1st_C297_S3105_L008_R1_001.fastq.gz			52037618	e7fbecb1c1c77e1588da3e5deef98d96								syn26537066
file				HTA9_3_1st_C29_S2837_L008_R1_001.fastq.gz			66672002	a31fe52cea3ad642842c79a9c2a17973								syn26537070
file				HTA9_3_1st_C300_S3108_L008_R1_001.fastq.gz			51074388	96f5d31db42da94a6784edd62aba838c								syn26537069
file				HTA9_3_1st_C304_S3112_L008_R1_001.fastq.gz			69757624	5dd3ff60a5f0a6db74ec2c7ae6ed71c9								syn26537072
file				HTA9_3_1st_C306_S3114_L008_R1_001.fastq.gz			1792880	8306aa553e8c19f06cce3a858ad6844d								syn26537065
file				HTA9_3_1st_C307_S3115_L008_R1_001.fastq.gz			18407784	18b6f50e4eb19ed4cb22d8f52cdd28f8								syn26537071
file				HTA9_3_1st_C308_S3116_L008_R1_001.fastq.gz			11754744	605570fe748b4735919e8c1362610439								syn26537068
file				HTA9_3_1st_C309_S3117_L008_R1_001.fastq.gz			60699770	ab1c4883ff1d62b7dbe0cab8f8b8f335								syn26537075
file				HTA9_3_1st_C30_S2838_L008_R1_001.fastq.gz			48552859	9ee0ce7d0350f4ab01eb6d1ed683e7cc								syn26537074
file				HTA9_3_1st_C310_S3118_L008_R1_001.fastq.gz			16718163	5fc7817ba2c6652ee20986374b8430f3								syn26537073
file				HTA9_3_1st_C313_S3121_L008_R1_001.fastq.gz			38512467	68dcf30d85dafab0961f41aea5d7f18a								syn26537076
file				HTA9_3_1st_C314_S3122_L008_R1_001.fastq.gz			57235754	ce7ae8655073de4e7ceb53e49665ea9b								syn26537078
file				HTA9_3_1st_C315_S3123_L008_R1_001.fastq.gz			41408868	47ab4750de2cb1c591fd5f9c916a06ba								syn26537077
file				HTA9_3_1st_C318_S3126_L008_R1_001.fastq.gz			45280773	3e217e4a99179cb147191a72972cc5ac								syn26537081
file				HTA9_3_1st_C31_S2839_L008_R1_001.fastq.gz			53407517	b585a504f30d96f66412554fbec527e5								syn26537083
file				HTA9_3_1st_C320_S3128_L008_R1_001.fastq.gz			59272213	d7c4d35d26f47e873dbd4cd2fe91fed0								syn26537084
file				HTA9_3_1st_C323_S3131_L008_R1_001.fastq.gz			16296076	99e7fc046608e3dd58614f4592ddc3b7								syn26537082
file				HTA9_3_1st_C324_S3132_L008_R1_001.fastq.gz			7466523	8e3d8bd608e5f4189563595f6b434f96								syn26537080
file				HTA9_3_1st_C327_S3135_L008_R1_001.fastq.gz			53560278	b3c127ba1a2ca31d4c3a726e51db0304								syn26537085
file				HTA9_3_1st_C328_S3136_L008_R1_001.fastq.gz			40234623	2da36b6dd6662b6d4dd9e13dc17f5ad8								syn26537087
file				HTA9_3_1st_C329_S3137_L008_R1_001.fastq.gz			41347758	dfa5121a39b22c8a1d4b5675562fdc3d								syn26537089
file				HTA9_3_1st_C332_S3140_L008_R1_001.fastq.gz			42232231	e6a8a754d49f018e8d40752265967455								syn26537091
file				HTA9_3_1st_C333_S3141_L008_R1_001.fastq.gz			62716659	e52bec9ee96c61d02d61dfcd8830aaed								syn26537097
file				HTA9_3_1st_C334_S3142_L008_R1_001.fastq.gz			54705465	79e5f43957c3573556b0ea915da8fd28								syn26537096
file				HTA9_3_1st_C335_S3143_L008_R1_001.fastq.gz			55249360	c0e6ca8d41dd0dc4e92d8d8b73dea89f								syn26537095
file				HTA9_3_1st_C336_S3144_L008_R1_001.fastq.gz			12195964	bbcccee995c16d8698419c59fd8d1ebd								syn26537090
file				HTA9_3_1st_C340_S3148_L008_R1_001.fastq.gz			14252942	62e1dc6f9e7fabb86dd2e9172665b1d1								syn26537093
file				HTA9_3_1st_C342_S3150_L008_R1_001.fastq.gz			68886263	11e276c4e6c940d458f8fb4fb18665af								syn26537101
file				HTA9_3_1st_C343_S3151_L008_R1_001.fastq.gz			60645753	a7ac831cdc146f84f9affb84a2b62e25								syn26537103
file				HTA9_3_1st_C347_S3155_L008_R1_001.fastq.gz			35409265	780e260e445caa6720ccab729d6c4646								syn26537099
file				HTA9_3_1st_C350_S3158_L008_R1_001.fastq.gz			59084003	9745eb0ff3552cbf6a86e1a4c8812e00								syn26537102
file				HTA9_3_1st_C356_S3164_L008_R1_001.fastq.gz			9369245	dfb4c0794044a9bd892185811b575027								syn26537098
file				HTA9_3_1st_C358_S3166_L008_R1_001.fastq.gz			16655819	f11a58b49e3ad48e55b9b61cc8ce097a								syn26537100
file				HTA9_3_1st_C360_S3168_L008_R1_001.fastq.gz			46980756	fa0292f770d695ab1058b0ee118ba3a9								syn26537107
file				HTA9_3_1st_C361_S3169_L008_R1_001.fastq.gz			31673555	72c517fbf099caf6ff5697c0c2a154de								syn26537104
file				HTA9_3_1st_C365_S3173_L008_R1_001.fastq.gz			21914994	a93aeedc762fef3434c6549589b47c25								syn26537108
file				HTA9_3_1st_C366_S3174_L008_R1_001.fastq.gz			60047472	20d973c95e719a8a133b531e33ae8eef								syn26537110
file				HTA9_3_1st_C373_S3181_L008_R1_001.fastq.gz			19022072	b59371c9df154dfacc8e89b9da62d704								syn26537106
file				HTA9_3_1st_C376_S3184_L008_R1_001.fastq.gz			39314912	9ff14d48253b2dc27fac03f78dc96c4b								syn26537111
file				HTA9_3_1st_C377_S3185_L008_R1_001.fastq.gz			52089383	df0ec35de84fb4435632dc6dcc49d251								syn26537114
file				HTA9_3_1st_C379_S3187_L008_R1_001.fastq.gz			25592501	e32f02038ed5f4694b5fed7a2ddc5f72								syn26537112
file				HTA9_3_1st_C381_S3189_L008_R1_001.fastq.gz			15168407	76588abab8fb824729f3247047e4b1a5								syn26537109
file				HTA9_3_1st_C382_S3190_L008_R1_001.fastq.gz			49920894	3b93083e24c3b54acebdcc84c3e90800								syn26537115
file				HTA9_3_1st_C40_S2848_L008_R1_001.fastq.gz			60074994	61f1edb5f7442aafd1b783c8e488b07e								syn26537121
file				HTA9_3_1st_C44_S2852_L008_R1_001.fastq.gz			68150149	3378f29f55c37174798c06df6a263b96								syn26537117
file				HTA9_3_1st_C48_S2856_L008_R1_001.fastq.gz			12418272	652ef84f694c753ea4b27acc87e3eeef								syn26537113
file				HTA9_3_1st_C53_S2861_L008_R1_001.fastq.gz			14290650	cc1f16d459bead8da3b4a148614fe72d								syn26537116
file				HTA9_3_1st_C55_S2863_L008_R1_001.fastq.gz			20535265	b8948e445a8e6eeb55a78851da042c2b								syn26537118
file				HTA9_3_1st_C57_S2865_L008_R1_001.fastq.gz			50095516	0608f0e7dd19fdd9b8e4d3adfb4c3844								syn26537122
file				HTA9_3_1st_C58_S2866_L008_R1_001.fastq.gz			50365337	cbd2a516661de5e0688f84ce47a65043								syn26537126
file				HTA9_3_1st_C5_S2813_L008_R1_001.fastq.gz			8712865	85126fde8ca89ffb1bcf9aeb777b358b								syn26537120
file				HTA9_3_1st_C60_S2868_L008_R1_001.fastq.gz			52090085	5b8d7a4eef75aeb92b5e8f9e9c8e5f19								syn26537127
file				HTA9_3_1st_C61_S2869_L008_R1_001.fastq.gz			71681795	dc914f65c4243e6f2b775f5fd9474126								syn26537130
file				HTA9_3_1st_C62_S2870_L008_R1_001.fastq.gz			60174298	8e533407b4ae471fe49c93a37165ad6f								syn26537131
file				HTA9_3_1st_C63_S2871_L008_R1_001.fastq.gz			59430953	9c283381deb2af7b9be4dcc86c8ed0c6								syn26537133
file				HTA9_3_1st_C66_S2874_L008_R1_001.fastq.gz			8921768	499ec3bfd6aac0080ab3c7120db25c71								syn26537129
file				HTA9_3_1st_C67_S2875_L008_R1_001.fastq.gz			8028260	6c11db2425dab2bfbe991417ebf8d046								syn26537128
file				HTA9_3_1st_C70_S2878_L008_R1_001.fastq.gz			58687634	a3eaab94370eecbb18684859a490dcb0								syn26537137
file				HTA9_3_1st_C73_S2881_L008_R1_001.fastq.gz			43008073	5698f3e4382a3e342a312ced17288b24								syn26537139
file				HTA9_3_1st_C77_S2885_L008_R1_001.fastq.gz			40334951	5ea9de90c02147cfd2770db9fb0e28f7								syn26537136
file				HTA9_3_1st_C80_S2888_L008_R1_001.fastq.gz			13619983	a4f09e355cf4bff366fa2336a30bdc27								syn26537134
file				HTA9_3_1st_C82_S2890_L008_R1_001.fastq.gz			8061066	2ba33bc592d6a42434afe80ea92c11d0								syn26537132
file				HTA9_3_1st_C83_S2891_L008_R1_001.fastq.gz			10295546	2299f4eec32a5b09ff830df4ae5358d3								syn26537138
file				HTA9_3_1st_C84_S2892_L008_R1_001.fastq.gz			10089590	e4744dd252c68843059f573bac7c7280								syn26537140
file				HTA9_3_1st_C89_S2897_L008_R1_001.fastq.gz			40464965	e55ea06c659b13707fe4aff2aee23d1c								syn26537141
file				HTA9_3_1st_C8_S2816_L008_R1_001.fastq.gz			51052320	46efdcbfbeac71e8994702f517ea2694								syn26537145
file				HTA9_3_1st_C90_S2898_L008_R1_001.fastq.gz			47111764	7cf65a48a5f1aed50a8e827f0f8162f6								syn26537146
file				HTA9_3_1st_C94_S2902_L008_R1_001.fastq.gz			49127226	a0752018468a41a0f23c13b33959a131								syn26537147
file				HTA9_3_1st_C95_S2903_L008_R1_001.fastq.gz			57412607	1f80c3d5c5cc9b511903fab32739677e								syn26537150
file				HTA9_3_1st_C9_S2817_L008_R1_001.fastq.gz			41067239	34d320009252010d565b47498bae6320								syn26537151
file				HTA9_3_2nd_C113_S881_L003_R1_001.fastq.gz			24451071	aca3c02055705a7a5f5700fd065185f1								syn26537149
file				HTA9_3_2nd_C114_S882_L003_R1_001.fastq.gz			51557221	574cee07137524b9ad3b972974f9e6d6								syn26537154
file				HTA9_3_2nd_C115_S883_L003_R1_001.fastq.gz			44815214	fe199ae19ff491dcefe497e2bacf159b								syn26537153
file				HTA9_3_2nd_C117_S885_L003_R1_001.fastq.gz			40092053	08df787fd9619c477a59921dad74e2da								syn26537156
file				HTA9_3_2nd_C170_S938_L003_R1_001.fastq.gz			49198695	b828e8d3f4aa01ba31783f3b501dffaa								syn26537157
file				HTA9_3_2nd_C171_S939_L003_R1_001.fastq.gz			36401604	1d17ecada2306d48a536056a1020ddfb								syn26537155
file				HTA9_3_2nd_C173_S941_L003_R1_001.fastq.gz			38239474	d341b7d82d01422d4a73727e5e08fb91								syn26537158
file				HTA9_3_2nd_C174_S942_L003_R1_001.fastq.gz			47891672	237ade2dc169f8df43384b18437ecc5c								syn26537160
file				HTA9_3_2nd_C175_S943_L003_R1_001.fastq.gz			38017172	7251bb03a30147e4747732f45cfbf1fe								syn26537159
file				HTA9_3_2nd_C178_S946_L003_R1_001.fastq.gz			47668397	1b01110e5b4c2c2e116fa7d506311875								syn26537166
file				HTA9_3_2nd_C179_S947_L003_R1_001.fastq.gz			51277594	e5837b1dccbe56ec12e6a70f67a0050a								syn26537161
file				HTA9_3_2nd_C180_S948_L003_R1_001.fastq.gz			51067344	8b9f2868e3238c3d09cf416b5bd4b964								syn26537162
file				HTA9_3_2nd_C181_S949_L003_R1_001.fastq.gz			41010335	acc63cbf7b92752b8fe48302ebcfb3cb								syn26537164
file				HTA9_3_2nd_C182_S950_L003_R1_001.fastq.gz			26818496	145694e3f77fdcdc55debff97480fd12								syn26537163
file				HTA9_3_2nd_C184_S952_L003_R1_001.fastq.gz			41405340	15146c7bd344f5f54f5a363a89a16769								syn26537165
file				HTA9_3_2nd_C189_S957_L003_R1_001.fastq.gz			33912087	c1473efdd7f3a4407683f4985a7171e7								syn26537168
file				HTA9_3_2nd_C18_S786_L003_R1_001.fastq.gz			10472487	cb8dc57afc78d1484576483489e828fa								syn26537167
file				HTA9_3_2nd_C191_S959_L003_R1_001.fastq.gz			30404665	91380d467d2e923cb194ecd45e824666								syn26537169
file				HTA9_3_2nd_C194_S962_L003_R1_001.fastq.gz			36303537	6c24f7d9c371b86a07bb3742241728d5								syn26537171
file				HTA9_3_2nd_C195_S963_L003_R1_001.fastq.gz			33943512	acc849b785ef003a3c5c54e9580e2336								syn26537173
file				HTA9_3_2nd_C196_S964_L003_R1_001.fastq.gz			27861893	d36cee236774a2e7aadd23148b27911c								syn26537172
file				HTA9_3_2nd_C197_S965_L003_R1_001.fastq.gz			31977527	039416d8800bea8158f8a32fa5a33523								syn26537174
file				HTA9_3_2nd_C199_S967_L003_R1_001.fastq.gz			41295656	40daeb21a497ed7faebe8e77398f67cc								syn26537178
file				HTA9_3_2nd_C200_S968_L003_R1_001.fastq.gz			38386841	a6a40d5f505e78f0f640ef0969c38dd3								syn26537176
file				HTA9_3_2nd_C201_S969_L003_R1_001.fastq.gz			27720353	12503de43357dc36859117e8ed4044d3								syn26537177
file				HTA9_3_2nd_C202_S970_L003_R1_001.fastq.gz			29750527	017058feebad6534dcacf58f16947b83								syn26537179
file				HTA9_3_2nd_C203_S971_L003_R1_001.fastq.gz			35559141	ef705f51f33d353c7cdf54aa240205fd								syn26537186
file				HTA9_3_2nd_C204_S972_L003_R1_001.fastq.gz			28095789	41cad632d0cee6a388546f44ed1d9c7c								syn26537181
file				HTA9_3_2nd_C205_S973_L003_R1_001.fastq.gz			32953997	12e2cf292fb110cd5313c389d144d966								syn26537182
file				HTA9_3_2nd_C206_S974_L003_R1_001.fastq.gz			28335833	ad7fa6589b745eadb8a456e02c5c7a8f								syn26537187
file				HTA9_3_2nd_C207_S975_L003_R1_001.fastq.gz			41976830	0be9df06d2a7b24988c51d9685bba8b9								syn26537188
file				HTA9_3_2nd_C208_S976_L003_R1_001.fastq.gz			23465725	da3c335a8db489847aba65b4db82432d								syn26537185
file				HTA9_3_2nd_C209_S977_L003_R1_001.fastq.gz			29877972	13dc496b38aa0fb4aca6c73a5badd351								syn26537189
file				HTA9_3_2nd_C210_S978_L003_R1_001.fastq.gz			38291182	e1babb0c14a0fe6034c1e57eeeac2540								syn26537191
file				HTA9_3_2nd_C211_S979_L003_R1_001.fastq.gz			39656200	28ba461e5019478ed9bd77117b8d1794								syn26537195
file				HTA9_3_2nd_C212_S980_L003_R1_001.fastq.gz			27813701	d6b0b0eabba50f5d41aace4575e93ee3								syn26537190
file				HTA9_3_2nd_C214_S982_L003_R1_001.fastq.gz			36452531	86bb6d554a9dcf4cc6e85740bc069c10								syn26537194
file				HTA9_3_2nd_C21_S789_L003_R1_001.fastq.gz			53728961	a3774d3b108b9b3036fd644b7a9937a2								syn26537197
file				HTA9_3_2nd_C315_S1083_L003_R1_001.fastq.gz			27718084	777abc42aacd23af9919c2eac1899439								syn26537196
file				HTA9_3_2nd_C317_S1085_L003_R1_001.fastq.gz			22662915	f385546caeee73fc1a85f413a0efd3c5								syn26537198
file				HTA9_3_2nd_C318_S1086_L003_R1_001.fastq.gz			27606572	18bbc6e1e979f8b3530918685b67fc89								syn26537199
file				HTA9_3_2nd_C321_S1089_L003_R1_001.fastq.gz			30596969	e993d8a09f7205902156dbcc6644c1f1								syn26537200
file				HTA9_3_2nd_C322_S1090_L003_R1_001.fastq.gz			29891125	87f7198d0130ba10e9e391445d9011d4								syn26537203
file				HTA9_3_2nd_C323_S1091_L003_R1_001.fastq.gz			34180109	84c18918341e93001c3c4790bb838db2								syn26537202
file				HTA9_3_2nd_C324_S1092_L003_R1_001.fastq.gz			27719752	d9ee68f95ba67b3f809c2d256430d7d2								syn26537201
file				HTA9_3_2nd_C326_S1094_L003_R1_001.fastq.gz			30384478	75a6ebf92a6a1c8745dfc1abb289eb4b								syn26537204
file				HTA9_3_2nd_C329_S1097_L003_R1_001.fastq.gz			46745039	9569a64e9536d2a6c268155772d45446								syn26537207
file				HTA9_3_2nd_C330_S1098_L003_R1_001.fastq.gz			55518369	05fdb5aae367649cd906304a36190dbd								syn26537208
file				HTA9_3_2nd_C333_S1101_L003_R1_001.fastq.gz			30088067	bc8ceaa384ec304d67ad954391220264								syn26537205
file				HTA9_3_2nd_C336_S1104_L003_R1_001.fastq.gz			23679911	f4946f0f509cc93f1ccdab301d83ab0d								syn26537206
file				HTA9_3_2nd_C338_S1106_L003_R1_001.fastq.gz			51192898	ecfa25de95e588b577eaeeeda3dd9bf1								syn26537212
file				HTA9_3_2nd_C339_S1107_L003_R1_001.fastq.gz			82941474	a6f613d5a83e04cbd31f0aa5ee31487f								syn26537214
file				HTA9_3_2nd_C340_S1108_L003_R1_001.fastq.gz			37174603	26f58333f480ea11293f12259fedc065								syn26537210
file				HTA9_3_2nd_C342_S1110_L003_R1_001.fastq.gz			51004146	8fd53acf316c7adface54557592291d1								syn26537211
file				HTA9_3_2nd_C343_S1111_L003_R1_001.fastq.gz			10158764	d4e900ff0400042c7dc4da3326e8839e								syn26537209
file				HTA9_3_2nd_C344_S1112_L003_R1_001.fastq.gz			10647449	af4b355e14187b5aafff36be36965efb								syn26537213
file				HTA9_3_2nd_C345_S1113_L003_R1_001.fastq.gz			42571383	dbbdb39fe344c38310d87bf2c77b3698								syn26537216
file				HTA9_3_2nd_C346_S1114_L003_R1_001.fastq.gz			44751900	bb0b6bbaf17640a71f7e0811d2bffe38								syn26537217
file				HTA9_3_2nd_C350_S1118_L003_R1_001.fastq.gz			36798303	bb281ef54919a68eb2693d4fd1e2a26c								syn26537218
file				HTA9_3_2nd_C352_S1120_L003_R1_001.fastq.gz			33901094	4650bc4cd06f6131a570bc6b63bdb913								syn26537219
file				HTA9_3_2nd_C353_S1121_L003_R1_001.fastq.gz			49851752	956bae2f34255ba841eb3dc9ffaa58e4								syn26537220
file				HTA9_3_2nd_C355_S1123_L003_R1_001.fastq.gz			54828172	febc8f014bc873e5f21acf6fd9fe4d41								syn26537225
file				HTA9_3_2nd_C356_S1124_L003_R1_001.fastq.gz			34529994	b30876ff25a26ce3a67116beb1d90a0b								syn26537222
file				HTA9_3_2nd_C359_S1127_L003_R1_001.fastq.gz			19080194	15334b277ed4afb2d3df7739b7c55627								syn26537221
file				HTA9_3_2nd_C35_S803_L003_R1_001.fastq.gz			40262777	ab2ea5cba0756fb0aecc510c879e7e87								syn26537226
file				HTA9_3_2nd_C360_S1128_L003_R1_001.fastq.gz			12895878	5fd1c5ee832cc554409ed6d0ad18d6fd								syn26537223
file				HTA9_3_2nd_C361_S1129_L003_R1_001.fastq.gz			43467070	c5fc779aa6c4969ce4ecc79f6c10e537								syn26537228
file				HTA9_3_2nd_C362_S1130_L003_R1_001.fastq.gz			37481247	a92731efe80ed0d95ae93d3cd38192ba								syn26537229
file				HTA9_3_2nd_C364_S1132_L003_R1_001.fastq.gz			44533127	b5946ecfd926cf1e2f00715741ec8b0f								syn26537231
file				HTA9_3_2nd_C366_S1134_L003_R1_001.fastq.gz			42882240	b3363fc3c474770bf521b147d1f693e6								syn26537230
file				HTA9_3_2nd_C367_S1135_L003_R1_001.fastq.gz			40546535	082a3d52e7cd7d8cabf88f5fc8574bca								syn26537232
file				HTA9_3_2nd_C369_S1137_L003_R1_001.fastq.gz			46643434	7478d8bf04c800212ac1c3cd7a722120								syn26537235
file				HTA9_3_2nd_C36_S804_L003_R1_001.fastq.gz			42699452	02513300d9be4c503fece6441ee8e549								syn26537234
file				HTA9_3_2nd_C370_S1138_L003_R1_001.fastq.gz			55317660	2f8961e65de34c78a7bbb5e2d44c0f68								syn26537237
file				HTA9_3_2nd_C371_S1139_L003_R1_001.fastq.gz			67260987	c8b5eb9c0948bb54afa1b596c39ce304								syn26537243
file				HTA9_3_2nd_C372_S1140_L003_R1_001.fastq.gz			31986156	89592a64a3c8db8a93490bc119d53aaa								syn26537236
file				HTA9_3_2nd_C373_S1141_L003_R1_001.fastq.gz			35371179	95469aa2cd12b7d3b8f08bf9ba2782cd								syn26537241
file				HTA9_3_2nd_C374_S1142_L003_R1_001.fastq.gz			25071342	9ade21d097b4a9c97bc75d25c9c6b09e								syn26537242
file				HTA9_3_2nd_C37_S805_L003_R1_001.fastq.gz			52808522	4c2942fee4a19e64a9df37f420c15be3								syn26537246
file				HTA9_3_2nd_C380_S1148_L003_R1_001.fastq.gz			47048856	a643c132a31762f686a34f0f0beafbdd								syn26537244
file				HTA9_3_2nd_C381_S1149_L003_R1_001.fastq.gz			42255325	39b1ecb12764bb8d8002de469f27004a								syn26537248
file				HTA9_3_2nd_C382_S1150_L003_R1_001.fastq.gz			43877750	cefc7f74b657661f8b091e6ad5e4396c								syn26537247
file				HTA9_3_2nd_C384_S1152_L003_R1_001.fastq.gz			23980232	01b7228968bd4c83c38d96e0143d0479								syn26537245
file				HTA9_3_2nd_C385_S1153_L003_R1_001.fastq.gz			50833571	be591b7d99c21019130504f89ddc3d11								syn26537254
file				HTA9_3_2nd_C387_S1155_L003_R1_001.fastq.gz			53386373	45bbd4dc2da8a06cc542a5ccfbdea8b0								syn26537253
file				HTA9_3_2nd_C388_S1156_L003_R1_001.fastq.gz			29619779	81bf2c348c3944c2da4f4fba42e3ed77								syn26537249
file				HTA9_3_2nd_C390_S1158_L003_R1_001.fastq.gz			12733502	3002104dc16f6fc8f439b072dc4e42a3								syn26537251
file				HTA9_3_2nd_C391_S1159_L003_R1_001.fastq.gz			9329215	689249970c2c18435cc045f2d65b9731								syn26537250
file				HTA9_3_2nd_C392_S1160_L003_R1_001.fastq.gz			7606574	e6e45bf94f8af9c895c9f9aec2992bcb								syn26537252
file				HTA9_3_2nd_C393_S1161_L003_R1_001.fastq.gz			20124582	6913172b9e5107ceea0161cf04e7dee1								syn26537255
file				HTA9_3_2nd_C394_S1162_L003_R1_001.fastq.gz			44867737	1e44838829977f7b07b1559a14565b6e								syn26537258
file				HTA9_3_2nd_C395_S1163_L003_R1_001.fastq.gz			43306171	f773f0286f65274ea3defe2ab9c50f7d								syn26537259
file				HTA9_3_2nd_C396_S1164_L003_R1_001.fastq.gz			41583021	fcb2cea63de02df11905afcb49d3444d								syn26537256
file				HTA9_3_2nd_C397_S1165_L003_R1_001.fastq.gz			38131227	62eec7ece3b6f9e10b6617368c593b65								syn26537257
file				HTA9_3_2nd_C398_S1166_L003_R1_001.fastq.gz			45440039	96e709ffb203753898df4ece8672f1e9								syn26537262
file				HTA9_3_2nd_C399_S1167_L003_R1_001.fastq.gz			53920480	a9cf5ece6691a3fb77b63beffaee3991								syn26537267
file				HTA9_3_2nd_C3_S771_L003_R1_001.fastq.gz			19633295	3351e00a276055ba571c80b9bf2641d6								syn26537261
file				HTA9_3_2nd_C400_S1168_L003_R1_001.fastq.gz			28843690	24079b7b5c33daa620b60ff375f9e86b								syn26537263
file				HTA9_3_2nd_C402_S1170_L003_R1_001.fastq.gz			47904490	aeca08a5da0d2bf87dfc132009198d07								syn26537264
file				HTA9_3_2nd_C403_S1171_L003_R1_001.fastq.gz			74801900	456fb96fdd88747e8d32fb864c1491b1								syn26537276
file				HTA9_3_2nd_C404_S1172_L003_R1_001.fastq.gz			43825241	1e8f8cffe661bfe61bbadf18bd999c16								syn26537270
file				HTA9_3_2nd_C405_S1173_L003_R1_001.fastq.gz			45516263	c5ceeb2ad620d3faa66333b253a0548d								syn26537272
file				HTA9_3_2nd_C406_S1174_L003_R1_001.fastq.gz			12089605	2749765e8c8dda82edd4199c01899c43								syn26537266
file				HTA9_3_2nd_C407_S1175_L003_R1_001.fastq.gz			8107126	502189387313c8e5d214234e421bf534								syn26537265
file				HTA9_3_2nd_C408_S1176_L003_R1_001.fastq.gz			5368017	2b2daae6dcc68ad298e42426f149463f								syn26537269
file				HTA9_3_2nd_C409_S1177_L003_R1_001.fastq.gz			47004039	12645d93151bc73eb42ffb6e5dea2a84								syn26537274
file				HTA9_3_2nd_C410_S1178_L003_R1_001.fastq.gz			32760193	b0587b3b7bc5c5cccd658fccb86023c8								syn26537273
file				HTA9_3_2nd_C411_S1179_L003_R1_001.fastq.gz			31853581	f2a803676ce814a25afb7053ae695625								syn26537279
file				HTA9_3_2nd_C412_S1180_L003_R1_001.fastq.gz			40260759	6ff198fdbc3c0f6a7ba96d23a93d4b81								syn26537280
file				HTA9_3_2nd_C414_S1182_L003_R1_001.fastq.gz			37503020	cb33786919d81a3dd0f76691715e35ed								syn26537281
file				HTA9_3_2nd_C417_S1185_L003_R1_001.fastq.gz			46475954	657dc56472d45a02cc19f7c9b2edae52								syn26537283
file				HTA9_3_2nd_C420_S1188_L003_R1_001.fastq.gz			41168646	996d00ee3206349838022d953b1cc3cf								syn26537282
file				HTA9_3_2nd_C421_S1189_L003_R1_001.fastq.gz			42639900	8117653997494de7b56c3d1ace3fbfcd								syn26537284
file				HTA9_3_2nd_C425_S1193_L003_R1_001.fastq.gz			37187697	01a4e3b6e2b0d0ed688b57c21561304a								syn26537285
file				HTA9_3_2nd_C426_S1194_L003_R1_001.fastq.gz			33536893	7e61af2813d54a0f260264d749164157								syn26537286
file				HTA9_3_2nd_C427_S1195_L003_R1_001.fastq.gz			38053439	531ff756725b666a5d89aa58056d91d6								syn26537288
file				HTA9_3_2nd_C430_S1198_L003_R1_001.fastq.gz			44014305	229df0bd7bf997488394303a4e2eb86b								syn26537290
file				HTA9_3_2nd_C431_S1199_L003_R1_001.fastq.gz			33525768	94ef0a9445e59b8bc33f63da67cb80a1								syn26537292
file				HTA9_3_2nd_C432_S1200_L003_R1_001.fastq.gz			30704878	34b4c7983cc45aeed1d109849bbe1647								syn26537291
file				HTA9_3_2nd_C434_S1202_L003_R1_001.fastq.gz			52285665	7211033597128eae0a52b965f72836a9								syn26537294
file				HTA9_3_2nd_C435_S1203_L003_R1_001.fastq.gz			81956266	91f9f0da3022bf865107bc51e839bc80								syn26537298
file				HTA9_3_2nd_C438_S1206_L003_R1_001.fastq.gz			41692648	d36635dfe2612e47fb47ecb4233860cb								syn26537295
file				HTA9_3_2nd_C439_S1207_L003_R1_001.fastq.gz			11010304	fedb8ffa3cce40143896c51422ec3013								syn26537293
file				HTA9_3_2nd_C441_S1209_L003_R1_001.fastq.gz			40350589	be368dc55f6769ac08e9ed17e6f01b8b								syn26537296
file				HTA9_3_2nd_C442_S1210_L003_R1_001.fastq.gz			40531930	d90787087e5cd0fb6c94b574801b25da								syn26537297
file				HTA9_3_2nd_C443_S1211_L003_R1_001.fastq.gz			35913507	d18b85e3b1599bffe71e7c77df782808								syn26537301
file				HTA9_3_2nd_C444_S1212_L003_R1_001.fastq.gz			35227887	8968fdf7a16097f5ef3ff0213a570424								syn26537299
file				HTA9_3_2nd_C445_S1213_L003_R1_001.fastq.gz			25687221	625667b8b71d531123b805ef601d8a2c								syn26537300
file				HTA9_3_2nd_C446_S1214_L003_R1_001.fastq.gz			45790819	8b0aaffac5c557bc24da9d617a875e91								syn26537304
file				HTA9_3_2nd_C447_S1215_L003_R1_001.fastq.gz			30518785	51c883f239005bbe3da7c9172ed1fdc7								syn26537303
file				HTA9_3_2nd_C448_S1216_L003_R1_001.fastq.gz			22237783	030b22fff801b5c0061e63bce707d0bb								syn26537302
file				HTA9_3_2nd_C449_S1217_L003_R1_001.fastq.gz			37675425	204a166214dc3773f60b56550be57f2c								syn26537305
file				HTA9_3_2nd_C451_S1219_L003_R1_001.fastq.gz			42569346	80f0088d1cf47d42808f7d572aebe33e								syn26537306
file				HTA9_3_2nd_C452_S1220_L003_R1_001.fastq.gz			46376558	77f7739cbce8179be89277ceec568d8e								syn26537310
file				HTA9_3_2nd_C454_S1222_L003_R1_001.fastq.gz			12159758	b81b6ef4789168ef53595d2dffd24ff9								syn26537307
file				HTA9_3_2nd_C457_S1225_L003_R1_001.fastq.gz			32171247	861ff4c94d9f380e5bc14ab25d31ca19								syn26537308
file				HTA9_3_2nd_C458_S1226_L003_R1_001.fastq.gz			48725055	6d16fafafb0862da8dac5320ba0e0d83								syn26537311
file				HTA9_3_2nd_C459_S1227_L003_R1_001.fastq.gz			39478795	7ff42cb805c235abfaa3f272599078e9								syn26537312
file				HTA9_3_2nd_C460_S1228_L003_R1_001.fastq.gz			49693424	d5eb5e94019d86b989e21a0edebc4768								syn26537313
file				HTA9_3_2nd_C462_S1230_L003_R1_001.fastq.gz			48732512	efc0546a0a7e51fb6ca53ea19de4eae3								syn26537318
file				HTA9_3_2nd_C463_S1231_L003_R1_001.fastq.gz			37417006	dd0a54b1cb50e37edab772f4fe0af7dd								syn26537317
file				HTA9_3_2nd_C464_S1232_L003_R1_001.fastq.gz			34569130	66ea828d470a0ec8374fc8f1e59da588								syn26537319
file				HTA9_3_2nd_C465_S1233_L003_R1_001.fastq.gz			47038305	ff53254573f4464342520c6751670197								syn26537321
file				HTA9_3_2nd_C466_S1234_L003_R1_001.fastq.gz			34354907	355c269a42c6c452b0eb8444e0c633da								syn26537320
file				HTA9_3_2nd_C467_S1235_L003_R1_001.fastq.gz			94207317	eb3e55562ab66637127a9bf98f55378d								syn26537360
file				HTA9_3_2nd_C473_S1241_L003_R1_001.fastq.gz			32024612	1e2fd2d7f3e3007f7bee5b5328f0be1a								syn26537323
file				HTA9_3_2nd_C474_S1242_L003_R1_001.fastq.gz			34557117	04c633e3aaf3cd0c036afd1f9b766cc7								syn26537322
file				HTA9_3_2nd_C475_S1243_L003_R1_001.fastq.gz			31894404	38e14cea92411b404ce269422d423842								syn26537324
file				HTA9_3_2nd_C476_S1244_L003_R1_001.fastq.gz			36860883	4bc222325fbba9dba1046866d1db27ad								syn26537325
file				HTA9_3_2nd_C477_S1245_L003_R1_001.fastq.gz			37272054	6d77c7a908f5b0e56b127b0d4bee5175								syn26537327
file				HTA9_3_2nd_C478_S1246_L003_R1_001.fastq.gz			40480286	a39893e5df4599fb50ee4e554baed20e								syn26537332
file				HTA9_3_2nd_C479_S1247_L003_R1_001.fastq.gz			46359519	3d267454fc939cab02212eceff056e50								syn26537329
file				HTA9_3_2nd_C480_S1248_L003_R1_001.fastq.gz			31189879	804dc974f7952bd9d1c75f0464c8e406								syn26537331
file				HTA9_3_2nd_C481_S1249_L003_R1_001.fastq.gz			33233664	6ea2962d6b1ef8deedd6dee82cd338de								syn26537328
file				HTA9_3_2nd_C484_S1252_L003_R1_001.fastq.gz			24169932	eada3428ae374e59afc16a50c7562b2f								syn26537330
file				HTA9_3_2nd_C491_S1259_L003_R1_001.fastq.gz			42827233	1d0249886d1d6be81e71e4c7ea4e937a								syn26537335
file				HTA9_3_2nd_C493_S1261_L003_R1_001.fastq.gz			36504192	f27aaeeaa52a57903475b979b4a383ed								syn26537334
file				HTA9_3_2nd_C495_S1263_L003_R1_001.fastq.gz			47600196	34ee9972b6d56c1c2b3106393321a1bb								syn26537336
file				HTA9_3_2nd_C496_S1264_L003_R1_001.fastq.gz			23487656	4b16eee1e1d7a5018bb53924f45bafb1								syn26537333
file				HTA9_3_2nd_C498_S1266_L003_R1_001.fastq.gz			43182720	dfdaea96444b4e8ce775b9ee53a1b925								syn26537340
file				HTA9_3_2nd_C499_S1267_L003_R1_001.fastq.gz			26881703	a54b0adb0c9c5fc1f14168e6990f0998								syn26537339
file				HTA9_3_2nd_C50_S818_L003_R1_001.fastq.gz			21122007	75b9f01e6cd1edd36532485362c77abe								syn26537338
file				HTA9_3_2nd_C51_S819_L003_R1_001.fastq.gz			59681987	9f1c83ca414259f6267d452e650b6b40								syn26537345
file				HTA9_3_2nd_C52_S820_L003_R1_001.fastq.gz			51487188	679e07b3487aa9a03ce08ed0b4764d69								syn26537343
file				HTA9_3_2nd_C53_S821_L003_R1_001.fastq.gz			30495795	ee9a01b80bd4125ef87d4a63576779a5								syn26537342
file				HTA9_3_2nd_C5_S773_L003_R1_001.fastq.gz			53048190	e6d352e6e87434b841a8025e23bac520								syn26537344
file				HTA9_3_2nd_C65_S833_L003_R1_001.fastq.gz			14895203	9229555f349c4cac2d858235296a44a5								syn26537341
file				HTA9_3_2nd_C66_S834_L003_R1_001.fastq.gz			43593406	9164673bfeba0d22c0c30103f66608f4								syn26537349
file				HTA9_3_2nd_C67_S835_L003_R1_001.fastq.gz			52876302	3534265aa5292b25198f32d492e0644c								syn26537350
file				HTA9_3_2nd_C68_S836_L003_R1_001.fastq.gz			34487522	3710b08575d95271b2ed838fca30aef5								syn26537346
file				HTA9_3_2nd_C69_S837_L003_R1_001.fastq.gz			43330704	77a77f48a4aa08c9bcf76b038f64c37a								syn26537348
file				HTA9_3_2nd_C97_S865_L003_R1_001.fastq.gz			16327207	17c6186ca2ed59f63350234dbc34f745								syn26537347
file				HTA9_3_2nd_C99_S867_L003_R1_001.fastq.gz			44935000	8ebf1186d9a98915f23ea5d3651f894f								syn26537352
file				Plate1945-sc-F3-P1-B3-L_173255.bam			5507165618	2d67b90808d878d3776ea6222da5c293								syn53633589
file				Plate1945-sc-E4-P1-A4-L_173262.bam			5408579345	2f6d1544d8769e9ae8e221f734ba3e34								syn53633524
file				Plate1945-sc-D4-P1-H3-L_173261.bam			4422940496	d51fcbd6587ba3d30a602c04c8c5d9b2								syn53632551
file				Plate1945-sc-F12-P1-E12-L_173330.bam			10196135272	d1f6b633fd3a786c2d929031143acb7f								syn53633572
file				Plate1945-sc-E3-P1-A3-L_173254.bam			4492882741	f045faf1e388da8690c9bff3c939d1ce								syn53632955
file				Plate1945-sc-G9-P1-E9-L_173306.bam			3985693592	2164722f9315ba104348113f0b501f1c								syn53633672
file				Plate1945-sc-B12-P1-A12-L_173326.bam			4549569532	7c3b4bd57fae45bb878299d82f671ebd								syn53631160
file				Plate1945-sc-G5-P1-C5-L_173272.bam			4439438368	7ce2a4e900962c63e8576a8848b96913								syn53633656
file				Plate1945-sc-B7-P1-F6-L_173283.bam			4783634498	22b46aaa195e1ed97675c7bf28e686ad								syn53631831
file				Plate1945-sc-C9-P1-H8-L_173301.bam			3605382494	bca598ab26967f2ed29a6f3a62a02e5c								syn53632314
file				Plate1945-sc-A6-P1-E5-L_173274.bam			3648174169	4683f794772eb7ca38024cfffcb3f5fb								syn53630794
file				Plate1945-sc-B8-P1-G7-L_173292.bam			4756441922	30023b8af629c4ef2744af2a3b954ee0								syn53631876
file				Plate1945-sc-F5-P1-B5-L_173271.bam			4513892156	c2d07e40a6c23ffeba4052fe39cae023								syn53633598
file				Plate1945-sc-G10-P1-E10-L_173314.bam			9277210203	0f23b464abcc5df7f5a8228e466d299d								syn53633643
file				Plate1945-sc-C12-P1-B12-L_173327.bam			5018022656	62c58a2ca70d0252dfe086d4a775da51								syn53632028
file				Plate1945-sc-H9-P1-F9-L_173307.bam			4784558666	407e6c0afcf1e02c802c937309dc4c4d								syn53633768
file				Plate1945-sc-G12-P1-F12-L_173331.bam			4801792613	bbeaffcceaca823bd6deb0ffe75ab943								syn53633645
file				Plate1945-sc-C10-P1-A10-L_173310.bam			8716401727	16bcb25b87e13b279a3868305460e696								syn53631953
file				Plate1945-sc-H8-P1-E8-L_173298.bam			4873492888	609eadaa90b7b5cd51de8ee0088a177a								syn53633765
file				Plate1945-sc-C1-P1-C1-L_173240.bam			4487831014	52d3887a67e33975f5415971be52d865								syn53632066
file				Plate1945-sc-C11-P1-B11-L_173319.bam			5228720997	e72c195e26a8357c0b80fd9a1d4fd213								syn53631992
file				Plate1945-sc-C3-P1-G2-L_173252.bam			5094797697	e070587676184ecb9ac13e0079bb78e7								syn53632119
file				Plate1945-sc-C8-P1-H7-L_173293.bam			5296982476	6a09a0363e5b8a8c4279ee6d9ad0921c								syn53632276
file				Plate1945-sc-E8-P1-B8-L_173295.bam			5222826621	14fee922d04a04a95808f8f99adc57b6								syn53633544
file				Plate1945-sc-E10-P1-C10-L_173312.bam			5305172232	f3db68dd3e119236ded51d04aa88f049								syn53632808
file				Plate1945-sc-E11-P1-D11-L_173321.bam			5335997060	1dc6636e9f5f8dd357c2cebecfb3ffc0								syn53632841
file				Plate1945-sc-D7-P1-H6-L_173285.bam			4301225288	ba6a524f66c0fcadfda8d6e813b3c2ab								syn53632691
file				Plate1945-sc-E2-P1-C2-L_173248.bam			4077803835	846901f84b3afd869542cffe266436f4								syn53632927
file				Plate1945-sc-D9-P1-B9-L_173303.bam			3943435970	ae316ffe252d74dc346ea22524ff709e								syn53632776
file				Plate1945-sc-F6-P1-B6-L_173279.bam			5059954011	62895436336d5b7a6e2f7c0573126a25								syn53633605
file				Plate1945-sc-F7-P1-C7-L_173288.bam			5502186319	b66d9a1ec3c391711c9e92fc7fbcbf3b								syn53633614
file				Plate1945-sc-E6-P1-A6-L_173278.bam			6683550187	c7887f16032e3c4b8b41dd6dd4461385								syn53633536
file				Plate1945-sc-G11-P1-F11-L_173323.bam			4572838853	02a03c39aad657310ea2a17ccd022073								syn53633644
file				Plate1945-sc-H10-P1-F10-L_173315.bam			4521707427	ff16b472aa3a69d23f7ec15ac7496ab0								syn53633675
file				Plate1945-sc-H4-P1-D4-L_173265.bam			4766858521	c75a98ec58c301c08260e303e5f40852								syn53633740
file				Plate1945-sc-D8-P1-A8-L_173294.bam			5038881683	990eb8fb4364bd06d2e3f50c5ffbb40e								syn53632742
file				PCGA20_408_1886_sc_D2-E1_L_176480.dedup.cleaned.bam			2150852202	3f44e0f28384dfbf742ecd41c1eb0fe8								syn58892285
file				PCGA20_408_1886_sc_A6-F2_L_176489.dedup.cleaned.bam			1705720556	5f5b7b0f522c700b41f6eef3c6847ff2								syn58890685
file				PCGA20_408_1886_sc_B2-C1_L_176478.dedup.cleaned.bam			2031240196	6411bd6d1455b2196dc4f2b531ffd081								syn58890909
file				PCGA20_408_1890_sc_B5-C6_L_176516.dedup.cleaned.bam			198614537	06886d88f5f54efda369a4cd27704f96								syn58893253
file				PCGA20_408_1890_sc_F1-E4_L_176503.dedup.cleaned.bam			1640100936	3e6f54b10a0aa7bd5b2ca60077cadb88								syn58894248
file				PCGA20_408_1890_sc_F6-B7_L_176522.dedup.cleaned.bam			2438703191	5b2617799085762b59b776353f1b206c								syn58894277
file				PCGA20_408_1890_sc_D5-D6_L_176517.dedup.cleaned.bam			1307643392	41ac623788594c03fe1bdde48b1ad51a								syn58894193
file				PCGA20_408_1890_sc_E2-G4_L_176505.dedup.cleaned.bam			1942314870	7258ea76db84c5e86e7724df65ddd12c								syn58894218
file				PCGA20_408_1890_sc_G3-E5_L_176510.dedup.cleaned.bam			1954446831	8dba1ee8e570d1dd63e7d4778d07d303								syn58894317
file				PCGA20_408_1890_sc_C3-C5_L_176508.dedup.cleaned.bam			2141684086	55519e7b4f1328870587d209d8d8688f								syn58893799
file				PCGA20_408_1890_sc_H2-B5_L_176507.dedup.cleaned.bam			1857774494	7d2532dd916494587c947d287334e7ff								syn58894340
file				PCGA20_408_1886_sc_D12-C4_L_176501.dedup.cleaned.bam			1812694959	d9b8cf732d58638cfe57960f45f7ca75								syn58892168
file				PCGA20_408_1890_sc_E7-E7_L_176525.dedup.cleaned.bam			1887882025	52284b4fcda47a33fdff1bff1f972eae								syn58894230
file				PCGA20_408_1886_sc_E3-A2_L_176484.dedup.cleaned.bam			1492975340	8565b8ae23958b3c2e65e92190595cc1								syn58892721
file				PCGA20_408_1886_sc_C2-D1_L_176479.dedup.cleaned.bam			2156665060	92cdbd9c204ec69eb84204ca27628c47								syn58891459
file				PCGA20_408_1890_sc_G8-D8_L_176532.dedup.cleaned.bam			1487790983	fa78d6a67cf26b354004795fe90cd8a5								syn58894329
file				PCGA20_408_1886_sc_C8-F3_L_176496.dedup.cleaned.bam			1777513533	51006449b3b67fafd3a2f15d61f134eb								syn58891939
file				PCGA20_408_1890_sc_B4-H5_L_176513.dedup.cleaned.bam			2334077736	96dcdf9d7ae48798b8dc2ba5dc233800								syn58893243
file				PCGA20_408_1890_sc_F2-H4_L_176506.dedup.cleaned.bam			1565114365	b07f8554b5b44c66eef81bf8504c7ffc								syn58894254
file				PCGA20_408_1886_sc_B7-B3_L_176492.dedup.cleaned.bam			1944485727	47c941bec5511039c19f25d5bd5fa074								syn58891332
file				PCGA20_408_1890_sc_G6-C7_L_176523.dedup.cleaned.bam			2175288537	fae52833cecc984f0aa82cc5b24b0664								syn58894325
file				PCGA20_408_1886_sc_H4-D2_L_176487.dedup.cleaned.bam			58879107	cca6df5708fcb2454831c8e7db2a2b7a								syn58892795
file				PCGA20_408_1890_sc_B12-A10_L_176544.dedup.cleaned.bam			211085669	f7efff3cd53ea6dbba016e307a4c3f67								syn58893114
file				PCGA20_408_1886_sc_E4-C2_L_176486.dedup.cleaned.bam			1215389568	3d460195d85add3f59ff74461973bf32								syn58892783
file				PCGA20_408_1890_sc_B9-F8_L_176534.dedup.cleaned.bam			1848167853	4061a319a96ab62f5117103b15821ae4								syn58893516
file				PCGA20_408_1890_sc_B8-H7_L_176528.dedup.cleaned.bam			1922898035	e4e882ff42cf28bb396b5345557f69c2								syn58893433
file				PCGA20_408_1890_sc_A9-E8_L_176533.dedup.cleaned.bam			2139022629	edca83fe9d216329a3144eb4cfea12a4								syn58893097
file				PCGA20_408_1890_sc_F8-C8_L_176531.dedup.cleaned.bam			2191735525	343163fa3eb6591a603b9e6ac4e4d2e7								syn58894303
file				PCGA20_408_1886_sc_A8-E3_L_176495.dedup.cleaned.bam			1792727711	d977036523640268689b3683608bf3ac								syn58890692
file				PCGA20_408_1890_sc_E5-E6_L_176518.dedup.cleaned.bam			1897783737	49b70151027fc72369e95dd214c06bec								syn58894225
file				PCGA20_408_1886_sc_C7-C3_L_176493.dedup.cleaned.bam			1638096124	f83fc55638ec4d93a8a8f3d35aef7d46								syn58891828
file				PCGA20_408_1890_sc_H3-F5_L_176511.dedup.cleaned.bam			1929083854	68b031d7c276bff3a875bc24bb511e39								syn58894345
file				PCGA20_408_1886_sc_B12-B4_L_176500.dedup.cleaned.bam			2029078944	04bec9bb4b13351361760198b173c6be								syn58890805
file				PCGA20_408_1890_sc_C11-D9_L_176539.dedup.cleaned.bam			2187464148	e38a24ae7c818b84badd96fb33f796b1								syn58893622
file				PCGA20_408_1890_sc_F11-F9_L_176541.dedup.cleaned.bam			4478821638	80b3e97b92231a146351f7dabd23eb85								syn58894243
file				PCGA20_408_1890_sc_F4-B6_L_176515.dedup.cleaned.bam			44178730	9fcd892514d92819eaff4178a6e472d9								syn58894255
file				PCGA20_408_1890_sc_G11-G9_L_176542.dedup.cleaned.bam			1383738239	96bfb7d79887e34ef8e8dc657866c4cf								syn58894305
file				Plate1945-sc-A11-P1-G10-L_173316.bam			4573927494	ff1612b1335c6241d070e7faa57eb72b								syn53630594
file				Plate1945-sc-A3-P1-E2-L_173250.bam			6817694189	9e786daf775372597b08de8bc53ea96e								syn53630717
file				Plate1945-sc-A1-P1-A1-L_173238.bam			3626220073	0424fce336f9fb8fc8f27751c48c20e1								syn53630643
file				Plate1945-sc-B6-P1-F5-L_173275.bam			4924580988	da92394383dfddb516022130243bfefd								syn53631804
file				Plate1945-sc-A10-P1-G9-L_173308.bam			4861440273	b68aaa6afdb4dc2a7260b05fc81660ea								syn53630575
file				Plate1945-sc-B4-P1-F3-L_173259.bam			4860260652	2c79066f11d0dcb4d176900d1836fdfd								syn53631498
file				Plate1945-sc-A4-P1-E3-L_173258.bam			5972054911	c39ca5463e9a8a7bd3348ab739140d02								syn53630741
file				Plate1945-sc-B1-P1-B1-L_173239.bam			4658983450	b50aa4d846db889f96d92adf9413d939								syn53631240
file				Plate1945-sc-B11-P1-H10-L_173317.bam			6538760418	8aaa2f7c557ea58265ae8bc90aadee84								syn53631060
file				Plate1945-sc-D5-P1-H4-L_173269.bam			5157236693	10ccd4a2845a84863a4e02045a8ece5c								syn53632571
file				Plate1945-sc-E5-P1-A5-L_173270.bam			6396471729	4f912e3bbec962bb261ccd838816359e								syn53633529
file				Plate1945-sc-D2-P1-B2-L_173247.bam			4463500261	fcea554d546ac07288efbd7f838a3d3b								syn53632514
file				Plate1945-sc-D6-P1-H5-L_173277.bam			6822334985	3bb47ee2dc1e80642ec308c43a1f70c9								syn53632638
file				Plate1945-sc-D3-P1-H2-L_173253.bam			3735703049	611396092c3e1502a3991f2b0e3afc89								syn53632533
file				Plate1945-sc-H12-P1-G12-L_173332.bam			6284269182	1630103ef67da6ec3dda1311cc06fd8f								syn53633686
file				Plate1945-sc-E7-P1-B7-L_173287.bam			5271579177	bc9d9edcec3e02817c775f23de18898b								syn53633541
file				Plate1945-sc-G7-P1-D7-L_173289.bam			4218032401	bf0003cb7ce68f41f6e6817ec5eaeb1b								syn53633670
file				Plate1945-sc-H7-P1-E7-L_173290.bam			4189527105	d9e5c1c85e482711ef015e605cb011a5								syn53633760
file				Plate1945-sc-C2-P1-A2-L_173246.bam			3900426411	78199e7876ec300375b730c8be75efe5								syn53632097
file				Plate1945-sc-H5-P1-D5-L_173273.bam			4956757817	943373eabd3616bd1625e8d8e81d4034								syn53633746
file				Plate1945-sc-H3-P1-D3-L_173257.bam			5188432178	47e7a8fbdd1ab0c46484da0cf840906e								syn53633695
file				Plate1945-sc-F8-P1-C8-L_173296.bam			4915318661	cf85a9aea51d10887a5848427f59df87								syn53633624
file				Plate1945-sc-E9-P1-C9-L_173304.bam			5134896310	39df4acfe43b04710c03b438ca2dcf72								syn53633547
file				Plate1945-sc-G4-P1-C4-L_173264.bam			3705410463	ffeb9354d2a19e03764a1c3cb4f74225								syn53633653
file				Plate1945-sc-E1-P1-E1-L_173242.bam			3695145487	350114e76934c2f6b48cf79d84d3e73d								syn53632900
file				Plate1945-sc-C7-P1-G6-L_173284.bam			3950070991	0c8b40b28299dcaab1e7098263ee099d								syn53632234
file				Plate1945-sc-D10-P1-B10-L_173311.bam			5473635641	d08f09cc809d595c57fd06a107f90a68								syn53632376
file				Plate1945-sc-G8-P1-D8-L_173297.bam			8543040222	1b653bd1a351fa4690c19c493c4b896e								syn53633671
file				Plate1945-sc-B10-P1-H9-L_173309.bam			9545562070	52106d511bcc37d7e692644c5492b7cf								syn53630981
file				Plate1945-sc-A2-P1-F1-L_173243.bam			3333977846	5d1d4416ff44e45c363587eece2d4840								syn53630669
file				Plate1945-sc-C4-P1-G3-L_173260.bam			4617229587	f8a6a3881bc1bfa676cf8c8d6d0c87b4								syn53632143
file				Plate1945-sc-D12-P1-C12-L_173328.bam			5983518404	1f5edf9c8c4b126deef7d203b3879509								syn53632467
file				Plate1945-sc-D11-P1-C11-L_173320.bam			5914672700	87878f55ebc688c3ecece3927ea5f5b7								syn53632416
file				Plate1945-sc-C6-P1-G5-L_173276.bam			4714355404	8e7bcf9783fd76761424de7b9c4fa328								syn53632215
file				Plate1945-sc-D1-P1-D1-L_173241.bam			4054338044	43ddbb687723e48fed4bf22beb68d4c1								syn53632490
file				Plate1945-sc-F4-P1-B4-L_173263.bam			4807113100	808042d8a3ac4a8f4f13f189d4126be5								syn53633592
file				Plate1945-sc-F11-P1-E11-L_173322.bam			4153310390	49717cf719600be1aa8c2a1c95e4be15								syn53633562
file				Plate1945-sc-F9-P1-D9-L_173305.bam			7113525644	2b083bcf7684ce6cb7cd542da0c91660								syn53633630
file				Plate1945-sc-C5-P1-G4-L_173268.bam			4158528117	18181661c8f5542e27429c82a02fc7a3								syn53632184
file				Plate1945-sc-H11-P1-G11-L_173324.bam			5969549935	c86aaf9fa617ae4b6b936e3e1729e11e								syn53633685
file				Plate1945-sc-G6-P1-C6-L_173280.bam			4570864477	cefd4ef53df82b24def79eea95580e9b								syn53633667
file				Plate1945-sc-F2-P1-D2-L_173249.bam			4326086615	ba810578276cc4ef814419e17331e1fe								syn53633576
file				Plate1945-sc-G3-P1-C3-L_173256.bam			7378823410	3d29dd1cb58debb8c7ed836070d56bf3								syn53633650
file				Plate1945-sc-H6-P1-D6-L_173281.bam			4926974878	558b34e46c01aa1f830cab2845f45f54								syn53633755
file				PCGA20_408_1886_sc_D11-A4_L_176499.dedup.cleaned.bam			3223920866	148e892a4c2724e0c12d6091dd807560								syn58892085
file				PCGA20_408_1886_sc_B3-G1_L_176482.dedup.cleaned.bam			1224588921	0aa899f2398e73b8c26ac744125e7762								syn58890977
file				PCGA20_408_1886_sc_C4-B2_L_176485.dedup.cleaned.bam			1712839575	a091e841416e94d58ec5e15ee5ea4693								syn58891552
file				PCGA20_408_1886_sc_B6-G2_L_176490.dedup.cleaned.bam			3422460412	3dc0b9851f318dbeddfdacd827edb9c5								syn58891241
file				PCGA20_408_1890_sc_D1-D4_L_176502.dedup.cleaned.bam			1423833678	37ce0111e043c9cfdb3430f5409637fb								syn58894161
file				PCGA20_408_1890_sc_B6-G6_L_176520.dedup.cleaned.bam			1919145444	3db579ee7ab4c9a3ecf31b3c98354ce2								syn58893342
file				PCGA20_408_1886_sc_A2-B1_L_176477.dedup.cleaned.bam			2052142218	00855d3af87c5e26b8da16be9805dbf4								syn58890679
file				PCGA20_408_1886_sc_D9-G3_L_176497.dedup.cleaned.bam			3058664995	7f044cb71756a167483b1cf697d61eca								syn58892580
file				PCGA20_408_1890_sc_E9-G8_L_176535.dedup.cleaned.bam			1564444112	8c5f7ae509eb74346678f743c46992b4								syn58894233
file				PCGA20_408_1886_sc_B5-E2_L_176488.dedup.cleaned.bam			1884050127	92e0e9f08f1835d08cf05fa1841c074a								syn58891077
file				PCGA20_408_1890_sc_C7-D7_L_176524.dedup.cleaned.bam			1899019931	3794a736a8939bc3c15a0922ba79e798								syn58893889
file				PCGA20_408_1890_sc_G12-B10_L_176545.dedup.cleaned.bam			1914444990	d0c6fcc87a4a3d2fdd3d19cce55c5132								syn58894310
file				PCGA20_408_1890_sc_E10-H8_L_176536.dedup.cleaned.bam			1833191932	855f5474adc50aa10acefd1bd03698b6								syn58894214
file				PCGA20_408_1886_sc_E2-F1_L_176481.dedup.cleaned.bam			1283577193	3db92f7d76b28e01f6934aeedca4a173								syn58892647
file				PCGA20_408_1890_sc_E6-H6_L_176521.dedup.cleaned.bam			2332129631	21c4a8903abf46056a84af7145af7f8d								syn58894227
file				PCGA20_408_1890_sc_F7-F7_L_176526.dedup.cleaned.bam			2237211350	ea6d349b4ce8448dbe86cba9c98cdb07								syn58894291
file				PCGA20_408_1890_sc_F5-F6_L_176519.dedup.cleaned.bam			1758450289	af012ef16c12608445eec96d1879da6a								syn58894268
file				PCGA20_408_1890_sc_H7-G7_L_176527.dedup.cleaned.bam			1703065414	01f835186a8932a9c927dec98b491d78								syn58894348
file				PCGA20_408_1890_sc_E3-D5_L_176509.dedup.cleaned.bam			1624515332	17c4a27e24c15c5e4fe1cc4b358d7ead								syn58894221
file				PCGA20_408_1886_sc_D7-D3_L_176494.dedup.cleaned.bam			1983598542	86790983a9e430d4ca89f267dc6d7d1b								syn58892406
file				PCGA20_408_1890_sc_D11-E9_L_176540.dedup.cleaned.bam			2242817986	67aaea2cfc0960264e611ef6d8f77678								syn58894078
file				PCGA20_408_1890_sc_A11-C9_L_176538.dedup.cleaned.bam			1990491447	787c8cbfb997ef2fc734c70babae3765								syn58892891
file				PCGA20_408_1886_sc_C6-H2_L_176491.dedup.cleaned.bam			2900979271	95f0fded2491a50f9f845f5eb320a425								syn58891729
file				PCGA20_408_1890_sc_A4-G5_L_176512.dedup.cleaned.bam			2322425842	95da5c4a622009d4921389a207afcb0c								syn58893001
file				PCGA20_408_1890_sc_C2-F4_L_176504.dedup.cleaned.bam			1952483235	e9582b4dfc399a85bbea1f9c51e31a20								syn58893711
file				PCGA20_408_1890_sc_D8-B8_L_176530.dedup.cleaned.bam			2251225653	81a5c64124b1da058d41b37cc53d372b								syn58894212
file				PCGA20_408_1886_sc_B10-H3_L_176498.dedup.cleaned.bam			1817509715	44b3150bc4a6db59a142a2fcc8398472								syn58890696
file				PCGA20_408_1890_sc_H11-H9_L_176543.dedup.cleaned.bam			1543330154	a180b90622bdaddd476177b86ab136ce								syn58894339
file				PCGA20_408_1890_sc_D4-A6_L_176514.dedup.cleaned.bam			2190314882	1f1be4da992e904e16dacc1271ab8a94								syn58894189
file				PCGA20_408_1890_sc_C8-A8_L_176529.dedup.cleaned.bam			1397796022	ece3760e1455cec2e376f83a315ed812								syn58893966
file				PCGA20_408_1890_sc_H10-B9_L_176537.dedup.cleaned.bam			1457280734	fec2dd1ba1ac499bcc4440ddc70f2fe5								syn58894334
file				HTA9_14_068_LCM_C17_S401_R1_001.sort.markdup.bam			13079937	88cb181776237b257fe1c889e204515c								syn31547601
file				HTA9_14_068_LCM_C18_S402_R1_001.sort.markdup.bam			31196758	d02147004fc1a56d08c0bdbedce4860d								syn31547603
file				HTA9_14_068_LCM_C19_S403_R1_001.sort.markdup.bam			13241018	52b20f08363a5aebba0379aa7189a064								syn31547602
file				HTA9_14_068_LCM_C1_S385_R1_001.sort.markdup.bam			21457131	64d600aaba9f0cd06af43113da3f84cd								syn31547604
file				HTA9_14_068_LCM_C20_S404_R1_001.sort.markdup.bam			22161183	82a50cf9aff3ca2c56734cd1a8db69e6								syn31547605
file				HTA9_14_068_LCM_C21_S405_R1_001.sort.markdup.bam			30920393	e6767976a44759161762f6f71b89cadb								syn31547606
file				HTA9_14_068_LCM_C22_S406_R1_001.sort.markdup.bam			18403343	916f3292c9acb073f14d81a672de6e91								syn31547607
file				HTA9_14_068_LCM_C23_S407_R1_001.sort.markdup.bam			24139162	c4e5d69ccbf8434ba4bb485a34b78895								syn31547608
file				HTA9_14_068_LCM_C24_S408_R1_001.sort.markdup.bam			10748688	e6eaeba817f3569b6129962a9c3ef73c								syn31547610
file				HTA9_14_068_LCM_C2_S386_R1_001.sort.markdup.bam			17601432	3c627ae8a7312ef35103cddd62ef71e1								syn31547609
file				HTA9_14_068_LCM_C3_S387_R1_001.sort.markdup.bam			25985438	cbc6dd5fcb0325c3d51f2a889288ea45								syn31547612
file				HTA9_14_068_LCM_C4_S388_R1_001.sort.markdup.bam			33060870	c414cbf2928b45b50e8035df8ec846e7								syn31547614
file				HTA9_14_068_LCM_C5_S389_R1_001.sort.markdup.bam			29823232	03a18c657a74ae764ca4e94f26246d11								syn31547613
file				HTA9_14_068_LCM_C6_S390_R1_001.sort.markdup.bam			52754865	7814124d3bdebf65fca61747e80d63ea								syn31547616
file				HTA9_14_068_LCM_C7_S391_R1_001.sort.markdup.bam			28673808	7b964850a5549ce280344b235de093f8								syn31547617
file				HTA9_14_068_LCM_C8_S392_R1_001.sort.markdup.bam			19949633	87a563fc0cde250f34b9aabc3ecf9348								syn31547618
file				HTA9_14_070_A_C101_S1253_R1_001.sort.markdup.bam			5437864	8ab477626b18331b13c1ae8444a6b34e								syn31547615
file				HTA9_14_070_A_C102_S1254_R1_001.sort.markdup.bam			12120212	e608b571ad97b284fc4d8635677fcb9c								syn31547619
file				HTA9_14_070_A_C103_S1255_R1_001.sort.markdup.bam			71573282	a56861d5f5cb1cdb2e7ed4fbdeb2f0cf								syn31547620
file				HTA9_14_070_A_C104_S1256_R1_001.sort.markdup.bam			64201492	b587e572b116d4c4b0ea6b00971aa19b								syn31547623
file				HTA9_14_070_A_C106_S1258_R1_001.sort.markdup.bam			53109712	f90043505816254119d7193276c43326								syn31547624
file				HTA9_14_070_A_C107_S1259_R1_001.sort.markdup.bam			42419885	258e346c1140238dea79d1053d10b8f3								syn31547625
file				HTA9_14_070_A_C108_S1260_R1_001.sort.markdup.bam			67532077	e533fc715fa5271471f097aac9f13d27								syn31547626
file				HTA9_14_070_A_C109_S1261_R1_001.sort.markdup.bam			35659508	d2c1792cc73067f69ff816f5fadb2e43								syn31547627
file				HTA9_14_070_A_C10_S1162_R1_001.sort.markdup.bam			63569273	c318fd6e5502a62cb9881eb23eec7b80								syn31547629
file				HTA9_14_070_A_C112_S1264_R1_001.sort.markdup.bam			78536441	97dba8c7d9341ac70f8acf7ccad66fa9								syn31547630
file				HTA9_14_070_A_C115_S1267_R1_001.sort.markdup.bam			8274322	ca547023796d7e07370ec0c3441e735b								syn31547628
file				HTA9_14_070_A_C118_S1270_R1_001.sort.markdup.bam			11148473	112c7eb8d30222440671e5c2fa927ebd								syn31547631
file				HTA9_14_070_A_C119_S1271_R1_001.sort.markdup.bam			71839792	ac2367612a52e0254e75d81159cdd745								syn31547632
file				HTA9_14_070_A_C11_S1163_R1_001.sort.markdup.bam			51442390	f5e0c16aad655a9e9dcbd95551427fad								syn31547633
file				HTA9_14_070_A_C120_S1272_R1_001.sort.markdup.bam			54666992	188b9e965e28686e3397f4a615fcf54f								syn31547634
file				HTA9_14_070_A_C121_S1273_R1_001.sort.markdup.bam			73476189	9081d83548d1e0120c788ef65e07c666								syn31547635
file				HTA9_14_070_A_C122_S1274_R1_001.sort.markdup.bam			78211426	8b27b30486f556cb513a64f57d1db694								syn31547636
file				HTA9_14_070_A_C124_S1276_R1_001.sort.markdup.bam			66127109	d8ee279e5e693bb02f09f84e80b67065								syn31547638
file				HTA9_14_070_A_C125_S1277_R1_001.sort.markdup.bam			52359829	da9f8abab397c998c25b61e453c20db0								syn31547640
file				HTA9_14_070_A_C128_S1280_R1_001.sort.markdup.bam			69821958	5a6f3b3ce5daaf6e265468b32fabcbcb								syn31547641
file				HTA9_14_070_A_C12_S1164_R1_001.sort.markdup.bam			70717807	4b2cec444d4287d3a52e47ebcaccaff6								syn31547643
file				HTA9_14_070_A_C135_S1287_R1_001.sort.markdup.bam			58205540	8015311062e2eec1ae0efd2b864c95b4								syn31547642
file				HTA9_14_070_A_C136_S1288_R1_001.sort.markdup.bam			53269053	9bd8d9c9c25ce786f998935f7f4d3411								syn31547644
file				HTA9_14_070_A_C137_S1289_R1_001.sort.markdup.bam			67639970	13ef282acf21863f23a168a0fe3371a6								syn31547646
file				HTA9_14_070_A_C139_S1291_R1_001.sort.markdup.bam			59160186	9c80ce9c5cacaf7352b27ab0649dd15c								syn31547648
file				HTA9_14_070_A_C142_S1294_R1_001.sort.markdup.bam			65319328	b4518bc1c80715f857da1920c107465f								syn31547650
file				HTA9_14_070_A_C143_S1295_R1_001.sort.markdup.bam			60969929	2228c129796c230fc8af7baf84f32b56								syn31547654
file				HTA9_14_070_A_C145_S1297_R1_001.sort.markdup.bam			9211557	6eae795a1db04e85629e3144926f3199								syn31547651
file				HTA9_14_070_A_C147_S1299_R1_001.sort.markdup.bam			9572055	939c471494511493d47a8491b0e0041c								syn31547652
file				HTA9_14_070_A_C148_S1300_R1_001.sort.markdup.bam			15989747	4add694681efbb15f71001bdaacdc38e								syn31547653
file				HTA9_14_070_A_C149_S1301_R1_001.sort.markdup.bam			21854185	f2b186f18d41760e4a5573248a8d83e5								syn31547655
file				HTA9_14_070_A_C14_S1166_R1_001.sort.markdup.bam			71257418	d7edeae472a07bb014497dbf77ef9ac6								syn31547657
file				HTA9_14_070_A_C151_S1303_R1_001.sort.markdup.bam			70125746	252b60dc978dd77205eab1e2073ca505								syn31547658
file				HTA9_14_070_A_C152_S1304_R1_001.sort.markdup.bam			64247494	268712d43e4fce086f3da252e1e85f59								syn31547659
file				HTA9_14_070_A_C153_S1305_R1_001.sort.markdup.bam			78333574	85536ba38ca0b6d54761928eef503f72								syn31547660
file				HTA9_14_070_A_C155_S1307_R1_001.sort.markdup.bam			71011859	5d1c08035963f1ea101324b001aaddf1								syn31547661
file				HTA9_14_070_A_C156_S1308_R1_001.sort.markdup.bam			46232152	84b7c2bf9744875b321d76fa11e1caa0								syn31547662
file				HTA9_14_070_A_C157_S1309_R1_001.sort.markdup.bam			57749551	f6dd09e1456e59909a145885630046cc								syn31547663
file				HTA9_14_070_A_C158_S1310_R1_001.sort.markdup.bam			68020809	6d085c16cd08846eba2a161fc283dd34								syn31547665
file				HTA9_14_070_A_C159_S1311_R1_001.sort.markdup.bam			68876111	62f0eb8ca0f98dc464ac739ebba8954e								syn31547666
file				HTA9_14_070_A_C160_S1312_R1_001.sort.markdup.bam			70736216	11e664272613616c4af3d12ad019ce70								syn31547667
file				HTA9_14_070_A_C165_S1317_R1_001.sort.markdup.bam			14215728	e9075298e23063c80e77053e1ed9225f								syn31547668
file				HTA9_14_070_A_C168_S1320_R1_001.sort.markdup.bam			56990263	9cee29add42c3943f71d8676fbd127ab								syn31547669
file				HTA9_14_070_A_C169_S1321_R1_001.sort.markdup.bam			53436820	60880005a0d5323638d21b038add7b09								syn31547670
file				HTA9_14_070_A_C170_S1322_R1_001.sort.markdup.bam			21077945	3dc96d9ff8a3813f5b2ca9239eeda8f7								syn31547671
file				HTA9_14_070_A_C171_S1323_R1_001.sort.markdup.bam			60831215	a5e26a472455dc0184076be010ed4d23								syn31547672
file				HTA9_14_070_A_C172_S1324_R1_001.sort.markdup.bam			63415388	6b232b7b32ec57a05563868fc4453e8d								syn31547673
file				HTA9_14_070_A_C174_S1326_R1_001.sort.markdup.bam			59948784	3d2ce106f3ab11e18c922c866f6167ec								syn31547675
file				HTA9_14_070_A_C175_S1327_R1_001.sort.markdup.bam			46906787	c0ac5b20ece58392d2e7187fee21587f								syn31547674
file				HTA9_14_070_A_C176_S1328_R1_001.sort.markdup.bam			46048117	c817325cac4180144ad3223b0cf12eb7								syn31547677
file				HTA9_14_070_A_C180_S1332_R1_001.sort.markdup.bam			9740276	5c59cf656e51c8f6776515cb0c4f32e8								syn31547676
file				HTA9_14_070_A_C181_S1333_R1_001.sort.markdup.bam			18169585	cbc50656cfae595380f32d18166af45e								syn31547678
file				HTA9_14_070_A_C182_S1334_R1_001.sort.markdup.bam			54316328	02c704e66c372533fb77bf7e0b50cc56								syn31547680
file				HTA9_14_070_A_C184_S1336_R1_001.sort.markdup.bam			60507996	0c5f4f1e226ca3ec519e4716c5bea253								syn31547681
file				HTA9_14_070_A_C186_S1338_R1_001.sort.markdup.bam			80136070	0ce1ac16a5b10e7dccd4c65fc1e3991d								syn31547682
file				HTA9_14_070_A_C187_S1339_R1_001.sort.markdup.bam			66222168	f3f62ef2f0c24cd6cb46556c3e42302f								syn31547683
file				HTA9_14_070_A_C190_S1342_R1_001.sort.markdup.bam			64819971	011287a78b2d0337ec4e6fae03978f41								syn31547685
file				HTA9_14_070_A_C192_S1344_R1_001.sort.markdup.bam			68822848	0962eab8266f2acad9d199008e160204								syn31547688
file				HTA9_14_070_A_C195_S1347_R1_001.sort.markdup.bam			7680954	396508e6e61b321bceebeae8b6de69fc								syn31547684
file				HTA9_14_070_A_C196_S1348_R1_001.sort.markdup.bam			16950123	6e2a30bdcc0f71a88fc010664ce7acd0								syn31547687
file				HTA9_14_070_A_C198_S1350_R1_001.sort.markdup.bam			10969270	6c1d20b6bed4c6e9bb5c1698d44bb494								syn31547686
file				HTA9_14_070_A_C200_S1352_R1_001.sort.markdup.bam			62590243	6651cb6bae6a00bebdcc239789dec6e9								syn31547689
file				HTA9_14_070_A_C201_S1353_R1_001.sort.markdup.bam			77418336	225c37b454f7ab515e8c130d98c5eb99								syn31547691
file				HTA9_14_070_A_C204_S1356_R1_001.sort.markdup.bam			66530323	60366e1fa8d5bc54dd13444e880cd880								syn31547692
file				HTA9_14_070_A_C205_S1357_R1_001.sort.markdup.bam			76528216	f60e49ec9e0487a2e6beff19b28c89d4								syn31547693
file				HTA9_14_070_A_C206_S1358_R1_001.sort.markdup.bam			67430584	777f77bee2f64f2b8ab87657247a8936								syn31547695
file				HTA9_14_070_A_C214_S1366_R1_001.sort.markdup.bam			9213357	3ea959f39c966d1b4ff11ad5d9c0c604								syn31547694
file				HTA9_14_070_A_C215_S1367_R1_001.sort.markdup.bam			73150652	63eeaf258ab32bd3378afb31c39105fc								syn31547696
file				HTA9_14_070_A_C216_S1368_R1_001.sort.markdup.bam			60605375	ea84ddac88e32905d00cba34649305cd								syn31547697
file				HTA9_14_070_A_C219_S1371_R1_001.sort.markdup.bam			65550093	e929d744a46b438f61dea9b4eb6e4361								syn31547699
file				HTA9_14_070_A_C21_S1173_R1_001.sort.markdup.bam			20139434	62d44ad4b5f52b0f574ce98307f64d97								syn31547698
file				HTA9_14_070_A_C220_S1372_R1_001.sort.markdup.bam			72002970	21fb1cccf02cc1a67774cbf5ed8b7444								syn31547701
file				HTA9_14_070_A_C221_S1373_R1_001.sort.markdup.bam			74783951	d2bdaa82aa8f85d67195657bc79147b4								syn31547702
file				HTA9_14_070_A_C224_S1376_R1_001.sort.markdup.bam			68485371	2bb0c4e0dc193f946d959c9c69737c2b								syn31547732
file				HTA9_14_070_A_C22_S1174_R1_001.sort.markdup.bam			12093284	248fcfe70a2a761ac1774d34ab978c56								syn31547733
file				HTA9_14_070_A_C230_S1382_R1_001.sort.markdup.bam			9793486	3048743f5e35fb5dcfe3c3cfc31b051b								syn31547725
file				HTA9_14_070_A_C231_S1383_R1_001.sort.markdup.bam			73036625	aa75159a9db9f127faf0543cf04a2981								syn31547734
file				HTA9_14_070_A_C232_S1384_R1_001.sort.markdup.bam			65573380	8a8b4e9d404650a90ba040ae77f3f0f2								syn31547735
file				HTA9_14_070_A_C233_S1385_R1_001.sort.markdup.bam			72263182	39f7d640336c00bbee0cda40b8e32497								syn31547736
file				HTA9_14_070_A_C234_S1386_R1_001.sort.markdup.bam			64912565	4a487d4153b7d84be95e6d99b40ac7ed								syn31547737
file				HTA9_14_070_A_C235_S1387_R1_001.sort.markdup.bam			69015464	60485c4b0b4cc7ed713247bc6d2c4e02								syn31547738
file				HTA9_14_070_A_C236_S1388_R1_001.sort.markdup.bam			70100376	ffe837910c501307b9580ce7882c9e11								syn31547741
file				HTA9_14_070_A_C238_S1390_R1_001.sort.markdup.bam			54054030	4a79f910a5bdb59a1222467dbc6f4542								syn31547742
file				HTA9_14_070_A_C239_S1391_R1_001.sort.markdup.bam			71608928	c66d67b4aa76c2e0789ba9f1b9b73470								syn31547744
file				HTA9_14_070_A_C23_S1175_R1_001.sort.markdup.bam			11432687	32cb6d899b94742da5bd277ff78e34ff								syn31547743
file				HTA9_14_070_A_C240_S1392_R1_001.sort.markdup.bam			70315718	8c3b58bd57eeb4b3dea6576c885c0f64								syn31547748
file				HTA9_14_070_A_C243_S1395_R1_001.sort.markdup.bam			9234408	08027061f6ee4ee7e5e251d9e6cb539e								syn31547745
file				HTA9_14_070_A_C244_S1396_R1_001.sort.markdup.bam			12337587	92de46c930acc6657fabf0c5ab5064af								syn31547747
file				HTA9_14_070_A_C245_S1397_R1_001.sort.markdup.bam			6232065	9cfb23ed6cde39639de5fd5b4a46d0a8								syn31547746
file				HTA9_14_070_A_C247_S1399_R1_001.sort.markdup.bam			69179663	4d83acf0b3ea5fe4029768947f30fc0f								syn31547751
file				HTA9_14_070_A_C248_S1400_R1_001.sort.markdup.bam			60861793	14d32e6422ce94aa0d8a92910de7339d								syn31547749
file				HTA9_14_070_A_C24_S1176_R1_001.sort.markdup.bam			64254077	706f28d6d1723ba83ed7d84d5aa46776								syn31547750
file				HTA9_14_070_A_C250_S1402_R1_001.sort.markdup.bam			78325035	355c77c13c140d382e62d3eb5c2615ed								syn31547752
file				HTA9_14_070_A_C255_S1407_R1_001.sort.markdup.bam			71152577	af4e2aa9181bbb0fee5aa7f54489ad30								syn31547756
file				HTA9_14_070_A_C25_S1177_R1_001.sort.markdup.bam			13450388	4b86fec032bfcba1e4088da24b87651b								syn31547755
file				HTA9_14_070_A_C260_S1412_R1_001.sort.markdup.bam			8112578	91ac7576fa3ef7ead6de625894f79a15								syn31547753
file				HTA9_14_070_A_C261_S1413_R1_001.sort.markdup.bam			12089793	ad091e7b2f9b10eb2e4b81d9ef058433								syn31547754
file				HTA9_14_070_A_C262_S1414_R1_001.sort.markdup.bam			18626201	c1d037139f65f2d2714817ffd67b56d0								syn31547757
file				HTA9_14_070_A_C264_S1416_R1_001.sort.markdup.bam			58489138	4ff74f0a3608e18177795903b63b437b								syn31547758
file				HTA9_14_070_A_C265_S1417_R1_001.sort.markdup.bam			46820375	de20dda0913b9b3972b8b8600e5d40bd								syn31547759
file				HTA9_14_070_A_C266_S1418_R1_001.sort.markdup.bam			64590786	9f9e7bbdc288c1340d7c9fd27f7635bb								syn31547760
file				HTA9_14_070_A_C267_S1419_R1_001.sort.markdup.bam			66156610	d7be962ac6025f94c091642ced7e75d4								syn31547761
file				HTA9_14_070_A_C268_S1420_R1_001.sort.markdup.bam			67226542	3ee62dd36e164dfcbcd1923719912b42								syn31547763
file				HTA9_14_070_A_C26_S1178_R1_001.sort.markdup.bam			71124566	b97971a6f94573c2271296f02f6ead11								syn31547764
file				HTA9_14_070_A_C272_S1424_R1_001.sort.markdup.bam			73307008	2917ddede3e6dd537b1852dbd89149e6								syn31547767
file				HTA9_14_070_A_C274_S1426_R1_001.sort.markdup.bam			15118798	26b6463f096de0662f2730fabe428317								syn31547765
file				HTA9_14_070_A_C275_S1427_R1_001.sort.markdup.bam			19685758	59b62c222bff1f3d3a3ae244b3e2d5ed								syn31547766
file				HTA9_14_070_A_C276_S1428_R1_001.sort.markdup.bam			22250127	59e2ea35113219375e7d5dfbb83802bd								syn31547768
file				HTA9_14_070_A_C278_S1430_R1_001.sort.markdup.bam			9501422	a41817fb8bb53641b22f84f0c35d7b83								syn31547769
file				HTA9_14_070_A_C279_S1431_R1_001.sort.markdup.bam			73349810	ec98bfffd490b9d243ff6e167e6bb4bd								syn31547770
file				HTA9_14_070_A_C27_S1179_R1_001.sort.markdup.bam			50711317	0e1b2a97a6bafb6db306ba9e5ae6eb72								syn31547771
file				HTA9_14_070_A_C280_S1432_R1_001.sort.markdup.bam			63334828	d853a10f461af66ea236ec6db18d92f9								syn31547772
file				HTA9_14_070_A_C281_S1433_R1_001.sort.markdup.bam			73168335	7917192e1059034da643efa253ea07a5								syn31547773
file				HTA9_14_070_A_C283_S1435_R1_001.sort.markdup.bam			65081084	3754b3de6fae50214d57d1c7c0065df2								syn31547776
file				HTA9_14_070_A_C285_S1437_R1_001.sort.markdup.bam			55960800	b57784a5ae2646999aad05ba9b50b347								syn31547774
file				HTA9_14_070_A_C286_S1438_R1_001.sort.markdup.bam			74735223	97afa6ae0ee0b610eb739b9f2484920a								syn31547775
file				HTA9_14_070_A_C287_S1439_R1_001.sort.markdup.bam			75337327	8bce697ff6384f86afe0e9408bb3cd0e								syn31547777
file				HTA9_14_070_A_C288_S1440_R1_001.sort.markdup.bam			75368085	99daf94e9e7910fcac58e1f3fa8cb9c4								syn31547779
file				HTA9_14_070_A_C28_S1180_R1_001.sort.markdup.bam			58351664	b1e56e143cb6104aee2e63138ca57d6d								syn31547782
file				HTA9_14_070_A_C292_S1444_R1_001.sort.markdup.bam			9332113	b430bb611c2ed50f4861c4257e5c57e6								syn31547778
file				HTA9_14_070_A_C293_S1445_R1_001.sort.markdup.bam			8592522	67247713d751c713eda52b2802fb3bc8								syn31547780
file				HTA9_14_070_A_C295_S1447_R1_001.sort.markdup.bam			62271470	96eb7f61337a7a8fd33f97445159b718								syn31547785
file				HTA9_14_070_A_C296_S1448_R1_001.sort.markdup.bam			59978921	46ac9428de6acb0d792ab53b8459b773								syn31547786
file				HTA9_14_070_A_C297_S1449_R1_001.sort.markdup.bam			68524757	476489d15c37a2c3a052b1c9cb635e2a								syn31547787
file				HTA9_14_070_A_C298_S1450_R1_001.sort.markdup.bam			69491175	84f43347506068d0d423216e0337eb70								syn31547788
file				HTA9_14_070_A_C299_S1451_R1_001.sort.markdup.bam			65642032	03a36fc15938bc28a5713da10b213c25								syn31547789
file				HTA9_14_070_A_C29_S1181_R1_001.sort.markdup.bam			73537100	eac434967e599e01b95d2e7da93a88a4								syn31547791
file				HTA9_14_070_A_C300_S1452_R1_001.sort.markdup.bam			71247270	7e85534b509bcb87687acd33c29a5d18								syn31547790
file				HTA9_14_070_A_C301_S1453_R1_001.sort.markdup.bam			77402387	642082c3755d3cd4401565cd88dac912								syn31547793
file				HTA9_14_070_A_C30_S1182_R1_001.sort.markdup.bam			74908929	ca5d60e88a3ffcc068ce22384471ecf7								syn31547794
file				HTA9_14_070_A_C311_S1463_R1_001.sort.markdup.bam			28829171	4f1257ab7a7975eb0560de355e5712f9								syn31547792
file				HTA9_14_070_A_C312_S1464_R1_001.sort.markdup.bam			57320877	9bdae0db68cabfa748a083b9b2746db1								syn31547795
file				HTA9_14_070_A_C313_S1465_R1_001.sort.markdup.bam			78350354	8cac192289e1516b7993c3177349f6aa								syn31547797
file				HTA9_14_070_A_C314_S1466_R1_001.sort.markdup.bam			68922392	a1fdc127a51304a64e129c1c342bc3b7								syn31547796
file				HTA9_14_070_A_C315_S1467_R1_001.sort.markdup.bam			70068435	f7734b54c42d067b4d389041f557180a								syn31547798
file				HTA9_14_070_A_C317_S1469_R1_001.sort.markdup.bam			63371889	046197e0ee3e8883dd2462367d32b936								syn31547799
file				HTA9_14_070_A_C319_S1471_R1_001.sort.markdup.bam			75499044	1d2ba5a6eb059800fa45a72029a21e2c								syn31547805
file				HTA9_14_070_A_C31_S1183_R1_001.sort.markdup.bam			71211624	a62eba5f972af5aa6f1d7746afb4ed72								syn31547807
file				HTA9_14_070_A_C320_S1472_R1_001.sort.markdup.bam			69620190	d77d622f3906b20ebf29e7f51f0bdb31								syn31547806
file				HTA9_14_070_A_C322_S1474_R1_001.sort.markdup.bam			10322661	ce5e5f9fcbb157e1baaa4ac56e87d122								syn31547801
file				HTA9_14_070_A_C323_S1475_R1_001.sort.markdup.bam			15945726	2dbfdc64a2bc7aaa29c5050f76eddf2e								syn31547800
file				HTA9_14_070_A_C326_S1478_R1_001.sort.markdup.bam			10938567	8087d37d4df29d5ffc08aa825d7be9b1								syn31547804
file				HTA9_14_070_A_C327_S1479_R1_001.sort.markdup.bam			12424946	a6ab4148a6d82ca4bb1d379e5067924b								syn31547803
file				HTA9_14_070_A_C328_S1480_R1_001.sort.markdup.bam			60962022	ff30115138bbe446194bf7040a94e984								syn31547808
file				HTA9_14_070_A_C329_S1481_R1_001.sort.markdup.bam			77075848	40174c3f796d9455ca2c11b30fcccf57								syn31547811
file				HTA9_14_070_A_C330_S1482_R1_001.sort.markdup.bam			69266850	6fb1f98f5df0f8d6346c992b8566ed90								syn31547810
file				HTA9_14_070_A_C334_S1486_R1_001.sort.markdup.bam			74765705	aff1b3d8b4610d30e7d61eae035f06c9								syn31547813
file				HTA9_14_070_A_C335_S1487_R1_001.sort.markdup.bam			70958819	0a47b613595adc427563ff24a1fdf495								syn31547812
file				HTA9_14_070_A_C336_S1488_R1_001.sort.markdup.bam			72183625	0594c5a70172d0bac27c4e4f2c12227e								syn31547816
file				HTA9_14_070_A_C340_S1492_R1_001.sort.markdup.bam			20187942	e8c66754db99bc981b9f3d317ed09120								syn31547814
file				HTA9_14_070_A_C342_S1494_R1_001.sort.markdup.bam			8014478	76c96de9f077c3d2e13ea2b8e2e31027								syn31547809
file				HTA9_14_070_A_C344_S1496_R1_001.sort.markdup.bam			11607140	93e6a5e055e26dc2a370644c0307bb73								syn31547815
file				HTA9_14_070_A_C346_S1498_R1_001.sort.markdup.bam			71486796	0c8601da6c6966cc10ab6fcfbf59bfec								syn31547941
file				HTA9_14_070_A_C347_S1499_R1_001.sort.markdup.bam			66776974	e896148856c96287e5351090ad4fb971								syn31547817
file				HTA9_14_070_A_C348_S1500_R1_001.sort.markdup.bam			68361727	68a34d30fc33b12f74bec7218de4b13b								syn31547819
file				HTA9_14_070_A_C349_S1501_R1_001.sort.markdup.bam			57880128	801baef0bbe6b9e2691795cb631e7a8d								syn31547818
file				HTA9_14_070_A_C350_S1502_R1_001.sort.markdup.bam			69363641	15ea1c028a644b80e182afafd42048ba								syn31547823
file				HTA9_14_070_A_C351_S1503_R1_001.sort.markdup.bam			53194658	49321aa897220044cab133198e2e0ec9								syn31547824
file				HTA9_14_070_A_C352_S1504_R1_001.sort.markdup.bam			54218378	951f30d09afad4b031e4eb96b5d10863								syn31547822
file				HTA9_14_070_A_C38_S1190_R1_001.sort.markdup.bam			11708933	10c08b1690f9e8a8d865797ab1a223cb								syn31547820
file				HTA9_14_070_A_C39_S1191_R1_001.sort.markdup.bam			10963775	0bb150029a6b4d002592d7b05666ce72								syn31547821
file				HTA9_14_070_A_C40_S1192_R1_001.sort.markdup.bam			73489531	51e8ac8d25117754bef3f584433371df								syn31547827
file				HTA9_14_070_A_C41_S1193_R1_001.sort.markdup.bam			78796291	84d732dadc3c903641097bee29310479								syn31547831
file				HTA9_14_070_A_C42_S1194_R1_001.sort.markdup.bam			75323968	4288c8bb82dce9ffa7d491ea121f1097								syn31547826
file				HTA9_14_070_A_C43_S1195_R1_001.sort.markdup.bam			65011743	81d49896a8fb7de5f5fc9cda3582679c								syn31547825
file				HTA9_14_070_A_C44_S1196_R1_001.sort.markdup.bam			66721840	0f3fc93d8c2b0ad0eab8990640a2c763								syn31547829
file				HTA9_14_070_A_C45_S1197_R1_001.sort.markdup.bam			80267475	d16216ebb84342d78377cbbacb49f0c0								syn31547835
file				HTA9_14_070_A_C46_S1198_R1_001.sort.markdup.bam			53277565	27e049e8cd74ab60dd91fc838e6dd56b								syn31547832
file				HTA9_14_070_A_C48_S1200_R1_001.sort.markdup.bam			16947713	741a5aea0a8b42aba9a9a4e88912cfcc								syn31547830
file				HTA9_14_070_A_C53_S1205_R1_001.sort.markdup.bam			5876496	9d592b7ba17a0d2e214f1f1c692a5a30								syn31547828
file				HTA9_14_070_A_C55_S1207_R1_001.sort.markdup.bam			67696018	5f056e559837d3a3aef3520e86040f0c								syn31547833
file				HTA9_14_070_A_C56_S1208_R1_001.sort.markdup.bam			72290003	2c8f6a54e010758263253a5440984381								syn31547834
file				HTA9_14_070_A_C57_S1209_R1_001.sort.markdup.bam			77597754	62f5d1e91b2e9cb8bd72ac385aea494a								syn31547836
file				HTA9_14_070_A_C58_S1210_R1_001.sort.markdup.bam			78819958	8d383deccaee50f99051859e2f9fff21								syn31547837
file				HTA9_14_070_A_C59_S1211_R1_001.sort.markdup.bam			70716814	8a380a44ec3349e695f9cd8cc71938f7								syn31547839
file				HTA9_14_070_A_C60_S1212_R1_001.sort.markdup.bam			76706650	1aaac68971494cf68cbf549d6a3e8893								syn31547840
file				HTA9_14_070_A_C61_S1213_R1_001.sort.markdup.bam			78980580	bcad8c47e8dde736582bd15999e88957								syn31547841
file				HTA9_14_070_A_C62_S1214_R1_001.sort.markdup.bam			83150816	830e2b6d743e64a6a6502022f862e847								syn31547842
file				HTA9_14_070_A_C63_S1215_R1_001.sort.markdup.bam			85645334	3feb91aca69cc426da00b3631db10a19								syn31547843
file				HTA9_14_070_A_C67_S1219_R1_001.sort.markdup.bam			11932707	4d39d868344224131a83c63cddc690b6								syn31547838
file				HTA9_14_070_A_C71_S1223_R1_001.sort.markdup.bam			75528220	fb8acc1a153ab9bec179f19ddda3a85f								syn31547845
file				HTA9_14_070_A_C72_S1224_R1_001.sort.markdup.bam			70011110	9349b844a7feb6688e5fcf782d4124cd								syn31547844
file				HTA9_14_070_A_C73_S1225_R1_001.sort.markdup.bam			69946137	9e9b91f5d6a391b159ce4eadf705a8c8								syn31547848
file				HTA9_14_070_A_C76_S1228_R1_001.sort.markdup.bam			67040916	ad1d06a901c5e0ef99a871e3e73cf78a								syn31547851
file				HTA9_14_070_A_C77_S1229_R1_001.sort.markdup.bam			75614428	651513d1802403310f8b34afcff293f2								syn31547854
file				HTA9_14_070_A_C78_S1230_R1_001.sort.markdup.bam			74541273	e1693d7a7bd64b09fd9283cad3c9a5b0								syn31547856
file				HTA9_14_070_A_C7_S1159_R1_001.sort.markdup.bam			8199270	e9a1365ccbf2fbb1f7d83c6d84da1dc1								syn31547847
file				HTA9_14_070_A_C80_S1232_R1_001.sort.markdup.bam			37078966	251d1bd16e8e9c1f91647392dcf381a4								syn31547853
file				HTA9_14_070_A_C83_S1235_R1_001.sort.markdup.bam			7374803	a2fbd76110cbeb5f658b6ed8f241af4a								syn31547846
file				HTA9_14_070_A_C84_S1236_R1_001.sort.markdup.bam			8532410	bd1026e9b14e77fc7e64a2781f94a5ea								syn31547852
file				HTA9_14_070_A_C87_S1239_R1_001.sort.markdup.bam			73507771	bce21480e3d98d91d24e30b91c4fc85a								syn31547857
file				HTA9_14_070_A_C88_S1240_R1_001.sort.markdup.bam			62004047	c0ce23f1c0045becd60df47e4f298266								syn31547858
file				HTA9_14_070_A_C90_S1242_R1_001.sort.markdup.bam			68394739	12c55c854388fa7fbd2c87fb4a7faa20								syn31547859
file				HTA9_14_070_A_C91_S1243_R1_001.sort.markdup.bam			12090176	3246412b2d16ef30f65ca0a9090f93fd								syn31547855
file				HTA9_14_070_A_C92_S1244_R1_001.sort.markdup.bam			65387203	ee904616602d14171ea5bbec116f1b12								syn31547860
file				HTA9_14_070_A_C94_S1246_R1_001.sort.markdup.bam			50730651	e189760468d3091a4953574c32a590e7								syn31547861
file				HTA9_14_070_A_C95_S1247_R1_001.sort.markdup.bam			65041623	97722ace7e80e50151057f16e8e679d2								syn31547862
file				HTA9_14_070_A_C96_S1248_R1_001.sort.markdup.bam			71105042	e5eb81d018a7dba73eac901d3658066f								syn31547929
file				HTA9_14_070_A_C9_S1161_R1_001.sort.markdup.bam			72076374	26ec3fc56ca4e5d5c067486ac712e7ea								syn31547866
file				HTA9_14_070_D_C379_S1531_R1_001.sort.markdup.bam			47802689	280f28d0a1ca83134f50509453a674b6								syn31547865
file				HTA9_14_077_LCM_C1_S1201_R1_001.sort.markdup.bam			31055181	f0c936bb279b4f350120865a2db39c16								syn31547864
file				HTA9_14_077_LCM_C25_S1609_R1_001.sort.markdup.bam			15828595	1b57587cf06e838483b008a787103ead								syn31547863
file				HTA9_14_077_LCM_C27_S1611_R1_001.sort.markdup.bam			72994225	31184713899c68a1c7d8831f8fc85faa								syn31547872
file				HTA9_14_077_LCM_C28_S1612_R1_001.sort.markdup.bam			28202677	a39b2d6eec9c1016e1318ebde9d51b30								syn31547870
file				HTA9_14_077_LCM_C29_S1613_R1_001.sort.markdup.bam			17960515	74d0f45896097bf0e7878984227f5a55								syn31547868
file				HTA9_14_077_LCM_C2_S1202_R1_001.sort.markdup.bam			24105765	ae040f25a7e64e06564018ed3510fff5								syn31547869
file				HTA9_14_077_LCM_C30_S1614_R1_001.sort.markdup.bam			22631565	c879be096abeb312551b6a3ef2970e27								syn31547867
file				HTA9_14_077_LCM_C32_S1616_R1_001.sort.markdup.bam			13938546	e569563d440fd16c451198e4f5f1c24e								syn31547871
file				HTA9_14_077_LCM_C3_S1203_R1_001.sort.markdup.bam			38105219	c46b442e14935e19d5dd4a258b518b27								syn31547875
file				HTA9_14_077_LCM_C44_S1628_R1_001.sort.markdup.bam			29884124	318eb539302bb5be0fcaa41c247f848e								syn31547873
file				HTA9_14_077_LCM_C46_S1630_R1_001.sort.markdup.bam			31344839	96b1ad337f2caa7887b6055a605574ab								syn31547874
file				HTA9_14_077_LCM_C47_S1631_R1_001.sort.markdup.bam			18578511	23eab13c961f590605170ff94b7fd42b								syn31547876
file				HTA9_14_077_LCM_C4_S1204_R1_001.sort.markdup.bam			30332494	9b3208ed37017ff9c086cb9bf344e812								syn31547877
file				HTA9_14_077_LCM_C8_S1208_R1_001.sort.markdup.bam			27204496	7aed4e7995984ba6bf3d03099773b64f								syn31547878
file				HTA9_14_078_A_C102_S870_R1_001.sort.markdup.bam			76703658	023ba403c6ce27561a068c20440e27f0								syn31547881
file				HTA9_14_078_A_C103_S871_R1_001.sort.markdup.bam			73202748	2ee875b9154c9f8287989899c266b5ea								syn31547880
file				HTA9_14_078_A_C104_S872_R1_001.sort.markdup.bam			23810635	ef8c9113f09741790b2dca47916f1e00								syn31547879
file				HTA9_14_078_A_C105_S873_R1_001.sort.markdup.bam			80442149	45112e480e99be162f0c33a9063bf86a								syn31547882
file				HTA9_14_078_A_C106_S874_R1_001.sort.markdup.bam			72288093	3ab534698b8b1014517dc690f5b51aca								syn31547883
file				HTA9_14_078_A_C107_S875_R1_001.sort.markdup.bam			62467975	0ea76ce9f2b7a27e7434e9d4f43ca203								syn31547884
file				HTA9_14_078_A_C108_S876_R1_001.sort.markdup.bam			64005873	99e3af61abc5a09aed8b3fcf0f21fd09								syn31547886
file				HTA9_14_078_A_C109_S877_R1_001.sort.markdup.bam			41308449	7f04148caba602db5d2c293f0f1ee155								syn31547885
file				HTA9_14_078_A_C10_S778_R1_001.sort.markdup.bam			63842897	dc6c6b98cdb1d06929483e631c6a8094								syn31547888
file				HTA9_14_078_A_C110_S878_R1_001.sort.markdup.bam			72229553	aa361e9b429e8d86726ea082368ba209								syn31547891
file				HTA9_14_078_A_C111_S879_R1_001.sort.markdup.bam			80587983	0572ee381362f6265d775faca8b72a4a								syn31547890
file				HTA9_14_078_A_C112_S880_R1_001.sort.markdup.bam			70435937	c8ebb89dbcc8c8c56b10e109cd27dad8								syn31547893
file				HTA9_14_078_A_C114_S882_R1_001.sort.markdup.bam			12647202	f38a5c10259dbc5265771ce4de8f6948								syn31547887
file				HTA9_14_078_A_C115_S883_R1_001.sort.markdup.bam			10726356	74e10bb1c6990a47d5f96c7f5d3541d4								syn31547889
file				HTA9_14_078_A_C117_S885_R1_001.sort.markdup.bam			29136365	13fad3232583f4430e83ff5ea52e0e02								syn31547892
file				HTA9_14_078_A_C118_S886_R1_001.sort.markdup.bam			54646244	beb66500fa20489ae947d901326894cb								syn31547896
file				HTA9_14_078_A_C119_S887_R1_001.sort.markdup.bam			72110337	eeba112133099c1fc73f52abb117089b								syn31547898
file				HTA9_14_078_A_C11_S779_R1_001.sort.markdup.bam			60474758	25d804fef7cb7865074b5f32a385b81f								syn31547900
file				HTA9_14_078_A_C120_S888_R1_001.sort.markdup.bam			57438771	4c294bc235c010c46984fd2115e2c470								syn31547899
file				HTA9_14_078_A_C121_S889_R1_001.sort.markdup.bam			82379362	ad727a421de70123c2386dca8b3347c0								syn31547905
file				HTA9_14_078_A_C122_S890_R1_001.sort.markdup.bam			21276608	bbfbb138fcc2846f7698b78830c65654								syn31547903
file				HTA9_14_078_A_C123_S891_R1_001.sort.markdup.bam			64008298	49b3b9362ecfc9cfb6454b68e2d9f873								syn31547909
file				HTA9_14_078_A_C124_S892_R1_001.sort.markdup.bam			53482662	a567a8975abbacddfad99701918d5b32								syn31547908
file				HTA9_14_078_A_C125_S893_R1_001.sort.markdup.bam			39528059	a8ec9f6d0d080ad416d51b39bec588a0								syn31547907
file				HTA9_14_078_A_C126_S894_R1_001.sort.markdup.bam			66291297	8229f85963002757d2301c63bd1911bb								syn31547911
file				HTA9_14_078_A_C127_S895_R1_001.sort.markdup.bam			46586454	6d74b21e440b407a4cb072ad46768102								syn31547912
file				HTA9_14_078_A_C128_S896_R1_001.sort.markdup.bam			61750080	8b1590b7db5314702e32d8ae3c76f089								syn31547917
file				HTA9_14_078_A_C12_S780_R1_001.sort.markdup.bam			64787391	5f591ef65c248e720a46dab3d9cf1e39								syn31547919
file				HTA9_14_078_A_C131_S899_R1_001.sort.markdup.bam			10434991	044b849344add4e8840dad186337537e								syn31547913
file				HTA9_14_078_A_C133_S901_R1_001.sort.markdup.bam			5494619	f39a47aacd584c13ed622a016d49cf52								syn31547910
file				HTA9_14_078_A_C134_S902_R1_001.sort.markdup.bam			61697299	a078158b1f94c08943def5ceb1ed2734								syn31547920
file				HTA9_14_078_A_C135_S903_R1_001.sort.markdup.bam			58979762	5ec32decd1baf502552d483695a6799b								syn31547918
file				HTA9_14_078_A_C136_S904_R1_001.sort.markdup.bam			57003359	e81d01ac9baf9990a00ce85ff65dba6c								syn31547921
file				HTA9_14_078_A_C137_S905_R1_001.sort.markdup.bam			71065782	16aa955bdcc359248bc1bde57a75e1e9								syn31547923
file				HTA9_14_078_A_C138_S906_R1_001.sort.markdup.bam			43303529	6adce2186628be575e320385e2df97d5								syn31547922
file				HTA9_14_078_A_C139_S907_R1_001.sort.markdup.bam			63051817	5c52ed481d1ccc5951d03fba2deda7e6								syn31547925
file				HTA9_14_078_A_C13_S781_R1_001.sort.markdup.bam			74313798	af96914c8894cd9afba92e56441938ac								syn31547927
file				HTA9_14_078_A_C140_S908_R1_001.sort.markdup.bam			58367025	045a965ecd05128062e2c2e60cfb108c								syn31547926
file				HTA9_14_078_A_C141_S909_R1_001.sort.markdup.bam			73811503	e0b5cdc2eb9b428b78529b5c8b378073								syn31547931
file				HTA9_14_078_A_C142_S910_R1_001.sort.markdup.bam			70568862	b95063a339bbfd563637b657f0d5b936								syn31547933
file				HTA9_14_078_A_C143_S911_R1_001.sort.markdup.bam			68928570	7d2b98409933354c092a11241901df2b								syn31547936
file				HTA9_14_078_A_C144_S912_R1_001.sort.markdup.bam			43599782	e8dfe4d815b55dd8b582b2b1380e5738								syn31547930
file				HTA9_14_078_A_C147_S915_R1_001.sort.markdup.bam			14538415	227a22587ffdbe43fd30424da31119ff								syn31547928
file				HTA9_14_078_A_C148_S916_R1_001.sort.markdup.bam			9284316	058d6dcbb986b22ababe41f423d01e28								syn31547940
file				HTA9_14_078_A_C149_S917_R1_001.sort.markdup.bam			12964444	272d4392053d862e3524e16c4ccf581c								syn31547932
file				HTA9_14_078_A_C14_S782_R1_001.sort.markdup.bam			25886891	240670d9cc9a0410431be516516c3cde								syn31547935
file				HTA9_14_078_A_C150_S918_R1_001.sort.markdup.bam			22480796	2efcb653bc4cd65551779b39f947670f								syn31547934
file				HTA9_14_078_A_C151_S919_R1_001.sort.markdup.bam			33485880	6d10d413fb0effd300b9bb67aad27bab								syn31547939
file				HTA9_14_078_A_C152_S920_R1_001.sort.markdup.bam			31440848	029de2013e71a8189813a7c1276e25ec								syn31547938
file				HTA9_14_078_A_C153_S921_R1_001.sort.markdup.bam			81700392	c6189407ae5e7c162b9d2f7ed48e937e								syn31548119
file				HTA9_14_078_A_C154_S922_R1_001.sort.markdup.bam			81811911	d938112a1209418efe5e4f74d2c09ade								syn31547949
file				HTA9_14_078_A_C155_S923_R1_001.sort.markdup.bam			67659151	d083346d29c2c24af13cc22af533b5d7								syn31547945
file				HTA9_14_078_A_C156_S924_R1_001.sort.markdup.bam			63076072	8fcf81489d51ec431789ea43259ced7e								syn31547950
file				HTA9_14_078_A_C157_S925_R1_001.sort.markdup.bam			55287454	e2c1b7b1907176d4ba3ddcbc32b93e0b								syn31547948
file				HTA9_14_078_A_C158_S926_R1_001.sort.markdup.bam			77739463	8322dfdd40528567f28462fd5fececf9								syn31547953
file				HTA9_14_078_A_C159_S927_R1_001.sort.markdup.bam			52533797	0d12b93f89590fd1f0b1e9409285ea51								syn31547952
file				HTA9_14_078_A_C160_S928_R1_001.sort.markdup.bam			53254772	f06cd80d72b703fee137c93da70cf299								syn31547957
file				HTA9_14_078_A_C162_S930_R1_001.sort.markdup.bam			7436011	32e02533ffa2c857e8130dfe516cd81b								syn31547944
file				HTA9_14_078_A_C166_S934_R1_001.sort.markdup.bam			44729342	9ff97725cf4077ac77ad880bb666f65c								syn31547951
file				HTA9_14_078_A_C167_S935_R1_001.sort.markdup.bam			60635416	00b2f98c1e9f15a3ac191407c314fab1								syn31547956
file				HTA9_14_078_A_C169_S937_R1_001.sort.markdup.bam			67561540	66f84d2d18d8c3fa067aa81c89557f71								syn31547960
file				HTA9_14_078_A_C170_S938_R1_001.sort.markdup.bam			69910023	fbc99c2aa3f0845551e3e0e529be0afa								syn31547961
file				HTA9_14_078_A_C171_S939_R1_001.sort.markdup.bam			58369553	c5f9966264158251f1346fce4b44c800								syn31547962
file				HTA9_14_078_A_C172_S940_R1_001.sort.markdup.bam			38121189	8ef6e6157a66b99157249798786296f2								syn31547959
file				HTA9_14_078_A_C173_S941_R1_001.sort.markdup.bam			63073851	a42b47881276d5ae007cdea1e879c02d								syn31547963
file				HTA9_14_078_A_C174_S942_R1_001.sort.markdup.bam			65567539	85f30981d8222b2c9b995d22298b23f0								syn31547967
file				HTA9_14_078_A_C175_S943_R1_001.sort.markdup.bam			61966819	d6c29e5e24d51eee5ca130f56f97f32a								syn31547966
file				HTA9_14_078_A_C176_S944_R1_001.sort.markdup.bam			24727996	d2227855a41153e5eed5b73385d70acc								syn31547964
file				HTA9_14_078_A_C180_S948_R1_001.sort.markdup.bam			16901290	b0e5d8dd4513f3c14558adf6780df4b0								syn31547965
file				HTA9_14_078_A_C181_S949_R1_001.sort.markdup.bam			57005027	c8474a12aa9afa09ccc850b83270a2a9								syn31547972
file				HTA9_14_078_A_C182_S950_R1_001.sort.markdup.bam			73039664	3438e24ede23b616fea8e9bd7fefc5ff								syn31547976
file				HTA9_14_078_A_C183_S951_R1_001.sort.markdup.bam			71592122	4a0fde262b8dbf20c22e18d4cf93e9c4								syn31547977
file				HTA9_14_078_A_C184_S952_R1_001.sort.markdup.bam			63212873	29380bee28990a8949b99fa1bfb9c7ce								syn31547978
file				HTA9_14_078_A_C185_S953_R1_001.sort.markdup.bam			78650580	d6288f87f947a56c93bdbf64bb5254cf								syn31547984
file				HTA9_14_078_A_C187_S955_R1_001.sort.markdup.bam			69513113	1f2198490e650a10c824ec1a9c1bfcc4								syn31547987
file				HTA9_14_078_A_C188_S956_R1_001.sort.markdup.bam			73434082	2d2b9bb89d25dabf9ef331c1fe090584								syn31547994
file				HTA9_14_078_A_C189_S957_R1_001.sort.markdup.bam			48219864	598a5b2e2bc9990c5614bfde0e4fc138								syn31547986
file				HTA9_14_078_A_C190_S958_R1_001.sort.markdup.bam			78171724	23e732971b8d612c45e0924e0bffa895								syn31547998
file				HTA9_14_078_A_C191_S959_R1_001.sort.markdup.bam			62109010	8926e573db110e565ca9511fc1b36daa								syn31548001
file				HTA9_14_078_A_C192_S960_R1_001.sort.markdup.bam			46445484	d72247263e04eb2918f2ca63db44d1e4								syn31547999
file				HTA9_14_078_A_C194_S962_R1_001.sort.markdup.bam			15550905	0ec42627a419929491900d37fad3f72d								syn31547992
file				HTA9_14_078_A_C195_S963_R1_001.sort.markdup.bam			7351239	b0585bfeefd96056d1d3dcc930905217								syn31547996
file				HTA9_14_078_A_C197_S965_R1_001.sort.markdup.bam			14253510	82639106af822ecad77a68c0962a2501								syn31548000
file				HTA9_14_078_A_C198_S966_R1_001.sort.markdup.bam			28045356	3dd1229e203e76af70f5fec305f0d1e5								syn31548002
file				HTA9_14_078_A_C199_S967_R1_001.sort.markdup.bam			59184028	76ef144c8930bcb4918085c06a28d6da								syn31548007
file				HTA9_14_078_A_C200_S968_R1_001.sort.markdup.bam			62295692	dcbb220ebfa5ec7bfc2eeafc20252b0e								syn31548010
file				HTA9_14_078_A_C201_S969_R1_001.sort.markdup.bam			61426138	c6b4b40dcaacd08ad39e5ce40d061d25								syn31548011
file				HTA9_14_078_A_C202_S970_R1_001.sort.markdup.bam			60021125	9aaa14d859b3aead87fbe881c7cc06ad								syn31548015
file				HTA9_14_078_A_C203_S971_R1_001.sort.markdup.bam			42517737	bbf143fa25552b19dee77d90d7c57402								syn31548012
file				HTA9_14_078_A_C204_S972_R1_001.sort.markdup.bam			64554427	84058d24977939b21f185778568f4741								syn31548019
file				HTA9_14_078_A_C205_S973_R1_001.sort.markdup.bam			75660059	167be08da4076bcbe98072d42836d64d								syn31548026
file				HTA9_14_078_A_C206_S974_R1_001.sort.markdup.bam			73893822	e2d073aa79e8c164abcd0c43ad8ef4d6								syn31548025
file				HTA9_14_078_A_C207_S975_R1_001.sort.markdup.bam			60780491	d9269698d38b5ac6d747532d88a6579c								syn31548023
file				HTA9_14_078_A_C208_S976_R1_001.sort.markdup.bam			38645693	3bc67a4dda2dc14da3bccc014e68dc0e								syn31548020
file				HTA9_14_078_A_C210_S978_R1_001.sort.markdup.bam			11859865	a5c40f1831bba952c4d81ca644f905a1								syn31548022
file				HTA9_14_078_A_C214_S982_R1_001.sort.markdup.bam			72828931	c0a35327ee7b43c13dba07983790001d								syn31548032
file				HTA9_14_078_A_C215_S983_R1_001.sort.markdup.bam			40975261	4d1019126865c21b1d19fab29acdadb7								syn31548029
file				HTA9_14_078_A_C216_S984_R1_001.sort.markdup.bam			36870022	bbece4fc4d29a756292f4ea01944db2d								syn31548028
file				HTA9_14_078_A_C217_S985_R1_001.sort.markdup.bam			79633743	f103331a15e28ae203aa8034c719acf3								syn31548035
file				HTA9_14_078_A_C218_S986_R1_001.sort.markdup.bam			34067768	275d4af91d9be7011e6582f08e8c06b2								syn31548031
file				HTA9_14_078_A_C219_S987_R1_001.sort.markdup.bam			56418728	c3d3fad83b88cb469fbdf516422bfc9f								syn31548038
file				HTA9_14_078_A_C220_S988_R1_001.sort.markdup.bam			63773661	b077a3b2f9d7f11ecf879e4cc5431a40								syn31548044
file				HTA9_14_078_A_C221_S989_R1_001.sort.markdup.bam			47685009	1b2ae3d1ae0e43c746f75396da1b4cb5								syn31548039
file				HTA9_14_078_A_C222_S990_R1_001.sort.markdup.bam			71433511	d2d14cdca0b90bd9d7580cfe1c153e04								syn31548050
file				HTA9_14_078_A_C223_S991_R1_001.sort.markdup.bam			76803391	cc7850cff4c48a5f0bdcf90c2595dd8f								syn31548056
file				HTA9_14_078_A_C224_S992_R1_001.sort.markdup.bam			47768498	4f78689c58c0702e948143e08e1d8c23								syn31548055
file				HTA9_14_078_A_C225_S993_R1_001.sort.markdup.bam			6148046	5a15bf27645c2a48b95cc643244b59b3								syn31548037
file				HTA9_14_078_A_C226_S994_R1_001.sort.markdup.bam			12020647	8e563e78007c85474b83d2bde2e3f8d9								syn31548048
file				HTA9_14_078_A_C228_S996_R1_001.sort.markdup.bam			8968380	72bfbc3459e0236d0f0bcf228577c758								syn31548051
file				HTA9_14_078_A_C229_S997_R1_001.sort.markdup.bam			18129734	f94a510f6a48fc327ddf0ede469aeb65								syn31548052
file				HTA9_14_078_A_C22_S790_R1_001.sort.markdup.bam			11447637	b4da93ed3b62de92a436ae85d050fc48								syn31548053
file				HTA9_14_078_A_C231_S999_R1_001.sort.markdup.bam			74395618	63d050136f4d5d8e5cea7ca767010735								syn31548147
file				HTA9_14_078_A_C232_S1000_R1_001.sort.markdup.bam			68247151	9f8ff6dda43b075b559fe5a4c929a496								syn31548065
file				HTA9_14_078_A_C233_S1001_R1_001.sort.markdup.bam			74725487	f6e8bb52fbb5ceb786fde22738477505								syn31548064
file				HTA9_14_078_A_C234_S1002_R1_001.sort.markdup.bam			66667560	7bae146bb2b395dd8f0d2fcacd28b4f3								syn31548069
file				HTA9_14_078_A_C235_S1003_R1_001.sort.markdup.bam			63509287	24e97d1e34849d7a1c3883b1f701ace9								syn31548067
file				HTA9_14_078_A_C236_S1004_R1_001.sort.markdup.bam			52593157	970e4a5fea42b52fc2bde30d3f888cdf								syn31548073
file				HTA9_14_078_A_C237_S1005_R1_001.sort.markdup.bam			51723867	3213a0df4f9cdabbca74fc26af4011a3								syn31548070
file				HTA9_14_078_A_C238_S1006_R1_001.sort.markdup.bam			78857654	cea483a11fa359e47bea7fcbdca5238d								syn31548081
file				HTA9_14_078_A_C23_S791_R1_001.sort.markdup.bam			62144827	96293696632ae7b85138d79f2b152363								syn31548079
file				HTA9_14_078_A_C240_S1008_R1_001.sort.markdup.bam			59230416	63b5ebe8f07436feb1504f10f23e67f9								syn31548078
file				HTA9_14_078_A_C242_S1010_R1_001.sort.markdup.bam			7732367	60a27e1fdb2e690f51b6078aaefa2af2								syn31548075
file				HTA9_14_078_A_C243_S1011_R1_001.sort.markdup.bam			8691525	6b4fd6f7793b3710b61e7c0457243c38								syn31548077
file				HTA9_14_078_A_C244_S1012_R1_001.sort.markdup.bam			12277935	63e10fae81b74b3da012f961e4d86e4e								syn31548082
file				HTA9_14_078_A_C245_S1013_R1_001.sort.markdup.bam			6165591	a383e3f672ad80b03743bf03a7345754								syn31548076
file				HTA9_14_078_A_C246_S1014_R1_001.sort.markdup.bam			60363371	60a29f548ad06bc7c4b5e3f4b7af91f1								syn31548088
file				HTA9_14_078_A_C247_S1015_R1_001.sort.markdup.bam			73413028	14acbb44ca166a098c390a8d526ba85b								syn31548091
file				HTA9_14_078_A_C249_S1017_R1_001.sort.markdup.bam			85283609	bc4fb4ab8540c936e94925bd4a734906								syn31548095
file				HTA9_14_078_A_C24_S792_R1_001.sort.markdup.bam			40130000	fe894bf4521bd036b4212dd4a6ad4e65								syn31548086
file				HTA9_14_078_A_C250_S1018_R1_001.sort.markdup.bam			79295977	792bf0c2087d143962166bc4aa5a6418								syn31548097
file				HTA9_14_078_A_C251_S1019_R1_001.sort.markdup.bam			67533703	dbdf00cbef8649a5b651effbd949b4f0								syn31548101
file				HTA9_14_078_A_C252_S1020_R1_001.sort.markdup.bam			65497248	0254cf606ff861b895f579d8e16cdc91								syn31548100
file				HTA9_14_078_A_C253_S1021_R1_001.sort.markdup.bam			13942760	6369e00b01a9bb6d6127596297fbaaea								syn31548094
file				HTA9_14_078_A_C254_S1022_R1_001.sort.markdup.bam			67191442	d94fec8569505c221f32e0b226d53782								syn31548110
file				HTA9_14_078_A_C255_S1023_R1_001.sort.markdup.bam			62639070	4f46911c9efb40b8f71bb69d50fdf619								syn31548109
file				HTA9_14_078_A_C256_S1024_R1_001.sort.markdup.bam			57165439	c349c1ee9bfa97c2f22ec5bac99784e0								syn31548112
file				HTA9_14_078_A_C25_S793_R1_001.sort.markdup.bam			83250682	2b00fb3ed63c3f3dab4216c5ac12d984								syn31548118
file				HTA9_14_078_A_C263_S1031_R1_001.sort.markdup.bam			73485093	77bafde7bf51a4705a41a49e1ea841cd								syn31548115
file				HTA9_14_078_A_C264_S1032_R1_001.sort.markdup.bam			62620044	21ab62a201f62148ac623998c32d10a9								syn31548121
file				HTA9_14_078_A_C265_S1033_R1_001.sort.markdup.bam			76244666	9424247457d25b868407e3fef2f2df13								syn31548124
file				HTA9_14_078_A_C266_S1034_R1_001.sort.markdup.bam			85439610	29cbd525fca2172e0f669f46927398ce								syn31548128
file				HTA9_14_078_A_C267_S1035_R1_001.sort.markdup.bam			48183440	9ead47a9df64d79a677fe4e04b8d2584								syn31548125
file				HTA9_14_078_A_C268_S1036_R1_001.sort.markdup.bam			65513942	f649d67bafcb64cb3887ca5da5292bdb								syn31548129
file				HTA9_14_078_A_C269_S1037_R1_001.sort.markdup.bam			64123340	cc65cdc18143705a7734e6883b597959								syn31548135
file				HTA9_14_078_A_C26_S794_R1_001.sort.markdup.bam			71528747	f283fb165340f8aa1d2a7dc8f1e9be7c								syn31548224
file				HTA9_14_078_A_C270_S1038_R1_001.sort.markdup.bam			54528327	f25d3f9b99987ca1ce5960cd228c44b7								syn31548134
file				HTA9_14_078_A_C271_S1039_R1_001.sort.markdup.bam			71446636	b84b15495e787765e1870ad98356a8a5								syn31548140
file				HTA9_14_078_A_C272_S1040_R1_001.sort.markdup.bam			46154046	27c9db5c9714db5ddf71d806ccfdbf4f								syn31548137
file				HTA9_14_078_A_C274_S1042_R1_001.sort.markdup.bam			7016581	0fb8832ae2813598f787051ee23ae97a								syn31548133
file				HTA9_14_078_A_C276_S1044_R1_001.sort.markdup.bam			12286230	f9f43f535aeedc798a84945ff21b8b84								syn31548138
file				HTA9_14_078_A_C277_S1045_R1_001.sort.markdup.bam			19580803	42bc30ab0606d3ca69b28a486c4b9f01								syn31548142
file				HTA9_14_078_A_C278_S1046_R1_001.sort.markdup.bam			13271535	729776704020721a0942f1f116302a51								syn31548143
file				HTA9_14_078_A_C279_S1047_R1_001.sort.markdup.bam			81902587	fe26962de72010e4dc4b7d73e5e31c28								syn31548155
file				HTA9_14_078_A_C27_S795_R1_001.sort.markdup.bam			53771620	7fff76e7bc196e76704dd333fa251499								syn31548149
file				HTA9_14_078_A_C280_S1048_R1_001.sort.markdup.bam			65090988	237578dc4488918918c16d5f9af26598								syn31548152
file				HTA9_14_078_A_C281_S1049_R1_001.sort.markdup.bam			59865793	df0d94e01d9febe1ef5949301ae18132								syn31548151
file				HTA9_14_078_A_C282_S1050_R1_001.sort.markdup.bam			77410358	45f96057069ab609f4d67d134979f907								syn31548156
file				HTA9_14_078_A_C283_S1051_R1_001.sort.markdup.bam			61507048	33c792b5f5011785ba2d2ca83ab100fd								syn31548162
file				HTA9_14_078_A_C284_S1052_R1_001.sort.markdup.bam			48286744	449a527c410ec1cd9f72903e8995f916								syn31548161
file				HTA9_14_078_A_C285_S1053_R1_001.sort.markdup.bam			76305399	910d928d5c344080bf235fe4c9c56015								syn31548167
file				HTA9_14_078_A_C286_S1054_R1_001.sort.markdup.bam			37002289	de58e2f1c2c4f7efd4945fb8a0e63590								syn31548160
file				HTA9_14_078_A_C287_S1055_R1_001.sort.markdup.bam			72102881	261b35dc06ed801441cfdf13a56ea879								syn31548171
file				HTA9_14_078_A_C288_S1056_R1_001.sort.markdup.bam			41423584	0758f85be598886434a6a7167753d5e8								syn31548168
file				HTA9_14_078_A_C28_S796_R1_001.sort.markdup.bam			57925202	7603fcc5d75ec098371abc79467eda79								syn31548173
file				HTA9_14_078_A_C291_S1059_R1_001.sort.markdup.bam			10268392	5d2fb2f2a7296cdc0c1d856eb7107f73								syn31548165
file				HTA9_14_078_A_C293_S1061_R1_001.sort.markdup.bam			13990371	26b65e77ffcd434ee2c88d2c1c065865								syn31548170
file				HTA9_14_078_A_C295_S1063_R1_001.sort.markdup.bam			67219766	fc08e13dcc7d6954ec8b4c726751a5ef								syn31548179
file				HTA9_14_078_A_C296_S1064_R1_001.sort.markdup.bam			48337935	686f7f95653f42be7dccdd4e40f9070c								syn31548178
file				HTA9_14_078_A_C297_S1065_R1_001.sort.markdup.bam			78426735	16b4fc76fa7ccf3372c6f85a867c0fc1								syn31548185
file				HTA9_14_078_A_C298_S1066_R1_001.sort.markdup.bam			5686923	49e6e27027bef839b1256a12288904a5								syn31548169
file				HTA9_14_078_A_C299_S1067_R1_001.sort.markdup.bam			19192683	9e1c333a720f4f36ac9776f954461fb6								syn31548175
file				HTA9_14_078_A_C29_S797_R1_001.sort.markdup.bam			48858877	0667784bb8721135e036e8cc84c21f46								syn31548182
file				HTA9_14_078_A_C300_S1068_R1_001.sort.markdup.bam			68230707	2e021bc8297e40926cd05ad3551d2178								syn31548190
file				HTA9_14_078_A_C301_S1069_R1_001.sort.markdup.bam			76964842	09d0aed91a394dd8c0912b79446e1fdf								syn31548198
file				HTA9_14_078_A_C302_S1070_R1_001.sort.markdup.bam			73028132	8b074f31487e029f8f37397cbab95b51								syn31548195
file				HTA9_14_078_A_C303_S1071_R1_001.sort.markdup.bam			55696356	322cb80e89999e8bc58e5efe23ee0d9d								syn31548196
file				HTA9_14_078_A_C304_S1072_R1_001.sort.markdup.bam			54675296	bb4a42cd5648eeadba0f21212f6e14cf								syn31548197
file				HTA9_14_078_A_C308_S1076_R1_001.sort.markdup.bam			14721608	e7e9c94316006d419f129ed068ee4804								syn31548194
file				HTA9_14_078_A_C30_S798_R1_001.sort.markdup.bam			76722069	20f969131916d9658b687bfc9c8770f9								syn31548204
file				HTA9_14_078_A_C312_S1080_R1_001.sort.markdup.bam			60720245	7ab27b707714b05ba900c0d199c0facb								syn31548206
file				HTA9_14_078_A_C313_S1081_R1_001.sort.markdup.bam			79678727	ba9853f3cab7922e80caf2a739f34d45								syn31548211
file				HTA9_14_078_A_C314_S1082_R1_001.sort.markdup.bam			80766838	d426aff3f26fca55bb42fc077dc6dcd5								syn31548210
file				HTA9_14_078_A_C315_S1083_R1_001.sort.markdup.bam			38513035	5a50b60c6b81e011fcd3e2e4158f4e8f								syn31548202
file				HTA9_14_078_A_C316_S1084_R1_001.sort.markdup.bam			71448924	e1994e121453e6cbef032d084200d3cb								syn31548219
file				HTA9_14_078_A_C317_S1085_R1_001.sort.markdup.bam			76946466	bff94f00caad85dd6de33f3caa7c3fda								syn31548222
file				HTA9_14_078_A_C318_S1086_R1_001.sort.markdup.bam			47270643	c9da15efb8648ee7c8f1361d40fb04eb								syn31548214
file				HTA9_14_078_A_C319_S1087_R1_001.sort.markdup.bam			70502320	ba742c5b915c87e55952959cd94aee7b								syn31548225
file				HTA9_14_078_A_C31_S799_R1_001.sort.markdup.bam			42075077	d2f93c2939c4221af2399444ace40dc1								syn31548217
file				HTA9_14_078_A_C320_S1088_R1_001.sort.markdup.bam			51416248	2aba85ad274e1a57a5c41d3b08458936								syn31548226
file				HTA9_14_078_A_C324_S1092_R1_001.sort.markdup.bam			13409755	7e3902d6c9541e7b3ccb440b52229eaa								syn31548221
file				HTA9_14_078_A_C326_S1094_R1_001.sort.markdup.bam			11951190	6031cab312132f0a36ddbd860240cfda								syn31548220
file				HTA9_14_078_A_C327_S1095_R1_001.sort.markdup.bam			14318511	5ca97a5f510316876a38716fe402f9aa								syn31548227
file				HTA9_14_078_A_C328_S1096_R1_001.sort.markdup.bam			40349355	017c03fe0c3b1c5144573443cfb41f7e								syn31548233
file				HTA9_14_078_A_C329_S1097_R1_001.sort.markdup.bam			12158676	88abbd46b9865844cf67b2bc326dfcfe								syn31548231
file				HTA9_14_078_A_C330_S1098_R1_001.sort.markdup.bam			80137398	e2c2d2f00743d546e1ac83069e02fa53								syn31548241
file				HTA9_14_078_A_C331_S1099_R1_001.sort.markdup.bam			56848692	828248ff90a4ac54e441112484205296								syn31548243
file				HTA9_14_078_A_C332_S1100_R1_001.sort.markdup.bam			70836107	47087ea3e7857c2264481ce7818608da								syn31548244
file				HTA9_14_078_A_C333_S1101_R1_001.sort.markdup.bam			56618410	c594371a4312c4d47c9d34a1d970ca78								syn31548242
file				HTA9_14_078_A_C334_S1102_R1_001.sort.markdup.bam			75861870	c67508e691312bc7bed6cb9c3eb25848								syn31548250
file				HTA9_14_078_A_C335_S1103_R1_001.sort.markdup.bam			65036150	4304b8dac5ca791bd32ecf4e0d93192a								syn31548255
file				HTA9_14_078_A_C336_S1104_R1_001.sort.markdup.bam			23616658	148ec32aa4d9cbaf9967c50ad4d8a648								syn31548248
file				HTA9_14_078_A_C340_S1108_R1_001.sort.markdup.bam			8529412	4f9f93b99a0a9a2152f9772154615005								syn31548246
file				HTA9_14_078_A_C341_S1109_R1_001.sort.markdup.bam			12709478	eded3a3f11d437f7e5d7e3f98b095c0a								syn31548247
file				HTA9_14_078_A_C343_S1111_R1_001.sort.markdup.bam			24492492	1cd06a035e24708f6384bf7fb14b5d21								syn31548254
file				HTA9_14_078_A_C344_S1112_R1_001.sort.markdup.bam			11309901	11c64da6e4f1c7d338d5e8160b9b0930								syn31548251
file				HTA9_14_078_A_C345_S1113_R1_001.sort.markdup.bam			46228996	ba28297722e7fa04dd36221fdd32a063								syn31548263
file				HTA9_14_078_A_C346_S1114_R1_001.sort.markdup.bam			10934129	c95991f8a6b2031f5115378b15fe45fc								syn31548256
file				HTA9_14_078_A_C347_S1115_R1_001.sort.markdup.bam			58260889	0f5aea02a4309ca7ca98e853bb0398a3								syn31548265
file				HTA9_14_078_A_C348_S1116_R1_001.sort.markdup.bam			55656180	2f6105adf2a1af4a49da90e0da4a8126								syn31548267
file				HTA9_14_078_A_C349_S1117_R1_001.sort.markdup.bam			77040207	233b30d245bfe1db5084657ec2fdb30a								syn31548274
file				HTA9_14_078_A_C34_S802_R1_001.sort.markdup.bam			6980627	a1aee28cf60d0bde34c83335abf4d38a								syn31548258
file				HTA9_14_078_A_C350_S1118_R1_001.sort.markdup.bam			79149967	73df36c5077ed70f5b41cffe8aa17fd3								syn31548273
file				HTA9_14_078_A_C351_S1119_R1_001.sort.markdup.bam			43501831	b10058b69364b0a435e2c5bd413e7854								syn31548270
file				HTA9_14_078_A_C352_S1120_R1_001.sort.markdup.bam			11180476	036657430d1ce92203e8984349b420ce								syn31548268
file				HTA9_14_078_A_C35_S803_R1_001.sort.markdup.bam			10369225	0ffd104b8bd898f7d96ea09d9dc6a2a1								syn31548269
file				HTA9_14_078_A_C39_S807_R1_001.sort.markdup.bam			10848290	5c5391a74998fc2fc87ea9e41277ebc6								syn31548272
file				HTA9_14_078_A_C40_S808_R1_001.sort.markdup.bam			14713068	4d761a76e1ae1fc43c6e294a4c62ea99								syn31548276
file				HTA9_14_078_A_C42_S810_R1_001.sort.markdup.bam			69155374	f9771aeeb7df88e97bec9625cfde2e27								syn31548284
file				HTA9_14_078_A_C43_S811_R1_001.sort.markdup.bam			59136442	df32cdb2b1dc1792e92fe1a7ff9280a2								syn31548280
file				HTA9_14_078_A_C44_S812_R1_001.sort.markdup.bam			59120341	7d15b96c2b15315151542b0e19e25ae6								syn31548282
file				HTA9_14_078_A_C45_S813_R1_001.sort.markdup.bam			72071992	96f7957925d1eadbf2ca0011f6c99f23								syn31548289
file				HTA9_14_078_A_C46_S814_R1_001.sort.markdup.bam			70191385	f0d144ffe821317c62c4e5881e298786								syn31548288
file				HTA9_14_078_A_C47_S815_R1_001.sort.markdup.bam			67194607	c7911edf1b59e0e5c2ca90d358511c95								syn31548294
file				HTA9_14_078_A_C48_S816_R1_001.sort.markdup.bam			33478553	77b0779383e2e94aee1683f8d87f2183								syn31548290
file				HTA9_14_078_A_C50_S818_R1_001.sort.markdup.bam			6741738	3000098af6df714e33049c86941eeb1e								syn31548283
file				HTA9_14_078_A_C51_S819_R1_001.sort.markdup.bam			24401154	52b8bcef95bb3b9a8fd1cd21872e6d87								syn31548291
file				HTA9_14_078_A_C52_S820_R1_001.sort.markdup.bam			70236094	fade6976bd8866d28b937885e671ebc7								syn31548298
file				HTA9_14_078_A_C53_S821_R1_001.sort.markdup.bam			74684401	ca03dc3f4ccc460078e4b7bda224f0d0								syn31548299
file				HTA9_14_078_A_C54_S822_R1_001.sort.markdup.bam			68209269	5900a2622c741f0598f0063cf9fd0268								syn31548300
file				HTA9_14_078_A_C55_S823_R1_001.sort.markdup.bam			9153052	46c1f490ed8ca26f2f29345035249474								syn31548293
file				HTA9_14_078_A_C56_S824_R1_001.sort.markdup.bam			49423543	4e60ae6c5905f850503e54f124f0cda0								syn31548301
file				HTA9_14_078_A_C57_S825_R1_001.sort.markdup.bam			83643432	89c19a7cd678a0959f93a80a9348b4d8								syn31548312
file				HTA9_14_078_A_C58_S826_R1_001.sort.markdup.bam			63034432	52a1c0ec503f95136115c20bc81cb399								syn31548311
file				HTA9_14_078_A_C59_S827_R1_001.sort.markdup.bam			71406211	5f6f43c36d1464b7eccdc0811851ebdf								syn31548313
file				HTA9_14_078_A_C61_S829_R1_001.sort.markdup.bam			72670043	f8e46f2a63597098cfd48816c3d1fe8d								syn31548318
file				HTA9_14_078_A_C62_S830_R1_001.sort.markdup.bam			36885986	2fda1506407c9841971c69d5d2a346bc								syn31548310
file				HTA9_14_078_A_C63_S831_R1_001.sort.markdup.bam			62975329	b50042d242fab5d57b6ae74187f17660								syn31548319
file				HTA9_14_078_A_C64_S832_R1_001.sort.markdup.bam			49089276	454856d220db5166899608fdfa53ca9c								syn31548322
file				HTA9_14_078_A_C67_S835_R1_001.sort.markdup.bam			9956595	aab6f3dff29824b76330ca029ec9d116								syn31548316
file				HTA9_14_078_A_C68_S836_R1_001.sort.markdup.bam			60658178	d1f2ef37cc071802c5740bcbd87a1566								syn31548329
file				HTA9_14_078_A_C69_S837_R1_001.sort.markdup.bam			52849267	c22492841fae7f770b639c963606faa5								syn31548332
file				HTA9_14_078_A_C70_S838_R1_001.sort.markdup.bam			62379209	61e5b2d2c8dc156b11dc873f6fdc09d5								syn31548334
file				HTA9_14_078_A_C71_S839_R1_001.sort.markdup.bam			30617797	870313be93b5630ba9fbdf99dca99f62								syn31548328
file				HTA9_14_078_A_C72_S840_R1_001.sort.markdup.bam			52166115	62109750ea71124083b5e2ec892a84ba								syn31548337
file				HTA9_14_078_A_C73_S841_R1_001.sort.markdup.bam			74474721	9591f777e832938576e88647692fa6de								syn31548340
file				HTA9_14_078_A_C74_S842_R1_001.sort.markdup.bam			76480288	d5d3c78f930b194460ba3143e9a51f5f								syn31548346
file				HTA9_14_078_A_C75_S843_R1_001.sort.markdup.bam			60961069	88289c904072b538ca853b096825cdef								syn31548341
file				HTA9_14_078_A_C76_S844_R1_001.sort.markdup.bam			39208905	29968abc01e959ccaec62f737a23ea04								syn31548343
file				HTA9_14_078_A_C77_S845_R1_001.sort.markdup.bam			81568808	0a475efffd62a6b0fbd3720c6d1e6b97								syn31548356
file				HTA9_14_078_A_C78_S846_R1_001.sort.markdup.bam			72142837	50f5a6081783ba9f66b15e680c4e891e								syn31548358
file				HTA9_14_078_A_C79_S847_R1_001.sort.markdup.bam			54887943	be3e7c8439e954991db6a44c1fdf512c								syn31548354
file				HTA9_14_078_A_C80_S848_R1_001.sort.markdup.bam			60008710	a0919fee5bb2de4a9fdd3bd8e9cf5cca								syn31548359
file				HTA9_14_078_A_C82_S850_R1_001.sort.markdup.bam			4999801	4895d78de0df47d82715b069e202c888								syn31548342
file				HTA9_14_078_A_C83_S851_R1_001.sort.markdup.bam			12100818	35b4ee24fba51b3946c14ae53c949e55								syn31548351
file				HTA9_14_078_A_C84_S852_R1_001.sort.markdup.bam			59432173	47ff8e59e0b4f54e044db6bf5c35b9b3								syn31548365
file				HTA9_14_078_A_C86_S854_R1_001.sort.markdup.bam			68306303	1e832fa3d94783447375bf8cd3a0d4e2								syn31548366
file				HTA9_14_078_A_C87_S855_R1_001.sort.markdup.bam			56886425	1425768f8f0a4199fcfebdefc5f1ba33								syn31548364
file				HTA9_14_078_A_C88_S856_R1_001.sort.markdup.bam			60733984	30fab2cbb3dc1240bd908dde4a949844								syn31548372
file				HTA9_14_078_A_C89_S857_R1_001.sort.markdup.bam			68024996	8fe55b089abae5ca1cd408ffec530fa6								syn31548371
file				HTA9_14_078_A_C8_S776_R1_001.sort.markdup.bam			8790049	8b3aae21a2278f3eeedc4c17f7a0e22d								syn31548370
file				HTA9_14_078_A_C90_S858_R1_001.sort.markdup.bam			69188609	74bb6c9d8fc0927f5cb5ae2918650cbf								syn31548379
file				HTA9_14_078_A_C91_S859_R1_001.sort.markdup.bam			57655776	cf0841fc83c6daa584615a655eae1369								syn31548375
file				HTA9_14_078_A_C93_S861_R1_001.sort.markdup.bam			75469200	a9cef8e9db5bddc843288ce481b2b542								syn31548383
file				HTA9_14_078_A_C94_S862_R1_001.sort.markdup.bam			69131209	667cc5fc34e007495d366167777ccb9d								syn31548387
file				HTA9_14_078_A_C95_S863_R1_001.sort.markdup.bam			65705086	7dd49db0b21a2df65d14311248c15bc5								syn31548381
file				HTA9_14_078_A_C96_S864_R1_001.sort.markdup.bam			64317879	9497f218e62cd38d94261c81e2c51048								syn31548394
file				HTA9_14_078_A_C98_S866_R1_001.sort.markdup.bam			12364162	2f948d033d10952f4a0df2fd9303b857								syn31548385
file				HTA9_14_078_A_C9_S777_R1_001.sort.markdup.bam			75743224	a6df2eda925b2be4c8ebdef807256102								syn31548401
file				HTA9_14_078_D_C354_S1122_R1_001.sort.markdup.bam			6933971	1b003549a262c36d19bffef87e132b7f								syn31548384
file				HTA9_14_078_D_C356_S1124_R1_001.sort.markdup.bam			9441918	c3111e814bf9402287cc1972a6c7d2fd								syn31548390
file				HTA9_14_078_D_C358_S1126_R1_001.sort.markdup.bam			10034706	c52cc326325fb57b3dce12f1c1325a3a								syn31548389
file				HTA9_14_078_D_C359_S1127_R1_001.sort.markdup.bam			14593295	e4c7ba193a407c53d9a77f310eba8b65								syn31548391
file				HTA9_14_078_D_C366_S1134_R1_001.sort.markdup.bam			53141981	4508fa8cefd6fe3b629177a4d58d308b								syn31548409
file				HTA9_14_078_D_C375_S1143_R1_001.sort.markdup.bam			11726734	b4959e2a26b62b25fcd38d3982e32b5e								syn31548400
file				HTA9_14_078_D_C377_S1145_R1_001.sort.markdup.bam			7945231	72882db1699c69e75a891e73ac1dcd69								syn31548392
file				HTA9_15_059_A_C100_S484_R1_001.sort.markdup.bam			65459443	6ab226612ce6c0212f49b3f0388040cb								syn31548407
file				HTA9_15_059_A_C101_S485_R1_001.sort.markdup.bam			48340109	be225fd49d746858ac2ffa7731b291eb								syn31548405
file				HTA9_15_059_A_C103_S487_R1_001.sort.markdup.bam			73278511	0b9121fd179d5bf476a71b3d7797743e								syn31548414
file				HTA9_15_059_A_C105_S489_R1_001.sort.markdup.bam			57376918	b778a191fda77de83fcc7256175ad262								syn31548418
file				HTA9_15_059_A_C108_S492_R1_001.sort.markdup.bam			75863945	c886f927165619be9db700db167d675a								syn31548424
file				HTA9_15_059_A_C109_S493_R1_001.sort.markdup.bam			53141747	5d411e24314b8a5c1b53e40004969a86								syn31548420
file				HTA9_15_059_A_C10_S394_R1_001.sort.markdup.bam			5338995	64bd06d11d5b931c2f0e2e0193f4649c								syn31548406
file				HTA9_15_059_A_C110_S494_R1_001.sort.markdup.bam			15898531	3f6abe0284295e89d23b34ca2ec0201d								syn31548415
file				HTA9_15_059_A_C112_S496_R1_001.sort.markdup.bam			21354318	c61e164f077a0d1b4a62ce9f6600ea0b								syn31548419
file				HTA9_15_059_A_C114_S498_R1_001.sort.markdup.bam			68367600	ebc9946543283b0351af8f3e3cb28503								syn31548429
file				HTA9_15_059_A_C115_S499_R1_001.sort.markdup.bam			69686469	024cb30af31701d45719e47a3d851937								syn31548434
file				HTA9_15_059_A_C116_S500_R1_001.sort.markdup.bam			63414473	e803d89ecf7632f05557566878919e84								syn31548430
file				HTA9_15_059_A_C117_S501_R1_001.sort.markdup.bam			64740581	a0d81ca2ac180794076958020af0c765								syn31548432
file				HTA9_15_059_A_C119_S503_R1_001.sort.markdup.bam			70588304	1efe4b90d83e3984e964b571e49ed832								syn31548438
file				HTA9_15_059_A_C11_S395_R1_001.sort.markdup.bam			9482651	d0b3a21b746c0365c23a0e627369901c								syn31548431
file				HTA9_15_059_A_C120_S504_R1_001.sort.markdup.bam			57387521	a44ef1e1b20bfe9bbe1eec719b9b1d40								syn31548439
file				HTA9_15_059_A_C121_S505_R1_001.sort.markdup.bam			50130640	a5f70781bb63d43c50c3ae84dbb3a2a1								syn31548440
file				HTA9_15_059_A_C122_S506_R1_001.sort.markdup.bam			69280085	9d3becdb529814122f8bdfaab357aa2f								syn31548446
file				HTA9_15_059_A_C124_S508_R1_001.sort.markdup.bam			56148329	190fccac8de8210bc9c9cf3e52d3b903								syn31548447
file				HTA9_15_059_A_C125_S509_R1_001.sort.markdup.bam			51886212	4e9421b57b99c4a16efe63c38c6b093f								syn31548451
file				HTA9_15_059_A_C127_S511_R1_001.sort.markdup.bam			10423103	eb919c96f99caca9855c17e137ef242c								syn31548443
file				HTA9_15_059_A_C128_S512_R1_001.sort.markdup.bam			14039136	e2755d4f36909f89f21ab073ccedea0a								syn31548445
file				HTA9_15_059_A_C130_S514_R1_001.sort.markdup.bam			67107664	c29e9b0301349299c254a81c1d85bfba								syn31548461
file				HTA9_15_059_A_C131_S515_R1_001.sort.markdup.bam			49345330	9e79978a7b12781163fcd0116891e740								syn31548457
file				HTA9_15_059_A_C132_S516_R1_001.sort.markdup.bam			38341150	0b1081398868b8ad7b0a3fc2f017a95f								syn31548456
file				HTA9_15_059_A_C133_S517_R1_001.sort.markdup.bam			58988240	76c8d2951837b3996d2d715bd5f4834e								syn31548459
file				HTA9_15_059_A_C135_S519_R1_001.sort.markdup.bam			64684904	019e0576b0df043d9bf27439d390d0b8								syn31548462
file				HTA9_15_059_A_C137_S521_R1_001.sort.markdup.bam			54459544	516c3cef16b39c122d9c17615ab84e40								syn31548470
file				HTA9_15_059_A_C140_S524_R1_001.sort.markdup.bam			48727746	afcf1f34bc3debdd168059a324bad940								syn31548474
file				HTA9_15_059_A_C144_S528_R1_001.sort.markdup.bam			33980366	2134094f08c3e8f5fbc8ca63aacb51c8								syn31548472
file				HTA9_15_059_A_C145_S529_R1_001.sort.markdup.bam			51440803	59e0c0f7aa44cbddf91cb6175899beb6								syn31548473
file				HTA9_15_059_A_C146_S530_R1_001.sort.markdup.bam			53416681	27e0c11237d5eb9db6b8cba680147ab5								syn31548478
file				HTA9_15_059_A_C147_S531_R1_001.sort.markdup.bam			51977810	bd454c44f309c50f0594748fd7d99734								syn31548480
file				HTA9_15_059_A_C148_S532_R1_001.sort.markdup.bam			56557379	a77cacce02d97c11f8b08d1535f118d4								syn31548482
file				HTA9_15_059_A_C149_S533_R1_001.sort.markdup.bam			59631894	0d76b5ace4a9c87d0512a3c8868d6f08								syn31548484
file				HTA9_15_059_A_C151_S535_R1_001.sort.markdup.bam			67385125	a410834037db12aec3b9a1d5cb5fbbf7								syn31548483
file				HTA9_15_059_A_C152_S536_R1_001.sort.markdup.bam			54656501	dd2cc57a42796f53de923bb195d6048b								syn31548490
file				HTA9_15_059_A_C153_S537_R1_001.sort.markdup.bam			47466622	77d1b677b31eacd0c7284eaf093b6741								syn31548493
file				HTA9_15_059_A_C154_S538_R1_001.sort.markdup.bam			68877239	bd683fffd1c94685178f188e9649a4a6								syn31548496
file				HTA9_15_059_A_C157_S541_R1_001.sort.markdup.bam			51537014	969e315e85022c6a86153f3ed0c36bad								syn31548495
file				HTA9_15_059_A_C158_S542_R1_001.sort.markdup.bam			16746847	4a444102ddae660b04071b596d385285								syn31548487
file				HTA9_15_059_A_C160_S544_R1_001.sort.markdup.bam			11881067	4b3e2689f07a8393c1e8c74bfbdefdc3								syn31548492
file				HTA9_15_059_A_C161_S545_R1_001.sort.markdup.bam			54126346	9832fed6c412283805acc44fc2e57b60								syn31548505
file				HTA9_15_059_A_C162_S546_R1_001.sort.markdup.bam			57902063	5fbb72b36e5143861fddee960ff1ca4c								syn31548506
file				HTA9_15_059_A_C168_S552_R1_001.sort.markdup.bam			40540697	2c8e3f285356b74a6821120459c7ca4e								syn31548507
file				HTA9_15_059_A_C171_S555_R1_001.sort.markdup.bam			46699027	44fbafb36746d2cefebbb77aa7d1749d								syn31548504
file				HTA9_15_059_A_C172_S556_R1_001.sort.markdup.bam			53141680	3e8ae60b762642dbe9827c25a5311650								syn31548509
file				HTA9_15_059_A_C173_S557_R1_001.sort.markdup.bam			44375430	b5dbf1e601facbb558d3c9e6126958dd								syn31548513
file				HTA9_15_059_A_C175_S559_R1_001.sort.markdup.bam			10174772	d9cb539929e5ff99aeeb2983442eb123								syn31548503
file				HTA9_15_059_A_C177_S561_R1_001.sort.markdup.bam			70070825	488affd7078293a8f7b80371408a92da								syn31548527
file				HTA9_15_059_A_C178_S562_R1_001.sort.markdup.bam			61940277	ab7c0c4a3a246d037336822d872e2365								syn31548544
file				HTA9_15_059_A_C179_S563_R1_001.sort.markdup.bam			74425373	a551195ade2cfd194203f064b58681af								syn31548643
file				HTA9_15_059_A_C17_S401_R1_001.sort.markdup.bam			47387854	5c0511ef82c1053fba13df28d5c4d620								syn31548523
file				HTA9_15_059_A_C180_S564_R1_001.sort.markdup.bam			68593742	0b2b053bb0a4e714b67977d2a06d717e								syn31548534
file				HTA9_15_059_A_C181_S565_R1_001.sort.markdup.bam			46944378	df52c15097ac6fc594573c11bad4712a								syn31548536
file				HTA9_15_059_A_C184_S568_R1_001.sort.markdup.bam			39550456	88ee22a30db4d4a2f81898b729e6da45								syn31548530
file				HTA9_15_059_A_C185_S569_R1_001.sort.markdup.bam			70058461	c7755c1dd45729c714b911a665522a08								syn31548668
file				HTA9_15_059_A_C186_S570_R1_001.sort.markdup.bam			74656084	0a2e5b330364fff0b2fc748efa499574								syn31548541
file				HTA9_15_059_A_C187_S571_R1_001.sort.markdup.bam			50482933	5f82bf94c692c2a8c14bc17a95b953be								syn31548540
file				HTA9_15_059_A_C188_S572_R1_001.sort.markdup.bam			68735825	50aa1170c87bd0f88056fa14b3612125								syn31548574
file				HTA9_15_059_A_C189_S573_R1_001.sort.markdup.bam			57769066	7374d99f4143fab2df00eef8e6717a1e								syn31548548
file				HTA9_15_059_A_C18_S402_R1_001.sort.markdup.bam			66894712	260e8f822eb32752d9d7a5b3fc4d3402								syn31548560
file				HTA9_15_059_A_C191_S575_R1_001.sort.markdup.bam			10110479	43e06aeba42b327753d08ff72e90c6f9								syn31548546
file				HTA9_15_059_A_C193_S577_R1_001.sort.markdup.bam			43268853	13a1e0dcc81d4685ec8c8d64b50b0c43								syn31548557
file				HTA9_15_059_A_C194_S578_R1_001.sort.markdup.bam			59546188	0012ed3d8bf9d78a77541879738f966d								syn31548563
file				HTA9_15_059_A_C195_S579_R1_001.sort.markdup.bam			51175007	17354fba76814d36a50d23c384928345								syn31548562
file				HTA9_15_059_A_C196_S580_R1_001.sort.markdup.bam			50021614	22a2d04f15c0c61b88e6a0dd1320aaee								syn31548561
file				HTA9_15_059_A_C197_S581_R1_001.sort.markdup.bam			50507477	07dec7244af16d429bca0609139112b0								syn31548568
file				HTA9_15_059_A_C199_S583_R1_001.sort.markdup.bam			24187322	825ba36e490e2a1f9fc556add5ba8ce6								syn31548564
file				HTA9_15_059_A_C19_S403_R1_001.sort.markdup.bam			63510699	4ca06fd5c27b7c97e6d2739db0ef6aac								syn31548575
file				HTA9_15_059_A_C200_S584_R1_001.sort.markdup.bam			46037502	045a32bacd1256850f624e3d503c6e89								syn31548571
file				HTA9_15_059_A_C201_S585_R1_001.sort.markdup.bam			56722681	ebd19246a7e3b22b25e5fc5b36c2f7b3								syn31548576
file				HTA9_15_059_A_C203_S587_R1_001.sort.markdup.bam			46380973	2ffbd8446bd7288a17ffaaec0ec37d95								syn31548584
file				HTA9_15_059_A_C204_S588_R1_001.sort.markdup.bam			55203108	4e53a27f72b68ee021ff5af0cacc5226								syn31548583
file				HTA9_15_059_A_C207_S591_R1_001.sort.markdup.bam			10668794	83a2d55809d2270b7c2c7c532362390b								syn31548581
file				HTA9_15_059_A_C208_S592_R1_001.sort.markdup.bam			53865667	4f810de811d84789ce7be2e1a096f99b								syn31548586
file				HTA9_15_059_A_C209_S593_R1_001.sort.markdup.bam			63767791	50fdcafa1c8ccd2d42a36760e8cdc8e0								syn31548601
file				HTA9_15_059_A_C20_S404_R1_001.sort.markdup.bam			45789202	624cade368222240e4c77c5b40d6ec73								syn31548589
file				HTA9_15_059_A_C211_S595_R1_001.sort.markdup.bam			49356237	23b2d61f29718f5b1151833342752a91								syn31548594
file				HTA9_15_059_A_C212_S596_R1_001.sort.markdup.bam			64107133	e01469baf2df9960709af73e5da64b54								syn31548600
file				HTA9_15_059_A_C215_S599_R1_001.sort.markdup.bam			42741605	836c2302bc53610be45dcde96cf8979a								syn31548596
file				HTA9_15_059_A_C219_S603_R1_001.sort.markdup.bam			44781589	360b2503d2903eb463a95aa6cdf4a1c6								syn31548602
file				HTA9_15_059_A_C21_S405_R1_001.sort.markdup.bam			67116585	be699f2778ed299c0d340f265854e2a2								syn31548607
file				HTA9_15_059_A_C225_S609_R1_001.sort.markdup.bam			62993054	da184ab7ae0cde0c5fb95a997968a06b								syn31548608
file				HTA9_15_059_A_C226_S610_R1_001.sort.markdup.bam			63842137	8656261fd649cf769d531deb2d5a7f0c								syn31548619
file				HTA9_15_059_A_C227_S611_R1_001.sort.markdup.bam			29458892	614e5de18b5a2a5fea0b50238846e604								syn31548606
file				HTA9_15_059_A_C228_S612_R1_001.sort.markdup.bam			59532640	1ae98a1677410a2bfccd35da22ab9342								syn31548622
file				HTA9_15_059_A_C229_S613_R1_001.sort.markdup.bam			58273195	b86e75a1cef8a1e361a84c700ffc2fc4								syn31548618
file				HTA9_15_059_A_C231_S615_R1_001.sort.markdup.bam			33038106	3819089c28d3e03fdecd043019fa58d5								syn31548613
file				HTA9_15_059_A_C232_S616_R1_001.sort.markdup.bam			49947698	0f6ce2bf7d4a3c78c3b32361624b592f								syn31548624
file				HTA9_15_059_A_C234_S618_R1_001.sort.markdup.bam			55806426	ba414b57ab817d20bf6f2b3798cd3b7e								syn31548628
file				HTA9_15_059_A_C235_S619_R1_001.sort.markdup.bam			52379967	150a45827995b1f3aed01671bd259ffc								syn31548631
file				HTA9_15_059_A_C236_S620_R1_001.sort.markdup.bam			66642603	a40b66dbbb2ea18602a1cb030b430388								syn31548634
file				HTA9_15_059_A_C237_S621_R1_001.sort.markdup.bam			39502701	f15cb22fba1f430f84a43b5229656883								syn31548632
file				HTA9_15_059_A_C238_S622_R1_001.sort.markdup.bam			15134306	cce2f97bd4ea53c8e8ea0988e5396b78								syn31548625
file				HTA9_15_059_A_C23_S407_R1_001.sort.markdup.bam			53032357	57cb71d685f6fcf4a834099c21a09f87								syn31548641
file				HTA9_15_059_A_C240_S624_R1_001.sort.markdup.bam			16702814	8cc615cf601223287b087ae53f35ea56								syn31548633
file				HTA9_15_059_A_C241_S625_R1_001.sort.markdup.bam			46229634	d699d07cd9db2eab262f50aacaf3b775								syn31548640
file				HTA9_15_059_A_C243_S627_R1_001.sort.markdup.bam			49239151	c7d431dfcec2f2f7c5fcd4245fd6a0a2								syn31548771
file				HTA9_15_059_A_C244_S628_R1_001.sort.markdup.bam			54656138	bf377bbd44759f64bfbd5c0b169d24d8								syn31548642
file				HTA9_15_059_A_C245_S629_R1_001.sort.markdup.bam			53464734	eb3e6e92fa3a0fce14f1f4d1f471f53f								syn31548650
file				HTA9_15_059_A_C247_S631_R1_001.sort.markdup.bam			19020385	3525fe8264e3e2d2f4486d68d2d2dbd3								syn31548646
file				HTA9_15_059_A_C248_S632_R1_001.sort.markdup.bam			52546459	80d5e4a04c33ab064049c4d4fc7b7f14								syn31548654
file				HTA9_15_059_A_C249_S633_R1_001.sort.markdup.bam			57653076	94dd71fc6bb023cb2f35f815ac1a3305								syn31548661
file				HTA9_15_059_A_C24_S408_R1_001.sort.markdup.bam			13875928	5472780e7c608a21310aa39cc0bd8e63								syn31548645
file				HTA9_15_059_A_C251_S635_R1_001.sort.markdup.bam			50902869	fa08cb9f233c36dca12b81ed7fa35b34								syn31548662
file				HTA9_15_059_A_C252_S636_R1_001.sort.markdup.bam			46927968	3c14d0abec58f97103215706aa30f15b								syn31548667
file				HTA9_15_059_A_C253_S637_R1_001.sort.markdup.bam			55146343	2f2dc74d9c337203429361e1eef4ef97								syn31548663
file				HTA9_15_059_A_C254_S638_R1_001.sort.markdup.bam			16277326	23ecb70622100e40e03e7a7204f7fb63								syn31548660
file				HTA9_15_059_A_C255_S639_R1_001.sort.markdup.bam			50574411	ed0d99a3d487243e505c6654ed62a3a3								syn31548679
file				HTA9_15_059_A_C256_S640_R1_001.sort.markdup.bam			23993474	1477f19949a70b1c508b23b1b90632d5								syn31548672
file				HTA9_15_059_A_C257_S641_R1_001.sort.markdup.bam			54942219	0c7c78a6637ed93da3cc1f6e4c94e27f								syn31548674
file				HTA9_15_059_A_C259_S643_R1_001.sort.markdup.bam			67085796	a18cd0edd1bb56dfcdf023a7b837a095								syn31548678
file				HTA9_15_059_A_C260_S644_R1_001.sort.markdup.bam			24928528	684629d1e3f50e5dd80c7637ef847cf8								syn31548671
file				HTA9_15_059_A_C261_S645_R1_001.sort.markdup.bam			50522342	4132414f8394e2683a7005643c821d81								syn31548681
file				HTA9_15_059_A_C264_S648_R1_001.sort.markdup.bam			54735914	a738eb3e2ad5d9500d9d38b557108e72								syn31548683
file				HTA9_15_059_A_C265_S649_R1_001.sort.markdup.bam			47102142	a41afd2783b3ffabb2189c1e1b73e1c7								syn31548688
file				HTA9_15_059_A_C267_S651_R1_001.sort.markdup.bam			35987200	1083b19dc477b5d829ced3f716996dd5								syn31548682
file				HTA9_15_059_A_C268_S652_R1_001.sort.markdup.bam			48225495	0d59e5bb377ca59a73be74b2ba05a854								syn31548691
file				HTA9_15_059_A_C269_S653_R1_001.sort.markdup.bam			51177903	ee8a87b1cb5f053366a163a3f7e7b601								syn31548696
file				HTA9_15_059_A_C26_S410_R1_001.sort.markdup.bam			26168029	f5b8192fc7c22f2fa415719eec98d4d8								syn31548690
file				HTA9_15_059_A_C270_S654_R1_001.sort.markdup.bam			41619359	1d73add91030cca86d378f20d0aa6826								syn31548698
file				HTA9_15_059_A_C273_S657_R1_001.sort.markdup.bam			56295514	b5a448efb9cf77ad3952076dc0aaeb39								syn31548701
file				HTA9_15_059_A_C274_S658_R1_001.sort.markdup.bam			53496538	5e0c3e1dd705ae183e5172140ce5cad8								syn31548702
file				HTA9_15_059_A_C276_S660_R1_001.sort.markdup.bam			64628036	ab2d1259ffd76a0164dfed0002d42b61								syn31548706
file				HTA9_15_059_A_C277_S661_R1_001.sort.markdup.bam			56241201	42a1addfb1d9738fd4027da702d4f5ea								syn31548708
file				HTA9_15_059_A_C27_S411_R1_001.sort.markdup.bam			8122827	714cf1f43696bfeb51dd2ed43156d674								syn31548697
file				HTA9_15_059_A_C280_S664_R1_001.sort.markdup.bam			61247307	6444b148c8e492068bd9aaa78234e751								syn31548707
file				HTA9_15_059_A_C281_S665_R1_001.sort.markdup.bam			72721599	c877053d29a861ecef10fb0400db817f								syn31548713
file				HTA9_15_059_A_C283_S667_R1_001.sort.markdup.bam			60862764	4e0abdee646c30d92c89e7f8daa8804a								syn31548717
file				HTA9_15_059_A_C285_S669_R1_001.sort.markdup.bam			61483393	2273ca19b956acf0de4c00b532044963								syn31548718
file				HTA9_15_059_A_C286_S670_R1_001.sort.markdup.bam			19663947	504892ff070781209bfd2ad9bba32487								syn31548711
file				HTA9_15_059_A_C288_S672_R1_001.sort.markdup.bam			43832776	216f7c4ad0f79f3f4fb0ce3c4190cddd								syn31548719
file				HTA9_15_059_A_C289_S673_R1_001.sort.markdup.bam			60370352	93d9c5e7c1bb19c7c6609f163911114b								syn31548721
file				HTA9_15_059_A_C290_S674_R1_001.sort.markdup.bam			64367936	2b23347cd1d14bb18de83313f239f74d								syn31548725
file				HTA9_15_059_A_C293_S677_R1_001.sort.markdup.bam			65127299	2eb805c464c3b3addbcdb68f9f83ff38								syn31548729
file				HTA9_15_059_A_C295_S679_R1_001.sort.markdup.bam			25473952	b3e812a6612a2128b2be371856e23321								syn31548722
file				HTA9_15_059_A_C297_S681_R1_001.sort.markdup.bam			49679522	f1d03ffe7758c07404909c878369352f								syn31548728
file				HTA9_15_059_A_C298_S682_R1_001.sort.markdup.bam			71694210	6f7a31587b64b5ef0467073dbce296ef								syn31548743
file				HTA9_15_059_A_C29_S413_R1_001.sort.markdup.bam			17140458	90ba1b8e38e61a9373b23032132199a0								syn31548741
file				HTA9_15_059_A_C2_S386_R1_001.sort.markdup.bam			9141655	ad76d047718b5cdb55c2f37b56100aae								syn31548730
file				HTA9_15_059_A_C302_S686_R1_001.sort.markdup.bam			13805499	3093d05d5016245b1391834d4f573846								syn31548732
file				HTA9_15_059_A_C303_S687_R1_001.sort.markdup.bam			20180713	93840764b7bcefedbf8448f1fe278ae7								syn31548734
file				HTA9_15_059_A_C304_S688_R1_001.sort.markdup.bam			46490604	bd29fb2a8882956c66f419e69871bac7								syn31548739
file				HTA9_15_059_A_C33_S417_R1_001.sort.markdup.bam			29038372	7a07ed0dd70d6615084cd18bbc510f68								syn31548742
file				HTA9_15_059_A_C35_S419_R1_001.sort.markdup.bam			61218627	a1a5e0153950a4d5a3692f079449aaa0								syn31548750
file				HTA9_15_059_A_C36_S420_R1_001.sort.markdup.bam			56531455	d49ec7e820699ca13ae7c99c9cc4bae2								syn31548749
file				HTA9_15_059_A_C37_S421_R1_001.sort.markdup.bam			65722304	b47e53cddd3400412f3abd939c85cce5								syn31548753
file				HTA9_15_059_A_C39_S423_R1_001.sort.markdup.bam			67579670	cd196ba9c3bc895b3f9f44517ba90fb1								syn31548760
file				HTA9_15_059_A_C3_S387_R1_001.sort.markdup.bam			61202053	85b87edf3f3460c0a7842b79395ea254								syn31548752
file				HTA9_15_059_A_C40_S424_R1_001.sort.markdup.bam			43013879	4bfcb5fdd5fdfebb0a448fa9f3e3a171								syn31548757
file				HTA9_15_059_A_C41_S425_R1_001.sort.markdup.bam			57543351	4cb8670ee0a57fd2f433053470e9dc62								syn31548763
file				HTA9_15_059_A_C45_S429_R1_001.sort.markdup.bam			13247952	b78e258a073368394f8bb0ca26b8f8e9								syn31548754
file				HTA9_15_059_A_C47_S431_R1_001.sort.markdup.bam			8927185	36f3eaf9ba33dd11a892a676568f2e9d								syn31548755
file				HTA9_15_059_A_C49_S433_R1_001.sort.markdup.bam			27645573	5f9a737426fe64ef9835c19ff0b98cd2								syn31548761
file				HTA9_15_059_A_C4_S388_R1_001.sort.markdup.bam			57264567	84c048ea9cb3467b4f2c3fe44ac8cc7a								syn31548772
file				HTA9_15_059_A_C50_S434_R1_001.sort.markdup.bam			32276896	67727fbc4ed5ab75a390f30fccaca2ec								syn31548766
file				HTA9_15_059_A_C52_S436_R1_001.sort.markdup.bam			65392594	5dea823f2c3a742a699ac2d3fe0d12c1								syn31548778
file				HTA9_15_059_A_C53_S437_R1_001.sort.markdup.bam			36768090	49a3d45dc6256a3c9111a6cef6e0d66d								syn31548769
file				HTA9_15_059_A_C55_S439_R1_001.sort.markdup.bam			56981340	3af338de8acea1f67bd2cc1b89f5f35f								syn31548777
file				HTA9_15_059_A_C57_S441_R1_001.sort.markdup.bam			60142189	bae6be6547d424b0ce33f3e19ae2e7fa								syn31548782
file				HTA9_15_059_A_C59_S443_R1_001.sort.markdup.bam			52936259	71ae3fe8140925c246dd4778a15242ee								syn31548785
file				HTA9_15_059_A_C5_S389_R1_001.sort.markdup.bam			50469486	4ab56d834d6b8e7ccdf10c864fca5360								syn31548786
file				HTA9_15_059_A_C65_S449_R1_001.sort.markdup.bam			49620003	9761d14ec3423477dbd5d123ee1fca6a								syn31548787
file				HTA9_15_059_A_C66_S450_R1_001.sort.markdup.bam			57911923	945c3e71885ed51851866305d7313acb								syn31548789
file				HTA9_15_059_A_C67_S451_R1_001.sort.markdup.bam			61042803	e470de6338af42bca7449a1b66c9ec1d								syn31549027
file				HTA9_15_059_A_C68_S452_R1_001.sort.markdup.bam			55340439	97e7e99178856ff6f03bc8d5451459ba								syn31548794
file				HTA9_15_059_A_C69_S453_R1_001.sort.markdup.bam			48970618	dfb3d73c894b89b84b714acf5085ab60								syn31548793
file				HTA9_15_059_A_C6_S390_R1_001.sort.markdup.bam			22925561	f2d8ded5c2bd6fbf33b654fd52517053								syn31548791
file				HTA9_15_059_A_C73_S457_R1_001.sort.markdup.bam			39819794	288a806e8c21c481e517826f677720fe								syn31548795
file				HTA9_15_059_A_C74_S458_R1_001.sort.markdup.bam			68344752	ab813031d897d391d3a463f8806a0431								syn31548804
file				HTA9_15_059_A_C76_S460_R1_001.sort.markdup.bam			63471129	8711504648540cfe683823b79557c454								syn31548806
file				HTA9_15_059_A_C77_S461_R1_001.sort.markdup.bam			65620285	10d843f11a36afbda387798ebefcba4f								syn31548807
file				HTA9_15_059_A_C79_S463_R1_001.sort.markdup.bam			15710589	42f2966f947d7643e53d1ed686281061								syn31548799
file				HTA9_15_059_A_C80_S464_R1_001.sort.markdup.bam			10545680	327072bf57acbbf5c8b2c951d2f3348e								syn31548797
file				HTA9_15_059_A_C81_S465_R1_001.sort.markdup.bam			26522823	03590c68ad420f59fb5dfc79b2710703								syn31548805
file				HTA9_15_059_A_C82_S466_R1_001.sort.markdup.bam			44027719	d12ad2258acd167e12d329c80427fcea								syn31548809
file				HTA9_15_059_A_C83_S467_R1_001.sort.markdup.bam			51314049	34ae4526add7470fdcaec46cf488dd25								syn31548813
file				HTA9_15_059_A_C84_S468_R1_001.sort.markdup.bam			54330093	feea18bcb737068dd74ce79a6999418b								syn31548814
file				HTA9_15_059_A_C85_S469_R1_001.sort.markdup.bam			53752211	5bbb7d360200035c33f1176e7202be3c								syn31548816
file				HTA9_15_059_A_C88_S472_R1_001.sort.markdup.bam			36338273	021aab2a1629d6bc2ad1c38a382f53a4								syn31548811
file				HTA9_15_059_A_C89_S473_R1_001.sort.markdup.bam			40183056	ef59847cae9e469b50f39fdf300fb1ee								syn31548818
file				HTA9_15_059_A_C8_S392_R1_001.sort.markdup.bam			37402864	b3e26e0e7eecab07e711875ded238f0f								syn31548819
file				HTA9_15_059_A_C90_S474_R1_001.sort.markdup.bam			61653975	8599c0235398a6f850693b24049456e1								syn31548830
file				HTA9_15_059_A_C91_S475_R1_001.sort.markdup.bam			50525773	2c73315d55a19195ab936fd6262b6b4f								syn31548834
file				HTA9_15_059_A_C92_S476_R1_001.sort.markdup.bam			55219367	932c46783012ef9f7b1dcc82f3772c0b								syn31548829
file				HTA9_15_059_A_C93_S477_R1_001.sort.markdup.bam			56259290	f6c7185f8c26ed98da83128982222021								syn31548831
file				HTA9_15_059_A_C94_S478_R1_001.sort.markdup.bam			18162364	d16e26e10447dc44dbc8bb58e9e76614								syn31548826
file				HTA9_15_059_A_C95_S479_R1_001.sort.markdup.bam			17162231	987801a249e1fddec172398684eb12a8								syn31548836
file				HTA9_15_059_A_C96_S480_R1_001.sort.markdup.bam			8104561	3070cc1b692a761ddcbeba11f7d74de5								syn31548835
file				HTA9_15_059_A_C97_S481_R1_001.sort.markdup.bam			50375643	a4aff629f24f5de6d208b6bae0f3f1d1								syn31548840
file				HTA9_15_059_A_C98_S482_R1_001.sort.markdup.bam			69329154	bf1d14638edd776cc8604d1f343e1647								syn31548847
file				HTA9_15_059_A_C9_S393_R1_001.sort.markdup.bam			47691583	07be74b441ee9982e67d00e6d90c78c0								syn31548839
file				HTA9_15_059_D_C305_S689_R1_001.sort.markdup.bam			44520410	7d4f2934e86f27d6b1b1d3e064d6c27a								syn31548845
file				HTA9_15_059_D_C307_S691_R1_001.sort.markdup.bam			41718720	808fe1cf7e29ad7b4f594cf02cea5d18								syn31548844
file				HTA9_15_059_D_C308_S692_R1_001.sort.markdup.bam			41121790	73d3aeeff39e3c94950e7c29879d46ae								syn31548851
file				HTA9_15_059_D_C313_S697_R1_001.sort.markdup.bam			43415068	e323ba2329c58188d6cfb7911324c32f								syn31548859
file				HTA9_15_059_D_C314_S698_R1_001.sort.markdup.bam			43338095	fdeb5bd32349e5eb723f61e81fae07ed								syn31548858
file				HTA9_15_059_D_C317_S701_R1_001.sort.markdup.bam			45368610	07a8ae55db748d400d0e80c985f6396d								syn31548863
file				HTA9_15_059_D_C319_S703_R1_001.sort.markdup.bam			10760051	5a770881013d127f1872e43294e1afa4								syn31548852
file				HTA9_15_059_D_C320_S704_R1_001.sort.markdup.bam			9221448	fcb626429f7edd0dc05f87e41e0b80aa								syn31548856
file				HTA9_15_059_D_C321_S705_R1_001.sort.markdup.bam			17971198	4b9309c912ef7b73a4945923390b6e81								syn31548861
file				HTA9_15_059_D_C323_S707_R1_001.sort.markdup.bam			43778448	758df720d8c52bd8b6865cfb741d5b3a								syn31548870
file				HTA9_15_059_D_C324_S708_R1_001.sort.markdup.bam			26534516	4dfa55c243d8f3059537490fb5782120								syn31548866
file				HTA9_15_059_D_C327_S711_R1_001.sort.markdup.bam			39615738	0366727d82b9cbc1e91d004cae0f14db								syn31548869
file				HTA9_15_059_D_C328_S712_R1_001.sort.markdup.bam			35869737	3da13bb003c83c2ac78d7ed214c22908								syn31548877
file				HTA9_15_059_D_C329_S713_R1_001.sort.markdup.bam			34964177	9e89941ea22da3be2e57e09696f777d6								syn31548875
file				HTA9_15_059_D_C331_S715_R1_001.sort.markdup.bam			34508826	5ed66514e7166780228a593bcb6ab15b								syn31548876
file				HTA9_15_059_D_C332_S716_R1_001.sort.markdup.bam			30614412	d76b19433caa5b96b2052ad3b571af08								syn31548879
file				HTA9_15_059_D_C333_S717_R1_001.sort.markdup.bam			39337209	72663b0cc15f4c261feb75712e802569								syn31548880
file				HTA9_15_059_D_C336_S720_R1_001.sort.markdup.bam			11290937	735109bfaa7075376875a5f4a2b430cb								syn31548881
file				HTA9_15_059_D_C337_S721_R1_001.sort.markdup.bam			36430223	95013310a358a6eacbcd9b994003fd5b								syn31548889
file				HTA9_15_059_D_C344_S728_R1_001.sort.markdup.bam			24087714	d1e45e35b359324cb85cc698fea436f5								syn31548890
file				HTA9_15_059_D_C347_S731_R1_001.sort.markdup.bam			16325486	15b5836fe94942f4696b6d443f6828df								syn31548896
file				HTA9_15_059_D_C348_S732_R1_001.sort.markdup.bam			42233395	6186d0d54df0a2215f7f3222938c599e								syn31548894
file				HTA9_15_059_D_C349_S733_R1_001.sort.markdup.bam			9185166	b51ec686641d5667dc482ee5b91d87ff								syn31548886
file				HTA9_15_059_D_C351_S735_R1_001.sort.markdup.bam			9997063	dc9437d9f9b9605956592839c43d33be								syn31548893
file				HTA9_15_059_D_C356_S740_R1_001.sort.markdup.bam			42791943	c5767dd083e32996a6fa274613f55711								syn31548902
file				HTA9_15_059_D_C359_S743_R1_001.sort.markdup.bam			40433343	1c85d8768a1e9b82bf74be217dca969e								syn31548898
file				HTA9_15_059_D_C360_S744_R1_001.sort.markdup.bam			38850915	32a543a8b86b3726a6b977c5a4f50b01								syn31549003
file				HTA9_15_059_D_C361_S745_R1_001.sort.markdup.bam			47238314	23f4554c94332bfbd7dc18feceb41480								syn31548904
file				HTA9_15_059_D_C362_S746_R1_001.sort.markdup.bam			35401029	689916f07e753a393438611bf45572c0								syn31548905
file				HTA9_15_059_D_C365_S749_R1_001.sort.markdup.bam			17869998	81675f1496a2327fb8454c9ea3bfdfa8								syn31548906
file				HTA9_15_059_D_C366_S750_R1_001.sort.markdup.bam			12890160	9e35dde2d6c0c369719b27f0dd95f720								syn31548901
file				HTA9_15_059_D_C372_S756_R1_001.sort.markdup.bam			39658013	bdafe41f2963c886202e6b29efe03689								syn31548912
file				HTA9_15_059_D_C376_S760_R1_001.sort.markdup.bam			34796553	1fd534d171f0392537041b3f9e65015d								syn31548918
file				HTA9_15_059_D_C377_S761_R1_001.sort.markdup.bam			41135187	82dc68399a0d05e6ab1f6f39a84cdca7								syn31548919
file				HTA9_15_059_D_C378_S762_R1_001.sort.markdup.bam			39490372	c4316d36e960c31fdda134fd38ce4d70								syn31548911
file				HTA9_15_059_D_C379_S763_R1_001.sort.markdup.bam			41235818	7de8114ea19854a260903c323b58a2b3								syn31548914
file				HTA9_15_059_D_C380_S764_R1_001.sort.markdup.bam			15682910	63dc1df9f7de620c20414eff8ee2aa77								syn31548910
file				HTA9_2_045_C39_S2_R1_001.sort.bam			204732775	fd02fbaae577059bb97211f55600515f								syn26535629
file				HTA9_2_045_C40_S3_R1_001.sort.bam			209676157	a8255853380029a7a035cd42de2f37f6								syn26535619
file				HTA9_2_045_C41_S4_R1_001.sort.bam			193223952	7b14689b2a8d33b24b00f9404036614a								syn26535620
file				HTA9_2_045_C42_S5_R1_001.sort.bam			210957832	21dae809e3d062879dd7f39e8ffc66d5								syn26535622
file				HTA9_2_045_C45_S8_R1_001.sort.bam			147231217	aa7d95c785b1bd741eb49cf413ab8338								syn26535623
file				HTA9_2_045_C46_S9_R1_001.sort.bam			217984280	8f06ca9b2681ac112968f68bd9cee59d								syn26535625
file				HTA9_2_045_C48_S11_R1_001.sort.bam			232049933	f74367e7a40e4c059cc9eab14480b100								syn26535626
file				HTA9_2_045_C50_S13_R1_001.sort.bam			212149200	b2fb7de98881c1c8a3c79ff12d518488								syn26535627
file				HTA9_2_045_C51_S14_R1_001.sort.bam			208256658	3d71f075658bddaeaab831dfb36529d2								syn26535628
file				HTA9_2_045_C52_S15_R1_001.sort.bam			267559539	a1772d319b1b173815b8a43c1359be31								syn26535630
file				HTA9_2_045_C53_S16_R1_001.sort.bam			255734018	ddfc9d207dc57df5e8e6b9de1fa8ec4a								syn26535631
file				HTA9_2_045_C55_S18_R1_001.sort.bam			220396498	a6dabbe07310cd70b283099c48b84203								syn26535632
file				HTA9_2_045_C56_S19_R1_001.sort.bam			189534629	e0eae4c9dc3c5ba578f0167f7aed57f5								syn26535635
file				HTA9_2_045_C60_S23_R1_001.sort.bam			255489361	b0b819d34d7f240e4486361fd9d8a03a								syn26535639
file				HTA9_2_045_C62_S25_R1_001.sort.bam			249577787	1ba45bdd8e6559167abffd3ee44c3e14								syn26535642
file				HTA9_2_045_C66_S28_R1_001.sort.bam			320529319	0b8e59e6809acc02beb6743c3c2d84d9								syn26535646
file				HTA9_2_045_C70_S29_R1_001.sort.bam			128732716	60895691433d09607ef5e9f7c4148220								syn26535647
file				HTA9_2_045_C73_S32_R1_001.sort.bam			51539388	31d120fde6414c72be926c3845639e22								syn26535648
file				HTA9_2_045_C76_S35_R1_001.sort.bam			26416465	64b64f9763f1692c405be14977eed9be								syn26535649
file				HTA9_2_045_C77_S36_R1_001.sort.bam			26707657	019aea1c469f7a39ff102602e7d80a65								syn26535650
file				HTA9_2_045_POP_S37_R1_001.sort.bam			327099132	131a2105de614d1ac78d8c2fbe736ec3								syn26535652
file				HTA9_2_046_C100_S137_R1_001.sort.bam			197592433	7fcf0dacff409655c7a03cf061a6a67b								syn26535655
file				HTA9_2_046_C115_S152_R1_001.sort.bam			191647961	b2bdbc26e32b37bc6572049e2c3c8f7d								syn26535656
file				HTA9_2_046_C116_S153_R1_001.sort.bam			117568883	33b3b94c097e80ff951695f0847d7f26								syn26535657
file				HTA9_2_046_C117_S154_R1_001.sort.bam			328605114	e3fb3cadddf6e5c9ed62bd2e98480eb7								syn26535659
file				HTA9_2_046_C130_S167_R1_001.sort.bam			141474356	46d5f98fa8d55e28ad291cbed7240239								syn26535658
file				HTA9_2_046_C131_S168_R1_001.sort.bam			214076687	c41c572140cbf6735d92fbc54f1cdbac								syn26535662
file				HTA9_2_046_C132_S169_R1_001.sort.bam			219197530	ceed910e9ff1d1c47dafac7a381aa662								syn26535663
file				HTA9_2_046_C133_S170_R1_001.sort.bam			318115523	4250e7db9d07e7670648965e7c332b1b								syn26535668
file				HTA9_2_046_C146_S183_R1_001.sort.bam			181635583	d10dd6e871e2918db7662f8928dd70ad								syn26535667
file				HTA9_2_046_C148_S185_R1_001.sort.bam			157688422	24771c196032895e2ca28eac25109f56								syn26535669
file				HTA9_2_046_C149_S186_R1_001.sort.bam			243160744	17efc379f4acf1bbda5e9a1b06f0382a								syn26535671
file				HTA9_2_046_C162_S199_R1_001.sort.bam			194329796	61d2d890cc0fd2c754143084304757c7								syn26535672
file				HTA9_2_046_C163_S200_R1_001.sort.bam			204712913	c6a6572f2b8164a33284d77a1f57f4d5								syn26535674
file				HTA9_2_046_C164_S201_R1_001.sort.bam			119251100	2b2c0698fb8a1ae0c1660f9a647183c7								syn26535675
file				HTA9_2_046_C178_S215_R1_001.sort.bam			188288280	50a5b05e5b214c297ced8b2213a6dd6e								syn26535677
file				HTA9_2_046_C179_S216_R1_001.sort.bam			265583774	7f94552fef794bcad0557b8b725ef1d4								syn26535680
file				HTA9_2_046_C180_S217_R1_001.sort.bam			247114905	44f5a3cca2642893d5bb16a277971d75								syn26535682
file				HTA9_2_046_C194_S231_R1_001.sort.bam			173458052	1cc4525b8d1fa1080567a62cd2355f06								syn26535683
file				HTA9_2_046_C196_S233_R1_001.sort.bam			160953817	610a57fa6ce5260a854b25dfdff6ab6c								syn26535685
file				HTA9_2_046_C197_S234_R1_001.sort.bam			285046497	03fb20c9163c95742309dd3f20abc0b5								syn26535688
file				HTA9_2_046_C20_S57_R1_001.sort.bam			196233862	319430d1266727e616dd92dab1299916								syn26535686
file				HTA9_2_046_C210_S247_R1_001.sort.bam			209298307	f00c43d90c7b269ddd09b120dba03852								syn26535687
file				HTA9_2_046_C21_S58_R1_001.sort.bam			198327141	79e4d2cc69541e7ab8488962128e5f20								syn26535689
file				HTA9_2_046_C226_S263_R1_001.sort.bam			196716063	9cbf39ecce9524bb004b3622154e3828								syn26535691
file				HTA9_2_046_C227_S264_R1_001.sort.bam			237899336	1ef3cee4201f4e17fb18aa2f54c9b133								syn26535693
file				HTA9_2_046_C243_S280_R1_001.sort.bam			255818859	2044d0270ed6af27d805933cb52c1068								syn26535694
file				HTA9_2_046_C245_S282_R1_001.sort.bam			233562021	81bd6f43ac8854fc157e6e5b3ef68853								syn26535695
file				HTA9_2_046_C259_S296_R1_001.sort.bam			90388191	0a096ae76d7c0b43c39a62326fe2cab5								syn26535690
file				HTA9_2_046_C274_S311_R1_001.sort.bam			168513591	07e6010d5f368777dcc58777cdeb12a5								syn26535696
file				HTA9_2_046_C275_S312_R1_001.sort.bam			276057042	7685d2ddb5fc59bc922bcb139a997177								syn26535727
file				HTA9_2_046_C277_S314_R1_001.sort.bam			198633994	3e1b8c5846fda30c05e4da5c184b9148								syn26535724
file				HTA9_2_046_C290_S327_R1_001.sort.bam			135159201	2a2934ad4312b439c9609546df924aa6								syn26535697
file				HTA9_2_046_C291_S328_R1_001.sort.bam			284967557	66d97ed316407633033aaa4620daf804								syn26535743
file				HTA9_2_046_C293_S330_R1_001.sort.bam			236916875	d75385f01feee003bdb5759b964c8b22								syn26535741
file				HTA9_2_046_C306_S343_R1_001.sort.bam			133358413	1431f128a53a39feaf66aaf64ec04df1								syn26535737
file				HTA9_2_046_C307_S344_R1_001.sort.bam			170738395	f5becf0899fe4e7bad7f3bbdecd5f08c								syn26535742
file				HTA9_2_046_C309_S346_R1_001.sort.bam			219912568	0ddc6e20d0c82579b6cbcd889daf5e95								syn26535756
file				HTA9_2_046_C322_S359_R1_001.sort.bam			50894806	20068026073f422de7bad8e4c75d5f61								syn26535739
file				HTA9_2_046_C323_S360_R1_001.sort.bam			244114414	7c2ed0aeddef17c21802f59e392a2596								syn26535767
file				HTA9_2_046_C338_S375_R1_001.sort.bam			17700681	512aac0edbe9ca0fa57bf5240e997f95								syn26535740
file				HTA9_2_046_C339_S376_R1_001.sort.bam			148207372	c69531ebd4251a058b9d30e035323f5f								syn26535762
file				HTA9_2_046_C341_S378_R1_001.sort.bam			65891222	a8de3f176651a1a74602683c1c1bf5d5								syn26535755
file				HTA9_2_046_C34_S71_R1_001.sort.bam			22930952	0fe34f83eeb33d861d46901db9fd3626								syn26535751
file				HTA9_2_046_C35_S72_R1_001.sort.bam			210412522	ab61afd79d305b33e8441bad3b46efc7								syn26535771
file				HTA9_2_046_C36_S73_R1_001.sort.bam			193303261	6ae459ffb7878dccf22b954d35cb28d9								syn26535769
file				HTA9_2_046_C37_S74_R1_001.sort.bam			239774547	4d9398521e893e94902d2cab6946eb1a								syn26535776
file				HTA9_2_046_C50_S87_R1_001.sort.bam			43822830	4114f6551d8521919d5a5fa07dd3cb46								syn26535764
file				HTA9_2_046_C51_S88_R1_001.sort.bam			196370981	2e2df8c6ea36a11c68c516f1ff762494								syn26535813
file				HTA9_2_046_C52_S89_R1_001.sort.bam			229098273	8ab3183df221ea5b21762a238d698c6a								syn26535787
file				HTA9_2_046_C53_S90_R1_001.sort.bam			218156258	476c08b5379134d06141d7fca9c859ec								syn26535789
file				HTA9_2_046_C54_S91_R1_001.sort.bam			86222209	63bfdb2c7b262794958ebde932feda11								syn26535778
file				HTA9_2_046_C66_S103_R1_001.sort.bam			94659838	0f520b90a2bedff5f9e2c3a14d123038								syn26535781
file				HTA9_2_046_C67_S104_R1_001.sort.bam			221511219	cec54d8f4194f1f76fbf7357b6a05a1e								syn26535801
file				HTA9_2_046_C68_S105_R1_001.sort.bam			138654693	939fd69fe5dbcb759b2c943c2e472f0b								syn26535792
file				HTA9_2_046_C69_S106_R1_001.sort.bam			199143066	05fa422073cc5f410d041e5c3da813e7								syn26535800
file				HTA9_2_046_C70_S107_R1_001.sort.bam			173654761	295e4b00a3bf0d968b0dbef4fffacf9e								syn26535802
file				HTA9_2_046_C82_S119_R1_001.sort.bam			189292458	8826aea965112aedfc9261c32e51c284								syn26535806
file				HTA9_2_046_C83_S120_R1_001.sort.bam			249860164	77e8d5e0b5c8a7a2c200d107b36a4de5								syn26535811
file				HTA9_2_046_C85_S122_R1_001.sort.bam			321253680	00570479c7b946012a02f78027694e33								syn26535879
file				HTA9_2_046_C86_S123_R1_001.sort.bam			165127706	e02eb6d139030258e9e1c669d2b2a6a8								syn26535814
file				HTA9_2_046_C98_S135_R1_001.sort.bam			162100971	9dd6713e9dbff3c7b0bd59a979536a25								syn26535810
file				HTA9_2_046_C99_S136_R1_001.sort.bam			189427801	8da253646ea4cb8c5f5fbc212e730e6f								syn26535820
file				HTA9_2_056_C388_S4_R1_001.sort.bam			28735680	2abab410b079bc6bfc375712ebe76231								syn26535815
file				HTA9_2_056_C390_S6_R1_001.sort.bam			61726074	744b60fb6762f1737a8282a375744249								syn26535819
file				HTA9_2_056_C393_S9_R1_001.sort.bam			35700681	9b4b945ceb6a0901370250a9758a7b06								syn26535816
file				HTA9_2_056_C398_S14_R1_001.sort.bam			70913833	681792dd1c4adeb23e45d8091bb7452d								syn26535822
file				HTA9_2_056_C411_S27_R1_001.sort.bam			113243585	ccf9cc1c60e9b5607203aeed9981f380								syn26535829
file				HTA9_2_056_C427_S43_R1_001.sort.bam			81463118	e9cb4558e40052ffc5d7f00fe3e77d26								syn26535827
file				HTA9_2_056_C430_S46_R1_001.sort.bam			67868850	37d29f39bc17d2a3121ba5372cd790f5								syn26535825
file				HTA9_2_056_C435_S51_R1_001.sort.bam			56164757	b6752d61ec7784e9218711c68e621136								syn26535828
file				HTA9_2_056_C446_S62_R1_001.sort.bam			116908736	09971b2adddfbfad94917da7fd1754b8								syn26535841
file				HTA9_2_056_C451_S67_R1_001.sort.bam			34815893	f66c7c1c3438fecf81e1779142e75f26								syn26535831
file				HTA9_2_056_C458_S74_R1_001.sort.bam			46988183	5b611d50947a83a61dc067d13cfae069								syn26535832
file				HTA9_2_056_C462_S78_R1_001.sort.bam			71737418	1b83a417cfe9bea1ee1ee3537b79b1bb								syn26535838
file				HTA9_2_056_C471_S87_R1_001.sort.bam			34693044	e2c266d144b6e0660f932cc7b9a01aca								syn26535835
file				HTA9_2_056_C476_S92_R1_001.sort.bam			43856610	e8f5b32fe9187961bb80f93453d4343b								syn26535839
file				HTA9_2_056_C481_S97_R1_001.sort.bam			59907321	a33ef9b12a0fac69893a9a37a3ae4cd1								syn26535845
file				HTA9_2_056_C484_S100_R1_001.sort.bam			31553649	b8b7ccbab036c923803468ff653a0191								syn26535843
file				HTA9_2_056_C488_S104_R1_001.sort.bam			92542338	04a4e2f49deeb8930515757b1e5f9ebb								syn26535852
file				HTA9_2_056_C492_S108_R1_001.sort.bam			82537162	eea628dfeae6f794c85b65a103471ccb								syn26535850
file				HTA9_2_056_C498_S114_R1_001.sort.bam			70009503	55b98a303ab6b6794a3c88f5f5feafa4								syn26535856
file				HTA9_2_056_C513_S129_R1_001.sort.bam			98036821	db80f73f3983be5d38e3f02747935f3d								syn26535862
file				HTA9_2_056_C529_S145_R1_001.sort.bam			34598282	fce339500141df9f9d1ae487648753c2								syn26535848
file				HTA9_2_056_C534_S150_R1_001.sort.bam			26476217	3ffa8afb2a8f238a19e09bb0a15e0c68								syn26535854
file				HTA9_2_056_C537_S153_R1_001.sort.bam			77786589	529f27f643d09eedb9192a20e109c72d								syn26535865
file				HTA9_2_056_C538_S154_R1_001.sort.bam			26029882	b65763142a03c7966f1b52626f53eeb2								syn26535853
file				HTA9_2_056_C539_S155_R1_001.sort.bam			20135406	b0f4eac2c0bc3496cc46252b8a5851dc								syn26535859
file				HTA9_2_056_C541_S157_R1_001.sort.bam			104976598	0b5ecbe5a606154933b41ca0ddf3fda1								syn26535874
file				HTA9_2_056_C547_S163_R1_001.sort.bam			64601051	161aee355eab651b5d70b50b7325730f								syn26535868
file				HTA9_2_056_C557_S173_R1_001.sort.bam			65280784	1a43499da0bc740401ed2b635ba8f9ba								syn26535872
file				HTA9_2_056_C561_S177_R1_001.sort.bam			18673298	81c73fa8c7e0287d0321e54812de9230								syn26535864
file				HTA9_2_056_C565_S181_R1_001.sort.bam			62903631	f00d56dbfceb91d6c349a3ab5fa83bbd								syn26535875
file				HTA9_2_056_C566_S182_R1_001.sort.bam			110434786	027860df8eb2f8519a3878ab0c09bc36								syn26535885
file				HTA9_2_056_C573_S189_R1_001.sort.bam			43137358	fa75fed5495e42bc35d0a5073f78c4db								syn26535878
file				HTA9_2_056_C584_S200_R1_001.sort.bam			25214752	c344886b91c85372f77087014bd017bc								syn26535877
file				HTA9_2_056_C594_S210_R1_001.sort.bam			35931011	35b85373e1c63dc8be079306a0788079								syn26535880
file				HTA9_2_056_C596_S212_R1_001.sort.bam			43724701	608ec281914211aed42b14363455b6b8								syn26535882
file				HTA9_2_056_C600_S216_R1_001.sort.bam			36659811	4f3df0506cce0d5c9b7426c9b0c24bcc								syn26535884
file				HTA9_2_056_C605_S221_R1_001.sort.bam			140215034	158c5fe451b635233d64dc789025f1ff								syn26535900
file				HTA9_2_056_C609_S225_R1_001.sort.bam			117514265	36596b108086ac02f3a6546db48f3983								syn26535895
file				HTA9_2_056_C610_S226_R1_001.sort.bam			87219551	880348158cedbc6c3dc2426a8f22c9e1								syn26535899
file				HTA9_2_056_C612_S228_R1_001.sort.bam			27422138	dadf42a332ebe29dd20edf0a617feb1c								syn26535888
file				HTA9_2_056_C614_S230_R1_001.sort.bam			23470480	e2629843d604eeabd094e2a5f14277c7								syn26535889
file				HTA9_2_056_C615_S231_R1_001.sort.bam			101033035	7fe80d13805d2a8f92d1d4bf24152d82								syn26535904
file				HTA9_2_056_C616_S232_R1_001.sort.bam			37165806	62234bf8498317661ca184554448b8ae								syn26535898
file				HTA9_2_056_C625_S241_R1_001.sort.bam			79697703	b63c2a89ad40a901e082d9e92481efc9								syn26535914
file				HTA9_2_056_C626_S242_R1_001.sort.bam			58831970	d0b06114c94b0b16f3ac2a4da2aa5446								syn26535907
file				HTA9_2_056_C628_S244_R1_001.sort.bam			57553840	88b01cea52a6484fade19010ee5113d9								syn26535905
file				HTA9_2_056_C630_S246_R1_001.sort.bam			100602108	1677fa582b0f5efeaae38bf358a812ad								syn26535976
file				HTA9_2_056_C631_S247_R1_001.sort.bam			85042100	2e6a95c7d5aad161574b9989301c4762								syn26535923
file				HTA9_2_056_C632_S248_R1_001.sort.bam			66413523	3c8e3a1a8201182e98164d4693f5c43e								syn26535924
file				HTA9_2_056_C633_S249_R1_001.sort.bam			45057051	4de3b25c4d48fea5faf36011b6df58fd								syn26535916
file				HTA9_2_056_C649_S265_R1_001.sort.bam			61543447	d2d9de7f4438ff36e156361e9279040c								syn26535926
file				HTA9_2_056_C650_S266_R1_001.sort.bam			40360747	8ea29509e76a11427ca2f26004264e6a								syn26535921
file				HTA9_2_056_C660_S276_R1_001.sort.bam			130809486	f5ff69f65113ef51c4c3a9e864ad77d1								syn26535944
file				HTA9_2_056_C662_S278_R1_001.sort.bam			80572810	8139d2f7ea6d802c33589f6c5348cb13								syn26535939
file				HTA9_2_056_C665_S281_R1_001.sort.bam			87937878	339518f22c3f71a0fd4d0cb00d748e27								syn26535942
file				HTA9_2_056_C673_S289_R1_001.sort.bam			19556033	08c6dfa1607488a0e81f973f71773bab								syn26535932
file				HTA9_2_056_C674_S290_R1_001.sort.bam			54526216	c3499054ae16f667669b41cd4f9035f3								syn26535937
file				HTA9_2_056_C675_S291_R1_001.sort.bam			89814186	827cf54d0f335de88c5c372300120d4e								syn26535949
file				HTA9_2_056_C676_S292_R1_001.sort.bam			68203690	0e33a51dc635a118cc32fa79cf60a34e								syn26535953
file				HTA9_2_056_C684_S300_R1_001.sort.bam			59553869	5563ae071987565452cdddd8dae3dffd								syn26535947
file				HTA9_2_056_C695_S311_R1_001.sort.bam			24982743	e77597ef6ba4087645f72fe20f4c1515								syn26535945
file				HTA9_2_056_C706_S322_R1_001.sort.bam			96675031	69bab427a6020d4f0df4c8279083e327								syn26535957
file				HTA9_2_056_C711_S327_R1_001.sort.bam			61213082	68d93636a3f8855dfe5353c46ce3b673								syn26535959
file				HTA9_2_056_C716_S332_R1_001.sort.bam			48931408	2f56415e344381ba2a3e249f3983914a								syn26535956
file				HTA9_2_056_C722_S338_R1_001.sort.bam			118912064	da7a321ee8cccdb40e972e6f1852e1e7								syn26535965
file				HTA9_2_056_C723_S339_R1_001.sort.bam			15805237	ee45b419d2a75273f1a81e9d023a9f53								syn26535954
file				HTA9_2_056_C724_S340_R1_001.sort.bam			104616732	af606161e91337686a8703f7424cb93e								syn26535973
file				HTA9_2_056_C725_S341_R1_001.sort.bam			140183867	14d228772daa1a612fb4558f76e7a260								syn26535978
file				HTA9_2_056_C726_S342_R1_001.sort.bam			90984960	65195072b0c4768a66d984ee33ba355e								syn26535972
file				HTA9_2_056_C728_S344_R1_001.sort.bam			78160288	e6e68abb3dfdc6d53bc1bf71b25f17a2								syn26535969
file				HTA9_2_056_C733_S349_R1_001.sort.bam			14858876	8c77f8cffaa071d6fe21202b818b63f8								syn26535970
file				HTA9_2_056_C739_S355_R1_001.sort.bam			131660510	22ce9cf723ee866ccb600ec0b956f351								syn26535991
file				HTA9_2_056_C741_S357_R1_001.sort.bam			78091802	756dd8d06a2d8cb2f52e38a9cfb48cad								syn26535983
file				HTA9_2_056_C742_S358_R1_001.sort.bam			50921180	ce7b180799473bdc43fa013a6e4e3d85								syn26535979
file				HTA9_2_056_C744_S360_R1_001.sort.bam			43644091	0ee6549e233f0bd31b7787fa2851818b								syn26535981
file				HTA9_2_056_C747_S363_R1_001.sort.bam			65567312	b19710c91aa320f77893e2352d84108f								syn26535989
file				HTA9_2_056_C748_S364_R1_001.sort.bam			60099135	1dde7d011fd445403725f8460cccbed5								syn26535995
file				HTA9_2_056_C754_S370_R1_001.sort.bam			58562852	07c050ba48a1b1e90f3385e792a6f700								syn26535993
file				HTA9_2_056_C760_S376_R1_001.sort.bam			38288094	e938c82291cdcfec089ba3b8cd60c85e								syn26535992
file				HTA9_2_056_C761_S377_R1_001.sort.bam			54936290	835574635b4abbcc40721714b3788384								syn26536001
file				HTA9_2_056_C764_S380_R1_001.sort.bam			32332025	dd9e062959f05afa2fad995379f2964e								syn26535997
file				HTA9_2_55_C10_S10_R1_001.sort.bam			120141771	8e599370f6cf95f7a0b59c15c9326c79								syn26536011
file				HTA9_2_55_C13_S13_R1_001.sort.bam			10839823	f981dd1a55ceac9ae29b73bbfadf5c87								syn26535996
file				HTA9_2_55_C18_S17_R1_001.sort.bam			155343319	c6e20663b9751a92c45a6b6c52dc93b8								syn26536017
file				HTA9_2_55_C19_S18_R1_001.sort.bam			73299121	73dac0d0217621b351eb395ce48b0626								syn26536009
file				HTA9_2_55_C1_S1_R1_001.sort.bam			23844821	97038b1267093947477c1e794fe7e5d0								syn26536003
file				HTA9_2_55_C20_S19_R1_001.sort.bam			168097197	ff09da9ea24f205236d0d3f76b3d1b39								syn26536025
file				HTA9_2_55_C21_S20_R1_001.sort.bam			140433866	21b1c27ddd452764e6bccbaaece71f81								syn26536021
file				HTA9_2_55_C22_S21_R1_001.sort.bam			159703340	7a22e25b6e8c271120d7e289d7e47214								syn26536030
file				HTA9_2_55_C23_S22_R1_001.sort.bam			15166971	dcefb69199eb3c5c3442b680340cd17e								syn26536012
file				HTA9_2_55_C25_S24_R1_001.sort.bam			136201937	0901de75bdb72a5ad9f094dee5d5357c								syn26536031
file				HTA9_2_55_C26_S25_R1_001.sort.bam			85319131	cee96fec357c7fee15481503aa69e3f7								syn26536028
file				HTA9_2_55_C27_S26_R1_001.sort.bam			173916720	5b831c44deb8ef8a789b96bd23bcb1be								syn26536043
file				HTA9_2_55_C29_S28_R1_001.sort.bam			20788537	3aabd51ccfc559a2428c7957364c2426								syn26536029
file				HTA9_2_55_C2_S2_R1_001.sort.bam			19333313	cc0cb403abcc08222fbefde9bea4c294								syn26536033
file				HTA9_2_55_C30_S29_R1_001.sort.bam			92368008	f8a088d6045c17c9e410e2a5163d977e								syn26536040
file				HTA9_2_55_C31_S30_R1_001.sort.bam			88900759	e248e24127b8aa990c1de08871234107								syn26536044
file				HTA9_2_55_C34_S33_R1_001.sort.bam			156445895	cf645433ec9df75fa3ff1bc2372bc923								syn26536053
file				HTA9_2_55_C35_S34_R1_001.sort.bam			223780467	c75e3ecb9d8273deec9cf580503bdae2								syn26536064
file				HTA9_2_55_C36_S35_R1_001.sort.bam			21460534	f6d6b6a264a29ea43fdfb4916520d12e								syn26536045
file				HTA9_2_55_C37_S36_R1_001.sort.bam			134624976	5d0a59550fbf205e9ffe602036528e2e								syn26536061
file				HTA9_2_55_C38_S37_R1_001.sort.bam			225247194	628b99de1db79528830faa0490467a96								syn26536083
file				HTA9_2_55_C39_S38_R1_001.sort.bam			143029319	27948c98bec8a0ccac4cf33e0df21a5a								syn26536073
file				HTA9_2_55_C3_S3_R1_001.sort.bam			42331470	3421b17703388da47537ed14571e6626								syn26536059
file				HTA9_2_55_C40_S39_R1_001.sort.bam			185599861	12e278c735b0a36d9ea0fb42cf477f9b								syn26536098
file				HTA9_2_55_C4_S4_R1_001.sort.bam			107603383	f017c5ba9610363a8a109c82a4a2cca3								syn26536087
file				HTA9_2_55_C5_S5_R1_001.sort.bam			66334339	5af91cd1168318bc94533d4dd7821be1								syn26536080
file				HTA9_2_55_C6_S6_R1_001.sort.bam			163373622	f44ba828ef05d96d97f14d5cfb231577								syn26536113
file				HTA9_2_55_C7_S7_R1_001.sort.bam			126599439	4de60e61b58d92c7d3dbe2b4625faa3b								syn26536112
file				HTA9_2_55_C8_S8_R1_001.sort.bam			123600860	71ba6ab60c00a2f5ebca24ba0076677c								syn26536108
file				HTA9_2_55_C9_S9_R1_001.sort.bam			56076567	1c398049a15a93292674cdd376d2c22b								syn26536101
file				HTA9_3_1st_C101_S2909_R1_001.sort.bam			54104170	938a22fc3ed1dd6475911c47075c4cc9								syn26536117
file				HTA9_3_1st_C104_S2912_R1_001.sort.bam			59349566	568be72a7b3dde51569e1d6a36131ed6								syn26536124
file				HTA9_3_1st_C105_S2913_R1_001.sort.bam			82466137	06785030c4b7b7b81c9c9cf153e677c5								syn26536150
file				HTA9_3_1st_C108_S2916_R1_001.sort.bam			80174669	38171bcd9aaa5caf5998e0f61982e642								syn26536151
file				HTA9_3_1st_C109_S2917_R1_001.sort.bam			64038715	d19b89eb1247f88c3d8d813f1353cc5e								syn26536139
file				HTA9_3_1st_C110_S2918_R1_001.sort.bam			72619085	c4305990ff8c398e791f131bedbe10ae								syn26536153
file				HTA9_3_1st_C111_S2919_R1_001.sort.bam			42267834	0d00cb7a459b6255540cef27f33bb240								syn26536148
file				HTA9_3_1st_C112_S2920_R1_001.sort.bam			63112901	160f144e75ae53234ff088d3f67b5387								syn26536174
file				HTA9_3_1st_C115_S2923_R1_001.sort.bam			9047728	452e0237199bf3909eb2e70515a8491e								syn26536156
file				HTA9_3_1st_C117_S2925_R1_001.sort.bam			59052092	e91699ce65ed7d3b5586cf787f5a15c1								syn26536181
file				HTA9_3_1st_C120_S2928_R1_001.sort.bam			77219368	ecc6fec509a1098ca9dff906996bf96b								syn26536193
file				HTA9_3_1st_C121_S2929_R1_001.sort.bam			77792453	e08ff8651584229fbed1b72799a60db1								syn26536189
file				HTA9_3_1st_C122_S2930_R1_001.sort.bam			53042834	5a39c253d33d1322b34856a301cd8a1d								syn26536183
file				HTA9_3_1st_C124_S2932_R1_001.sort.bam			53737061	c1c036c32418779f377520ff77215275								syn26536199
file				HTA9_3_1st_C126_S2934_R1_001.sort.bam			47326455	08926a7bbe9364fdb2fd98a0f94601c4								syn26536202
file				HTA9_3_1st_C128_S2936_R1_001.sort.bam			86328374	35381ab8e9bb8f18132120de30d3f22d								syn26536208
file				HTA9_3_1st_C130_S2938_R1_001.sort.bam			8696204	63f07a9c8ed0595d2065b8efaa9c51a1								syn26536198
file				HTA9_3_1st_C131_S2939_R1_001.sort.bam			6323242	70fefdcb6ab584c04895e38f7438048c								syn26536196
file				HTA9_3_1st_C132_S2940_R1_001.sort.bam			29975108	f26bd684eeb73bdaa1b497ae4b9205fc								syn26536206
file				HTA9_3_1st_C136_S2944_R1_001.sort.bam			65380648	447f83bb3d92d49c4533cb5bb4dba353								syn26536209
file				HTA9_3_1st_C137_S2945_R1_001.sort.bam			70301514	f2036063d978b6f709d7ed84531d6692								syn26536213
file				HTA9_3_1st_C139_S2947_R1_001.sort.bam			56370686	b76d16a5c660f1129dc49a7301463eba								syn26536211
file				HTA9_3_1st_C140_S2948_R1_001.sort.bam			50264919	257291614a05b4f3c83b4927fbf97bd9								syn26536218
file				HTA9_3_1st_C141_S2949_R1_001.sort.bam			44843465	fec2e88deb3e080ad2743a9aa57f7d81								syn26536216
file				HTA9_3_1st_C142_S2950_R1_001.sort.bam			49002793	a67aca0cbd95d3871bfe7aaa21915f6d								syn26536221
file				HTA9_3_1st_C143_S2951_R1_001.sort.bam			46472141	f0d08492858c748fe7112c102da39660								syn26536224
file				HTA9_3_1st_C149_S2957_R1_001.sort.bam			49831867	d70f9d34b84036ebedc950776302333f								syn26536225
file				HTA9_3_1st_C153_S2961_R1_001.sort.bam			41546143	526b86b2f276805962bd8b971a692d4f								syn26536223
file				HTA9_3_1st_C155_S2963_R1_001.sort.bam			35873933	ab704b3af7e5826f514ae89a2d90dec4								syn26536231
file				HTA9_3_1st_C157_S2965_R1_001.sort.bam			34452204	607769560540ddb071f20f3c32410095								syn26536232
file				HTA9_3_1st_C159_S2967_R1_001.sort.bam			43784540	e7ff5a44a5ec19a28010e6d75837666a								syn26536236
file				HTA9_3_1st_C163_S2971_R1_001.sort.bam			6096622	b677ed8db19317e661b1d745d15cdb42								syn26536227
file				HTA9_3_1st_C164_S2972_R1_001.sort.bam			9013729	00ed099298479c21a14f373ab71ee9e4								syn26536230
file				HTA9_3_1st_C166_S2974_R1_001.sort.bam			45099987	c83756fe9e0bc292350709f8d5b5128d								syn26536240
file				HTA9_3_1st_C170_S2978_R1_001.sort.bam			39268956	d4db6e69cd81137c0883d70e8d6a9bcc								syn26536239
file				HTA9_3_1st_C172_S2980_R1_001.sort.bam			43506231	1a36ae204eefd27921deecfe92c91569								syn26536242
file				HTA9_3_1st_C183_S2991_R1_001.sort.bam			60474942	6a5ae401162d30ff5adc9f06689f3e28								syn26536244
file				HTA9_3_1st_C185_S2993_R1_001.sort.bam			44551706	05452877f164f7d236c294b4d87dda45								syn26536243
file				HTA9_3_1st_C186_S2994_R1_001.sort.bam			71774399	b4d69b50bbd8e1a2a2fd062cff1a7aa1								syn26536251
file				HTA9_3_1st_C189_S2997_R1_001.sort.bam			69480551	821ca68732bed80d1584374c4b522f16								syn26536466
file				HTA9_3_1st_C190_S2998_R1_001.sort.bam			75544272	5dce093ed59f363e56b5cfb7b3d2dbe3								syn26536256
file				HTA9_3_1st_C191_S2999_R1_001.sort.bam			52008630	388881fcb7ea61c89698f76f034f28b0								syn26536257
file				HTA9_3_1st_C194_S3002_R1_001.sort.bam			4131715	cd2476f2fd38397248cea48f218366b7								syn26536247
file				HTA9_3_1st_C196_S3004_R1_001.sort.bam			17984980	71dfc14711f20f4baa29265e50b29644								syn26536252
file				HTA9_3_1st_C197_S3005_R1_001.sort.bam			47257394	0ee389de65d39cf82b6835f1569ca900								syn26536260
file				HTA9_3_1st_C199_S3007_R1_001.sort.bam			74711318	7b1eaa6ddd78896c9e72ff716c5f7167								syn26536267
file				HTA9_3_1st_C19_S2827_R1_001.sort.bam			11982411	a694591049f7d6b0b5192a4a45e10e12								syn26536259
file				HTA9_3_1st_C201_S3009_R1_001.sort.bam			57026970	6f7338f057a218b3fa76c4bb6aa87aaf								syn26536261
file				HTA9_3_1st_C204_S3012_R1_001.sort.bam			65307089	b0b68fe798ed03fb0ebdd0e9e96a6f2c								syn26536283
file				HTA9_3_1st_C207_S3015_R1_001.sort.bam			67967278	5ac55753a4af3ac7c72e728b3fdae1a8								syn26536269
file				HTA9_3_1st_C208_S3016_R1_001.sort.bam			80669490	7a53d14a8667b2f5507be2156d825753								syn26536278
file				HTA9_3_1st_C210_S3018_R1_001.sort.bam			6237698	a7daff720d796a0ba9447cc550c0d94b								syn26536263
file				HTA9_3_1st_C213_S3021_R1_001.sort.bam			53877195	40e3aa4b652f4625de722ec6ff1fa9c6								syn26536271
file				HTA9_3_1st_C214_S3022_R1_001.sort.bam			47105574	86779d9b63e5927b9fa227788fae90ce								syn26536277
file				HTA9_3_1st_C215_S3023_R1_001.sort.bam			59646209	e51c5198a0528146a0e904f906e41fe8								syn26536280
file				HTA9_3_1st_C219_S3027_R1_001.sort.bam			69171991	ce8cfcfb00f86222029c970692d328d7								syn26536285
file				HTA9_3_1st_C21_S2829_R1_001.sort.bam			7325852	270c3370809648ddf0f0484db0ce66e7								syn26536272
file				HTA9_3_1st_C221_S3029_R1_001.sort.bam			63204873	a60c70d219e09af6e725696a89175d2e								syn26536287
file				HTA9_3_1st_C223_S3031_R1_001.sort.bam			58904225	5d9d156ea46f8d3f5caafa716dc959e2								syn26536286
file				HTA9_3_1st_C224_S3032_R1_001.sort.bam			72001259	a676d49308c268bb5f500e668b93573c								syn26536289
file				HTA9_3_1st_C228_S3036_R1_001.sort.bam			5411862	9db5771ced689967001557a7058d6300								syn26536281
file				HTA9_3_1st_C22_S2830_R1_001.sort.bam			11174765	632310c6d16d45e2079372e71318546e								syn26536284
file				HTA9_3_1st_C238_S3046_R1_001.sort.bam			68993481	69ea408bce98bb5702d377ab993da1f6								syn26536296
file				HTA9_3_1st_C239_S3047_R1_001.sort.bam			60091648	f23fc4a13dfce2100fc293f0623345b3								syn26536295
file				HTA9_3_1st_C240_S3048_R1_001.sort.bam			98404225	b4cd650c11b3d314119f6ce62f8b6e5b								syn26536319
file				HTA9_3_1st_C244_S3052_R1_001.sort.bam			11366356	fc15d917723d55506d70ed947f9cc7b6								syn26536291
file				HTA9_3_1st_C245_S3053_R1_001.sort.bam			54444692	26edfc665185988e36c68e8bc130ae6d								syn26536302
file				HTA9_3_1st_C247_S3055_R1_001.sort.bam			41567710	dcbcfdf2eb33b688050a5ac4f096e33b								syn26536299
file				HTA9_3_1st_C248_S3056_R1_001.sort.bam			39753996	3f8c024c8ba4e7de6c2297420a67552f								syn26536305
file				HTA9_3_1st_C249_S3057_R1_001.sort.bam			43952510	e623b225c88cd24797b0a5f9c2182c4f								syn26536303
file				HTA9_3_1st_C250_S3058_R1_001.sort.bam			32056077	80bcd7754e8785b2c3e25eb4af02dd25								syn26536307
file				HTA9_3_1st_C253_S3061_R1_001.sort.bam			27698617	46430bd29b7a171fa81f72347a600ae0								syn26536308
file				HTA9_3_1st_C254_S3062_R1_001.sort.bam			44678759	23d95223417fb19139bdeb2a9f4410a7								syn26536310
file				HTA9_3_1st_C25_S2833_R1_001.sort.bam			71306603	e4c74a5998d5bab633e5c714ff9daac0								syn26536317
file				HTA9_3_1st_C261_S3069_R1_001.sort.bam			69963374	7e6929becae46e91644538ae14f02dc2								syn26536316
file				HTA9_3_1st_C262_S3070_R1_001.sort.bam			60701461	ef1424c7ce736e58a35b51903baa6359								syn26536315
file				HTA9_3_1st_C263_S3071_R1_001.sort.bam			83910386	6e177eac849c84eb4501cbe4791ca54b								syn26536324
file				HTA9_3_1st_C264_S3072_R1_001.sort.bam			43743621	113966c4def51e943c03bdb6c2ddbe0e								syn26536320
file				HTA9_3_1st_C265_S3073_R1_001.sort.bam			48682684	6cffb016b7c24b93e135431377d206aa								syn26536323
file				HTA9_3_1st_C266_S3074_R1_001.sort.bam			54732988	50173494cb8e33bcf0cb1fbcdec3b703								syn26536329
file				HTA9_3_1st_C270_S3078_R1_001.sort.bam			62366149	d3ad8f517fbe9bd5cb5afef6f283edda								syn26536331
file				HTA9_3_1st_C272_S3080_R1_001.sort.bam			54371055	8d5c2cc5d3c2946021ba1e5854799105								syn26536338
file				HTA9_3_1st_C273_S3081_R1_001.sort.bam			2781472	470c900ede78f93dd20a615d35c103d1								syn26536327
file				HTA9_3_1st_C275_S3083_R1_001.sort.bam			10885013	ebe086d7bf15837b61c473cfb2cf5790								syn26536334
file				HTA9_3_1st_C277_S3085_R1_001.sort.bam			75569304	580978b781eb2ee230f5a2f98e74f55c								syn26536347
file				HTA9_3_1st_C279_S3087_R1_001.sort.bam			29732188	d209fc9f7af7c9d55e018b37e154fb83								syn26536337
file				HTA9_3_1st_C280_S3088_R1_001.sort.bam			56246454	2a49813cff5c30db221fd96685e2900c								syn26536346
file				HTA9_3_1st_C281_S3089_R1_001.sort.bam			46743678	44d5bb1dc6c0b5a9c92674966951f2b6								syn26536345
file				HTA9_3_1st_C282_S3090_R1_001.sort.bam			73649105	81760b0e1011ea57076b8e1bf190de80								syn26536358
file				HTA9_3_1st_C283_S3091_R1_001.sort.bam			39691475	d3330f097c20c5109c28f4e305983f35								syn26536352
file				HTA9_3_1st_C286_S3094_R1_001.sort.bam			63954102	983c27b6f60b65b955526d21117bf52c								syn26536364
file				HTA9_3_1st_C287_S3095_R1_001.sort.bam			72979005	d1d8df78fbbb5f82bea067ece19247f5								syn26536370
file				HTA9_3_1st_C288_S3096_R1_001.sort.bam			63534243	f7dc0cdf6eda699a6f728619e1cdc752								syn26536371
file				HTA9_3_1st_C289_S3097_R1_001.sort.bam			2991913	743d84d6983a535d816ece8e5a3efab6								syn26536354
file				HTA9_3_1st_C28_S2836_R1_001.sort.bam			80803856	969de013add070f19df7cabbc1218550								syn26536372
file				HTA9_3_1st_C290_S3098_R1_001.sort.bam			5970579	67cbb035069b39e98c512d0843a47a49								syn26536360
file				HTA9_3_1st_C291_S3099_R1_001.sort.bam			8399027	161dd1df72d04fc7d3998336991b5014								syn26536367
file				HTA9_3_1st_C294_S3102_R1_001.sort.bam			71193768	bcd40bcd839150274e3e01e04f32fea6								syn26536376
file				HTA9_3_1st_C295_S3103_R1_001.sort.bam			63129885	b576ff7768f4101f944ecdfbe2cfceaf								syn26536375
file				HTA9_3_1st_C297_S3105_R1_001.sort.bam			63253352	cb0d0a3def4da900976a36499f858dc1								syn26536381
file				HTA9_3_1st_C29_S2837_R1_001.sort.bam			79839069	aef9aa59be92f705becb01e962fb56e3								syn26536382
file				HTA9_3_1st_C300_S3108_R1_001.sort.bam			61642109	ba8f83f9f86c409aa8865b95ad03581b								syn26536383
file				HTA9_3_1st_C304_S3112_R1_001.sort.bam			83402518	75bb6ff925859befbf1350cf4ab132a7								syn26536407
file				HTA9_3_1st_C306_S3114_R1_001.sort.bam			2208807	46b97b53325dacb8b79c3fbe5bad534b								syn26536379
file				HTA9_3_1st_C307_S3115_R1_001.sort.bam			21752750	0d58623ac174d2876e3a49d2f4dc2527								syn26536385
file				HTA9_3_1st_C308_S3116_R1_001.sort.bam			14084581	87000945dcabaac3a2d934db5b87b7cb								syn26536384
file				HTA9_3_1st_C309_S3117_R1_001.sort.bam			73061565	0a38eb3bc82d0c7748d0a7c7d1c5cb7c								syn26536395
file				HTA9_3_1st_C30_S2838_R1_001.sort.bam			58582601	863610cc018cb90f1c7f27776a639d52								syn26536393
file				HTA9_3_1st_C310_S3118_R1_001.sort.bam			19495281	23742eb282a6b90a47335f96247eb64c								syn26536388
file				HTA9_3_1st_C313_S3121_R1_001.sort.bam			46173749	149ffea6648de4135b8fc64f93055d8c								syn26536397
file				HTA9_3_1st_C314_S3122_R1_001.sort.bam			69239238	8fb648e44af7f11bd5c0c1d0dd8da719								syn26536405
file				HTA9_3_1st_C315_S3123_R1_001.sort.bam			49827657	1619400822083b87c285b5fb121b9219								syn26536403
file				HTA9_3_1st_C318_S3126_R1_001.sort.bam			53962315	969b6735e69690917e66d436b0265773								syn26536404
file				HTA9_3_1st_C31_S2839_R1_001.sort.bam			64074280	fc5917b5684ac2b24d397fbad75c50a4								syn26536410
file				HTA9_3_1st_C320_S3128_R1_001.sort.bam			71193597	cc5d021029a2a8f24965fbc07be63d90								syn26536427
file				HTA9_3_1st_C323_S3131_R1_001.sort.bam			19486462	edb94d88d2b943744ac399624fe52977								syn26536413
file				HTA9_3_1st_C324_S3132_R1_001.sort.bam			8906232	4af60d08946650aa0d977abced39c716								syn26536412
file				HTA9_3_1st_C327_S3135_R1_001.sort.bam			64296558	57bd32ba31f3f17d672c643d4ea7c040								syn26536418
file				HTA9_3_1st_C328_S3136_R1_001.sort.bam			48289422	10946b03aef5ce9e532697108a53579b								syn26536424
file				HTA9_3_1st_C329_S3137_R1_001.sort.bam			49949131	e0b6111046891468d20141ae84181d18								syn26536422
file				HTA9_3_1st_C332_S3140_R1_001.sort.bam			50746916	49a69d88365917feeef84ba2f7403337								syn26536423
file				HTA9_3_1st_C333_S3141_R1_001.sort.bam			75353027	30120394d4dc06b0659c555bd784d810								syn26536428
file				HTA9_3_1st_C334_S3142_R1_001.sort.bam			66198554	54624ff6083f25ea8bbc63ee00bb71dd								syn26536430
file				HTA9_3_1st_C335_S3143_R1_001.sort.bam			67066090	66e7e0d16c2a09a764bc50fff85e0a68								syn26536439
file				HTA9_3_1st_C336_S3144_R1_001.sort.bam			14249393	d56809955100bb5f159216e5bc4dcac7								syn26536429
file				HTA9_3_1st_C340_S3148_R1_001.sort.bam			17017737	0f1c4b1555f3380dbebb9dab6d098d4a								syn26536434
file				HTA9_3_1st_C342_S3150_R1_001.sort.bam			83188635	cca4ce52d8575d111a2ab97d14d1ed05								syn26536445
file				HTA9_3_1st_C343_S3151_R1_001.sort.bam			72672629	3430d132269ff445487bc9568d92c5ee								syn26536447
file				HTA9_3_1st_C347_S3155_R1_001.sort.bam			42537530	adb82ae743188a787f29e41b737d1936								syn26536441
file				HTA9_3_1st_C350_S3158_R1_001.sort.bam			71175079	03004d40b39bc5a886d3f5549cccaf6e								syn26536449
file				HTA9_3_1st_C356_S3164_R1_001.sort.bam			11192759	bca71ad38b1a96456e19bcfa4853fdfc								syn26536444
file				HTA9_3_1st_C358_S3166_R1_001.sort.bam			19686660	691cca91467654bd8540d9adc94f5323								syn26536448
file				HTA9_3_1st_C360_S3168_R1_001.sort.bam			55624366	200696aad5d1fb4a36472dac3f232fc4								syn26536455
file				HTA9_3_1st_C361_S3169_R1_001.sort.bam			37184062	c0be30059a0077c8fbc943fd59fc0470								syn26536454
file				HTA9_3_1st_C365_S3173_R1_001.sort.bam			25890700	9ba346988be411c24f59087440bce2b4								syn26536451
file				HTA9_3_1st_C366_S3174_R1_001.sort.bam			72236105	616c50f2a2ade7495c126c71b26f3b5f								syn26536461
file				HTA9_3_1st_C373_S3181_R1_001.sort.bam			22626347	0a1917fc2649cc7e10f7ba7370950cd6								syn26536457
file				HTA9_3_1st_C376_S3184_R1_001.sort.bam			47445196	c6bdee7fab542ad29bf268d5f8f22c21								syn26536460
file				HTA9_3_1st_C377_S3185_R1_001.sort.bam			62955672	e5caeab5ce33e077efee2449327424a1								syn26536467
file				HTA9_3_1st_C379_S3187_R1_001.sort.bam			30899102	6d43931387bed48c5e327a15ece4b62a								syn26536462
file				HTA9_3_1st_C381_S3189_R1_001.sort.bam			18124235	ba1bc0d25539c808087285aded7f3e7b								syn26536465
file				HTA9_3_1st_C382_S3190_R1_001.sort.bam			59613240	1ec6008899a1af974bd13f14af4dcbc2								syn26536470
file				HTA9_3_1st_C40_S2848_R1_001.sort.bam			72608633	c8482756630860bdb5555b0a9ebfd73a								syn26536477
file				HTA9_3_1st_C44_S2852_R1_001.sort.bam			81998586	a6d39ecaf91cada8d37f7d1209e5f90c								syn26536479
file				HTA9_3_1st_C48_S2856_R1_001.sort.bam			14243558	a6ba9acbe3e6cf83a53c1de7a9d9e9a0								syn26536468
file				HTA9_3_1st_C53_S2861_R1_001.sort.bam			16827527	04163b969018f3755930efba6d8eeda0								syn26536472
file				HTA9_3_1st_C55_S2863_R1_001.sort.bam			24228006	8a10259ba6791d69ef5981c694ff71f7								syn26536478
file				HTA9_3_1st_C57_S2865_R1_001.sort.bam			60631640	113f3102bd880e82745d5389beb7e53f								syn26536485
file				HTA9_3_1st_C58_S2866_R1_001.sort.bam			60842477	0b131c2f920fdaef17feae2fdd3fb90e								syn26536486
file				HTA9_3_1st_C5_S2813_R1_001.sort.bam			10054944	fab3f0d4ad50f8a81a2b4300a5ed7177								syn26536480
file				HTA9_3_1st_C60_S2868_R1_001.sort.bam			61855599	4380e11e2dc7c968b00f1a0b79d66c4d								syn26536491
file				HTA9_3_1st_C61_S2869_R1_001.sort.bam			85932875	cf3241b4804a2a1ce34a971563d7a863								syn26536494
file				HTA9_3_1st_C62_S2870_R1_001.sort.bam			72630222	66b0f10acd3d3feaf279a0070af09e8f								syn26536493
file				HTA9_3_1st_C63_S2871_R1_001.sort.bam			71017652	e14ce2a15fdca8830746559460352db8								syn26536497
file				HTA9_3_1st_C66_S2874_R1_001.sort.bam			10626493	d9400a8aef0f1026a7b584377b30e9f7								syn26536487
file				HTA9_3_1st_C67_S2875_R1_001.sort.bam			9423473	a7425643886546b575f7344a70efe577								syn26536492
file				HTA9_3_1st_C70_S2878_R1_001.sort.bam			70198332	4dbc8ead50ee762b55a795d489a4c267								syn26536506
file				HTA9_3_1st_C73_S2881_R1_001.sort.bam			51403246	12c31117153e5a76367f7d1a7678f91c								syn26536503
file				HTA9_3_1st_C77_S2885_R1_001.sort.bam			48060968	5700a0010e1efb4e3a3ad0891974ef7f								syn26536504
file				HTA9_3_1st_C80_S2888_R1_001.sort.bam			15917376	e78c360be5601a5d5f763a351ab85b3e								syn26536500
file				HTA9_3_1st_C82_S2890_R1_001.sort.bam			9671792	3ca20d34ad7b473ca7ab7d61d0ff01fb								syn26536501
file				HTA9_3_1st_C83_S2891_R1_001.sort.bam			12175280	11745fa29e276b7c672a0d0e17a8fd38								syn26536505
file				HTA9_3_1st_C84_S2892_R1_001.sort.bam			11924678	d3ec169c2100009a1470e8009ccef2d9								syn26536508
file				HTA9_3_1st_C89_S2897_R1_001.sort.bam			48667146	1df7ad69e372e0efaa0da7add6b20117								syn26536511
file				HTA9_3_1st_C8_S2816_R1_001.sort.bam			61593648	ee1f3b360227352f212d392e9297b94e								syn26536517
file				HTA9_3_1st_C90_S2898_R1_001.sort.bam			56718257	d16ea72cbaca46650f76dbdb1e6ad6d3								syn26536516
file				HTA9_3_1st_C94_S2902_R1_001.sort.bam			59049907	6fdd3228fa3cbd0b46cc4923c1f04b83								syn26536519
file				HTA9_3_1st_C95_S2903_R1_001.sort.bam			68987891	fb740a30663dc0e7aa381f7f2f6da5e7								syn26536524
file				HTA9_3_1st_C9_S2817_R1_001.sort.bam			49063351	b541906382562576fa474db07ca1a01f								syn26536523
file				HTA9_3_2nd_C113_S881_R1_001.sort.bam			29583895	e7938567663f65383c75849e5fa37aab								syn26536521
file				HTA9_3_2nd_C114_S882_R1_001.sort.bam			62346615	e6219d3bf764e7c8a2081d8ff5a4dc28								syn26536529
file				HTA9_3_2nd_C115_S883_R1_001.sort.bam			54085851	e3a756210c708bc7d0f71634ea933944								syn26536528
file				HTA9_3_2nd_C117_S885_R1_001.sort.bam			48563808	c43259f37f2760d47b6538a55fffd56e								syn26536532
file				HTA9_3_2nd_C170_S938_R1_001.sort.bam			59408762	448f02ef3de28ab19ae103db5f028f8d								syn26536536
file				HTA9_3_2nd_C171_S939_R1_001.sort.bam			44104989	fbca0151cb676867ddb3431254de7db1								syn26536531
file				HTA9_3_2nd_C173_S941_R1_001.sort.bam			46678227	a85461b1eb96657d690306b2489f8cce								syn26536538
file				HTA9_3_2nd_C174_S942_R1_001.sort.bam			57934277	4721e5c9e13174ffaad6fa4ed2741186								syn26536539
file				HTA9_3_2nd_C175_S943_R1_001.sort.bam			45725436	7b62a331e5d0448b76a2b2c313e41ae2								syn26536540
file				HTA9_3_2nd_C178_S946_R1_001.sort.bam			57852544	2f452152b402ceae051de6a224ac516e								syn26536543
file				HTA9_3_2nd_C179_S947_R1_001.sort.bam			62089485	9832ecefe02cfff34651d6d9a30587b4								syn26536545
file				HTA9_3_2nd_C180_S948_R1_001.sort.bam			62344659	4edc0b90204a664fe0d80d432c69f4c7								syn26536549
file				HTA9_3_2nd_C181_S949_R1_001.sort.bam			50103206	9b40d5df3a04f021767602ba3e13f680								syn26536548
file				HTA9_3_2nd_C182_S950_R1_001.sort.bam			32435833	f42c22b96a0556d5db7f12d6afa463c0								syn26536551
file				HTA9_3_2nd_C184_S952_R1_001.sort.bam			49997445	9e400d08d6cbce1c115715eb9e287211								syn26536555
file				HTA9_3_2nd_C189_S957_R1_001.sort.bam			41060913	f29a9b85d3f8b87bc804abe17be1d314								syn26536553
file				HTA9_3_2nd_C18_S786_R1_001.sort.bam			12648922	49bba2aa51ab63a1a8918cca4615bc82								syn26536554
file				HTA9_3_2nd_C191_S959_R1_001.sort.bam			36800313	6b1984798b80035c3a3e33e1a91ce550								syn26536558
file				HTA9_3_2nd_C194_S962_R1_001.sort.bam			44244219	0897ab42f2806ab0cc4e81eda7bbf479								syn26536560
file				HTA9_3_2nd_C195_S963_R1_001.sort.bam			40770954	c520211776bbc4b012e31b05d25d3f76								syn26536562
file				HTA9_3_2nd_C196_S964_R1_001.sort.bam			33989983	4208f6256bd3848f50dc05ea7e2b73b5								syn26536563
file				HTA9_3_2nd_C197_S965_R1_001.sort.bam			38949227	efaa22de49393f9125bc701dc208a89b								syn26536564
file				HTA9_3_2nd_C199_S967_R1_001.sort.bam			50517036	a0e45c3d01a4c09f4141a482c69e5c6e								syn26536570
file				HTA9_3_2nd_C200_S968_R1_001.sort.bam			46615818	aa7780b4c28c77c5eb6cf780585051e5								syn26536571
file				HTA9_3_2nd_C201_S969_R1_001.sort.bam			33705779	a0cf99c30622a5b050f932c1064f6f52								syn26536569
file				HTA9_3_2nd_C202_S970_R1_001.sort.bam			35812529	2b071dc6e405edb40993315eab140275								syn26536572
file				HTA9_3_2nd_C203_S971_R1_001.sort.bam			42963976	d5f8127cbfb075ebd0679232fad3a904								syn26536573
file				HTA9_3_2nd_C204_S972_R1_001.sort.bam			33886944	4eb260555781c2b2f02c251499d31f1e								syn26536578
file				HTA9_3_2nd_C205_S973_R1_001.sort.bam			40068688	910566dffbc86b182467be814d94da85								syn26536577
file				HTA9_3_2nd_C206_S974_R1_001.sort.bam			34146963	328f82c0c238cf8bb1691225960b280b								syn26536580
file				HTA9_3_2nd_C207_S975_R1_001.sort.bam			50966890	f217cbe3e3c0cd267cd0f763e0102cf0								syn26536584
file				HTA9_3_2nd_C208_S976_R1_001.sort.bam			28602524	b021a23643b4e2edda1b8a4abcb6fec7								syn26536579
file				HTA9_3_2nd_C209_S977_R1_001.sort.bam			36266567	19877ef10fc76f99f66353372af204c3								syn26536585
file				HTA9_3_2nd_C210_S978_R1_001.sort.bam			46727741	98b777f7ba4e5d2432838d7a8aeef8ee								syn26536586
file				HTA9_3_2nd_C211_S979_R1_001.sort.bam			48187214	30db2392db8ad28e3fc888bc4ae9a33b								syn26536589
file				HTA9_3_2nd_C212_S980_R1_001.sort.bam			33617749	d91725bd9f1e543a994f3d2cc27ba0a7								syn26536588
file				HTA9_3_2nd_C214_S982_R1_001.sort.bam			44522516	fedc548a3cc3fed643c703cae4e4dd73								syn26536592
file				HTA9_3_2nd_C21_S789_R1_001.sort.bam			65059705	8ab1e648e117b9e212ccba4609101ad0								syn26536598
file				HTA9_3_2nd_C315_S1083_R1_001.sort.bam			33200830	7fc230105fc80c36bea3782f3e9e094e								syn26536595
file				HTA9_3_2nd_C317_S1085_R1_001.sort.bam			27099426	886b0e90ec0157bb704f47aa43b1063e								syn26536594
file				HTA9_3_2nd_C318_S1086_R1_001.sort.bam			32687654	4de343ab863ff21f80ef6ae3c92a20c4								syn26536596
file				HTA9_3_2nd_C321_S1089_R1_001.sort.bam			36648899	161cfb577bfa8ca585fd8f79b59eb757								syn26536602
file				HTA9_3_2nd_C322_S1090_R1_001.sort.bam			35713243	50c3f6d40269ed5af0995afa147ce40a								syn26536603
file				HTA9_3_2nd_C323_S1091_R1_001.sort.bam			40715808	55b7529adcd07af46ef58c9c4b5e6a7e								syn26536606
file				HTA9_3_2nd_C324_S1092_R1_001.sort.bam			33312420	4040ebc056c7c666f526671e270bd4d4								syn26536604
file				HTA9_3_2nd_C326_S1094_R1_001.sort.bam			35789222	e2991c15fd8e38a4ce3292e89c878ee2								syn26536605
file				HTA9_3_2nd_C329_S1097_R1_001.sort.bam			56697281	0363df871ae8eb20dd70830b934f4d6b								syn26536612
file				HTA9_3_2nd_C330_S1098_R1_001.sort.bam			67016860	a3d73060d65d293698c1bc2d407e25a3								syn26536613
file				HTA9_3_2nd_C333_S1101_R1_001.sort.bam			36092188	1cd6f3823f6222856e89c32dc4ab674b								syn26536611
file				HTA9_3_2nd_C336_S1104_R1_001.sort.bam			28442564	222d63428646c1e93d8e44fc87a0ca4b								syn26536608
file				HTA9_3_2nd_C338_S1106_R1_001.sort.bam			61990933	df9b7521ce89981afa5f28c8ef19fe63								syn26536618
file				HTA9_3_2nd_C339_S1107_R1_001.sort.bam			96981269	283bab089c1510b28da659da2e014e9d								syn26536622
file				HTA9_3_2nd_C340_S1108_R1_001.sort.bam			45451534	c541f9eed5817595ef4a778ba1f1f2cc								syn26536620
file				HTA9_3_2nd_C342_S1110_R1_001.sort.bam			61970805	95c21350d74f6dee3ca307607c7048a5								syn26536621
file				HTA9_3_2nd_C343_S1111_R1_001.sort.bam			12178638	9df0ce2455dd25ce5b1244e08a4ff1e4								syn26536616
file				HTA9_3_2nd_C344_S1112_R1_001.sort.bam			12657104	f58ceb2ced73b9aa76b5c7e0fe05acdc								syn26536619
file				HTA9_3_2nd_C345_S1113_R1_001.sort.bam			51284164	ae37f96a2ac39dbcc9ad202026b5a341								syn26536625
file				HTA9_3_2nd_C346_S1114_R1_001.sort.bam			54026396	02bc51df222a3d8c99d1dddc6f69e9b4								syn26536628
file				HTA9_3_2nd_C350_S1118_R1_001.sort.bam			44410351	24be44a47a77412d9b274d70eb2f46c8								syn26536630
file				HTA9_3_2nd_C352_S1120_R1_001.sort.bam			41373096	2f82647753a485ef8d12b2b33923db64								syn26536632
file				HTA9_3_2nd_C353_S1121_R1_001.sort.bam			60278413	3873ff63aff14f860279ed21f78e423a								syn26536639
file				HTA9_3_2nd_C355_S1123_R1_001.sort.bam			65986557	0aa1c0680408ddfa836a18ca77f24576								syn26536643
file				HTA9_3_2nd_C356_S1124_R1_001.sort.bam			41786991	e471fabed7b6aa23cdead87ff961fceb								syn26536641
file				HTA9_3_2nd_C359_S1127_R1_001.sort.bam			22820997	615de2c24b1c0131865c560e462c92f9								syn26536635
file				HTA9_3_2nd_C35_S803_R1_001.sort.bam			48467307	5b8e4b4559462ce3e2043eda3311ad47								syn26536637
file				HTA9_3_2nd_C360_S1128_R1_001.sort.bam			15365484	30c3d588ad7c3e6538016aff539eb485								syn26536640
file				HTA9_3_2nd_C361_S1129_R1_001.sort.bam			52510461	b520ebbce1d02b04e6fdef84ed6c119a								syn26536649
file				HTA9_3_2nd_C362_S1130_R1_001.sort.bam			44851817	573bd0c0cc6102fa5ae622190f86b2f3								syn26536647
file				HTA9_3_2nd_C364_S1132_R1_001.sort.bam			53900581	ba4d2e33a38b6c958f6fb3ba32919925								syn26536648
file				HTA9_3_2nd_C366_S1134_R1_001.sort.bam			51481046	ee5f8409a28586f5a9ea27dd4e5bc6ff								syn26536650
file				HTA9_3_2nd_C367_S1135_R1_001.sort.bam			48607463	f299e1ee83a821e9d85fa525db072f87								syn26536646
file				HTA9_3_2nd_C369_S1137_R1_001.sort.bam			56310423	196864513759a64fed5e8ee640ae7140								syn26536656
file				HTA9_3_2nd_C36_S804_R1_001.sort.bam			51675932	c7f021e25cddf1714cbc80dd836c5378								syn26536655
file				HTA9_3_2nd_C370_S1138_R1_001.sort.bam			66815035	e125f10bb12250e72e844323a34114d4								syn26536654
file				HTA9_3_2nd_C371_S1139_R1_001.sort.bam			78032451	06e986b927b9b8215d938462be2b12d7								syn26536660
file				HTA9_3_2nd_C372_S1140_R1_001.sort.bam			38667628	eea6a69999b953c19ceef7ec3e7483e8								syn26536653
file				HTA9_3_2nd_C373_S1141_R1_001.sort.bam			42540388	1d704851c924dfc3a8a06838e55a5c56								syn26536662
file				HTA9_3_2nd_C374_S1142_R1_001.sort.bam			29923236	1e33295980d8ecbb74755a514e763889								syn26536658
file				HTA9_3_2nd_C37_S805_R1_001.sort.bam			63821356	7d0dceb5c9da866e9661b0bb15626a84								syn26536666
file				HTA9_3_2nd_C380_S1148_R1_001.sort.bam			56809213	e8d176a7645ad2adb037d1a84c255a5d								syn26536665
file				HTA9_3_2nd_C381_S1149_R1_001.sort.bam			51246857	e56d34928846d5cd44ee527006d07d35								syn26536670
file				HTA9_3_2nd_C382_S1150_R1_001.sort.bam			53045519	a954b01f9e6110e24d1674bdf5329426								syn26536673
file				HTA9_3_2nd_C384_S1152_R1_001.sort.bam			28896619	ab4d855028c96ed2ad8c6adc98cdcda7								syn26536669
file				HTA9_3_2nd_C385_S1153_R1_001.sort.bam			61420158	74004e3f4ca937edaa17154128488275								syn26536678
file				HTA9_3_2nd_C387_S1155_R1_001.sort.bam			64213858	4e9e40ef3f0b4a0b69c213d82cf17290								syn26536682
file				HTA9_3_2nd_C388_S1156_R1_001.sort.bam			35735621	93c995fd14f646629ba4da5fa6a19fb2								syn26536677
file				HTA9_3_2nd_C390_S1158_R1_001.sort.bam			15187891	9fe1803a75d7147781538b56d1967395								syn26536674
file				HTA9_3_2nd_C391_S1159_R1_001.sort.bam			11033466	4593e8ad7b7990bd2d4a274accb8abd8								syn26536675
file				HTA9_3_2nd_C392_S1160_R1_001.sort.bam			9060650	1b19877abc2e300f34b1e192b9098a86								syn26536676
file				HTA9_3_2nd_C393_S1161_R1_001.sort.bam			24144025	9ac1977800e819ef2e6fe84b2073e350								syn26536683
file				HTA9_3_2nd_C394_S1162_R1_001.sort.bam			54028737	885b9a52cbffaf46d38c559f51b2db16								syn26536689
file				HTA9_3_2nd_C395_S1163_R1_001.sort.bam			52484949	ad10830ae04fbe290b9cf8d30e52999e								syn26536691
file				HTA9_3_2nd_C396_S1164_R1_001.sort.bam			50207582	36ff8e1d986a891c744f2135ddabd9e1								syn26536686
file				HTA9_3_2nd_C397_S1165_R1_001.sort.bam			46271090	29e8fd48d68543eb3d79cee4d0f2d771								syn26536690
file				HTA9_3_2nd_C398_S1166_R1_001.sort.bam			55005727	a24afbf5fbd2453d561927fed68e9be7								syn26536696
file				HTA9_3_2nd_C399_S1167_R1_001.sort.bam			65129762	3f28ce749c3e6d1970918110b34b1cba								syn26536701
file				HTA9_3_2nd_C3_S771_R1_001.sort.bam			23362063	30f9a15ae1fcc9dc325279e7cb9607ac								syn26536694
file				HTA9_3_2nd_C400_S1168_R1_001.sort.bam			34893470	d8e17bebdbcf4a35bd2ce1d1236b6a8a								syn26536699
file				HTA9_3_2nd_C402_S1170_R1_001.sort.bam			57901553	cdeca37150dd708a08039c4daa412aae								syn26536702
file				HTA9_3_2nd_C403_S1171_R1_001.sort.bam			88387878	16c06683006e045601fbbac3665d07d8								syn26536711
file				HTA9_3_2nd_C404_S1172_R1_001.sort.bam			53433043	d746bb24a75e53f0e244e2aedf098b53								syn26536707
file				HTA9_3_2nd_C405_S1173_R1_001.sort.bam			55369804	344b54c380a83ce2b026085faaa5d41d								syn26536709
file				HTA9_3_2nd_C406_S1174_R1_001.sort.bam			14520571	7ea0c58acb9025d1ad39e2b7e1d78038								syn26536704
file				HTA9_3_2nd_C407_S1175_R1_001.sort.bam			9540649	6e985f05b0701efce32cf2d2fdf69e5f								syn26536705
file				HTA9_3_2nd_C408_S1176_R1_001.sort.bam			6366453	1517e85e095417c978031e7ab365c710								syn26536706
file				HTA9_3_2nd_C409_S1177_R1_001.sort.bam			56829405	08140070d69297203db00acdd2ccf885								syn26536718
file				HTA9_3_2nd_C410_S1178_R1_001.sort.bam			39164040	034bc5bb46e317998d4a5aa4dc173876								syn26536714
file				HTA9_3_2nd_C411_S1179_R1_001.sort.bam			38457353	94df496a543322e0006ee87f2262fb89								syn26536717
file				HTA9_3_2nd_C412_S1180_R1_001.sort.bam			48574312	fb80091a502499d866a1fba7f861408a								syn26536722
file				HTA9_3_2nd_C414_S1182_R1_001.sort.bam			45240978	b60583fd81298390e4c9c1d7529a018c								syn26536724
file				HTA9_3_2nd_C417_S1185_R1_001.sort.bam			56318750	e36070215ca2e6937e4cbfe9185b4752								syn26536727
file				HTA9_3_2nd_C420_S1188_R1_001.sort.bam			50002898	01e3f31f8ad73d4705fb8fa3f0b578ff								syn26536730
file				HTA9_3_2nd_C421_S1189_R1_001.sort.bam			51881437	ec297673dddebb74dd32652da93664a0								syn26536729
file				HTA9_3_2nd_C425_S1193_R1_001.sort.bam			44395667	6621c19972aa7de5cef76f32dfc9c34d								syn26536734
file				HTA9_3_2nd_C426_S1194_R1_001.sort.bam			39895584	623a5f4397eeb0522a5bda86dec0e738								syn26536735
file				HTA9_3_2nd_C427_S1195_R1_001.sort.bam			45767682	647fe9d3761c08e6144fe2a51d5fb77f								syn26536736
file				HTA9_3_2nd_C430_S1198_R1_001.sort.bam			53204016	87608fd4ad769967b8311ee074db486b								syn26536738
file				HTA9_3_2nd_C431_S1199_R1_001.sort.bam			39984057	a697edf2d1244d175ac63e0b0170a7e2								syn26536737
file				HTA9_3_2nd_C432_S1200_R1_001.sort.bam			37081236	029627ce2236b3979943ff322722070f								syn26536740
file				HTA9_3_2nd_C434_S1202_R1_001.sort.bam			63508453	2d54fedec68dc3e0942d498513bee3f0								syn26536746
file				HTA9_3_2nd_C435_S1203_R1_001.sort.bam			96161294	074ad068dd429f0b3b182601aeff8d83								syn26536754
file				HTA9_3_2nd_C438_S1206_R1_001.sort.bam			50273126	3f5625a2dfb368ecaa08ae4cca103cc6								syn26536744
file				HTA9_3_2nd_C439_S1207_R1_001.sort.bam			12970343	710b458ff5c6737534b971a97dd0db07								syn26536742
file				HTA9_3_2nd_C441_S1209_R1_001.sort.bam			48774653	01819f9036c15b9727c3435ba414acea								syn26536751
file				HTA9_3_2nd_C442_S1210_R1_001.sort.bam			48950374	7d98104ec31e1800b5f822a89f474b75								syn26536752
file				HTA9_3_2nd_C443_S1211_R1_001.sort.bam			43601868	4379f713ccf542784fc46980c7a9315e								syn26536756
file				HTA9_3_2nd_C444_S1212_R1_001.sort.bam			42646881	836dfc90b88c010c51d739b4119fdb9b								syn26536755
file				HTA9_3_2nd_C445_S1213_R1_001.sort.bam			30869041	d3a2aaf88a2f406bc35185abc7dd07bf								syn26536750
file				HTA9_3_2nd_C446_S1214_R1_001.sort.bam			55647483	9c98e1917608f43c73a642534d350a53								syn26536763
file				HTA9_3_2nd_C447_S1215_R1_001.sort.bam			36140947	beb621dfe74d3c8fd94e35fe96f3a0b7								syn26536760
file				HTA9_3_2nd_C448_S1216_R1_001.sort.bam			26736827	f5011c979189d7b582fb71c2546cdce7								syn26536757
file				HTA9_3_2nd_C449_S1217_R1_001.sort.bam			45296748	b4b2cf41d6d2fa0433ba48957d86cb2c								syn26536762
file				HTA9_3_2nd_C451_S1219_R1_001.sort.bam			51168918	dcaf0c2921bc59407a8042aa68e36c13								syn26536765
file				HTA9_3_2nd_C452_S1220_R1_001.sort.bam			56583232	6636aeb30cf48dff89c0bbb2c2fc87e4								syn26536768
file				HTA9_3_2nd_C454_S1222_R1_001.sort.bam			14508258	1d93d0779f3907dae7a995f02a5b809f								syn26536764
file				HTA9_3_2nd_C457_S1225_R1_001.sort.bam			38389730	fb0adadb884fe5b698ed6bd5d9f712ca								syn26536767
file				HTA9_3_2nd_C458_S1226_R1_001.sort.bam			58723471	cacc639492a70551c55ca611890b5159								syn26536770
file				HTA9_3_2nd_C459_S1227_R1_001.sort.bam			48176063	966ddc066fcbdf6c2aaed8d1cfebbcaa								syn26536769
file				HTA9_3_2nd_C460_S1228_R1_001.sort.bam			60345452	77e54fdd073b7a7f5633d6963714bb62								syn26536771
file				HTA9_3_2nd_C462_S1230_R1_001.sort.bam			59094651	e8b22278e20fc558af526f8b4c99c08e								syn26536773
file				HTA9_3_2nd_C463_S1231_R1_001.sort.bam			45082647	69967cadfea6bb63de8d95e2dea0f8ec								syn26536772
file				HTA9_3_2nd_C464_S1232_R1_001.sort.bam			42368123	700cca604b24a20d3d9d29c287b36512								syn26536775
file				HTA9_3_2nd_C465_S1233_R1_001.sort.bam			56978996	a8671033bfaefa460fd8d46eb7662803								syn26536777
file				HTA9_3_2nd_C466_S1234_R1_001.sort.bam			41290175	7f2feffc94d140552401752efa35e39f								syn26536774
file				HTA9_3_2nd_C467_S1235_R1_001.sort.bam			111807279	e136a13caa53a127d929cb630fdb4f02								syn26536791
file				HTA9_3_2nd_C473_S1241_R1_001.sort.bam			38441702	df285124cefc0945c283996d7826f8b0								syn26536778
file				HTA9_3_2nd_C474_S1242_R1_001.sort.bam			41593231	a5f5a82b5ca3d62917d035ff8f2c95a5								syn26536782
file				HTA9_3_2nd_C475_S1243_R1_001.sort.bam			38339976	936efdde157194fdd44a8709c910f7b2								syn26536781
file				HTA9_3_2nd_C476_S1244_R1_001.sort.bam			44656005	b2ec3645f0b6bebf566e8719d13cd9e4								syn26536784
file				HTA9_3_2nd_C477_S1245_R1_001.sort.bam			44945217	0b28e587b330d90a169b716520faca2f								syn26536788
file				HTA9_3_2nd_C478_S1246_R1_001.sort.bam			48691935	996f604a294338d0154b1b9d6f5439c3								syn26536792
file				HTA9_3_2nd_C479_S1247_R1_001.sort.bam			56070154	b71fe0770c215c6d0574f99774ef8bde								syn26536795
file				HTA9_3_2nd_C480_S1248_R1_001.sort.bam			37996828	75edce59140b0e1bd7ec159a1891b32c								syn26536793
file				HTA9_3_2nd_C481_S1249_R1_001.sort.bam			39983127	168071b41d8c9d9b0073f8e62f053d11								syn26536797
file				HTA9_3_2nd_C484_S1252_R1_001.sort.bam			28932112	5d040eeeb64db71a0919642a3f6464e0								syn26536798
file				HTA9_3_2nd_C491_S1259_R1_001.sort.bam			51707512	c5718ec8cc11af92eb367cb7162124f6								syn26536802
file				HTA9_3_2nd_C493_S1261_R1_001.sort.bam			44219886	85b708cb0260f87852e9a7cd917e4002								syn26536805
file				HTA9_3_2nd_C495_S1263_R1_001.sort.bam			57531081	cca5a875f80d922c5bb8fe272b25a951								syn26536806
file				HTA9_3_2nd_C496_S1264_R1_001.sort.bam			28443340	d1020256d19daf461787d19e0879205a								syn26536809
file				HTA9_3_2nd_C498_S1266_R1_001.sort.bam			52322745	085089e8f575c37f57d983a2a3d0a8fb								syn26536808
file				HTA9_3_2nd_C499_S1267_R1_001.sort.bam			31113690	d0c886cbb760012c338b18428be1f30c								syn26536813
file				HTA9_3_2nd_C50_S818_R1_001.sort.bam			24900146	3f16a741ac37045d3fb9d9f27d95ba21								syn26536812
file				HTA9_3_2nd_C51_S819_R1_001.sort.bam			72168869	0c98f55611011df5c6c75e010c302c9d								syn26536816
file				HTA9_3_2nd_C52_S820_R1_001.sort.bam			62454646	52bc26efd78bb2b2a19be1c69c95169c								syn26536815
file				HTA9_3_2nd_C53_S821_R1_001.sort.bam			36616727	f13bde31d2225f83497e65869de18f28								syn26536818
file				HTA9_3_2nd_C5_S773_R1_001.sort.bam			63991372	e8074a51bf1341796c81274df1b9b5ce								syn26536820
file				HTA9_3_2nd_C65_S833_R1_001.sort.bam			17525220	ec6be9a02a2e2fae878d6ff79437e745								syn26536817
file				HTA9_3_2nd_C66_S834_R1_001.sort.bam			53235643	860e1f6e429db392ac6310fcaf1d340b								syn26536824
file				HTA9_3_2nd_C67_S835_R1_001.sort.bam			63935014	4f15f4cfca6f04fe510abc4dfd96f000								syn26536827
file				HTA9_3_2nd_C68_S836_R1_001.sort.bam			42106801	394515afc10542d6204d84b6eb24e127								syn26536821
file				HTA9_3_2nd_C69_S837_R1_001.sort.bam			52824289	ca15173965a3e809b9b32ba8a8fee8a5								syn26536826
file				HTA9_3_2nd_C97_S865_R1_001.sort.bam			19426451	d13ddaf4432869e794bea88fb4dfed08								syn26536822
file				HTA9_3_2nd_C99_S867_R1_001.sort.bam			54318176	0c0773ddd86b62a1205a390e136df163								syn26536828
