type	 study.study_id	 participant.study_participant_id	 sample.sample_id	file_name	file_type	file_description	file_size	md5sum	experimental_strategy_and_data_subtypes	submission_version	checksum_value	checksum_algorithm	file_mapping_level	release_datetime	is_supplementary_file	entityid
file				0000265770_S1_R1_001.fastq.gz			5922226903	fffd2ccf0b13429c7eb29e047971fa3a								syn68527411
file				0000265770_S1_R2_001.fastq.gz			6071072710	3490397151b6e75aa798e397e909f217								syn68527423
file				0000303169_S1_R1_001.fastq.gz			5813919946	8522e1fde70516357f38f4577e1bd5ff								syn68527427
file				0000303169_S1_R2_001.fastq.gz			5952061358	02f102dd39bfe63f2feb39ff5b820092								syn68527434
file				0000319997_S1_R1_001.fastq.gz			6458618664	1b22bc41dc004b93e63aabde1b721267								syn68527442
file				0000319997_S1_R2_001.fastq.gz			6616353653	0e12a41cf63afd732025adede93e97ef								syn68527459
file				0000320079_S1_R1_001.fastq.gz			3982159332	2b1d743eb85968b1ed2f7cb327290746								syn68527460
file				0000320079_S1_R2_001.fastq.gz			4007555718	d1368fcec559133d5a2bf4ac2110fe88								syn68527463
file				0000320114_S1_R1_001.fastq.gz			6424491170	20d67c2feaa9e84679ce59b5ac6d29bb								syn68527479
file				0000320114_S1_R2_001.fastq.gz			6555972249	f37e93682a4fdc72dd51838dabe3660b								syn68527496
file				0000320245_S1_R1_001.fastq.gz			5648322967	4ba64faf79609927cad67fbd5701bf56								syn68527506
file				0000320245_S1_R2_001.fastq.gz			5790981318	8ea30b7c57b2729efdd86ce665aa0eee								syn68527519
file				0000321912_S1_R1_001.fastq.gz			4702840442	bec44530fc92aeb6eee9e6c3a1f5fdb7								syn68527534
file				0000321912_S1_R2_001.fastq.gz			4757388854	4ff4546e9a75c833ba09edbb2b9e8c34								syn68527540
file				0000321972_S1_R1_001.fastq.gz			6174330344	f9605122fafed56e6ccfdd9e22b3d97f								syn68527551
file				0000321972_S1_R2_001.fastq.gz			6266330747	2902a2d8aad0184678ab25d6e6549b25								syn68527562
file				0000321988_S2_R1_001.fastq.gz			5546130375	77ae9639a5f7d8335543884152840a01								syn68527569
file				0000321988_S2_R2_001.fastq.gz			5608886706	1cedb134bc090b044fc78e9da1d8f985								syn68527579
file				0000321995_S3_R1_001.fastq.gz			5454951268	b37706b40b97d4803a1bbaaeac093b52								syn68527596
file				0000321995_S3_R2_001.fastq.gz			5535999399	45a55f4b4741a824020f80715597dc4d								syn68527615
file				0000322035_S2_R1_001.fastq.gz			5766669292	3433a63aa79f7681984fc00204490365								syn68527642
file				0000322035_S2_R2_001.fastq.gz			5844048948	3e5af00f54391716e766b288c51ec792								syn68527647
file				0000322041_S1_R1_001.fastq.gz			4556182848	d53927bf59483da8a61625a67ae6d1fd								syn68527652
file				0000322041_S1_R2_001.fastq.gz			4610780587	c78d697f588230012d8fce354c2d4571								syn68527668
file				0000340456_S1_R1_001.fastq.gz			7787220225	0837a08f1043879de0f06e4aeaf40107								syn68527678
file				0000340456_S1_R2_001.fastq.gz			7932005517	f3ee6ced0d553581dff79c95a62ecfb0								syn68527708
file				0000340463_S2_R1_001.fastq.gz			3725874509	294da98e74440758ac9a0c5bb4d95a10								syn68527713
file				0000340463_S2_R2_001.fastq.gz			3855395062	96cc9f65e32a61d7f068172523109911								syn68527726
file				0000340469_S1_R1_001.fastq.gz			4423994805	e1e310c50a77dfb83d29cfe103c777c7								syn68527742
file				0000340469_S1_R2_001.fastq.gz			4501887134	e250e52d5aba542e618fafad1b7acee2								syn68527763
file				0000346152_S1_R1_001.fastq.gz			4227149642	cd750982bb886157fea0592f201c0e5d								syn68527776
file				0000346152_S1_R2_001.fastq.gz			4356259081	dd837177e25b59204a859e2e6842d284								syn68527779
file				0000366871_R1.fastq.gz			9745011604	11e9d124ddd5734a66dc39d3ba1167e4								syn68527808
file				0000366871_R2.fastq.gz			9726628324	dcc0adf58eb07f93dffbfb34e2b70ede								syn68527842
file				0000367988_R1.fastq.gz			4941818689	bfd88bc5a506ddd8ef8bb8c24ab9d827								syn68527844
file				0000367988_R2.fastq.gz			4949883766	ec34cedb95cfa9b0a1b8a8523aef0df9								syn68527852
file				0000368070_S1_R1_001.fastq.gz			5268434634	5d7fedd6eca8eb60bf792e5c3ac5770a								syn68527868
file				0000368070_S1_R2_001.fastq.gz			5327774225	bc3fca123a16b15b3c8c883d8c4d9d66								syn68527880
file				0000368112_S1_R1_001.fastq.gz			5385924446	2359616beca57d545a0d3c3f45a2522c								syn68527899
file				0000368112_S1_R2_001.fastq.gz			5453800444	a44ea4189cf7e2e7051057511f45861c								syn68527920
file				0000382610_R1.fastq.gz			6731871035	cebea255d62599c8c501e4aa2e7e67ee								syn68527948
file				0000382610_R2.fastq.gz			6861201564	285df3de07891e72d1776528ae6a7542								syn68527977
file				0000382748_S1_R1_001.fastq.gz			6375432342	ef974176e360abafe32e5388ffcc209c								syn68527999
file				0000382748_S1_R2_001.fastq.gz			6495815193	ed426a866ba210c4993ad2475edfcf06								syn68528004
file				0000382837_S2_R1_001.fastq.gz			5920068415	c53b22bb9d6e7c4f67258bef7a3cb41c								syn68528016
file				0000382837_S2_R2_001.fastq.gz			6027992234	1dd699a09347143e2601bbccf0c9d216								syn68528026
file				0000382886_S3_R1_001.fastq.gz			5186903072	c06dc3598b9a0144dfaa30bf9f084504								syn68528030
file				0000382886_S3_R2_001.fastq.gz			5326094493	79964fdbd2dbc76fea5c9fa694727a69								syn68528036
file				0000394763_S1_R1_001.fastq.gz			4655532928	0c52cecd6f8a9ca7d22f8aa64fa7c460								syn68528045
file				0000394763_S1_R2_001.fastq.gz			4805374986	0ffe46b531790cedc7d12d895d5db370								syn68528053
file				0000394880_R1.fastq.gz			1998830655	084dcca81122ffd6cad0fe9c352223f4								syn68528050
file				0000394880_R2.fastq.gz			2021457394	38d158ecf9f3b2945543daa8b130ff0e								syn68528055
file				0000399183_R1.fastq.gz			5400099950	9a1776d9b4b3f80ca536ee9fea77599d								syn68528076
file				0000399183_R2.fastq.gz			5603678760	66a3e58d9460014cbe958c320447c2da								syn68528084
file				0000404813_R1.fastq.gz			6389625455	4677ed02c3bfccfe96a11f9ccbc7e2f9								syn68528095
file				0000404813_R2.fastq.gz			6405528753	1a46da6b865d049c7d54caec75e8b616								syn68528116
file				0000424110_R1.fastq.gz			5480634399	10361293b3315578e7dc8efbabbc9535								syn68528152
file				0000424110_R2.fastq.gz			5788900579	7871d1ca96b24113b41cd00ed9029b32								syn68528165
file				0000424126_R1.fastq.gz			5772066893	9149a27c6cb211ca2324f9a14a8f5cb1								syn68528173
file				0000424126_R2.fastq.gz			5760616427	dd39b422642615d2885271afe62dc320								syn68528186
file				0000434093_R1.fastq.gz			7481144395	ca644156d33e85e1abe827a6bc267052								syn68528203
file				0000434093_R2.fastq.gz			7543454973	1d572643e6cb8cedf0aa1f507748576a								syn68528215
file				0000434105_R1.fastq.gz			5412002331	0d47e7ba10e53f89208f23232bb246c7								syn68528226
file				0000434105_R2.fastq.gz			5439058267	93e80f72285d87865cb4733c18d28444								syn68528233
file				0000434568_R1.fastq.gz			4504572709	db2ad961be8fcde28a75f4de9fa00d87								syn68528243
file				0000434568_R2.fastq.gz			4745589910	9cb8b257e6dd1631e71e281ad382afbb								syn68528251
file				0000446970_R1.fastq.gz			8823748773	f7edf378d6add1510d4015b6076a98d3								syn68528267
file				0000446970_R2.fastq.gz			9001434485	1f7be9b31a4c0992586de8632bda5b8a								syn68528276
file				0000447031_R1.fastq.gz			6394133652	ea216ffdaa7a9c13311ba691b62fb8ca								syn68528278
file				0000447031_R2.fastq.gz			6616626841	d5af475af7966aa25451d57f309f463f								syn68528288
file				0000447063_R1.fastq.gz			3862996594	7273c92e5974cafad0dd5c226067403c								syn68528289
file				0000447063_R2.fastq.gz			3935378985	a81e9ed7574d037b3e00fae84784bd16								syn68528292
file				0000447194_R1.fastq.gz			4402308785	fb665c66d47c4f7344590d43e83c62b1								syn68528301
file				0000447194_R2.fastq.gz			4602467598	9096db121e5e460ce634b6b4c67002e8								syn68528307
file				508_R1.fastq.gz			2698724488	eccba293f18243279570823b188ca12d								syn59058208
file				508_R2.fastq.gz			2748116776	16d5b901486c00cb5fdb8ab638499b9d								syn59058216
file				509_R1.fastq.gz			2717866140	e223db581ee4669fe214ce7810a96cdb								syn59058223
file				509_R2.fastq.gz			2753332098	8f33a7acc242a116aff9ebfd0edb1964								syn59058229
file				510_R1.fastq.gz			3047868249	137969d24ceb8b3d653c1316dd546c55								syn59058251
file				510_R2.fastq.gz			3090693065	08c343d9ed38ec5db99e04c9195163c0								syn59058291
file				511_R1.fastq.gz			3129795937	5f81bfbfd7b3e767bd739a8796efdd19								syn59058301
file				511_R2.fastq.gz			3183830647	94124b69fc55f3b62b3a8873f22e3a15								syn59058310
file				512_R1.fastq.gz			1830172505	cc33dba2408a4aec1c66b3d7f55f790d								syn59058311
file				512_R2.fastq.gz			1855292248	bb7217f557f8a37bf32a74923a8373cb								syn59058314
file				513_R1.fastq.gz			2480437218	09f641c4c14b35039b69ea5278a589de								syn59058317
file				513_R2.fastq.gz			2511822129	c1ef9838de22cec0a7018e1755dda2fa								syn59058322
file				514_R1.fastq.gz			2667446212	5c35283efde22f3ded151f0c642417dd								syn59058326
file				514_R2.fastq.gz			2702428398	3c245a7a3e6f0e555326b02f289a1e0e								syn59058343
file				515_R1.fastq.gz			2624705222	e50d29a13319afc86f59a1b71e055978								syn59058346
file				515_R2.fastq.gz			2638212087	d531051ea8de9da4520ed96d537f3830								syn59058349
file				516_R1.fastq.gz			2458783859	28d29350290ef0993dcdd942211e1cdc								syn59058356
file				516_R2.fastq.gz			2526210679	1733ee23079369d38adcc69e7e1ba73c								syn59058371
file				517_R1.fastq.gz			2449693899	619a698dfb3a0b8a58fa8d8b88b5f52e								syn59058378
file				517_R2.fastq.gz			2461529270	6c735c4703ce4443387d0084e4fdab6e								syn59058383
file				518_R1.fastq.gz			2668401311	c34ba54f7cb757a16640de0c593c517e								syn59058391
file				518_R2.fastq.gz			2737210436	c7a7a3319ef9e54aef28834ef2f10412								syn59058404
file				519_R1.fastq.gz			2612990982	01c90353ec39981e1cbe5ed93b68a580								syn59058414
file				519_R2.fastq.gz			2641993180	6bf199e5a2a1dbee178924f50e6c213d								syn59058429
file				520_R1.fastq.gz			2240567653	316e11b6b24d601e351fd465951ca76f								syn59058438
file				520_R2.fastq.gz			2273000220	e8fe4436f8da395465b424e3bb62596c								syn59058445
file				521_R1.fastq.gz			2456013943	1ede1d3a97648a5152a09c0dd3761ed3								syn59058458
file				521_R2.fastq.gz			2461106550	869975facff1564b36fa1b2dfc08bf02								syn59058464
file				522_R1.fastq.gz			2657443164	9845024c34b11ef69455c0f36291eaaa								syn59058467
file				522_R2.fastq.gz			2721398564	cf4dbd74b44959d68ce468b04c6ac268								syn59058478
file				523_R1.fastq.gz			2873451755	07e10bdd5465c9d2af18fc559514cfd3								syn59058481
file				523_R2.fastq.gz			2899397307	2372c0546f31c785c9cc8be674ac632e								syn59058484
file				524_R1.fastq.gz			2455348135	8e2e5dace586376a73f2b6a81b9b7c48								syn59058487
file				524_R2.fastq.gz			2495277832	d2de96ba8e6ccb4422ce6ad1792b915d								syn59058492
file				525_R1.fastq.gz			2408555481	0a794d94ba170ea734d87a4810e14c39								syn59058495
file				525_R2.fastq.gz			2426391998	3a652d949edf80cf25826d29f2f3edc6								syn59058498
file				526_R1.fastq.gz			2674749154	bcc48c608f8f657af1f841157c24c8a6								syn59058504
file				526_R2.fastq.gz			2706873143	eb9c88c682b9fafb4f9863a0c5f66d46								syn59058507
file				527_R1.fastq.gz			3336490349	225109a5e50dcc5a42426ccf430decde								syn59058512
file				527_R2.fastq.gz			3390111198	a7edac8513d9eae9ccbb50e5ea88f4fc								syn59058521
file				528_R1.fastq.gz			2626488639	e04be9dda09fb6c7e644da95782bf886								syn59058535
file				528_R2.fastq.gz			2652179783	e4af79fe272019824bf83f7f74c5a4c6								syn59058541
file				529_R1.fastq.gz			2661474158	a52b77179ac0fbbc8ec6a1c747e1b2a8								syn59058544
file				529_R2.fastq.gz			2677173733	2aab817e4da2b3b579a06a41733b4cb3								syn59058547
file				530_R1.fastq.gz			2197170477	020e4c4407a7e0fb739a5a47f41feb81								syn59058550
file				530_R2.fastq.gz			2235753766	99214b919a422a7dc4d5a27f295e3eaf								syn59058557
file				531_R1.fastq.gz			2473362921	6035e7bcc2f654a4c8a4a46af66de8c6								syn59058562
file				531_R2.fastq.gz			2504769320	b5529d92ade0790d1c57a9b53bdaa269								syn59058565
file				532_R1.fastq.gz			2042066054	687aae76ae6dd92c6a9db9b734a25290								syn59058603
file				532_R2.fastq.gz			2051939815	7fb9060b02038b1a8fb9683f966bd41c								syn59058656
file				533_R1.fastq.gz			2739304550	96ecb82584a2f8e34e89280587d49334								syn59058659
file				533_R2.fastq.gz			2722433569	e28dbba76c1ff7aa71485e9794ec30ac								syn59058668
file				534_R1.fastq.gz			2264607571	7ff61d3efc4a5de958ea185f098349e7								syn59058800
file				534_R2.fastq.gz			2266996086	a249b96eeb4e304abde632a8199f1d3c								syn59058805
file				535_R1.fastq.gz			2499365007	8e01e7f6ddbf5c9fb8cdc8568eb5009c								syn59058809
file				535_R2.fastq.gz			2511610249	a6c486bb697660254dfa43e0ff491fcb								syn59058820
file				536_R1.fastq.gz			2043774937	7b975c32ec8d443dd7f7ce38961846f7								syn59058823
file				536_R2.fastq.gz			2086276652	d59a53d0fd9580b7ac629f3f969299c8								syn59058829
file				537_R1.fastq.gz			2856766702	5bfccf69fc3a8e69529bc48098680614								syn59058837
file				537_R2.fastq.gz			2892243857	0b227b71bcc757e2b4018e662a63e8e2								syn59058946
file				538_R1.fastq.gz			2689642544	9676bab741692e6e724e1c23db3962c1								syn59058951
file				538_R2.fastq.gz			2717742920	9db5ac90dddf967723d011610abe0bf9								syn59058959
file				539_R1.fastq.gz			2316059809	e01b7ff5338b4711b9b46871c9f0df85								syn59058962
file				539_R2.fastq.gz			2347790939	cddc8daed54b2a7fff90da57d95c7227								syn59058965
file				540_R1.fastq.gz			2716231773	a78cd610138150e980a36a9bb5cc3084								syn59058972
file				540_R2.fastq.gz			2732102813	da0907552738ace98ee6e6eba1042852								syn59058977
file				541_R1.fastq.gz			1576894107	d8b2dfd00a3745676c22670cc74c7d4a								syn59058980
file				541_R2.fastq.gz			1578665022	c38afe9bf57207feb269574c3a4bbad9								syn59058994
file				HTA3_80032_1901001_R1.fastq.gz			2426846528	1432cfe828cd870a4207041bfa91fa97								syn68237407
file				HTA3_80032_1901001_R2.fastq.gz			2410443368	ca6aedddfdbb169e3bc71ac8b323224b								syn68237419
file				HTA3_80032_1901002_R1.fastq.gz			1981603088	2cd8e3d51415a8cf6a72248034b02141								syn68237433
file				HTA3_80032_1901002_R2.fastq.gz			1988015638	a8d2f5c8f1426ed247a749063cebff68								syn68237445
file				HTA3_80032_1902003_R1.fastq.gz			1459561702	fb81d7000b270231f1bf55196a7ad75b								syn68237454
file				HTA3_80032_1902003_R2.fastq.gz			1458406502	9686ae030d5dc2af37d19f662c783738								syn68237463
file				HTA3_80045_1902003_R1.fastq.gz			2242821803	f4ef1592942080119f0c4c690c9ee31e								syn68237551
file				HTA3_80045_1902003_R2.fastq.gz			2293181300	799ed11e8f7990d82b5baf0adeffc5e8								syn68237562
file				HTA3_80045_1902004_R1.fastq.gz			3127385845	0e98bc935cd2cbb1f0de878aad6ac701								syn68237575
file				HTA3_80045_1902004_R2.fastq.gz			3189741580	9a6e2fbad3579ed27777a9b8a1306094								syn68237589
file				430R_S8_R1_001.fastq.gz			3199510845	f2715f233d5c40a92673994a3e23353c								syn64736797
file				430R_S8_R2_001.fastq.gz			3263914593	beae12cf81ba9380887ca0963dd8d003								syn64737724
file				431R_S7_R1_001.fastq.gz			2755620317	6e81c3951262e1d9c53c0d623651866a								syn64738479
file				431R_S7_R2_001.fastq.gz			2788587137	53847c2dc30cea645f0102c3182aecd5								syn64737269
file				432R_S6_R1_001.fastq.gz			2979155981	eaae986fc0c257bdd6e030f67329767d								syn64736676
file				432R_S6_R2_001.fastq.gz			3041029155	6257555cf7fbb06e29cae756d5bb8ddd								syn64738541
file				433R_S5_R1_001.fastq.gz			3078583333	970d11f970260fe72a7d8b5681a5a899								syn64737041
file				433R_S5_R2_001.fastq.gz			3148380323	e2af8fd37af2b7bbcd6f3f47cb4953d3								syn64736528
file				434R_S4_R1_001.fastq.gz			3463006676	388b33f9fb4cf0fa8c73fc69f9232d49								syn64736839
file				434R_S4_R2_001.fastq.gz			3536793140	02f74b9f7e2cd7ebfb51ce009da45ce4								syn64738152
file				435R_S3_R1_001.fastq.gz			2985858599	f040c8de90947b6b0cc811ed5fe84711								syn64737478
file				435R_S3_R2_001.fastq.gz			3034838850	c250a52e1093a0a62bfa457af82d4750								syn64737747
file				436R_S2_R1_001.fastq.gz			2978679571	9db214fa8229f74504208552a1a44b3c								syn64737896
file				436R_S2_R2_001.fastq.gz			3044744080	e9afb0b738cbeee579bc649b361b6b11								syn64737628
file				437R_S1_R1_001.fastq.gz			2693387401	f9848f9725342816d8e5b6af6dcc00ec								syn64737459
file				437R_S1_R2_001.fastq.gz			2723607073	da515fa100eefcc0d5eb8a8c6642f785								syn64737884
file				438R_S16_R1_001.fastq.gz			2168352608	cac7c4d816bc4528aae4a6a242cd6156								syn64737830
file				438R_S16_R2_001.fastq.gz			2243790400	2da571d332de2de62cd34631772268ae								syn64736776
file				439R_S15_R1_001.fastq.gz			2979083312	fcabb04243b767195eb14adc731dbbf1								syn64737952
file				439R_S15_R2_001.fastq.gz			3005632932	0782be63909470a8d98bf2749f94224e								syn64737771
file				440R_S14_R1_001.fastq.gz			3582265697	22535730c950f78a0ec4b7998c745eb2								syn64737898
file				440R_S14_R2_001.fastq.gz			3681386802	2c7736880b311ac0592f063ffdae5621								syn64737885
file				441R_S13_R1_001.fastq.gz			2184092788	ad75a14444c46a75c9bbb2f98ad27908								syn64738430
file				441R_S13_R2_001.fastq.gz			2216114154	f0bc5cec9eb3cac2c47f6496c31e179c								syn64738384
file				442R_S12_R1_001.fastq.gz			2948578370	0b7469436047ddc9e8f8d17f9737b2ef								syn64738368
file				442R_S12_R2_001.fastq.gz			3020278087	f10ac88959121c4c95f87bea02f6818a								syn64738431
file				443R_S11_R1_001.fastq.gz			1997612747	bf33225c07d4fbef74af30aa59587219								syn64738320
file				443R_S11_R2_001.fastq.gz			2020894684	104b7ef472dd84cd4d19a4090638a197								syn64738315
file				444R_S10_R1_001.fastq.gz			2392071385	cf9fe50e8116b3392016f50df7910200								syn64738510
file				444R_S10_R2_001.fastq.gz			2467808499	1f366f3ee3042493ebd18db191e478dd								syn64737945
file				445R_S9_R1_001.fastq.gz			3437747036	dcfec8c5252169fd1b37e1291b43504d								syn64736674
file				445R_S9_R2_001.fastq.gz			3491524531	10ae167902fefffcf516e7e4e4ab5a92								syn64737249
file				446R_S24_R1_001.fastq.gz			2661931588	9caea851d2b0515aeecf81f6b8439787								syn64738247
file				446R_S24_R2_001.fastq.gz			2724444813	c8d223a854f917a125eb94cd2e183136								syn64736702
file				447R_S23_R1_001.fastq.gz			1623655531	4f1e6ff490e1ce2a13292e359393ac56								syn64737625
file				447R_S23_R2_001.fastq.gz			1635404302	2eaaee483c3f346b67bdb11fa314824a								syn64736819
file				448R_S22_R1_001.fastq.gz			2205554956	c7b93ca0ebe057c5c56b29d23cbf1245								syn64736709
file				448R_S22_R2_001.fastq.gz			2218375410	ad2cbe807408cb6ac463be1fe7ddc05e								syn64737273
file				449R_S21_R1_001.fastq.gz			4192483342	27cf3779abddc834eb645ecba9eb4229								syn64736591
file				449R_S21_R2_001.fastq.gz			4248014969	fc8ebb64b0db4b5ca0aca14e8ab8f0b6								syn64738319
file				450R_S20_R1_001.fastq.gz			1689632721	8b83fd2d0945676715163bfcb5936c28								syn64738114
file				450R_S20_R2_001.fastq.gz			1699445829	22c35f9ed4ee2171d2c6e067a47dde92								syn64737330
file				451R_S19_R1_001.fastq.gz			1161130222	c8b20a539a5e9116eb0c66a5ad7ad08b								syn64737633
file				451R_S19_R2_001.fastq.gz			1159032329	1f1b82d4cee54d815d1dcf06870cdfdf								syn64738225
file				455R_S18_R1_001.fastq.gz			2512733870	13927aabdd62e040b9ff8cec0a834ca8								syn64736523
file				455R_S18_R2_001.fastq.gz			2579932091	8db404a1c345e225233c4dd72fec8ec8								syn64738086
file				456R_S17_R1_001.fastq.gz			4317524374	435552e65fa5a651df4fd14d73d8de48								syn64738265
file				456R_S17_R2_001.fastq.gz			4432045429	95cd1511ace6d5cdec47615afe0dbc8f								syn64736805
file				457R_S32_R1_001.fastq.gz			2930758799	e5cd4b9072c7aaf1486de534af8b3821								syn64737874
file				457R_S32_R2_001.fastq.gz			2980969314	a6edb99d71c8680ee0df37e00edd8ce4								syn64736777
file				458R_S31_R1_001.fastq.gz			2861216977	3dc218296431fcf26f63260a687f1fcb								syn64737080
file				458R_S31_R2_001.fastq.gz			2886509529	e70cd6e7e8f5c7e657ebb1a906a09487								syn64737612
file				459R_S30_R1_001.fastq.gz			1679458301	2cfa54f687716768b2bdf3d5defef367								syn64737495
file				459R_S30_R2_001.fastq.gz			1695824269	6504de5662102df3f3d28375e7b1e7ad								syn64736993
file				460R_S29_R1_001.fastq.gz			2651654912	7b84d47a7f35ff61b706c504ab95be88								syn64737121
file				460R_S29_R2_001.fastq.gz			2679185630	f3a13bd68ea7ef6390aa3046635d99be								syn64738454
file				461R_S28_R1_001.fastq.gz			3881441475	8c1624a81403bd73b5d542aa10c80077								syn64737973
file				461R_S28_R2_001.fastq.gz			4006952368	f6b1ad18bd7105d06fe164d39249d8e8								syn64738505
file				462R_S27_R1_001.fastq.gz			3733499624	03fe41d45b80986d7a69de2c7ea65c80								syn64737914
file				462R_S27_R2_001.fastq.gz			3813171739	8b9d0eca8022379d1ebe14cbe521ed06								syn64736655
file				463R_S26_R1_001.fastq.gz			2352053409	02ee359fe5ac1b691ff4a0290cacdc33								syn64738230
file				463R_S26_R2_001.fastq.gz			2390869592	e2d84642f82a188408a81d0109c0cc84								syn64736717
file				464R_S25_R1_001.fastq.gz			3065170720	9887af5666e0c499db3f4a861ff17ae1								syn64737721
file				464R_S25_R2_001.fastq.gz			3125034695	96add79ad8af7a9d5de247b17a80f33d								syn64737414
file				465R_S40_R1_001.fastq.gz			2851976507	44a76f74b3db600481fe7d64e5b7592d								syn64736513
file				465R_S40_R2_001.fastq.gz			2860956608	f5fbc412b9e283e3e1cd5c3a8bbec203								syn64737405
file				466R_S39_R1_001.fastq.gz			1918330614	3e0807f4339754934f47fc7113422c70								syn64737416
file				466R_S39_R2_001.fastq.gz			1915021501	9ab208f30a174342354d32efc65b248d								syn64736662
file				467R_S38_R1_001.fastq.gz			2299275376	a52b886c350d7c0eba03fafe8006333c								syn64738279
file				467R_S38_R2_001.fastq.gz			2315873113	bec7f13650427e17bbbccb0c5c7642ed								syn64737220
file				468R_S37_R1_001.fastq.gz			2329370864	b95d504abb7225621c3f8c0778dc8e2d								syn64736549
file				468R_S37_R2_001.fastq.gz			2342320065	594aae8c68569ee0eea335a681a2f71e								syn64737399
file				469R_S36_R1_001.fastq.gz			2798075841	b6f7ad49077ec7850d04f7a22e9ddd1d								syn64737980
file				469R_S36_R2_001.fastq.gz			2816011668	89503a4081588a394b6afe4f191cd69b								syn64736846
file				470R_S35_R1_001.fastq.gz			2711713136	d7dff3117589100fb8ca75e6ed37df9a								syn64736789
file				470R_S35_R2_001.fastq.gz			2766121667	8c4374c48965cbef5ad5c9cdc878d1df								syn64738094
file				471R_S34_R1_001.fastq.gz			2728527786	0ea376436ab86bb5b91de6712a147137								syn64738125
file				471R_S34_R2_001.fastq.gz			2739548994	80c619fa82343aab33ac89840cc066b2								syn64737209
file				472R_S33_R1_001.fastq.gz			3050494939	6b2418f06b38663565a41b6bcd9c9d37								syn64736932
file				472R_S33_R2_001.fastq.gz			3075708936	51f0b000906aa3291ea90e67d6deb38f								syn64736858
file				473R_S48_R1_001.fastq.gz			3158420413	038a9e47a05f9f3b8990445c1be44b62								syn64738234
file				473R_S48_R2_001.fastq.gz			3176363305	ae703f2c9de32b2ea26f4fb4e472c1b5								syn64737798
file				474R_S47_R1_001.fastq.gz			3350250625	5483339fbd8ad07cce15066101cd082d								syn64737129
file				474R_S47_R2_001.fastq.gz			3407107304	912781ff843ff32d21a428d53f48cbf7								syn64738512
file				475R_S46_R1_001.fastq.gz			2063996117	451fb1eca72271984e6946f0d8741b57								syn64737060
file				475R_S46_R2_001.fastq.gz			2110849113	46b200b032e47c53bd3854924f2bb218								syn64737406
file				476R_S45_R1_001.fastq.gz			2924568723	4a155e1cb4ac51bb4f4443974ac2ad37								syn64737490
file				476R_S45_R2_001.fastq.gz			2946727714	959df455eb585268793b8e941508c120								syn64737786
file				477R_S44_R1_001.fastq.gz			2750831582	388fd2a2a83e2d280097938b2860dcec								syn64738519
file				477R_S44_R2_001.fastq.gz			2743128092	ea0d46d2b275f952039f8f07656dd7fb								syn64737226
file				478R_S43_R1_001.fastq.gz			3000771444	50e2e2984f37d029eac9135c5b502c80								syn64737307
file				478R_S43_R2_001.fastq.gz			3033841866	7a2ef3389b62fa8560d66a36fe165127								syn64738003
file				479R_S42_R1_001.fastq.gz			2610076029	c5566a6232d72f5ed9db453d474a4f63								syn64736785
file				479R_S42_R2_001.fastq.gz			2645561788	5993826670c10d36960df7698599499d								syn64738255
file				480R_S41_R1_001.fastq.gz			3047864683	fed9c86fcb2d5fa2a479d3a0823ab239								syn64737864
file				480R_S41_R2_001.fastq.gz			3134123942	c961283dd9e287da713abc0f6fc28669								syn64737826
file				481R_S56_R1_001.fastq.gz			2805778017	7c252353e355d73a1dd3327fddc07ca0								syn64737320
file				481R_S56_R2_001.fastq.gz			2863689631	df9bc431982ceb07f8a567a637b0c86a								syn64737261
file				482R_S55_R1_001.fastq.gz			3114121458	3e07a5f68f6dd6ede5449247176aa9bc								syn64738249
file				482R_S55_R2_001.fastq.gz			3150689889	8a106d8c9cc2d1a192f5a4ae83239fb7								syn64737381
file				483R_S54_R1_001.fastq.gz			2481061332	9dbb49cd6960078d6710a01d202086de								syn64738124
file				483R_S54_R2_001.fastq.gz			2512113627	64ccbe231068b1ed63f218637261ba3f								syn64738115
file				484R_S53_R1_001.fastq.gz			2649763554	bba97618ddd55a58631d29ab95ea720f								syn64736507
file				484R_S53_R2_001.fastq.gz			2724528731	b6456da68175730bbbf9b2f5f1def4f6								syn64737114
file				485R_S52_R1_001.fastq.gz			2960342246	4e60d9e3c8e4550ce70c52480c9f772c								syn64738381
file				485R_S52_R2_001.fastq.gz			3001018164	7c107f8129c1760ceb8966161ce324b0								syn64736675
file				486R_S51_R1_001.fastq.gz			2623732828	6fe531f9f90d20bc1d34c45c4d5092f7								syn64738298
file				486R_S51_R2_001.fastq.gz			2654739358	de31ce3e4062e55210e21142e4759070								syn64738374
file				487R_S50_R1_001.fastq.gz			2753308956	882bf1b39444cc558035b141b108eaa2								syn64736607
file				487R_S50_R2_001.fastq.gz			2810353463	9183d126383ade9626984a6196b5c6b5								syn64736666
file				488R_S49_R1_001.fastq.gz			2612982231	87f0d3d6faffeba3d14c37a6bacec988								syn64738386
file				488R_S49_R2_001.fastq.gz			2653273212	e4e8b195096a017ceb35f7345fd9548a								syn64738501
file				489R_S64_R1_001.fastq.gz			2995487710	7b839cd275516d3bee96db703047d95b								syn64736593
file				489R_S64_R2_001.fastq.gz			3032781087	5172edde09ffaea6d6326c62e6abb877								syn64736878
file				490R_S63_R1_001.fastq.gz			2598607079	3cbeedbb598a26786a57c24d3c6c743a								syn64736811
file				490R_S63_R2_001.fastq.gz			2632221048	dcebcec39161626275ccc77a186b6f2d								syn64737275
file				491R_S62_R1_001.fastq.gz			2748279079	e68873070e442bba4943c700628b9e3a								syn64737052
file				491R_S62_R2_001.fastq.gz			2792866336	b81bad21ea297c4e3446ca5375ba18dd								syn64736873
file				492R_S61_R1_001.fastq.gz			3407359418	db3e1ddcca5f19679f5a4e0cc6bcc6bc								syn64737787
file				492R_S61_R2_001.fastq.gz			3460654962	113fab1f180676179b660b5577fdf6e7								syn64736723
file				493R_S60_R1_001.fastq.gz			3056995659	d37af04d93e09ab24bfb8747b1cccbfe								syn64738313
file				493R_S60_R2_001.fastq.gz			3083861452	9de843574593d392ca7353b107fc88af								syn64738460
file				494R_S59_R1_001.fastq.gz			3156608241	ff887b685b09bca8bf14d6688a1e2e86								syn64737511
file				494R_S59_R2_001.fastq.gz			3195866717	bba986bb56c3646831e50d05ee38c4f6								syn64737311
file				495R_S58_R1_001.fastq.gz			3423480108	db7a5d24745198537132d4f257c40924								syn64738059
file				495R_S58_R2_001.fastq.gz			3443686694	b5317260ea0508323949a06e47227e30								syn64736802
file				496R_S57_R1_001.fastq.gz			2877565822	4e2b7c73ab35befc48f0cf6f6f190837								syn64737697
file				496R_S57_R2_001.fastq.gz			2927848676	16f0e164a89a441ce1868370a1096546								syn64736517
file				497R_S72_R1_001.fastq.gz			2488169619	3a9fdf5fc6d744e57232286f47cc486c								syn64738341
file				497R_S72_R2_001.fastq.gz			2487119995	199c41d40f66918ff868683a54213d94								syn64736661
file				498R_S71_R1_001.fastq.gz			1427756943	4ec06611bf686aa7600837a9806766fa								syn64737641
file				498R_S71_R2_001.fastq.gz			1444188079	b359769d19a90f8f9b112a326e8f2182								syn64738286
file				499R_S70_R1_001.fastq.gz			3054326957	77b80d6e93a702d7f364a1402b1903bc								syn64737948
file				499R_S70_R2_001.fastq.gz			3090448081	c73e159ce1f76014da76020c886da1fb								syn64738507
file				500R_S69_R1_001.fastq.gz			2657013646	07af343e6ad89af419dcd704fd32fd6e								syn64736743
file				500R_S69_R2_001.fastq.gz			2704954128	06f745cf1ce5b25d1fe0101cce40d201								syn64738237
file				501R_S68_R1_001.fastq.gz			2270250040	e5d0bb5f93c790229047b9ae5eb457e4								syn64737315
file				501R_S68_R2_001.fastq.gz			2274267298	f0bea54e6832bf64952a7de92437510a								syn64738095
file				502R_S67_R1_001.fastq.gz			2924592303	0dce61a8107ff0a7d0ec708026b75819								syn64737277
file				502R_S67_R2_001.fastq.gz			2944629900	68ae019f7950f2b2d89aa577ab3a3e74								syn64737104
file				503R_S66_R1_001.fastq.gz			2789383976	02d07017da9740c2f4e03de219b22b0b								syn64737384
file				503R_S66_R2_001.fastq.gz			2848984175	373cdd162e850bb91fcf41f6354ad802								syn64737981
file				504R_S65_R1_001.fastq.gz			2456107537	3cbb01badcefd9d6f43cdfe5c31343f6								syn64738284
file				504R_S65_R2_001.fastq.gz			2487192353	3b53c310c302b6284bdca2f177d01ab0								syn64736872
file				505R_S80_R1_001.fastq.gz			2858796999	a8242880348a7d6c2caaa52ff5c41068								syn64736473
file				505R_S80_R2_001.fastq.gz			2918474044	664b61c693d82d4219638b35708edaa9								syn64737150
file				506R_S79_R1_001.fastq.gz			2814932440	8107ae55f25985a4b45841f985431a71								syn64736928
file				506R_S79_R2_001.fastq.gz			2862878623	efff1aa4acbc944d7c58a2043db5d284								syn64737788
file				507R_S78_R1_001.fastq.gz			3456318421	9526de150004b72a2baae8b246c288a7								syn64737947
file				507R_S78_R2_001.fastq.gz			3501656876	3b60ba09d98226b0cbd06d0d6f794f3e								syn64736941
file				PCGA02_30008_6004001_R1.fastq.gz			1112664185	c7efa308cb02838a520edba3353778d4								syn64738428
file				PCGA02_30008_6004001_R2.fastq.gz			1138919631	2d463605999f7a9df7b81d6600b79c9f								syn64737519
file				PCGA02_30008_6004002_R1.fastq.gz			1509679511	ca79f1e13d1f1aa01bc40e64929f7c81								syn64737795
file				PCGA02_30008_6004002_R2.fastq.gz			1547810037	0c6b58bf5e65e369511125c66c3f9346								syn64736642
file				PCGA02_30009_6001001_R1.fastq.gz			1058214960	1981c0dd0fb1ec9c2667b9ad988c1768								syn64737300
file				PCGA02_30009_6001001_R2.fastq.gz			1075060080	b9782479c540300518a67eadc0bfd181								syn64736692
file				PCGA02_30009_6002002_R1.fastq.gz			1635077212	2f95572a75479ca83040fdab117680fa								syn64737717
file				PCGA02_30009_6002002_R2.fastq.gz			1684108603	9eb42b6b2b3c6daf391e1d0ba2984c19								syn64737660
file				PCGA02_30009_6002003_R1.fastq.gz			2164301446	795b6426678fce2203073e139a24493b								syn64737603
file				PCGA02_30009_6002003_R2.fastq.gz			2218129313	9b1188f4fc42fe8c7aa2542c37ebc7cc								syn64738400
file				PCGA02_30010_6002003_R1.fastq.gz			1490807766	5a7c88e37b685f2ef3078e750e396728								syn64737222
file				PCGA02_30010_6002003_R2.fastq.gz			1507229933	c89661edabe28d3811c63641ab05d0f3								syn64736678
file				PCGA02_30010_6003007_R1.fastq.gz			2022342050	1f0b7ef420daf91e782ab5eae83dfbea								syn64736646
file				PCGA02_30010_6003007_R2.fastq.gz			2064998632	187c02c367d992dcb871d54c67979d8b								syn64736831
file				PCGA02_30010_6005008_R1.fastq.gz			2112694913	05a3da84cdeea2212a2d9ccfd64fb3e6								syn64737880
file				PCGA02_30010_6005008_R2.fastq.gz			2171949727	b2bad27684690492441f7e5fca06f0c6								syn64736775
file				PCGA02_30010_6006010_R1.fastq.gz			1829313786	ffcf02211ff6a65f9ab5ec73658f4b20								syn64738101
file				PCGA02_30010_6006010_R2.fastq.gz			1945828755	0170b90a988984da38d532cc630dd596								syn64736669
file				PCGA02_30011_6001001_R1.fastq.gz			1320204864	1b05c7990785f6945bea214c32b259ad								syn64738530
file				PCGA02_30011_6001001_R2.fastq.gz			1350744199	ca986ece53d149cb81d6f3547d1d4a5d								syn64737996
file				PCGA02_30011_6003003_R1.fastq.gz			1557948690	5d3ce4b240813408eca318997e2dc533								syn64736967
file				PCGA02_30011_6003003_R2.fastq.gz			1592699108	ff670b2391a617b77355dc8e612c85da								syn64738065
file				PCGA02_30011_6004005_R1.fastq.gz			1918884080	71f4c65b900ca67d2cdd714c3d5f4deb								syn64736551
file				PCGA02_30011_6004005_R2.fastq.gz			1951810955	7e5d977b1bea7a1dbda7a54297709d1a								syn64737941
file				PCGA02_30011_6005006_R1.fastq.gz			2679929155	76c7eee6965f2d593ddf7901459ed187								syn64737533
file				PCGA02_30011_6005006_R2.fastq.gz			2713297925	c239b52ad5fa3edcf20c23793ba5bf76								syn64738557
file				PCGA02_30012_6001002_R1.fastq.gz			2185124368	b1af82724a7fef04c8a7f48c3ae2c308								syn64737535
file				PCGA02_30012_6001002_R2.fastq.gz			2216186636	2c7e00d2d8770da33f30d58e4c536bf3								syn64737216
file				PCGA02_30012_6002003_R1.fastq.gz			701158649	dfb7e2d96db8889ee79dd8bdc27d6223								syn64736574
file				PCGA02_30012_6002003_R2.fastq.gz			735630950	428d4623c4a278ef8f5ef0ab22a5c3a6								syn64736698
file				PCGA02_30012_6003004_R1.fastq.gz			1498073693	8d30490dea91b0acd12239fe57b839be								syn64738038
file				PCGA02_30012_6003004_R2.fastq.gz			1525856222	a74de2c797d3cc3d800b3e6c990c8e60								syn64736765
file				PCGA02_30013_6001001_R1.fastq.gz			1817301853	79a043a47780603d23140659fa4d8916								syn64737054
file				PCGA02_30013_6001001_R2.fastq.gz			1844466443	5619049d8bbd119bfd39016ed00f7d5d								syn64737935
file				PCGA02_30013_6001002_R1.fastq.gz			1263134204	262bc4ecf134892d5fc35e282c946c39								syn64737376
file				PCGA02_30013_6001002_R2.fastq.gz			1284479874	bf55aa38b5d02e1bb1588b04787a276c								syn64738169
file				PCGA02_30013_6002003_R1.fastq.gz			1655863907	073aaf3e9f14afa6147a15764889a8b3								syn64738549
file				PCGA02_30013_6002003_R2.fastq.gz			1687281911	0ee8e86be90e5b25c4eae8f2715f0dc8								syn64738490
file				PCGA02_30013_6003004_R1.fastq.gz			1934758060	9f18e3f6d4df69119077c5a4f4c18e1a								syn64737587
file				PCGA02_30013_6003004_R2.fastq.gz			1979466152	57e208b7bf7ba6d3d21cc66ed0d733d5								syn64737856
file				PCGA02_30013_6004005_R1.fastq.gz			1379028983	c46ae4e212101c2051902f94e87352b4								syn64736814
file				PCGA02_30013_6004005_R2.fastq.gz			1423391797	c039f164e77ed45cb59ac2e05f12cbbf								syn64736855
file				PCGA02_30013_6005006_R1.fastq.gz			1729271139	a3636f06ef95c184d40ca965526903c1								syn64737088
file				PCGA02_30013_6005006_R2.fastq.gz			1769612677	390cb0b00a0bbd1269633892bdb4d1de								syn64736786
file				PCGA02_30014_6001001_R1.fastq.gz			1678273116	b9e666ed44ea78eb7532250127cad483								syn64738093
file				PCGA02_30014_6001001_R2.fastq.gz			1713400561	ddb93432f404c61394fe6e56c380be7a								syn64737438
file				PCGA02_30014_6002002_R1.fastq.gz			1904718684	01723948299a2649fa049560607680a8								syn64737815
file				PCGA02_30014_6002002_R2.fastq.gz			1934832553	644cb926e4012b4a3e296dbacb65e27e								syn64737013
file				PCGA02_30014_6002009_R1.fastq.gz			2089875317	d4cee8afeac40b26d93e0f08f3ce7af1								syn64737606
file				PCGA02_30014_6002009_R2.fastq.gz			2129327143	92bb98ce8630d6db7fae581c7a3ea213								syn64737537
file				PCGA02_30014_6003003_R1.fastq.gz			1613922408	54bbc771e7b342f08944203e8877ed2d								syn64738113
file				PCGA02_30014_6003003_R2.fastq.gz			1700613319	8618614cf6bba496ae5056383525998e								syn64737681
file				PCGA02_30014_6004010_R1.fastq.gz			1909289287	66bb4a94d1c09ffbdbb09567ba0ce671								syn64736989
file				PCGA02_30014_6004010_R2.fastq.gz			1934196429	a226094d5af02c442a9f5c8d35d94f64								syn64736857
file				PCGA02_30014_6005004_R1.fastq.gz			2217073729	8ad42d5586a4bad3675219ea7dff2d1b								syn64737423
file				PCGA02_30014_6005004_R2.fastq.gz			2322705068	f9f0ffd8e5fad7d247ea6aa161370c07								syn64737690
file				PCGA02_30014_6005005_R1.fastq.gz			1071672893	22ed80105b87d5ef92219437b92c7439								syn64736730
file				PCGA02_30014_6005005_R2.fastq.gz			1084463320	ab45f00cd2f7f0a83790a50118477475								syn64736995
file				PCGA02_30014_6006006_R1.fastq.gz			1219261925	a5e3a8cc97c7800e55a4542944725b43								syn64737804
file				PCGA02_30014_6006006_R2.fastq.gz			1236554568	1c7b9cd9026e20520846e22f3f091f41								syn64738195
file				PCGA02_30014_6007007_R1.fastq.gz			1675091128	0714205a48e71bcae5af40dfe320e45c								syn64736659
file				PCGA02_30014_6007007_R2.fastq.gz			1700349782	65ef8e4ae9b5addb4770e04371b5d95e								syn64738274
file				PCGA02_30014_6008008_R1.fastq.gz			1678546072	e486f2268fe62a13ef77cce09a4ab489								syn64737494
file				PCGA02_30014_6008008_R2.fastq.gz			1720688206	8b23a2abecd51c06cdafdfd1a461548d								syn64736849
file				PCGA02_30015_6001001_R1.fastq.gz			2393068774	674070111684b1bfb5889f14915501aa								syn64737554
file				PCGA02_30015_6001001_R2.fastq.gz			2429935607	f6d796cf509c756ca2db347553ea4319								syn64737007
file				PCGA02_30015_6002002_R1.fastq.gz			1318712966	488890b8cb7762eb25393916fc352cf5								syn64737024
file				PCGA02_30015_6002002_R2.fastq.gz			1337019017	636a510acd654bf3186e9675b1a98219								syn64737855
file				PCGA02_30015_6003003_R1.fastq.gz			1762273060	d97072325631a0791936b00031e234d4								syn64737525
file				PCGA02_30015_6003003_R2.fastq.gz			1784568858	ea5af643e3266eecae3d869a350ede48								syn64736576
file				PCGA02_30015_6003004_R1.fastq.gz			1495589719	bc037578ea5c9968ff03f1cefdfdd5d3								syn64738098
file				PCGA02_30015_6003004_R2.fastq.gz			1534993326	ad9cf0eac5e8ff6187f8aa7e21e91cce								syn64737514
file				PCGA02_30016_6001001_R1.fastq.gz			1711374409	f2a8d1b20156754a92e6621182d31ada								syn64737845
file				PCGA02_30016_6001001_R2.fastq.gz			1741257491	a5f7c679467f48fed5560dd52e86b0c0								syn64737074
file				PCGA02_30016_6002002_R1.fastq.gz			2517292148	9516014e5c944d114813e9829c7abae2								syn64737095
file				PCGA02_30016_6002002_R2.fastq.gz			2557617109	f8f526d82ae661f273b1a0f7aa042ecd								syn64737326
file				PCGA02_30016_6003003_R1.fastq.gz			2170445592	ced867629fc906483ba5ff49c0561290								syn64737953
file				PCGA02_30016_6003003_R2.fastq.gz			2196174647	5f1b58f10c8598e19089721a0fcd72fc								syn64738270
file				PCGA02_30016_6004004_R1.fastq.gz			2211844977	69c19dc130f0f95c73eeb0f422c73390								syn64737821
file				PCGA02_30016_6004004_R2.fastq.gz			2246322043	d224a4d5f32edbbfe49c57036ee99862								syn64737358
file				PCGA02_30016_6004005_R1.fastq.gz			3436612183	fe4d19079abe0d64cab279b5645ff58a								syn64736879
file				PCGA02_30016_6004005_R2.fastq.gz			3488451183	947af0962fe9d5f94bfb724cd7c9c114								syn64736823
file				PCGA02_30016_6005006_R1.fastq.gz			2231180811	7282f14e6eeaf377f0673367911bdaf7								syn64737310
file				PCGA02_30016_6005006_R2.fastq.gz			2258879165	1ce594da00bdd4bc46a6a08a3c94ba3d								syn64737340
file				PCGA02_30017_6001001_R1.fastq.gz			1839310524	76fe77f50bc939cce2cbfb4407832773								syn64737654
file				PCGA02_30017_6001001_R2.fastq.gz			1871321516	11198ec177e3f7c51d5ab25c3fb19392								syn64736736
file				PCGA02_30017_6002002_R1.fastq.gz			1596324601	906dc77e36a557941a672d3c7dfd5420								syn64737916
file				PCGA02_30017_6002002_R2.fastq.gz			1656829539	0aebcf3040c3203fd0349f621a1877d8								syn64738436
file				PCGA02_30017_6003003_R1.fastq.gz			1659616371	0507cc3bed91872642f9c5d1548a6e0a								syn64737145
file				PCGA02_30017_6003003_R2.fastq.gz			1683090772	0afd96fdbfd31c857c18afe87e51c58f								syn64737807
file				HTA3_50801_6320008_R1.fastq.gz			1787376983	f723dd091fa0d7edbdb1b238c4c30aa3								syn68240775
file				HTA3_50801_6320008_R2.fastq.gz			1773699204	65100bd2530b9cfaf1a83bdd2f66b132								syn68240789
file				HTA3_50801_6320022_R1.fastq.gz			2228211773	da763593d952c8cba951410312a21084								syn68240804
file				HTA3_50801_6320022_R2.fastq.gz			2235564661	8394cd238aff15b0aedb593db79da33c								syn68240809
file				HTA3_50801_6320042_R1.fastq.gz			2537708625	9fb40601237a37f772c8194c31b99336								syn68240816
file				HTA3_50801_6320042_R2.fastq.gz			2551916650	38d2b5f11dbe34279eb84a50cd18b171								syn68240823
file				HTA3_50801_6320062_R1.fastq.gz			2341271897	e625ff2851fd7ee04639ceca4b30e437								syn68240827
file				HTA3_50801_6320062_R2.fastq.gz			2366981871	2ed0d02bef277394cfcfdcbc66b952e2								syn68240836
file				HTA3_50802_6330008_R1.fastq.gz			2947491969	e697384c78699bf2344f7de2b7c90c97								syn68240852
file				HTA3_50802_6330008_R2.fastq.gz			3035146812	1c49bad3ff91876d059ea4e034611e96								syn68240866
file				HTA3_50802_6330028_R1.fastq.gz			1404851644	6a7ecea010bbc5c692a989698f6e256a								syn68240868
file				HTA3_50802_6330028_R2.fastq.gz			1418818121	1de6b934a1d9bed5ef6448ea545edf53								syn68240872
file				HTA3_50802_6330048_R1.fastq.gz			1606523217	3a73e783223ae876ed4babc10240da1f								syn68240875
file				HTA3_50802_6330048_R2.fastq.gz			1627972764	fb1ebef44b06bc39764cc7925736f6e1								syn68240876
file				HTA3_50802_6330062_R1.fastq.gz			2166299237	23114a9a7b124e5ad95bd23b708d1e36								syn68240881
file				HTA3_50802_6330062_R2.fastq.gz			2186250023	e96af1377010fee4f1046372754a5e1e								syn68240885
file				HTA3_50803_6340008_R1.fastq.gz			2742049067	898534fe0af7d50c05b1784b4775b4ed								syn68240890
file				HTA3_50803_6340008_R2.fastq.gz			2768201861	d334f844d284c3ad64457baa6c0cc682								syn68240897
file				HTA3_50803_6340028_R1.fastq.gz			2174097089	4e2e853584e6c8b0fddbfb729cd2c04d								syn68240905
file				HTA3_50803_6340028_R2.fastq.gz			2219063564	bcad25a78b0be743aa9cb101324c04ec								syn68240914
file				HTA3_50803_6340042_R1.fastq.gz			2051646112	5fa83f4c2f5fec729a5498bc3d700134								syn68240925
file				HTA3_50803_6340042_R2.fastq.gz			2075399591	3690352f0446631b8c7b2bf4604771fe								syn68240935
file				HTA3_50803_6340056_R1.fastq.gz			1447982999	7075fe50ed10244e0c8883b7ebdecb4a								syn68240938
file				HTA3_50803_6340056_R2.fastq.gz			1478719561	7ba2a6ca8c705a9bd7edc060f8b006ee								syn68240939
file				HTA3_50804_6350008_R1.fastq.gz			1355923598	227a13bd78755719cb532ec6359f38ca								syn68240946
file				HTA3_50804_6350008_R2.fastq.gz			1345025894	fdf6fc7c355677591bbb966d652b5f6b								syn68240949
file				HTA3_50804_6350022_R1.fastq.gz			2143051281	653732cbed40715eb05d760b4dba166b								syn68240954
file				HTA3_50804_6350022_R2.fastq.gz			2184685290	b7f7001581d0d313239cd7e5d5002568								syn68240959
file				HTA3_50804_6350036_R1.fastq.gz			1977717194	e1ffa96937f3609824124011b96ab215								syn68240962
file				HTA3_50804_6350036_R2.fastq.gz			1980101389	213cf028bd9aebd450227acda55494e8								syn68240966
file				HTA3_50804_6350050_R1.fastq.gz			1835800198	4e6b41d9d96f5a7488be6275a328b04f								syn68240971
file				HTA3_50804_6350050_R2.fastq.gz			1845124010	77cc4a35d53b67476d6edb1bfc6bb10c								syn68240974
file				HTA3_50805_6312008_R1.fastq.gz			1994328741	fbfe663c2e4a5e9fa9560538d2936582								syn68240977
file				HTA3_50805_6312008_R2.fastq.gz			2009614746	4ad7eb6211e2b8948e6d3a474d14636f								syn68240983
file				HTA3_50805_6312022_R1.fastq.gz			2147514021	e4e16f354f3fe9c837ed28c6641df7bd								syn68240984
file				HTA3_50805_6312022_R2.fastq.gz			2177005481	85054e89d13e860aade358eab089e170								syn68240986
file				HTA3_50805_6312036_R1.fastq.gz			2309053584	01b859ef12d03189c814c8543fc216b6								syn68240990
file				HTA3_50805_6312036_R2.fastq.gz			2343271817	5895d7060e2b211dfd6fc3a14a4c0ac7								syn68240995
file				HTA3_50805_6312056_R1.fastq.gz			2084917273	b3695f8d552e625483f6aa9fb0168a7e								syn68240998
file				HTA3_50805_6312056_R2.fastq.gz			2099283934	5124ea72cef064c6661cf803784840ce								syn68241000
file				PCA-R-32_S77_R1_001.fastq.gz			2178859743	5fe639c2256fa6b56ee9a54ddce1e7c3								syn59058072
file				PCA-R-32_S77_R2_001.fastq.gz			2168849212	1a87147f8962075b7cfe13cb3a8c7f7a								syn59058079
file				PCA-R-43_S76_R1_001.fastq.gz			2565715359	b77e0fe88664f20c7cdf4b9b01568c86								syn59058110
file				PCA-R-43_S76_R2_001.fastq.gz			2596460484	46f878e8eb0f481f6d557e2a32fe5a93								syn59058113
file				PCA-R-46_S73_R1_001.fastq.gz			2643065389	2ab4b41bb77b235ca755fe69bf0c92db								syn59058124
file				PCA-R-46_S73_R2_001.fastq.gz			2666610254	ac6cb47fda2729767bf313cb8ade4a85								syn59058138
file				PCA-R-50_S81_R1_001.fastq.gz			3556892409	fd95397ba2a410c21aed2953c2e334ee								syn59058154
file				PCA-R-50_S81_R2_001.fastq.gz			3612318786	cce16648e8e146d6b698cd7b7f931574								syn59058164
file				PCA-R-56_S75_R1_001.fastq.gz			3149998490	7de2e3c160e626fd39936fa4bd83947f								syn59058180
file				PCA-R-56_S75_R2_001.fastq.gz			3169220986	f48da7f3a07bc3a09b5e439b6d00d843								syn59058185
file				PCA-R-57_S74_R1_001.fastq.gz			2613404328	53c88adcd4fa0db91919b9b7b4160667								syn59058190
file				PCA-R-57_S74_R2_001.fastq.gz			2664868227	99a562e4e4aaf33a3f7d5cd5a2bf3a82								syn59058194
file				PCGA02_10406_1001595_R1.fastq.gz			2689158445	1173917e5d17cf4efaacbb891f0def1d								syn64738391
file				PCGA02_10406_1001595_R2.fastq.gz			2777313599	7fd3b85d074fe0cbb5f9d5a44f1dacfe								syn64736660
file				PCGA02_20005_1005101_R1.fastq.gz			2817380802	58e70b9cdf85bdc9d713fbb04483e4c4								syn64737040
file				PCGA02_20005_1005101_R2.fastq.gz			2915823480	84590a3d8e59c281a81a9fd05de78610								syn64736998
file				PCGA02_20127_1027101_R1.fastq.gz			3384759316	7fe24474b9db30c4b664c40304e05a9a								syn64737555
file				PCGA02_20127_1027101_R2.fastq.gz			3457313371	befa01bdd3bb0d0d48ac29d640e83a17								syn64737208
file				PCGA02_20137_1037102_R1.fastq.gz			3349018256	f865bbcf0ab8461e92c7e9e4e5ea2616								syn64738550
file				PCGA02_20137_1037102_R2.fastq.gz			3442709635	fc48533edcc9c61ce4b75cf2e8675bea								syn64737661
file				PCGA02_20142_1014201_R1.fastq.gz			3448029234	58c367998fe2880f7ac23498b2ba6ceb								syn64737056
file				PCGA02_20142_1014201_R2.fastq.gz			3513099595	75f5abff25973d2d136644e692b51add								syn64737005
file				PCGA02_20142_1014202_R1.fastq.gz			2873996797	1e16e1c0d7b0e547ad7bcdbb8f408a24								syn64737577
file				PCGA02_20142_1014202_R2.fastq.gz			2973584337	4ad264ccda7187e97f167d872b419ba2								syn64737958
file				PCGA02_20142_1042103_R1.fastq.gz			3186411597	36499201a5c4ca6b921891adf30b5752								syn64738485
file				PCGA02_20142_1042103_R2.fastq.gz			3263864431	9e495fbae7a23350b7187b44dd556203								syn64737822
file				PCGA02_20142_1042104_R1.fastq.gz			2886744672	99fff32e06a92e4821609ba471ff5e34								syn64737617
file				PCGA02_20142_1042104_R2.fastq.gz			2994434516	b537bf535ffd66402b7b6140710fdfdd								syn64736908
file				PCGA02_20145_1014501_R1.fastq.gz			3190578633	07d64ab3e2a64e76f6c7edac7f5451a5								syn64737021
file				PCGA02_20145_1014501_R2.fastq.gz			3242306155	30522cea831cb1b20fcae6848c9a650e								syn64737887
file				PCGA02_20145_1014502_R1.fastq.gz			2951803458	ccab5326f60da518e1f4c53b962ff0db								syn64738480
file				PCGA02_20145_1014502_R2.fastq.gz			3043910537	c66fbd867a14f0d9a974537230a83cda								syn64736913
file				PCGA02_20145_1014503_R1.fastq.gz			2581534781	e4bab3d78806c9c1c1c4f729d0425176								syn64737246
file				PCGA02_20145_1014503_R2.fastq.gz			2655419157	d83e9e46bbf37ae9bb22c55190d89e98								syn64738410
file				PCGA02_20145_1014504_R1.fastq.gz			2609372074	b3ad74baf9fdd580c2115317165be632								syn64737716
file				PCGA02_20145_1014504_R2.fastq.gz			2724193920	a92fd6eeb3793376c3da6bbf8eba07b9								syn64737906
file				PCGA02_20145_1014505_R1.fastq.gz			2615179963	2fe71b8f1f0c9e8df2359fd614760c2e								syn64737461
file				PCGA02_20145_1014505_R2.fastq.gz			2708166498	03643de4e4caee6d119e0fb17d00e94f								syn64736612
file				PCGA02_20145_1014506_R1.fastq.gz			3120255277	92c416cf263ce1d5060a5a1ee37e1072								syn64737635
file				PCGA02_20145_1014506_R2.fastq.gz			3220248390	fa9441f2a4888db36900f284cf82aec3								syn64736921
file				PCGA02_20145_1045107_R1.fastq.gz			3142886205	4097874d6be843eeae7eb999c6094224								syn64736778
file				PCGA02_20145_1045107_R2.fastq.gz			3207469699	180fff46afcb14a03d1c4c4a4f385ddd								syn64737866
file				PCGA02_20145_1045108_R1.fastq.gz			2865155606	3a51e2878923ba418badebb833cf42f3								syn64737239
file				PCGA02_20145_1045108_R2.fastq.gz			2962917560	d9db4014b959b478eded87f7a6188792								syn64737000
file				PCGA02_20147_10147101_R1.fastq.gz			2507173234	5609a4dafaaeb4fb183d29f96bd7ce9b								syn64738395
file				PCGA02_20147_10147101_R2.fastq.gz			2560532076	b753b9422ed9c42161df68ae67792e4e								syn64738005
file				PCGA02_20147_10147102_R1.fastq.gz			3085471634	b64ba4321f0945e102632a2cc93de393								syn64736979
file				PCGA02_20147_10147102_R2.fastq.gz			3138593539	cab736858b54eaf306b8ef26d8c92c79								syn64737601
file				PCGA02_20147_10147103_R1.fastq.gz			3033969585	228555dae494353b647afa65be1a8369								syn64736837
file				PCGA02_20147_10147103_R2.fastq.gz			3097563682	29efeffbe7b2f9b7b6cb1f7ab6bb8031								syn64738004
file				PCGA02_20147_10147104_R1.fastq.gz			3099586053	dcf0af1085c3c1c69860124dc152ff8f								syn64737207
file				PCGA02_20147_10147104_R2.fastq.gz			3160688308	c91cd8d58db6b8985951ace038085796								syn64737534
file				PCGA02_20147_1047105_R1.fastq.gz			3375344631	fddb62ca4ac4b8e84ef8bf1b125e6ad6								syn64736502
file				PCGA02_20147_1047105_R2.fastq.gz			3450388615	cd91cce27f7348610b967c9c22cec35a								syn64737186
file				PCGA02_20149_1049101_R1.fastq.gz			3096947357	4795b14cab4dc864169c277cf33a267f								syn64736552
file				PCGA02_20149_1049101_R2.fastq.gz			3161318121	3b1d6f2682c684c86cade3ef9b24563e								syn64737418
file				PCGA02_20149_1049102_R1.fastq.gz			2919332661	20b58d306b57a20fb429e2ef6fd06750								syn64737563
file				PCGA02_20149_1049102_R2.fastq.gz			3019013354	48f0ce2b4d49d02c8d22149b0fdd2f94								syn64737153
file				PCGA02_20149_1049103_R1.fastq.gz			2798239478	34933c7e3419c6b35adee7a0e3a6450d								syn64738293
file				PCGA02_20149_1049103_R2.fastq.gz			2897974565	5b23ab506d5ae1ad521e9306a8b161a0								syn64738559
file				PCGA02_20149_1049104_R1.fastq.gz			2704569407	5c52c32c2b946ac20ee4448264d11d84								syn64736670
file				PCGA02_20149_1049104_R2.fastq.gz			2760383553	06bd78d888e70b8bba91e59d783a62fb								syn64736459
file				PCGA02_20149_1049106_R1.fastq.gz			3142112073	dd292f1bf4e8f451ca864bdf26363124								syn64737284
file				PCGA02_20149_1049106_R2.fastq.gz			3206283105	154b81cc0e8f9dbd2d39ab2ae80c979c								syn64738197
file				PCGA02_20149_1049107_R1.fastq.gz			3406538700	e6676750bcce6e6c07ddd0eb55b69efd								syn64737757
file				PCGA02_20149_1049107_R2.fastq.gz			3490503762	bfb89696205f9418ae8f615065fa37cc								syn64738565
file				PCGA02_20149_1049110_R1.fastq.gz			3092590819	a3c2a09c575586bb7f44a1e833e31229								syn64737669
file				PCGA02_20149_1049110_R2.fastq.gz			3158039080	21472ac29ffa044060f060e8bd25b710								syn64737042
file				PCGA02_20150_1015001_R1.fastq.gz			2739529778	bf1fce19141c0c8a6d3cf7520154a6b1								syn64738474
file				PCGA02_20150_1015001_R2.fastq.gz			2821734111	6d46da1791c468b0e991d59f847203ca								syn64738068
file				PCGA02_20150_1015002_R1.fastq.gz			2738260318	79ea448d11c6ee26c508dfb1f7988083								syn64737836
file				PCGA02_20150_1015002_R2.fastq.gz			2820219955	b49f2ca174293ca536f189f2ebd23920								syn64738015
file				PCGA02_20152_1052109_R1.fastq.gz			2924550922	03b93c96358620d22cb909083f374419								syn64738399
file				PCGA02_20152_1052109_R2.fastq.gz			3025280935	6d36e37bd59f70f7923c7c0fad23754f								syn64737993
file				PCGA02_20152_1052110_R1.fastq.gz			3024593694	a8e7ce0aff4ffc48266305c9216d0427								syn64736732
file				PCGA02_20152_1052110_R2.fastq.gz			3091598233	f3f3401998d3ea023f2652526d790c29								syn64737936
file				PCGA02_20152_1052111_R1.fastq.gz			2867043621	4efcceb6b8fbd051561c7f5062735aed								syn64736914
file				PCGA02_20152_1052111_R2.fastq.gz			2993519193	b89bef703ed7ac9ba1751b1bb264ebc4								syn64738084
file				PCGA02_20152_1052112_R1.fastq.gz			3244618079	d0c5acc491c0fb7535f900affddbc68c								syn64736503
file				PCGA02_20152_1052112_R2.fastq.gz			3316485597	b02503b6ba5f1cfe15a49df5c3dd47cf								syn64736499
file				PCGA02_20153_1053101_R1.fastq.gz			3144761599	fb894df5b287f4dbb43fee41b0392363								syn64736960
file				PCGA02_20153_1053101_R2.fastq.gz			3201762615	30c9f2571b33a4ce1c0915246372ccbf								syn64737644
file				PCGA02_20153_1053102_R1.fastq.gz			3064785168	4ec1df958cb738f8dab8f6b5cfcdc802								syn64737131
file				PCGA02_20153_1053102_R2.fastq.gz			3119121709	73285f9d973303ce9dad00dce62fc694								syn64737033
file				PCGA02_20161_1061101_R1.fastq.gz			2734827179	a68ef9b36ae40a47a2612f1daf26dee4								syn64736504
file				PCGA02_20161_1061101_R2.fastq.gz			2844119719	cab517816295a46a10926c44835b32e2								syn64737591
file				PCGA-01-0021-025-20687-01310BX-1031643R_R1.fastq.gz			3672188126	1847911ea02b2bd3c5e652a9a94e2a59								syn64717081
file				PCGA-01-0021-025-20687-01310BX-1031643R_R2.fastq.gz			3715020540	fb47482a04395b2e70ec7cb3135fb5c2								syn64717083
file				PCGA-01-0021-050-20687-01311BX-1031644R_R1.fastq.gz			3019909720	0c03f25ad0822dc64e6b26ada6b88b34								syn64717084
file				PCGA-01-0021-050-20687-01311BX-1031644R_R2.fastq.gz			2869552241	3ab44576110500263cf7b3d6b25a3780								syn64717085
file				PCGA-01-0033-048-20582-00974BX-1034003R_R1.fastq.gz			3030791779	f0a8ae11eb0b26793747ed9fbe2926e1								syn64717087
file				PCGA-01-0033-048-20582-00974BX-1034003R_R2.fastq.gz			3073887183	1ffb808525195fc39b12663134d4ba8e								syn64717088
file				PCGA-01-0036-089-23647-01404BX-1034124R_R1.fastq.gz			2858476760	80a8a98d7c894a1a0b17d4f0aae11453								syn64717089
file				PCGA-01-0036-089-23647-01404BX-1034124R_R2.fastq.gz			2951162000	d6db44f64f7aa7d5667b24dd9575ef2e								syn64717097
file				PCGA-01-0038-037-21323-01075BX-1034079R_R1.fastq.gz			2266203381	b4427e0a9a9a7e8c07ca789d141f28b1								syn64717098
file				PCGA-01-0038-037-21323-01075BX-1034079R_R2.fastq.gz			2373471465	c71a12334bf7388b578e4e85773ce620								syn64717102
file				PCGA-01-0040-050-19895-01284BX-1034058R_R1.fastq.gz			2937504871	7b1cfafac6947365a27a42a9d511b532								syn64717103
file				PCGA-01-0040-050-19895-01284BX-1034058R_R2.fastq.gz			3173410062	d014a6aa33f7adf93a9cb041bdfe2828								syn64717105
file				PCGA-01-0040-093-19706-01098BX-1034043R_R1.fastq.gz			2788840978	476e166ef89b6596ed6e14f45633938e								syn64717106
file				PCGA-01-0040-093-19706-01098BX-1034043R_R2.fastq.gz			2840223794	08b1020d01c2a9ac0762f071fc4b48b1								syn64717112
file				PCGA-01-0042-010-23911-01028BX-1033960R_R1.fastq.gz			2655948038	12aec718442ac2ed734ae4f2c122b0b2								syn64717117
file				PCGA-01-0042-010-23911-01028BX-1033960R_R2.fastq.gz			2702269987	e3b5acf20d0434c14f6650719be2c611								syn64717118
file				PCGA-01-0042-048-23680-00907BX-1033955R_R1.fastq.gz			2803231554	e61f0f5d8f403d7f9afa56a5adaa259f								syn64717120
file				PCGA-01-0042-048-23680-00907BX-1033955R_R2.fastq.gz			2979983705	1aa1a7bebcc67c4e16ef29789595857b								syn64717121
file				PCGA-01-0042-048-23911-01029BX-1034033R_R1.fastq.gz			2964648274	aea10427412f6ef70bce5d3bde67f245								syn64717122
file				PCGA-01-0042-048-23911-01029BX-1034033R_R2.fastq.gz			3185949175	1ae59a96ec11f99f7a1c139685e14db2								syn64717127
file				PCGA-01-0044-050-18295-01397BX-1034128R_R1.fastq.gz			2867755941	ccfa8924a93297601b03f14308321430								syn64717128
file				PCGA-01-0044-050-18295-01397BX-1034128R_R2.fastq.gz			2872966521	72ba13dfa4327752b6a132efc53e73a8								syn64717130
file				PCGA-01-0048-025-25305-48965BX-1034021R_R1.fastq.gz			2525712646	ad22c76848c0bd9fb555324280a5796d								syn64717131
file				PCGA-01-0048-025-25305-48965BX-1034021R_R2.fastq.gz			2526300074	a3c2804e259cabd2dc377397f89224b6								syn64717132
file				PCGA02_20081_1008101_R1.fastq.gz			2919086987	73f8842f4ec88b7c1601def505adc073								syn64736843
file				PCGA02_20081_1008101_R2.fastq.gz			2997509168	29a15d5bd8df890bf92dbf00be9a9c3e								syn64736619
file				PCGA02_20081_1008102_R1.fastq.gz			2883849107	51547688c1a65a0aa193ea12eeb4bda7								syn64736940
file				PCGA02_20081_1008102_R2.fastq.gz			2984260527	8798c9dedb905c97e29b96dc29d5eeca								syn64738130
file				PCGA02_20102_1010201_R1.fastq.gz			2621998192	3f927095dd3e59c5831421f7269867c4								syn64737410
file				PCGA02_20102_1010201_R2.fastq.gz			2718499738	38123adbec3c41573e4d66901482418a								syn64736882
file				PCGA02_20106_1006106_R1.fastq.gz			2853397658	fa892ba42b48ddd446928a1fd79f76f2								syn64736620
file				PCGA02_20106_1006106_R2.fastq.gz			2943924822	e737a5ace7c050463ea1ca6bd9c42e1a								syn64737972
file				PCGA02_20106_1006107_R1.fastq.gz			2802178840	aaca1a9cdd79b0d80d1b26b3b5b5f93f								syn64737976
file				PCGA02_20106_1006107_R2.fastq.gz			2907049140	f2b1d574d79412adadc4589effa85bb4								syn64737187
file				PCGA02_20106_1010601_R1.fastq.gz			2805033094	c2ef08964a3bb7e69ea0e7cfe4e9cd0a								syn64736956
file				PCGA02_20106_1010601_R2.fastq.gz			2895714370	f422c2af23367143a97f63bccf18a0fa								syn64737559
file				PCGA02_20106_1010603_R1.fastq.gz			2867991449	1992dc92b60289de469d291e90f3c125								syn64738044
file				PCGA02_20106_1010603_R2.fastq.gz			2977939760	1e4373010b9c3d31dd7d5cf9054c8e77								syn64738393
file				PCGA02_20106_1010604_R1.fastq.gz			3165418368	bce5316295d4e39f953847d132ec892f								syn64738126
file				PCGA02_20106_1010604_R2.fastq.gz			3224002011	8e6bb76f277e2ee5ee296ea46839438b								syn64736977
file				PCGA02_20106_1010605_R1.fastq.gz			2804570297	eda59a672dfa43a693e357e8afb988dd								syn64737111
file				PCGA02_20106_1010605_R2.fastq.gz			2905809837	f0b6a6bd578890d8926cefa65cb6d42c								syn64736912
file				PCGA02_20111_1011101_R1.fastq.gz			2842352865	e3afff6fa0dbabe279b3dd1f1d84d16e								syn64737561
file				PCGA02_20111_1011101_R2.fastq.gz			2913305983	f070f4a25728e6e63488b2f26de6d3f7								syn64738205
file				PCGA02_20111_1011102_R1.fastq.gz			2819674421	d8736d8c26dac0008a709445257720d4								syn64736617
file				PCGA02_20111_1011102_R2.fastq.gz			2908913248	d93e96d37ec2a60ff29819deb74851f0								syn64737657
file				PCGA02_20119_1019104_R1.fastq.gz			2775240309	15d994ed1306353c642cfd13e346d458								syn64737179
file				PCGA02_20119_1019104_R2.fastq.gz			2874100000	29f9b7fc2877dfbaf6031a4726de4b1c								syn64736484
file				PCGA02_20119_1019106_R1.fastq.gz			2768525852	5a48316d61b76f2ea8491a629fd7ac25								syn64738175
file				PCGA02_20119_1019106_R2.fastq.gz			2871419387	84144df981c6ff0ecd4e84a5017c91b0								syn64738364
file				PCGA02_20119_1019108_R1.fastq.gz			3263470681	472a1b28c8d23220d0111ca5db694d0f								syn64736753
file				PCGA02_20119_1019108_R2.fastq.gz			3322518100	801727617b92a8e6a665b46325290c58								syn64736482
file				PCGA02_20119_1019109_R1.fastq.gz			2771512838	6da80699a9bf3a65623d12a74edde65b								syn64738102
file				PCGA02_20119_1019109_R2.fastq.gz			2824517463	8a9ebb932d8d533ba84909aff14c4522								syn64736740
file				PCGA02_20119_1019110_R1.fastq.gz			3243694029	c0f7ee07286675075eefa44655a86034								syn64736461
file				PCGA02_20119_1019110_R2.fastq.gz			3270022568	6eb5ee7caf3c700c08eddd9aae308d7f								syn64736536
file				PCGA02_20119_1019111_R1.fastq.gz			3189260312	179769b6d1f43fb854b41bf7491afb33								syn64738288
file				PCGA02_20119_1019111_R2.fastq.gz			3234362083	0fd9a87ca1fbc4d9d634885c45aca27d								syn64737167
file				PCGA02_20119_1019112_R1.fastq.gz			3194814621	a2d4c25974aedc981d9fe391716ebb04								syn64738379
file				PCGA02_20119_1019112_R2.fastq.gz			3248716541	9c6b4a0f0fd8562fb5b36244bb4887d4								syn64737236
file				PCGA02_20119_1090101_R1.fastq.gz			2533360593	eb4f57518242e9e4d7f03dccbcbf658e								syn64737508
file				PCGA02_20119_1090101_R2.fastq.gz			2614151198	498126c28cd861b57a0039a378c648c2								syn64736491
file				PCGA02_20119_1090102_R1.fastq.gz			2524252644	434d67c33cad28ba7cab7d40624c9a04								syn64738495
file				PCGA02_20119_1090102_R2.fastq.gz			2620720291	d3552846d169dd02120f74b76a69d683								syn64737149
file				PCGA02_20119_1090103_R1.fastq.gz			2515867496	bbe126ca85bd2752b301e4410fd1cee5								syn64738188
file				PCGA02_20119_1090103_R2.fastq.gz			2640861212	6641c719e27c0798bf34add31da397c5								syn64736965
file				PCGA02_20128_1028101_R1.fastq.gz			3250941034	c0ef3cc40b43115bf44c462356af4117								syn64736906
file				PCGA02_20128_1028101_R2.fastq.gz			3309982154	3291fe0b134cd362bb742073b438e41b								syn64736589
file				PCGA02_20128_1028104_R1.fastq.gz			2820459801	d9cff99b318abaecb2df7b17a2897eaf								syn64737504
file				PCGA02_20128_1028104_R2.fastq.gz			2918698990	c789fd4ff74038f1921e6f43d15f8f6a								syn64737705
file				PCGA02_20128_1028105_R1.fastq.gz			3264936205	b95557ee89c38f27447be67751d1d370								syn64738161
file				PCGA02_20128_1028105_R2.fastq.gz			3329181394	eb7ac32c82973a2d73d9bd733cb3a11f								syn64737022
file				PCGA02_20128_1028106_R1.fastq.gz			3229908389	32d9fac9800d745806081fa250102e1f								syn64737893
file				PCGA02_20128_1028106_R2.fastq.gz			3301822427	f49ffdb79e68641ec6638ffe3e99994c								syn64737043
file				PCGA02_20128_1028107_R1.fastq.gz			3058143234	50b8daf634a1e048353e318db8a0c6f3								syn64737328
file				PCGA02_20128_1028107_R2.fastq.gz			3096745373	b1d222adc8edb3c5383c4ca804dfac12								syn64736606
file				PCGA02_20132_1032101_R1.fastq.gz			2831708011	ceff96ddeec474705c812ee4e2e2b6a3								syn64736867
file				PCGA02_20132_1032101_R2.fastq.gz			2947696572	a393f1f33dfb9b539503d11417a7f479								syn64737421
file				PCGA02_20132_1032102_R1.fastq.gz			3007427443	7508891247e2ae6c7f3dd18d429d7af2								syn64736860
file				PCGA02_20132_1032102_R2.fastq.gz			3063567226	ea4a3edb85c24e3262220e984215a1cc								syn64738468
file				PCGA02_20132_1032103_R1.fastq.gz			3263251698	6964b426e25fd51477bfb4033a8de2d8								syn64738377
file				PCGA02_20132_1032103_R2.fastq.gz			3319275590	e6a40586503dc0b556910be06825638c								syn64736497
file				PCGA02_20132_1032104_R1.fastq.gz			2985693888	270de846839b5aeac068c077a905f4a8								syn64736801
file				PCGA02_20132_1032104_R2.fastq.gz			3033925207	5a24165a65f2483f3a314fc285b144e3								syn64738199
file				PCGA02_20132_1032105_R1.fastq.gz			3099687452	e0d74e609f43ce05de155cfa852beca6								syn64736750
file				PCGA02_20132_1032105_R2.fastq.gz			3163579435	2226c3faa285968933fb45af54f749d1								syn64736545
file				PCGA02_20132_1032106_R1.fastq.gz			3141031905	bcd722ebc7e6eb110cf56487a30cfd0a								syn64738388
file				PCGA02_20132_1032106_R2.fastq.gz			3215039563	c4c0f9caac648ba12d88720d36583203								syn64736997
file				PCGA02_20132_1032107_R1.fastq.gz			3249313664	31787a6d8f6e500a5cbc1e3a961f4c40								syn64738517
file				PCGA02_20132_1032107_R2.fastq.gz			3306980013	e05a1bb92911cf3e7b4dca51d99cac33								syn64737085
file				PCGA02_20132_1032109_R1.fastq.gz			3275292416	c0e528af593360a4875ca0e87d5c4c13								syn64736953
file				PCGA02_20132_1032109_R2.fastq.gz			3331025037	dc30cc77d36d71913cf1a4e08d37512f								syn64737215
file				PCGA02_20134_1034101_R1.fastq.gz			3118320250	c43d8c974f87c51246a48f12cfb29969								syn64737408
file				PCGA02_20134_1034101_R2.fastq.gz			3182323840	6aa0c2862306be0c1801acd06a64dbc7								syn64738425
file				PCGA02_20134_1034102_R1.fastq.gz			3113712590	8b9a35a1b3f7b08a3649107e6e3008e5								syn64737225
file				PCGA02_20134_1034102_R2.fastq.gz			3182798461	1271b180fb5d0b3ba701c80198e29b3c								syn64738525
file				PCGA02_20134_1034103_R1.fastq.gz			2826597921	c60ab721a46c32cad51d9f5d948d7794								syn64737143
file				PCGA02_20134_1034103_R2.fastq.gz			2934837117	edac7adc75ec4e2af7a78b3a21e186b3								syn64736836
file				PCGA02_20134_1034104_R1.fastq.gz			2966063154	b93b95db89ef54f9c563dbf705dbd287								syn64737704
file				PCGA02_20134_1034104_R2.fastq.gz			3046331006	bbb9e7f545b224c1508f8701edaba103								syn64738096
file				PCGA02_20134_1034105_R1.fastq.gz			3339406218	e1d3ff42fba2f6a930e14127d815c752								syn64737356
file				PCGA02_20134_1034105_R2.fastq.gz			3400245584	2f315be746bbfdfb2dcfef433e303e2b								syn64737663
file				MS_LG_OCT4_R_24_S28_R1_001.fastq.gz			2429560321	d16e0f8d713fe01d3b7a2f2206ff9fed								syn64717059
file				MS_LG_OCT4_R_24_S28_R2_001.fastq.gz			2538417795	cb9dd39478c1da49026c048c5db0512a								syn64717060
file				MS_LG_OCT4_R_3_S1_R1_001.fastq.gz			2712192183	6492d9f177ba01571cc2e0b7e772c2dd								syn64717062
file				MS_LG_OCT4_R_3_S1_R2_001.fastq.gz			2786790868	acc6f4e0dceff503aeed98b62ef80e30								syn64717063
file				MS_LG_OCT4_R_4_S16_R1_001.fastq.gz			2538531253	743feeaa445d1be9474822b23cb7e089								syn64717065
file				MS_LG_OCT4_R_4_S16_R2_001.fastq.gz			2633183278	09e6d6ba35f7811136f3545271b72131								syn64717066
file				MS_LG_OCT4_R_7_S13_R1_001.fastq.gz			2700106509	4d1deea5eb6e79754e7abe3d97259e6a								syn64717068
file				MS_LG_OCT4_R_7_S13_R2_001.fastq.gz			2762983347	bfbe9e69f2f165e315ce026436a06b5c								syn64717069
file				MS_LG_OCT4_R_8_S12_R1_001.fastq.gz			2565521108	e3216eddc44b24b5a8e47574820c8904								syn64717071
file				MS_LG_OCT4_R_8_S12_R2_001.fastq.gz			2632441180	d89c73f4b96fa04407ed7f7a9c92488e								syn64717073
file				LG-MS-0215-MCL72-11522-103_S1_R1_001.fastq.gz			1310002203	f9cfed1dba87370bf3475b106741aa31								syn68251984
file				LG-MS-0215-MCL72-11522-103_S1_R2_001.fastq.gz			1328994383	8a5394ab1515c8d0896b47aab08426d0								syn68251986
file				LG-MS-0215-MCL72-11522-105_S6_R1_001.fastq.gz			1480567143	79c78e72dbe105f596dd413dcb98f466								syn68251988
file				LG-MS-0215-MCL72-11522-105_S6_R2_001.fastq.gz			1513834946	b69478cb8de133d50b3823b56a0197fd								syn68251991
file				LG-MS-0215-MCL72-13998-104_S2_R1_001.fastq.gz			2019187787	bc018d8efefd172b3c53f457bd3e37df								syn68251995
file				LG-MS-0215-MCL72-13998-104_S2_R2_001.fastq.gz			2048541109	73c0a07fc803ea222de395f73a1a0ca7								syn68251999
file				LG-MS-0215-MCL72-14568-103_S5_R1_001.fastq.gz			2351703335	e1f50df26f47f0e2291396d98cf17506								syn68252001
file				LG-MS-0215-MCL72-14568-103_S5_R2_001.fastq.gz			2388215156	b108ef02b8975e538f5d5faaf114dbe6								syn68252004
file				LG-MS-0215-MCL72-14568-105_S7_R1_001.fastq.gz			1497634193	fc3af5c7c7f363b55fbe31755a109f3e								syn68252007
file				LG-MS-0215-MCL72-14568-105_S7_R2_001.fastq.gz			1520787764	0a8c20cbb283122bf5dad0d9e518fa93								syn68252009
file				LG-MS-0216-MCL105-004-102_S1_R1_001.fastq.gz			1560695199	b112f63c686057624a1aaf45960985cb								syn68251184
file				LG-MS-0216-MCL105-004-102_S1_R2_001.fastq.gz			1585607666	94db003dbe219474b811deefc966f029								syn68251186
file				LG-MS-0216-MCL105-004-103_S2_R1_001.fastq.gz			1461771279	349bbcb672dfe749a794530c006e2582								syn68251187
file				LG-MS-0216-MCL105-004-103_S2_R2_001.fastq.gz			1474567456	b895a4b389ddad168a770dc5d305d211								syn68251189
file				LG-MS-0216-MCL105-005-101_S3_R1_001.fastq.gz			2213507563	6104f1214d74aa07a120b0801ade0941								syn68251192
file				LG-MS-0216-MCL105-005-101_S3_R2_001.fastq.gz			2252608998	d5e3534704a7a77bc535ad6eee2bebc7								syn68251197
file				LG-MS-0216-MCL105-005-102_S4_R1_001.fastq.gz			2068237098	fff851e02a915a76d1e0253a7d4814cc								syn68251199
file				LG-MS-0216-MCL105-005-102_S4_R2_001.fastq.gz			2085504552	98b418e6ec298d480cf4c1785a0454a5								syn68251203
file				LG-MS-0216-MCL105-006-101_S5_R1_001.fastq.gz			2684695628	eff02a1a2b6058a70e44da61579fc99c								syn68251205
file				LG-MS-0216-MCL105-006-101_S5_R2_001.fastq.gz			2714341077	790dcbbbe6fefec41f2bc939fa4088a4								syn68251211
file				LG-MS-0216-MCL105-007-106_S6_R1_001.fastq.gz			1248643104	8547dfbf619c11d0c7170734cec8e719								syn68251213
file				LG-MS-0216-MCL105-007-106_S6_R2_001.fastq.gz			1255364878	c7d8e9664ec6cff0210145a9509bc924								syn68251216
file				LG-MS-0216-MCL105-007-109_S8_R1_001.fastq.gz			1005064120	cdf028a04458b7d580bc1901d736a840								syn68251218
file				LG-MS-0216-MCL105-007-109_S8_R2_001.fastq.gz			1028842079	77d6e94961a983b70c6edfb81264af35								syn68251219
file				LG-MS-0216-MCL105-008-101_S9_R1_001.fastq.gz			2218620669	f6e05b5db671365b6f3f38c2731023cd								syn68251221
file				LG-MS-0216-MCL105-008-101_S9_R2_001.fastq.gz			2252072735	7587f5def474b69f438bbe437591882f								syn68251227
file				LG-MS-0216-MCL105-008-102_S10_R1_001.fastq.gz			2409419253	d7189cdc9f1cf4ff2a33e8e12ecce0c2								syn68251231
file				LG-MS-0216-MCL105-008-102_S10_R2_001.fastq.gz			2430234276	aa41e0905e5ff26a0bd2537b61892da1								syn68251234
file				LG-MS-0216-MCL105-008-103_S11_R1_001.fastq.gz			1228264756	7a17cbb8ffb95292373ad06a51a017ed								syn68251237
file				LG-MS-0216-MCL105-008-103_S11_R2_001.fastq.gz			1236291801	351f78f0521e245719416b8a43ac35dc								syn68251239
file				LG-MS-0216-MCL105-008-104_S12_R1_001.fastq.gz			1826064223	17cff372e561597c41aca263c87a7925								syn68251241
file				LG-MS-0216-MCL105-008-104_S12_R2_001.fastq.gz			1840877420	f21ba876c178028683dfdae44bd0665f								syn68251244
file				LG-MS-0216-MCL105-009-103_S7_R1_001.fastq.gz			1892399947	c1ecd3136897d4ed325e6088253a2867								syn68251246
file				LG-MS-0216-MCL105-009-103_S7_R2_001.fastq.gz			1905035088	8982fb6b753e4915bec5a0d5b329fb39								syn68251248
file				LM-LG-0114-MCL105-012-103_S1_R1_001.fastq.gz			2375690964	1d4c231ba6b8e0abcb56372fff6be21e								syn68251252
file				LM-LG-0114-MCL105-012-103_S1_R2_001.fastq.gz			2422266545	6505be4fd816d37822ade828e6ddd91b								syn68251257
file				LM-LG-0114-MCL105-012-104_S2_R1_001.fastq.gz			3031486840	c1062fc5ef15f2ae3e4435fe00605aae								syn68251262
file				LM-LG-0114-MCL105-012-104_S2_R2_001.fastq.gz			3104846601	102b131d42f40c106c09fbb713089acc								syn68251269
file				LM-LG-0114-MCL105-013-101_S3_R1_001.fastq.gz			1590037843	51a77013651e848b7b6235aee1b4b8dd								syn68251274
file				LM-LG-0114-MCL105-013-101_S3_R2_001.fastq.gz			1625846775	b1d78aa7f2967acc3dd5bb936c55a5d5								syn68251279
file				LM-LG-0114-MCL105-013-102_S4_R1_001.fastq.gz			1930471945	8770bba2b09e69f7183bce3c0a31a243								syn68251282
file				LM-LG-0114-MCL105-013-102_S4_R2_001.fastq.gz			1967582678	d465a10f090399b3480bbb81ffb1335f								syn68251287
file				LM-LG-0114-MCL105-014-101_S5_R1_001.fastq.gz			2279419428	5de86946ce59806909ebd268259c9b0a								syn68251291
file				LM-LG-0114-MCL105-014-101_S5_R2_001.fastq.gz			2328013490	c61af6af38abd665e4e3f639bf86e779								syn68251295
file				LM-LG-0114-MCL105-014-102_S6_R1_001.fastq.gz			1871025890	7517fb9bccddd99c45ce6bf9255c5b9e								syn68251298
file				LM-LG-0114-MCL105-014-102_S6_R2_001.fastq.gz			1934978303	a6081d07f67fffaec9141d6ba1aafc11								syn68251302
file				MS-LG-0119-MCL105-012-101_S1_R1_001.fastq.gz			2820874546	f4fd0f528e5ec26f7dda4b6102f94369								syn68251306
file				MS-LG-0119-MCL105-012-101_S1_R2_001.fastq.gz			2861856249	93be649663d0081e0833b9d66b129a42								syn68251314
file				MS-LG-0119-MCL105-012-102_S2_R1_001.fastq.gz			1817726631	4331022a2e68474291a686cf640948b1								syn68251316
file				MS-LG-0119-MCL105-012-102_S2_R2_001.fastq.gz			1839346123	a14452e749398bc468e9d087919f6291								syn68251318
file				MS-LG-0119-MCL105-013-103_S3_R1_001.fastq.gz			1487402068	0821be1cdc1e562e54ab6b4487754c25								syn68251320
file				MS-LG-0119-MCL105-013-103_S3_R2_001.fastq.gz			1518831402	b4f105a17515489664c418b6007275c5								syn68251322
file				MS-LG-0119-MCL105-013-104_S4_R1_001.fastq.gz			1758338719	7da94d1a22f29276cc59f0cc50cae1f0								syn68251325
file				MS-LG-0119-MCL105-013-104_S4_R2_001.fastq.gz			1778044210	7f8eae1648df555f5b692ee7b03d9ed1								syn68251328
file				MS-LG-0119-MCL105-014-103_S5_R1_001.fastq.gz			2498419547	9218ab212ec53013882bfff7d33f28c2								syn68251330
file				MS-LG-0119-MCL105-014-103_S5_R2_001.fastq.gz			2544010312	a872875f7fa46818533820702965cae1								syn68251334
file				MS-LG-0119-MCL105-014-104_S6_R1_001.fastq.gz			2923603377	222e4aa670e2b3c0261f7b023ab3849d								syn68251336
file				MS-LG-0119-MCL105-014-104_S6_R2_001.fastq.gz			2961430593	c9518ebe4e96283a36a5b943d52a6561								syn68251340
file				MS-LG-0127-MCL105-002-101_S6_R1_001.fastq.gz			1957072236	6e4bc6d1b522c031ff1496482aa7aeb2								syn68251345
file				MS-LG-0127-MCL105-002-101_S6_R2_001.fastq.gz			2004832938	4f511dac1fd745e0f35c241e39c16b16								syn68251349
file				MS-LG-0127-MCL105-002-102_S7_R1_001.fastq.gz			1999617776	4a4f3481a3b0d7c213ee691a36005ed8								syn68251352
file				MS-LG-0127-MCL105-002-102_S7_R2_001.fastq.gz			2026590271	03c1574c91bf4da1d9f04ab6d90fdf1b								syn68251357
file				MS-LG-0127-MCL105-002-103_S8_R1_001.fastq.gz			1547802745	477046f197d589fd54e3ce5a58ebd635								syn68251359
file				MS-LG-0127-MCL105-002-103_S8_R2_001.fastq.gz			1570704474	91f52de72c4f67c4944c1bbb4da84351								syn68251361
file				MS-LG-0127-MCL105-003-101_S9_R1_001.fastq.gz			1652065177	8c912dc94dc67ead22b141f36952b924								syn68251363
file				MS-LG-0127-MCL105-003-101_S9_R2_001.fastq.gz			1676938759	78953902ef54b8580bfb91160da9424f								syn68251366
file				MS-LG-0127-MCL105-004-101_S10_R1_001.fastq.gz			2223672615	f820b86140787e81683266f3763a54c7								syn68251370
file				MS-LG-0127-MCL105-004-101_S10_R2_001.fastq.gz			2266086000	8962631646a46e5a4973b6ccc677c61f								syn68251373
file				MS-LG-0127-MCL105-009-101_S4_R1_001.fastq.gz			1943041104	4111b07eefcc39b267b7e31815435e8c								syn68251376
file				MS-LG-0127-MCL105-009-101_S4_R2_001.fastq.gz			1965145033	ac2eb782f019f172f3cceb1863af5fe6								syn68251378
file				MS-LG-0127-MCL105-009-102_S5_R1_001.fastq.gz			1142699098	d50fa380c644a52a47c011ff1b255896								syn68251380
file				MS-LG-0127-MCL105-009-102_S5_R2_001.fastq.gz			1156069997	5657f9ed9a41a59dc702824100ad0e07								syn68251382
file				MS-LG-0127-MCL105-011-106_S1_R1_001.fastq.gz			1869481743	962984396c572720778737561fcd8aa6								syn68251391
file				MS-LG-0127-MCL105-011-106_S1_R2_001.fastq.gz			1884667801	4326702b8642cb697db6f77e89c4596e								syn68251393
file				MS-LG-0127-MCL105-011-107_S2_R1_001.fastq.gz			3820300228	4e79f1205b85c108495e123b6ae72799								syn68251401
file				MS-LG-0127-MCL105-011-107_S2_R2_001.fastq.gz			3884690759	0df4e46b13853067dc586506f457b41d								syn68251406
file				MS-LG-0127-MCL105-011-108_S3_R1_001.fastq.gz			1763395550	ae049a1a7daf5d9c2f4e78d644737793								syn68251408
file				MS-LG-0127-MCL105-011-108_S3_R2_001.fastq.gz			1778754249	68f3f247687dcd2e155975c24e6e5183								syn68251410
file				MS-LG-0222-MCL105-007-107_S1_R1_001.fastq.gz			1465645632	1e4f6bc911c8a650cdc0c3a58e139ae0								syn68251412
file				MS-LG-0222-MCL105-007-107_S1_R2_001.fastq.gz			1475137487	cf308e29af81b3675fff6e9cd06368de								syn68251419
file				MS-LG-0222-MCL72-13998-106_S2_R1_001.fastq.gz			2009676423	7583f32dbad93c3273211719bc7007a0								syn68252012
file				MS-LG-0222-MCL72-13998-106_S2_R2_001.fastq.gz			2029511871	a52d54d846dd50fff74577abd6ce5072								syn68252015
file				MS-LG-0222-MCL72-16866-101_S3_R1_001.fastq.gz			2618997188	ba2381be46aaca6e70ffcd8ebdde150d								syn68252017
file				MS-LG-0222-MCL72-16866-101_S3_R2_001.fastq.gz			2674653593	9636aeea4ed4e8b231a1efcb7c117507								syn68252020
file				MS-LG-0310-MCL105-001-101_S3_R1_001.fastq.gz			1107826031	860a4c91e80881f4555a9f0ca966fbb2								syn68251423
file				MS-LG-0310-MCL105-001-101_S3_R2_001.fastq.gz			1132300625	824f20896b1618e4b26fb8cc661951ff								syn68251427
file				MS-LG-0310-MCL105-001-107_S4_R1_001.fastq.gz			1052244190	deb818ef18110448a20b8cf26973e056								syn68251429
file				MS-LG-0310-MCL105-001-107_S4_R2_001.fastq.gz			1063834777	8373e27a3b33961fede307393701db48								syn68251431
file				MS-LG-0310-MCL72-16866-103_S6_R1_001.fastq.gz			1442748767	277ad944c94dce21e4ffba5e6c60875d								syn68252021
file				MS-LG-0310-MCL72-16866-103_S6_R2_001.fastq.gz			1461051293	5f3ad516d36a4c494f175cbe6a4fd40e								syn68252023
file				MS-LG-0310-MCL72-16866-108_S5_R1_001.fastq.gz			1708466992	23eb81c760999bd8771e36dffbb517ca								syn68252025
file				MS-LG-0310-MCL72-16866-108_S5_R2_001.fastq.gz			1745154666	4b84f2fcdf25a45e09e286e2f7b0b1b5								syn68252026
file				MS-LG-0310-MCL72-17097-101_S9_R1_001.fastq.gz			2908272605	ceb4ee18d060e6470d7f5e6df3384c5d								syn68252029
file				MS-LG-0310-MCL72-17097-101_S9_R2_001.fastq.gz			2997765326	bd87a5647073e52c56069e98c70247ba								syn68252037
file				MS-LG-0310-MCL72-17117-101_S8_R1_001.fastq.gz			2008411985	c2827c4a2fcaa46d8287e5236f184b00								syn68252039
file				MS-LG-0310-MCL72-17117-101_S8_R2_001.fastq.gz			2039041246	584745dbd304fc0b1f75d518e81fff36								syn68252041
file				MS-LG-0311-MCL105-005-103_S4_R1_001.fastq.gz			1636240449	b57da7dbfd299a15bac7d239b43af999								syn68251435
file				MS-LG-0311-MCL105-005-103_S4_R2_001.fastq.gz			1671251075	d7292ad2abe221eb6e0f555945611892								syn68251437
file				MS-LG-0311-MCL105-005-104_S5_R1_001.fastq.gz			3262844301	b59be9e75204f51036cb57bad001b9d8								syn68251443
file				MS-LG-0311-MCL105-005-104_S5_R2_001.fastq.gz			3333743160	dff6865ff14b9308b0a47d27d0697fdb								syn68251449
file				MS-LG-0311-MCL105-005-105_S6_R1_001.fastq.gz			2365515888	540317a71227fd91d3383cc1eaa651fe								syn68251457
file				MS-LG-0311-MCL105-005-105_S6_R2_001.fastq.gz			2433789649	29d9165a15ddff94b6a08eff8b920759								syn68251461
file				MS-LG-0311-MCL72-11522-101_S12_R1_001.fastq.gz			1023531820	343a34410e3b01aa79bb037afb848d5a								syn68252043
file				MS-LG-0311-MCL72-11522-101_S12_R2_001.fastq.gz			1046276598	e069f26069096d6837f19595b3d47c47								syn68252045
file				MS-LG-0311-MCL72-14648-103_S7_R1_001.fastq.gz			1909681916	2cb134c2ee50e2f368737bc9bb816d78								syn68252048
file				MS-LG-0311-MCL72-14648-103_S7_R2_001.fastq.gz			1936955688	c83018a5d8c7a04afca370bb85dd1e13								syn68252050
file				MS-LG-0311-MCL72-17117-103_S9_R1_001.fastq.gz			2859644462	c44cbb1ed6ef61a3739c9a8025e4aa86								syn68252052
file				MS-LG-0311-MCL72-17117-103_S9_R2_001.fastq.gz			2899227279	2718997c842cd7411acadf4af0409161								syn68252055
file				MS-LG-0311-MCL72-17117-104_S10_R1_001.fastq.gz			2174730352	d9e9d6fd2b7d0182c3efab0f466c1a3d								syn68252057
file				MS-LG-0311-MCL72-17117-104_S10_R2_001.fastq.gz			2202978829	d2f9f82e95703b50a333c7fdcb6ce090								syn68252059
file				MS-LG-0311-MCL72-17177-105_S11_R1_001.fastq.gz			2206008648	dd5b4776293c6779642cde855c153008								syn68252061
file				MS-LG-0311-MCL72-17177-105_S11_R2_001.fastq.gz			2279559041	92afada1ff532d05450cdf60c5c2e3a2								syn68252066
file				MS-LG-0314-MCL72-14648-104_S1_R1_001.fastq.gz			2402612809	47a0af5078db41dc0de00ebafcf9114c								syn68252068
file				MS-LG-0314-MCL72-14648-104_S1_R2_001.fastq.gz			2449934231	747e0f39cabf3217f6f890fe63827d67								syn68252072
file				MS-LG-0314-MCL72-14648-105_S2_R1_001.fastq.gz			1927341399	90db02f5dd1d8fe10d871bd3ad3554c2								syn68252074
file				MS-LG-0314-MCL72-14648-105_S2_R2_001.fastq.gz			1952012491	63ce3d2a7ce87d1617fc9fccdfebcb85								syn68252076
file				MS-LG-0314-MCL72-14958-103_S3_R1_001.fastq.gz			2092770157	8e9002618d39d019da9bfc6ef6e2b4bf								syn68252079
file				MS-LG-0314-MCL72-14958-103_S3_R2_001.fastq.gz			2140289760	33719539bac253f5cad0168c9d0ce957								syn68252081
file				MS-LG-0314-MCL72-14958-104_S4_R1_001.fastq.gz			2089339078	a948846035d7f6333cb12887d7df4ee7								syn68252084
file				MS-LG-0314-MCL72-14958-104_S4_R2_001.fastq.gz			2108844367	f82525d5a12e0c153f00458845bffec0								syn68252087
file				MS-LG-0314-MCL72-14958-105_S5_R1_001.fastq.gz			1470956640	525a5d62548d88af18eb92a8fd540581								syn68252091
file				MS-LG-0314-MCL72-14958-105_S5_R2_001.fastq.gz			1505819722	0a5d0c77e882a4e040a480999050b756								syn68252093
file				MS-LG-0314-MCL72-16866-105_S6_R1_001.fastq.gz			2940128768	038b171d3e0d35af5a55567d53461d11								syn68252098
file				MS-LG-0314-MCL72-16866-105_S6_R2_001.fastq.gz			2971855639	c0e5f497a3808dbccefea511a781401f								syn68252104
file				MS-LG-0314-MCL72-16866-106_S7_R1_001.fastq.gz			2053496679	28fba9b6406ac4783be43de7beecb5f4								syn68252106
file				MS-LG-0314-MCL72-16866-106_S7_R2_001.fastq.gz			2073549044	5796a936977e29701c6c9db52914cceb								syn68252109
file				MS-LG-0314-MCL72-16866-109_S8_R1_001.fastq.gz			2751478758	59c895559f779f5082cbe3bdc230c4f6								syn68252113
file				MS-LG-0314-MCL72-16866-109_S8_R2_001.fastq.gz			2835215860	378f1414f81b5f77c7895c0b509e9a40								syn68252117
file				MS-LG-0314-MCL72-16866-110_S9_R1_001.fastq.gz			1076023194	9c09a67298594467c3c65fe706a06c47								syn68252121
file				MS-LG-0314-MCL72-16866-110_S9_R2_001.fastq.gz			1095015569	26ff41e78b6bd4248cf0d5b49dfec504								syn68252124
file				MS-LG-0314-MCL72-17097-103_S10_R1_001.fastq.gz			2044395699	06db9702e61fa21fddbe50b8c28f9117								syn68252126
file				MS-LG-0314-MCL72-17097-103_S10_R2_001.fastq.gz			2066357082	5294d8c9176b12e4d1eaf29b810de3a9								syn68252133
file				MS-LG-0314-MCL72-17097-104_S11_R1_001.fastq.gz			1602554927	adbedf7fb8ad5292abc50250fb6bf17f								syn68252135
file				MS-LG-0314-MCL72-17097-104_S11_R2_001.fastq.gz			1614120163	b6ed8d943e95773cb78e01b4dfe2956a								syn68252138
file				MS-LG-0314-MCL72-17097-105_S12_R1_001.fastq.gz			2323141491	387b48df2070e37f34b5c4dd128672f9								syn68252140
file				MS-LG-0314-MCL72-17097-105_S12_R2_001.fastq.gz			2353607789	338b2baa5f4cd45d9c23e4c27c112578								syn68252143
file				MS-LG-0315-MCL105-001-105_S4_R1_001.fastq.gz			1007409172	8531a0090af0a3d5dbdd08367d89c246								syn68251464
file				MS-LG-0315-MCL105-001-105_S4_R2_001.fastq.gz			1031917714	a910e5e4b464698a734f5470824859b4								syn68251468
file				MS-LG-0315-MCL105-001-106_S5_R1_001.fastq.gz			1465795182	28d7dbc5818a3947f6611ff73f300569								syn68251469
file				MS-LG-0315-MCL105-001-106_S5_R2_001.fastq.gz			1501635257	c86e664963c76a92df568c98b53d950d								syn68251474
file				MS-LG-0315-MCL105-003-102_S6_R1_001.fastq.gz			2861288853	31bf4576c03f06d36f30699bc8325a33								syn68251483
file				MS-LG-0315-MCL105-003-102_S6_R2_001.fastq.gz			2972308449	684d1ea3ff480b97252c007a2f8b9d06								syn68251488
file				MS-LG-0315-MCL105-007-108_S7_R1_001.fastq.gz			594232421	41229fa740b4613e7e9a44bb24f6337b								syn68251490
file				MS-LG-0315-MCL105-007-108_S7_R2_001.fastq.gz			610821540	bccbb014d09991d76b430a9dd286cbb8								syn68251492
file				MS-LG-0315-MCL105-007-110_S8_R1_001.fastq.gz			1253766986	7334abecce4af881d00b5d0875ddac65								syn68251493
file				MS-LG-0315-MCL105-007-110_S8_R2_001.fastq.gz			1329756529	8d163b79ff1cbeb93df0b0b4646bba01								syn68251495
file				MS-LG-0315-MCL72-10457-103_S1_R1_001.fastq.gz			1687623705	d5592dbbdf3bed031c5f999c93d60ddb								syn68252145
file				MS-LG-0315-MCL72-10457-103_S1_R2_001.fastq.gz			1723690870	22044e85bb68e448d6714ee69558951d								syn68252147
file				MS-LG-0315-MCL72-10457-108_S2_R1_001.fastq.gz			1101300424	1e112d1c98decdd78091bb1b784a939b								syn68252148
file				MS-LG-0315-MCL72-10457-108_S2_R2_001.fastq.gz			1127228971	9ac1f43e01746cf1410b923270e79701								syn68252151
file				MS-LG-0315-MCL72-10457-109_S9_R1_001.fastq.gz			1222559467	9fef063de1f295ca1f48dcb69c857259								syn68252153
file				MS-LG-0315-MCL72-10457-109_S9_R2_001.fastq.gz			1257581024	8b1f31f684892ac37e2b42dd256ddaae								syn68252156
file				MS-LG-0315-MCL72-11522-104_S10_R1_001.fastq.gz			1617535833	1a88e2d61680c4390d56444d51515f99								syn68252157
file				MS-LG-0315-MCL72-11522-104_S10_R2_001.fastq.gz			1656644880	45666104fa40f223670b426d4d211852								syn68252159
file				MS-LG-0315-MCL72-11522-106_S11_R1_001.fastq.gz			2192403060	07c71b328fca3111ec357de6a357b692								syn68252162
file				MS-LG-0315-MCL72-11522-106_S11_R2_001.fastq.gz			2239095836	a135e8a020f9cfb04f2d16be412e8141								syn68252164
file				MS-LG-MCL105-009-107_S1_R1_001.fastq.gz			2152495209	6bd70e03fb32b61c6b2ed0e66395d3b6								syn68251499
file				MS-LG-MCL105-009-107_S1_R2_001.fastq.gz			2186304665	d5e6e4f4cc7a1d7e785fa579185c1c78								syn68251505
file				MS-LG-MCL105-009-108_S2_R1_001.fastq.gz			1804212761	d6e57e376fdc31b39b85a7ddfd4a8d7b								syn68251510
file				MS-LG-MCL105-009-108_S2_R2_001.fastq.gz			1820667790	87f3365738e0ec991602d4c3c6fd318f								syn68251516
file				MS-LG-MCL105-010-104_S3_R1_001.fastq.gz			1673882491	f53cd3235bef51d9cd8d9eae3267fd6a								syn68251519
file				MS-LG-MCL105-010-104_S3_R2_001.fastq.gz			1692335176	32a9f904e0c19045f2bd82a660c9e5b8								syn68251524
file				MS-LG-MCL105-010-105_S4_R1_001.fastq.gz			1627013764	39ed3d999171a4dc58e954f1c35dba76								syn68251539
file				MS-LG-MCL105-010-105_S4_R2_001.fastq.gz			1644225190	47bbe57181b5b3bf9b9a45217f02db27								syn68251542
file				MS-LG-MCL105-010-106_S5_R1_001.fastq.gz			1525583298	9407ba01ce5411ec2604e113e34f0558								syn68251545
file				MS-LG-MCL105-010-106_S5_R2_001.fastq.gz			1558459798	a7c9414cd1cbf8b555adc8b81904f268								syn68251548
file				MS-LG-MCL105-011-105_S6_R1_001.fastq.gz			1533146852	6b1f4a912413240e620e293919e94388								syn68251551
file				MS-LG-MCL105-011-105_S6_R2_001.fastq.gz			1539933528	65752ae0c403dc9b1596093b293b8321								syn68251555
file				MS-LG-MCL72-10457-106_S11_R1_001.fastq.gz			1945607551	da550b13151168dc55e97700412068e0								syn68252166
file				MS-LG-MCL72-10457-106_S11_R2_001.fastq.gz			1980525987	19120a8c1a7e570fa70f6d07b5f2c438								syn68252168
file				MS-LG-MCL72-10457-107_S12_R1_001.fastq.gz			1741629844	4ae44eba8383c2f8e49ed68bcd74216d								syn68252170
file				MS-LG-MCL72-10457-107_S12_R2_001.fastq.gz			1760032943	ce4954d8109fd4e00a93fbb170a50807								syn68252173
file				MS-LG-MCL72-14568-104_S10_R1_001.fastq.gz			2564220420	ad9d7d5bd6d0de7b071d7980cbcb7bc3								syn68252176
file				MS-LG-MCL72-14568-104_S10_R2_001.fastq.gz			2619672705	0d83df1d4e279d850858b24f4b7a4467								syn68252178
file				1073_07_RNA_tumor_R1.fastq.gz			4021530673	9b1aba935accfc227f67e55a4bce1ef0								syn64587256
file				1073_07_RNA_tumor_R2.fastq.gz			4153391840	80bae402b3e2c5655463a3978ae379d2								syn64587258
file				1199_07_CL_BM_RNA_tumor_R1.fastq.gz			3094527687	8fbf3d670f97995cf5b983e3130f2170								syn64587249
file				1199_07_CL_BM_RNA_tumor_R2.fastq.gz			3167611712	858b4935fc71d0212256509a9ca523fd								syn64587250
file				762_07_CL_RNA_tumor_R1.fastq.gz			7377279856	19fd7732eae4b2e4fb76a77096b747a1								syn64587287
file				762_07_CL_RNA_tumor_R2.fastq.gz			8374864870	d228c758fb76d034a7969a93a99d2c49								syn64587292
file				762_07_RNA_tumor_R1.fastq.gz			6040991496	9ff668bda7837a1f6dbf8cac8f20a7dc								syn64587274
file				762_07_RNA_tumor_R2.fastq.gz			7049569227	d86e417edd399f453e528e39c0e98b5f								syn64587280
file				1511_06_RNA_tumor_R1.fastq.gz			3048262025	17418929aa476220f6735ecbf823ec13								syn64588036
file				1511_06_RNA_tumor_R2.fastq.gz			3144444894	1cdaf022b9ea00eedda760f7f9e4caa0								syn64588055
file				1511_07_RNA_tumor_R1.fastq.gz			2704884448	aa6f84716f53586764d5f0c122d94032								syn64588021
file				1511_07_RNA_tumor_R2.fastq.gz			2789177257	c4b9c45e199bb061e0379f4ebc364744								syn64588018
file				1525_07_RNA_tumor_R1.fastq.gz			2830679605	ca0d2a4ff55c37d501e567b2c1b3a99c								syn64588023
file				1525_07_RNA_tumor_R2.fastq.gz			2907059359	d3b6e72640c7ac5bc2bb1baff8df2708								syn64588056
file				1526_07_RNA_tumor_R1.fastq.gz			2349954430	e1dfc940e5ee7312b7b8fe3853c1c028								syn64588035
file				1526_07_RNA_tumor_R2.fastq.gz			2433765067	713ca936e42c7f0ead6cb874f9e2393b								syn64588045
file				AACTGTAG-ACGCCGCA_S2_L002_R1_001.fastq.gz			2075436254	66294c771d7c231c609e1746561a691a								syn64588019
file				AACTGTAG-ACGCCGCA_S2_L002_R2_001.fastq.gz			2153045254	0b0a71a37bc61caac1cf3d78adb69497								syn64588040
file				ACAGGCGC-CTCTGCCT_S5_L002_R1_001.fastq.gz			1307885416	b6e546615e44eefbce2a6049a77230d9								syn64588029
file				ACAGGCGC-CTCTGCCT_S5_L002_R2_001.fastq.gz			1397240383	f85d936ba0dbbaa1ca97040214a9e916								syn64588010
file				AGGTTATA-CAGTTCCG_S7_L002_R1_001.fastq.gz			1701395163	eda9c11720a5a8b45b4b09bc4de1bed0								syn64588054
file				AGGTTATA-CAGTTCCG_S7_L002_R2_001.fastq.gz			1801238130	fbd9e7207a0023a7a5f11402eb917a20								syn64588032
file				CGCTATGT-TCCGACAC_S25_L002_R1_001.fastq.gz			1691257392	49e518094b07b7b2545c8d39bd053865								syn64588011
file				CGCTATGT-TCCGACAC_S25_L002_R2_001.fastq.gz			1807218145	071f472f055e6cd57d2626bb0732a1f2								syn64588014
file				CTCACCAA-CTAGGCAA_S28_L002_R1_001.fastq.gz			1869358173	f786ee53a2be1b8f7bc213acd37457d0								syn64588006
file				CTCACCAA-CTAGGCAA_S28_L002_R2_001.fastq.gz			1972742076	681618797943d2042ed6a97229818024								syn64588003
file				CTGCTTCC-GATAGATC_S32_L002_R1_001.fastq.gz			1780563017	5cf6c6229aa0e343647239ab01fe5708								syn64588016
file				CTGCTTCC-GATAGATC_S32_L002_R2_001.fastq.gz			1866237597	ecc598fd10128d9d4613480f784de4a9								syn64588002
file				GAACCGCG-TGACCTTA_S35_L002_R1_001.fastq.gz			1885332309	d8787005141a26546a0a0f4d1dcfc7d6								syn64588034
file				GAACCGCG-TGACCTTA_S35_L002_R2_001.fastq.gz			1964185503	edcd675cb2a94dd575d7b05f0e05d681								syn64588048
file				gerald_HFHVWDSXX_2_AACTGTAG-ACGCCGCA.bam			3816257169	75953701491b7db1ab2b9aa4644816de								syn64588005
file				gerald_HFHVWDSXX_2_ACAGGCGC-CTCTGCCT.bam			2416152131	fce65dff4cadf59a0d1d10ecef78760f								syn64588027
file				gerald_HFHVWDSXX_2_AGGTTATA-CAGTTCCG.bam			3155419090	d86ea9fef4d2b98cc0decb64e19543ad								syn64588046
file				gerald_HFHVWDSXX_2_CGCTATGT-TCCGACAC.bam			3237710582	d17e9c25d31016c0ab6e319b33fb7052								syn64588009
file				gerald_HFHVWDSXX_2_CTCACCAA-CTAGGCAA.bam			3510573210	574fb1dffc9e087bd511b8bc16aaee40								syn64588053
file				gerald_HFHVWDSXX_2_CTGCTTCC-GATAGATC.bam			3314386005	db68903eccc50ac83de8a01fe98f82f2								syn64588004
file				gerald_HFHVWDSXX_2_GAACCGCG-TGACCTTA.bam			3503894173	81c0b072c50cddd19b96784f866f78cb								syn64588038
file				gerald_HFHVWDSXX_2_GGTCACGA-GTATTATG.bam			2862786842	77c430cf0631400ed794502d34eac99b								syn64588057
file				gerald_HFHVWDSXX_2_GTGAATAT-TCTCATTC.bam			3750683657	b5f772d018e46c341b09f6aab93c55ec								syn64588020
file				gerald_HFHVWDSXX_2_TATCGCAC-CTTAGTGT.bam			3993934510	97539d358a69a10b50a83e912f8ff5b3								syn64588031
file				gerald_HFHVWDSXX_2_TCATCCTT-AGCGAGCT.bam			4210157955	f41da17ce951e83b21f0f97c787efbbd								syn64588024
file				gerald_HFHVWDSXX_2_TCTGTTGG-TCGAATGG.bam			2948751603	e526124f749821e399d0d091f06447ac								syn64588026
file				GGTCACGA-GTATTATG_S43_L002_R1_001.fastq.gz			1541257590	77f6bcae1aaa5ed82f936bab8b756417								syn64588022
file				GGTCACGA-GTATTATG_S43_L002_R2_001.fastq.gz			1674924903	18c918dedfeda065ba190ae38539b9ec								syn64588015
file				GTGAATAT-TCTCATTC_S49_L002_R1_001.fastq.gz			2035622299	f181099ecb9e0c56dd1b0c88b6ea1830								syn64588039
file				GTGAATAT-TCTCATTC_S49_L002_R2_001.fastq.gz			2097117333	a58aea730da5c6ad63b04773f5a7e26e								syn64588030
file				TATCGCAC-CTTAGTGT_S52_L002_R1_001.fastq.gz			2142850943	6eece4b5ac7d7963e7617daecdcb195e								syn64588047
file				TATCGCAC-CTTAGTGT_S52_L002_R2_001.fastq.gz			2236587401	2985dd3fb8b190e8d4428e2623c485cf								syn64588044
file				TCATCCTT-AGCGAGCT_S53_L002_R1_001.fastq.gz			2269229419	4bf43920c9511e0f55b37854ae5bdd8d								syn64588037
file				TCATCCTT-AGCGAGCT_S53_L002_R2_001.fastq.gz			2358206932	bee24591d2062f45504e32c14b523b84								syn64588008
file				TCTGTTGG-TCGAATGG_S58_L002_R1_001.fastq.gz			1614812638	6ba48d7e6b78cae6ff5554569dc3c3e1								syn64588033
file				TCTGTTGG-TCGAATGG_S58_L002_R2_001.fastq.gz			1660390911	2a7176493ef3ef439c879332b584abc0								syn64588007
file				gerald_HFH37DSXX_1_ATGTAAGT-ACTCTATG.bam			6744400076	ed161a366ad11a2fa1b0afb9601f35c9								syn64588043
file				gerald_HFHVGDSXX_4_ATGTAAGT-ACTCTATG.bam			4243290320	2c6b41ca99bbeac201905e99682cffa9								syn64588028
file				10000_67_normal.fastq.gz			238784758	fb287a61a3b1576d4e354e265a0ec981								syn64366832
file				10001_67_DCIS.fastq.gz			148819529	8d28c2c7b9c399a07011a51282aa8405								syn64366833
file				10351_206_IDC1.fastq.gz			152856346	cde33781b78c9519c6283f0973e45cb8								syn64366834
file				10361_206_DCIS10.fastq.gz			251470907	07a28421fca862d59cf9a712faeebff4								syn64366835
file				10362_206_NL1.fastq.gz			135053935	5be86b943fb64e340d372249edd6e3cc								syn64366836
file				10365_207_IDC1.fastq.gz			110766349	ac7ca8ac2f249a6adb52e7bbd752d275								syn64366837
file				10376_207_DCIS11.fastq.gz			214188681	32efb5cb81a4557a9fadd8e5baeca962								syn64366838
file				10380_207_NL1.fastq.gz			67384610	46106ce0bee7398ad7b2c8046b42a52a								syn64366839
file				10381_208_IDC1.fastq.gz			59086216	da3c2b82c4d05f12a65b6f5c2cacba71								syn64366841
file				10386_208_DCIS5.fastq.gz			219547406	74fcefa5edf4c123a186112b9eb30db2								syn64366842
file				10393_208_NL1.fastq.gz			121275555	6e197437aeb87a18d3546fd02497f456								syn64366843
file				10394_209_IDC1.fastq.gz			233265832	c6803fdc8587bd25f5f2a5afd956fffe								syn64366844
file				10404_209_DCIS10.fastq.gz			488033158	f3e11120f9ec06d02509a7ed6cc7646d								syn64366845
file				10405_209_NL1.fastq.gz			213030972	3f1527b353f9cc7d4e42efa6961c549c								syn64366846
file				10406_210_IDC1.fastq.gz			181401552	dc8246721fe30522e7f076e2bb978e6b								syn64366847
file				10407_210_DCIS1.fastq.gz			236142064	f09ec7f333dd5ebc45483a260e90076e								syn64366848
file				10419_210_NL1.fastq.gz			129547632	44499edec84b7813528141b967aff33a								syn64366849
file				10438_212_DCIS7.fastq.gz			353847267	2ed677c0bf7a4f9a7fdb8db23b6376b2								syn64366850
file				10452_212_NL1.fastq.gz			205886027	10f23143d9f304ced27dd68649ccd3ce								syn64366851
file				11567_348_DCIS4.fastq.gz			2767592755	742d06b09d19ab5e3898269106349b2e								syn64366852
file				11568_348_NL1.fastq.gz			2122562247	1c1e29b0ca15462612fc4656910fbf25								syn64366853
file				11584_352_DCIS2.fastq.gz			149930683	eb89bb16e90019652ad1e06d4862daa8								syn64366854
file				11585_352_NL1.fastq.gz			124983162	5b834c79da5e48feeadaf9db4e434c3d								syn64366855
file				11610_10_NL2.fastq.gz			164199221	7cbbdb59952f183b1558c13f8a631bbf								syn64366856
file				11893_10_DCIS_C1.fastq.gz			228405771	7ac120cfb1fc89df1a8e4bf82bd00a08								syn64366857
file				12173_344_B3_DCIS.fastq.gz			316364866	7704de1f220473042de1fdf2f3375776								syn64366858
file				12175_344_TA526_IBC_Edge.fastq.gz			271981253	a0c886cd6fb9d47be3a5b00c5d5d59f2								syn64366859
file				12189_346_D8_DCIS.fastq.gz			162939974	89bda0c46ef39840121f35ad2021ddae								syn64366860
file				12191_346_TA526_IBC_Center.fastq.gz			678300993	39e54ec311417e7d8db0dcf5e4e0e4ae								syn64366861
file				12200_346_TA527_NORMAL.fastq.gz			161036909	750e6cb4d5175c1eaee706ed4a49399a								syn64366862
file				12223_375_A23_NORMAL.fastq.gz			153574584	616610615db90614cb23db1853b3c7ee								syn64366863
file				12255_375_A12_DCIS.fastq.gz			243806962	a86ae4d02f09a8077a0d765fcb012db9								syn64366864
file				12257_348_D7_IBC_Center.fastq.gz			266672307	105d62b218758152de3f4a2c8ca8e18d								syn64366865
file				12259_375_TA526_IBC_Edge.fastq.gz			187660505	7da9f58b2602ea3ab82520c93e8d367e								syn64366866
file				12263_371_C15_DCIS.fastq.gz			191502950	3c9935cbd78b7ca51e27259dfa51a6b2								syn64366868
file				12264_371_TA526_IBC_Center.fastq.gz			332426389	304db4a808f71469b2491f02482d0c51								syn64366869
file				12272_370_A14_DCIS.fastq.gz			297299175	8e251b1ed57bb40580763e336754991f								syn64366870
file				12273_370_TA525_IBC_Center.fastq.gz			328823251	292fa3168c12227f70f4376df2e2e042								syn64366871
file				12289_370_A21_NORMAL.fastq.gz			140513800	c4f7838c71ce9d8724cf7e8992609f90								syn64366872
file				12312_344_B3_NORMAL.fastq.gz			173540223	39b8ef52f87cbf4ade2929556898c210								syn64366873
file				12335_350_B25_DCIS.fastq.gz			231512142	401bd3dac475c288c40df80918b4b78f								syn64366874
file				12336_350_TA525_IBC_Center.fastq.gz			317277081	7d32f96fd4a18cfd0791d537001efac8								syn64366875
file				12340_350_B25_NORMAL.fastq.gz			188173682	ce15f388b0f03ae8f938d9ef28fc53a6								syn64366876
file				12352_369_C12_DCIS.fastq.gz			129714108	a72ed618e4bb4367bdc1775a9986393c								syn64366877
file				12363_369_TA524_IBC_Edge.fastq.gz			198710885	02f28cd600ba60078d9e4cef75986e67								syn64366878
file				12444_351_C11_NORMAL.fastq.gz			202361928	83b6d3b510ee39670e308fa6b7bbc731								syn64366879
file				12452_371_C19_NORMAL.fastq.gz			139081579	3e9d889720bf4fbecaa93ee6f0739302								syn64366880
file				12502_351_C11_DCIS.fastq.gz			284199385	fc57fdd5fee5ac28c6944c03d42aff03								syn64366881
file				12505_351_TA524_IBC_Edge.fastq.gz			211620439	c3feffa7157e69e0dd6696317c29e348								syn64366882
file				12517_369_C12_NORMAL.fastq.gz			290540696	ce71609e69bc2783e8c2259fd07cad77								syn64366883
file				12532_352_TA526_IBC.fastq.gz			272344215	7b653b5b2a0eef932e61a39a4b8bbfda								syn64366884
file				13001_211_DCIS3_MYO.fastq.gz			337240811	1bda1ea6fa9b3b50962ae0bdd87df2bc								syn64366885
file				13003_211_IDC1.fastq.gz			254633436	c1abf0ed745b72f7f5e6545f303ea99b								syn64366886
file				13006_211_NL2.fastq.gz			277646911	446e717c202caa34706c004c5de4a1ca								syn64366887
file				13043_212_IDC2.fastq.gz			311133848	8cfdc4bb01d6814048f9a47ebbfe23b9								syn64366888
file				13158_508_DCIS2_LUM.fastq.gz			359227683	0a8a2cff3e6f0a8563b07f340694522f								syn64366889
file				13168_508_NL1.fastq.gz			248409904	6d543a3c772e428abc4c031d21119a65								syn64366890
file				13193_508_IDC1.fastq.gz			293207125	b570530e0c286db1afaef0b72aed9d5c								syn64366891
file				13196_509_DCIS5_LUM.fastq.gz			668610182	32a284f459933e12f220ff32d549144b								syn64366892
file				13198_509_NL1.fastq.gz			339787260	60533e1ba41a14820edd94f5af151574								syn64366893
file				13205_509_IDC2.fastq.gz			278841136	672b6b248b543b3b527a9310fb853ef1								syn64366894
file				13225_510_DCIS16_LUM.fastq.gz			417624371	014d6a0e3c17a2caca68dcbadb0c65b9								syn64366895
file				13240_510_IDC1.fastq.gz			329647781	10be922ca27880375513c468017a9748								syn64366896
file				13251_510_NL1.fastq.gz			373979819	ee0511eb6dc821b210e38e3a1d042c4d								syn64366897
file				13821_551_IBC_Ep_2.fastq.gz			648546449	aa7a61005fc55131ba0c9e7c0e02d4c9								syn64366898
file				13826_551_NL_Ep.fastq.gz			351326175	637a0ba2fd78de93b74183c1c60d891a								syn64366899
file				13828_551_DCIS_Ep.fastq.gz			467220471	db293d28136757682412c7815bef9108								syn64366900
file				13840_549_DCIS_Ep.fastq.gz			720959502	5df88b946bfae05b8dd73fad8d8454a2								syn64366901
file				13842_549_IBC_Ep.fastq.gz			701145791	1fbfa7da7e35d8ff80508b4d560cfed1								syn64366902
file				13854_549_NL_Ep.fastq.gz			407555943	1c4d0e3f7788c7f2acb550e7d9438752								syn64366903
file				13868_547_IBC_Ep_1.fastq.gz			673324724	cd750f7bdec57922adc81a0976dd02dc								syn64366904
file				13870_547_DCIS_Ep.fastq.gz			551836492	fa934c8fffd9288949400fe3c7f72ca7								syn64366905
file				13880_547_NL_Ep.fastq.gz			507584820	c29bfc4d9d8eeff5e30e559e395e7832								syn64366906
file				13904_545_IBC_Ep.fastq.gz			712838673	740fdeac94c5abf1577c4a24ac5a568b								syn64366907
file				13906_545_DCIS_Ep_1.fastq.gz			694688146	287297dda86ccbe0e75cf12f3925eee7								syn64366908
file				13914_545_NL_Ep.fastq.gz			659905297	b96ed745952dbadf51840d4aa4a666ec								syn64366909
file				13922_544_NL_Ep.fastq.gz			491427257	0d0dee61819fa5c91d7f63aa965048e3								syn64366912
file				13928_544_IBC_Ep.fastq.gz			529174980	fdb61d8e60f4832de0e343d923083973								syn64366919
file				13930_544_DCIS_Ep_3.fastq.gz			644476928	b1039a1bb0ec7339cf1cfe440c92120b								syn64366920
file				13938_568_NL_Ep.fastq.gz			693822465	7209d272c48abc9304b34c421f7e7452								syn64366921
file				13940_568_IBC_Ep.fastq.gz			610682377	97c8b90b51a390b76da2969288593fc1								syn64366922
file				13942_568_DCIS_Ep.fastq.gz			594475416	c23c1d432ee2694800b4764a20745267								syn64366923
file				13948_570_IBC_Ep.fastq.gz			602220706	f2c81f94a8246220690e966f81fcaf24								syn64366924
file				13950_570_DCIS_Ep.fastq.gz			610049272	48245dc3da885035bb526b4d473bb513								syn64366925
file				13954_570_NL_Ep.fastq.gz			637460978	d536c7a8244e0dd31d53791064b1383a								syn64366926
file				13968_567_DCIS_Ep.fastq.gz			626582041	7d4af93cca06d68bd3824ab599a2fec3								syn64366927
file				13970_567_IBC_Ep.fastq.gz			659643395	091cbb384752ba0080ca50dce313f7dc								syn64366928
file				13972_567_NL_Ep.fastq.gz			581036863	40abf0c27d8f64647107d8d805c8805d								syn64366933
file				13982_561_DCIS_Ep.fastq.gz			588559353	ee749695805b5eaaf0846218d9bd3f03								syn64366939
file				13984_561_IBC_Ep.fastq.gz			502903377	fc75549e4be0d6c538388005a44c7275								syn64366940
file				13986_561_NL_Ep.fastq.gz			449441976	7490760f940f1db9d40a481e8046cd98								syn64366941
file				14001_553_DCIS_Ep.fastq.gz			529711517	a2aa5eeb97a7dcd6be8801bb6d812ebb								syn64366942
file				14003_553_IBC_Ep.fastq.gz			641281234	56d3399dd7865b156115aedd2b2e3bcf								syn64366943
file				14011_553_NL_Ep_2.fastq.gz			583132772	d2e2dacfeea5dd2fe6d8ebd015de0554								syn64366944
file				14036_571_NL_Ep.fastq.gz			508287520	0bb5a75fcb08de9163203cfc8dc679c1								syn64366945
file				14040_571_DCISw_Ep.fastq.gz			645869384	8097a91f3064b85af485e4b3f16bf68b								syn64366946
file				14044_571_IBC_Ep_1.fastq.gz			627343525	ddf0c4c1773e290faf7d6ef468af9f86								syn64366947
file				14048_566_IBC_Ep.fastq.gz			711059855	f7ee004e8f6f643404861af3eba4b8d5								syn64366948
file				14050_566_DCIS_Ep.fastq.gz			687486106	3e94c02b976660b044279ae65e7ce30b								syn64366949
file				14060_566_NL_Ep.fastq.gz			828186920	d293a7420e896c366c95ae2d1de0606a								syn64366950
file				14062_564_DCIS_Ep.fastq.gz			670420590	0779475c462335d5e0d1756b19966404								syn64366951
file				14066_564_NL_Ep.fastq.gz			729996046	f3266963f41f217bbbfa6d7aad7cb123								syn64366952
file				14068_564_IBC_Ep.fastq.gz			684014788	d3e1a4fddf4619bc068142ed72af287e								syn64366953
file				14080_558_IBC_Ep.fastq.gz			576113523	3f5606c5e7300f16df33dc3903f3a5ae								syn64366954
file				14082_558_NL_Ep_1.fastq.gz			560299005	ca74503bd02bd1022c083dae9a891bdb								syn64366955
file				14084_558_DCIS_Ep_1.fastq.gz			665562663	2315edeb2597c304327bcf2143fd44a6								syn64366956
file				14126_554_IBC_Ep.fastq.gz			694789745	5a8611ef345cac4fc2333f1452b508e8								syn64366957
file				14130_554_DCIS_Ep.fastq.gz			833599538	b9d5e7a75126ee2abd6ce33c8cd410dc								syn64366958
file				14134_554_NL_Ep.fastq.gz			556122392	c3b351f63c633313930cea2b5806b0ca								syn64366959
file				14199_573_EN_Ep.fastq.gz			353955127	404c293bfde0ded7671aa834fbd131c2								syn64366960
file				14200_573_EN_Str.fastq.gz			438773398	45924bc8c29811c8bed8ce72a8ffa3c0								syn64366961
file				14201_574_NL_Ep.fastq.gz			442019169	fa3ae6e8d4d20027c5982bed2c706bde								syn64366962
file				14202_574_NL_Str.fastq.gz			437598549	74912b4f44f893602ebc02c404210d8e								syn64366963
file				14203_575_IBC_Ep.fastq.gz			357469493	1cb494d54ca8e51a54dd611579c645ba								syn64366964
file				14204_575_IBC_Str.fastq.gz			423439109	6a6969d176cb1b07b32939766978564e								syn64366965
file				14205_576_NL_Ep.fastq.gz			353785297	33b4953b2d9cf0a5f44f90ac28fe9968								syn64366966
file				14206_576_NL_Str.fastq.gz			398215080	abb2cc9cb71bb24a606ec247f21aa9bf								syn64366967
file				14207_577_EN_Ep.fastq.gz			306155855	f509738361b736225e4790736948ec8f								syn64366968
file				14208_577_EN_Str.fastq.gz			408970823	f90912cb2d4a1e1120354c2f850cbbc5								syn64366973
file				14209_578_DCIS_Ep.fastq.gz			408660408	a9e8703377198150101aada1a84a6a6c								syn64366974
file				14210_579_DCIS_Ep.fastq.gz			355285679	058f84c5021c50461139929b66435f92								syn64366975
file				14211_579_DCIS_Str.fastq.gz			425476966	6ef719d0c61eed1744b99193e2f9d6ef								syn64366976
file				14212_580_DCIS_Ep.fastq.gz			472180186	60a35a84a098e720b7466adc1c693749								syn64366977
file				14213_580_DCIS_Str.fastq.gz			430656293	960101b41e854a02fef1c63f9890fb9a								syn64366978
file				14214_581_DCIS_Ep.fastq.gz			422228910	65efb2edd2c03c17f6c0a38855c198af								syn64366979
file				14215_581_DCIS_Str.fastq.gz			390373910	f528753ace53b58628033b2467ec7aad								syn64366980
file				14217_582_NL_Str.fastq.gz			423950150	6d869b82b37a36e2c55c056796b407c6								syn64366981
file				14218_583_NL_Ep.fastq.gz			435859684	3978ff19a5e3cfc863fd96298e0f9fff								syn64366982
file				14219_583_NL_Str.fastq.gz			549837116	6cf1f78a1db03c3170ae1707a1d1ea27								syn64366983
file				14220_584_DCIS_Ep.fastq.gz			368226245	46854737b787bc6b981294cae05408b2								syn64366988
file				14221_584_DCIS_Str.fastq.gz			538553315	ee4eb813be857e65b37b7c4de09df0a0								syn64366989
file				14222_585_DCIS_Ep.fastq.gz			287647271	e4b6c745a5b494c18ea2c3366c67ebe6								syn64366990
file				14223_585_DCIS_Str.fastq.gz			429213217	c536d9ee1c0fd1e87e7bf927918d765d								syn64366991
file				14224_586_DCIS_Ep.fastq.gz			323976792	40a8794622cfc2c04fe85a74d4142d40								syn64366992
file				14225_586_DCIS_Str.fastq.gz			440924610	d94f405eec3916d7236af4995733f4aa								syn64366995
file				14226_587_DCIS_Ep.fastq.gz			386949917	9d41f6fa93ac9d9c3b3d0926442a4026								syn64366996
file				14227_587_DCIS_Str.fastq.gz			583314404	73ddf6bc4a8a068e82645711dee39716								syn64366997
file				14228_588_EN_Ep.fastq.gz			408109928	82cdad7e24e72dd2543264d228058ff1								syn64367000
file				14229_588_EN_Str.fastq.gz			477886873	33026e3a97815907ea4cf0e69dfba7d3								syn64367001
file				14230_589_DCIS_Ep.fastq.gz			453340635	33742994f661e9b9b4469c1947f6fa30								syn64367002
file				14231_589_DCIS_Str.fastq.gz			560937367	1c10807e8ffb310bf66750ad341763f9								syn64367003
file				14232_590_EN_Ep.fastq.gz			554658108	8d62fdb84f9ffe8475094991b3615802								syn64367004
file				14233_590_EN_Str.fastq.gz			597331607	6d6d14d8bb70ff2ccd212ddc15341260								syn64367007
file				14234_591_DCIS_Ep.fastq.gz			550685926	0aec21030a4b4461b6b2a1740e53a6e1								syn64367010
file				14235_591_DCIS_Str.fastq.gz			554724248	c814ed2b56814d46d24b802b842e2155								syn64367011
file				14236_592_DCIS_Ep.fastq.gz			500452707	f7067c188db8eb74dabc12f413c14bb3								syn64367012
file				14237_592_DCIS_Str.fastq.gz			492971311	1cdda84c29d819da968519f822d3d973								syn64367013
file				14238_593_EN_Ep.fastq.gz			429285742	36ae195f179f3baed97596a34193e5f2								syn64367014
file				14240_594_DCIS_Ep.fastq.gz			513914984	b5486aee0a8b0816e72a894a18ee1dbf								syn64367015
file				14241_594_DCIS_Str.fastq.gz			477138348	40cf7583aea18efeea2f40ca11755a27								syn64367016
file				9518_10_IDC_1.fastq.gz			34536967	b0ee3afd0e4d7df09f3cdb8989eba665								syn64367017
file				9522_11_DCIS_1.fastq.gz			35980996	610062a1bdb6f8711de1399dcc7c760f								syn64367019
file				9527_11_IDC_1.fastq.gz			11670332	03362f54c16503b733eefba4706b7f6b								syn64367020
file				9529_11_Normal_1.fastq.gz			11630972	7c461ccd149c718b0517c17c2bc0b9e7								syn64367021
file				9813_38_IDC2.fastq.gz			327102711	7cc3003b5c36b4b66b089607c1517b3b								syn64367022
file				9817_38_DCIS6.fastq.gz			349227157	5ec028fca03cfbe564592cf2541a7c8a								syn64367023
file				9823_38_NL1.fastq.gz			339108898	cef83d34959e37dbb30ae3203138a8a6								syn64367024
file				9830_39_DCIS6.fastq.gz			388628153	39af1bbd722232647477ea40ff7218b4								syn64367025
file				9832_39_IDC1.fastq.gz			342970269	773759a87743e9f129dc580c8be60aa6								syn64367026
file				9834_39_NL1.fastq.gz			320573646	59cc454341359f0bd6b701a75ad76b0d								syn64367027
file				9847_40_DCIS7.fastq.gz			379259578	51edcc8a91d3c37e3dfadbd7ac9556d8								syn64367028
file				9852_40_NL1.fastq.gz			231712283	16513cd428f7bc88fb5b198fc8260629								syn64367029
file				9853_40_IDC1.fastq.gz			342256118	c69b980b661db0d2cde0eff7f41aeac0								syn64367030
file				9861_41_NL1.fastq.gz			347116683	decf85310969ab129dea96031fa8410a								syn64367031
file				9862_41_DCIS1.fastq.gz			395969190	5a2b01159f9f235c69f551aba202fe39								syn64367032
file				9864_41_IDC1.fastq.gz			325889943	28eef4d4970ab1a30e33df9faf540b03								syn64367033
file				9884_44_NL1.fastq.gz			430713646	d4989c83a12b073ea8c1cef4df9034c6								syn64367035
file				9891_44_IDC3.fastq.gz			405578595	73a3f745219df7b3738df0a22e74b468								syn64367036
file				9896_44_DCIS8.fastq.gz			353833566	f8afedd5dfa2eb0b2bda2ec06817cf8c								syn64367037
file				9935_49_normal.fastq.gz			51180251	e8728e91c5df949e6891f718c867cc38								syn64367038
file				9936_49_DCIS.fastq.gz			47831330	eea719a67689dc6cd3766d00639ea449								syn64367039
file				9937_49_IDC_invasive.fastq.gz			112334562	ee50df6685447df191b812d1bbec17be								syn64367040
file				9973_61_normal.fastq.gz			155413734	03032ef68622bbf4734eb6c959a93224								syn64367041
file				9974_61_DCIS.fastq.gz			35115578	13e8577b1c7169bd6f0d6cfde0020329								syn64367042
file				9975_61_IDC_invasive.fastq.gz			133284547	b1d67307940aefeb7a4043a7daa7a80b								syn64367043
file				9998_67_IDC_a_ductal.fastq.gz			146651620	2b11553cdafa865d2aa32ca9b34e3a8f								syn64367044
file				DCIS_C80.fastq.gz			630540105	2a7ecb16e19616752303ffb40d3321ab								syn64367045
file				LN_C95.fastq.gz			516907388	f2bb6e403fb36fbd278a8d90d54a9f8c								syn64367046
file				NL_C78.fastq.gz			541981510	bdaddfc1975beffc64d4d894a7706772								syn64367047
file				0000265770.bam			9545215127	025d0523c3683d68aa790e86be7e9596								syn68528327
file				0000303169.bam			9489783369	e8a57749649a27648087c8b60362e5fc								syn68528340
file				0000319997.bam			10002160028	56adcf0501af847a08a8e966b701c6cc								syn68528355
file				0000320079.bam			6675769124	5f4ee484525ee8643e6e68e23993e00c								syn68528360
file				0000320114.bam			11672072112	2bc69a97ad0a63e25108b8ff39370f91								syn68528401
file				0000320245.bam			9438605531	cded1cf9ddb13ecd0723c3f85e09b76f								syn68528402
file				0000321912.bam			7549491334	e41754453af22d9c1ab5b35f6a23a1b1								syn68528408
file				0000321972.bam			11774718618	d76a4bf341691dd32b15b688a9ffba48								syn68528411
file				0000321988.bam			9383650363	b7bef775a1f2573a85ac9db9e6ee175e								syn68528412
file				0000321995.bam			9172815255	1547f7bfdca43d4eba37795d786d9940								syn68528413
file				0000322035.bam			9659952179	437ff2396a5701585c2fadc654d607dd								syn68528417
file				0000322041.bam			8255164221	f0453425e7ec710a342fff8f75c60b32								syn68528419
file				0000340456.bam			13516120376	37e2ad2751d724d34f02a71b046ad155								syn68528437
file				0000340463.bam			7008720197	9018ceffecb998d1db5be28ac2f577fa								syn68528433
file				0000340469.bam			7416416986	bca62c4a28a46853b23b302fbd3b6674								syn68528439
file				0000346152.bam			7654950154	238b50f3096edffec9229df86c53ccc6								syn68528443
file				0000366871.bam			17149231828	73d3d0b1b669023249d18b8677325523								syn68528462
file				0000367988.bam			8121799736	f5d5b1acf2756b53cef83bfecceff0da								syn68528452
file				0000368070.bam			8987186014	308d7d5f4b6028f7dfe29c73a885e8ff								syn68528461
file				0000368112.bam			9974013728	3e577db9e211a399018e248bdd108a63								syn68528463
file				0000382610.bam			10837642877	a23cb17f3df28530f98ab46ed34bfa3d								syn68528464
file				0000382748.bam			10522996016	07d836ebb5dd48edba4558902fa631fb								syn68528465
file				0000382837.bam			9819302380	e5355fd17c8b045aad4db5c3a1b8bf59								syn68528467
file				0000382886.bam			8198506799	3c40ce66c6fd6ec1fe4c91204e174df7								syn68528469
file				0000394763.bam			7939349447	84dbff796627a5dff2f73ec0447d2085								syn68528476
file				0000394880.bam			4020492985	05573eab02f762e6e9422b2b13485a9e								syn68528471
file				0000399183.bam			8755390345	0830b487177d56b2e2662660b961fac0								syn68528481
file				0000404813.bam			11010931532	0b52f8452fa477785eb6e2d55aeeb1d8								syn68528488
file				0000424110.bam			8397643655	528b3f4322863128de97a59974a57354								syn68528487
file				0000424126.bam			9994729705	49ee3616376400607152ede2338d6846								syn68528495
file				0000434093.bam			14046217254	5a923440cce6bde6a567dd8d8a0fe2d3								syn68528509
file				0000434105.bam			7391302524	3343b853100d1249263670a42a1bc12d								syn68528500
file				0000434568.bam			7142068461	7e0dad3254b56d019fa2b73f9e5e8005								syn68528508
file				0000446970.bam			13288659675	5bbdb276b447346080fa7a3c585b9cc0								syn68528536
file				0000447031.bam			9784543041	b210e79230246499f7bef18ebfe92208								syn68528549
file				0000447063.bam			5421448945	5e8eb90191a766f87954008a51024b87								syn68528526
file				0000447194.bam			6631948288	3906842d4bbd5e3c1e24580924d7109a								syn68528551
file				HTA2_20457_6000103.Aligned.sortedByCoord.out.bam			3214136428	ddbf967c7c218fb7b20e9ec980d8a277								syn68252181
file				HTA2_20457_6000106.Aligned.sortedByCoord.out.bam			3722487869	20cccf0d7a85ef2cfa28fa4d5dde4775								syn68252184
file				HTA2_20457_6000107.Aligned.sortedByCoord.out.bam			3310975303	856b4d647ce0b8154c6560ebbae66b8b								syn68252189
file				HTA2_20457_6000108.Aligned.sortedByCoord.out.bam			2245941711	66d51028f82b7952ea539cc4e71b8828								syn68252193
file				HTA2_20457_6000109.Aligned.sortedByCoord.out.bam			2325699641	89c0ab1276f7c49a90c808e5124d0b6f								syn68252196
file				HTA2_21522_6000101.Aligned.sortedByCoord.out.bam			2410126011	6502ee96536738f6ddc516a44ab04eec								syn68252198
file				HTA2_21522_6000103.Aligned.sortedByCoord.out.bam			2366541358	e8c9ee235cca128cac87817e3c6dd1c6								syn68252201
file				HTA2_21522_6000104.Aligned.sortedByCoord.out.bam			2835122622	ee84a7f6927560c7161c5b77e7e73df2								syn68252206
file				HTA2_21522_6000105.Aligned.sortedByCoord.out.bam			2550456409	801c78b9af3c14bf8af2748b35fcfff0								syn68252212
file				HTA2_21522_6000106.Aligned.sortedByCoord.out.bam			4082328509	7a834e1d23f1c261d66f0f043d4680f6								syn68252216
file				HTA2_23998_6000104.Aligned.sortedByCoord.out.bam			4198150694	f2dd73e04c3c1356918b81c7e7a31d66								syn68252226
file				HTA2_23998_6000106.Aligned.sortedByCoord.out.bam			4167233849	554bdc4095d5c7f57ba3e1752a16d0de								syn68252233
file				HTA2_24568_6000103.Aligned.sortedByCoord.out.bam			5559736816	56900718032fd07d57a2927f07703fb8								syn68252241
file				HTA2_24568_6000104.Aligned.sortedByCoord.out.bam			5281158334	c59e57d31da7ec09e767fecc35bead86								syn68252252
file				HTA2_24568_6000105.Aligned.sortedByCoord.out.bam			3586291440	370c9ce3db09de8ae5674d15056c6610								syn68252257
file				HTA2_24648_6000103.Aligned.sortedByCoord.out.bam			4476823543	a8b045dcb358e636a70243aaca094f47								syn68252261
file				HTA2_24648_6000104.Aligned.sortedByCoord.out.bam			5692630669	847ef9ad1ca013ffde4baa4432b8e8e6								syn68252266
file				HTA2_24648_6000105.Aligned.sortedByCoord.out.bam			4541403369	dff1edc1bba6b6a57178f3fbf6ca36f1								syn68252270
file				HTA2_24958_6000103.Aligned.sortedByCoord.out.bam			4978508313	dd22613224063eb4c204817413d82403								syn68252274
file				HTA2_24958_6000104.Aligned.sortedByCoord.out.bam			5480163653	c238706b6e76e92fa9d6ead1d2b1d71e								syn68252278
file				HTA2_24958_6000105.Aligned.sortedByCoord.out.bam			3919582333	4c9f7a280e2123f8795b2c20438385ac								syn68252281
file				HTA2_26866_6000101.Aligned.sortedByCoord.out.bam			5731851095	e8b2b0133626bdfd4230de379bdb5ff9								syn68252285
file				HTA2_26866_6000103.Aligned.sortedByCoord.out.bam			3947281892	e6707d52b9a128a9ecb01fc8a54d27bb								syn68252288
file				HTA2_26866_6000105.Aligned.sortedByCoord.out.bam			7725849850	0fc4f42ec961e7a9d8d104aca923ae6d								syn68252297
file				HTA2_26866_6000106.Aligned.sortedByCoord.out.bam			5251980386	a9c27741bc21b0d8d74635cec48d6cee								syn68252302
file				HTA2_26866_6000108.Aligned.sortedByCoord.out.bam			3229779308	b4073f489fff6fba908e3d082f8d0637								syn68252307
file				HTA2_26866_6000109.Aligned.sortedByCoord.out.bam			6449386721	0f0264e094e7412651f2868397238127								syn68252317
file				HTA2_26866_6000110.Aligned.sortedByCoord.out.bam			2599731589	0ea9b795ca76e5577050d32decc81345								syn68252330
file				HTA2_27097_6000101.Aligned.sortedByCoord.out.bam			7168878289	f3887791faf1e4a1b6a1f4b7ae6adc46								syn68252342
file				HTA2_27097_6000103.Aligned.sortedByCoord.out.bam			5217898646	55650857bfed033c8cbf4849648391d0								syn68252347
file				HTA2_27097_6000104.Aligned.sortedByCoord.out.bam			3729764315	50aaf0bf3ed0c24b8aebacbd7855e46b								syn68252351
file				HTA2_27097_6000105.Aligned.sortedByCoord.out.bam			5485776077	cfd4c0b1ace61b86706bc55886ad11ec								syn68252356
file				HTA2_27117_6000101.Aligned.sortedByCoord.out.bam			4734405352	922c462822ea8e824344c9805fef17fa								syn68252360
file				HTA2_27117_6000103.Aligned.sortedByCoord.out.bam			6967635278	e5623feca0a6bdf65d084bba98a49de1								syn68252364
file				HTA2_27117_6000104.Aligned.sortedByCoord.out.bam			6000008549	33b613d6797ce2f099fa3a6da0539989								syn68252369
file				HTA2_27177_6000105.Aligned.sortedByCoord.out.bam			5507474024	84c3c886a22c4e746f4f5600d41b861b								syn68252373
file				HTA2_90001_6000101.Aligned.sortedByCoord.out.bam			2434662661	1bb5aabf3e0125fb0da52badb211fbe3								syn68251562
file				HTA2_90001_6000105.Aligned.sortedByCoord.out.bam			2158436340	ac38db4e6b597e176c11e802108d3286								syn68251566
file				HTA2_90001_6000106.Aligned.sortedByCoord.out.bam			2938133076	94b1a41de16f42c73b41b68b5fd83962								syn68251573
file				HTA2_90001_6000107.Aligned.sortedByCoord.out.bam			2109243774	a5f97a80ff0d05acf886389fb9e02b20								syn68251581
file				HTA2_90002_6000101.Aligned.sortedByCoord.out.bam			4458523113	1057449c275f5bf7f9a49d9fd4f40fae								syn68251588
file				HTA2_90002_6000102.Aligned.sortedByCoord.out.bam			4417186263	d9d339191e542b63fab3bd09ba7bc0f9								syn68251601
file				HTA2_90002_6000103.Aligned.sortedByCoord.out.bam			3283198790	795bcc0bbbf1652fb888c6a8760de3a8								syn68251608
file				HTA2_90003_6000101.Aligned.sortedByCoord.out.bam			3953528314	ebb628699f41ad6eae78134a69bd7b34								syn68251617
file				HTA2_90003_6000102.Aligned.sortedByCoord.out.bam			5839812824	c61d0467d5f6f43ad919a70d562ff526								syn68251624
file				HTA2_90004_6000101.Aligned.sortedByCoord.out.bam			5490088931	80e5c5342a53cad23383e58f686a5705								syn68251633
file				HTA2_90004_6000102.Aligned.sortedByCoord.out.bam			4463499528	73c49ae5d2d4cd8657ab8c389e606c13								syn68251638
file				HTA2_90004_6000103.Aligned.sortedByCoord.out.bam			3906443020	7ea2361ad0b714785b757689e56821ad								syn68251642
file				HTA2_90005_6000101.Aligned.sortedByCoord.out.bam			5409847145	a8ead95ac403e26ab45f14b2cf6ed22e								syn68251656
file				HTA2_90005_6000102.Aligned.sortedByCoord.out.bam			6146860732	174ba3467e376c91bda9ad2a34cea4e2								syn68251662
file				HTA2_90005_6000103.Aligned.sortedByCoord.out.bam			3918288067	e5b22d56209f5c9d44d55c6e5e2b80a2								syn68251665
file				HTA2_90005_6000104.Aligned.sortedByCoord.out.bam			7658003946	89c49be7fa95b391be8c250bfc3cf8fe								syn68251673
file				HTA2_90005_6000105.Aligned.sortedByCoord.out.bam			6582143120	3d2cd4a7472b32a35da45eb857a7ee22								syn68251689
file				HTA2_90006_6000101.Aligned.sortedByCoord.out.bam			7378414342	30c5f538b77b5e8cf6c864c38fe82104								syn68251702
file				HTA2_90007_6000106.Aligned.sortedByCoord.out.bam			2663332568	e237ac54ec1394866e953afd011e517d								syn68251705
file				HTA2_90007_6000107.Aligned.sortedByCoord.out.bam			3005371602	b27b1ae15aae03dd498ecd61dd97d7d9								syn68251709
file				HTA2_90007_6000108.Aligned.sortedByCoord.out.bam			1105920954	d0da13b82b1eb7ce8b91a80db5366d0d								syn68251711
file				HTA2_90007_6000109.Aligned.sortedByCoord.out.bam			2002890211	9a275b40b8a33bff06fcf6fcd0188038								syn68251714
file				HTA2_90007_6000110.Aligned.sortedByCoord.out.bam			3119017311	411ba2621c21cad4ea451a8150fb56fe								syn68251719
file				HTA2_90008_6000101.Aligned.sortedByCoord.out.bam			5209528690	15ef9d8da22893137af372cdc13fd7b4								syn68251723
file				HTA2_90008_6000102.Aligned.sortedByCoord.out.bam			5766534914	d490e101296eea93d83a95609f0269d6								syn68251727
file				HTA2_90008_6000103.Aligned.sortedByCoord.out.bam			2570868835	b7acae676a84f549c83f04d13054f0b7								syn68251735
file				HTA2_90008_6000104.Aligned.sortedByCoord.out.bam			3999398480	ffc443c5f76b14d4de70b8a60fb7c41f								syn68251739
file				HTA2_90009_6000101.Aligned.sortedByCoord.out.bam			4411834089	5df68386553af23efdc777171ccacd13								syn68251745
file				HTA2_90009_6000102.Aligned.sortedByCoord.out.bam			2726459059	43dfc359b91688846cc4c10a232c80bb								syn68251750
file				HTA2_90009_6000103.Aligned.sortedByCoord.out.bam			4380041779	f023ab758f646305f81bd8d057d09b36								syn68251755
file				HTA2_90009_6000107.Aligned.sortedByCoord.out.bam			4697838143	5ff4d6776dc95d6f676821d4b06658c0								syn68251764
file				HTA2_90009_6000108.Aligned.sortedByCoord.out.bam			3954002183	3d71bc7a2f8db3c12773d5cd1d6bb546								syn68251772
file				HTA2_90010_6000104.Aligned.sortedByCoord.out.bam			3495077592	7495b70432be46683f33ca8642dae63c								syn68251775
file				HTA2_90010_6000105.Aligned.sortedByCoord.out.bam			3431978962	75165fe8bf21a91b45e29524642b7598								syn68251779
file				HTA2_90010_6000106.Aligned.sortedByCoord.out.bam			3474434391	70ad20c74ce2fd6314c21b29e884abd3								syn68251782
file				HTA2_90011_6000105.Aligned.sortedByCoord.out.bam			3234213663	ec9069cafa06f1e7d6beb9ef80102593								syn68251790
file				HTA2_90011_6000106.Aligned.sortedByCoord.out.bam			4054632888	6f0d2252cd7f77d96dbb91c4ac421eee								syn68251794
file				HTA2_90011_6000107.Aligned.sortedByCoord.out.bam			8044645567	aa7f8e44fc03bada782c19c0510d7e47								syn68251801
file				HTA2_90011_6000108.Aligned.sortedByCoord.out.bam			3835140371	6923272b23df8cda357ff185db8c2a7e								syn68251807
file				HTA2_90012_6000101.Aligned.sortedByCoord.out.bam			6429192490	c2dce47d3e652b2c13eeb0f9d22964ad								syn68251816
file				HTA2_90012_6000102.Aligned.sortedByCoord.out.bam			4236361185	67554d769bb1f44849c9cc920b46b3b6								syn68251820
file				HTA2_90012_6000103.Aligned.sortedByCoord.out.bam			5590131775	186b75ff1cd8b1c97f9cfe906318548b								syn68251824
file				HTA2_90012_6000104.Aligned.sortedByCoord.out.bam			7016599175	bd03c2ce249f0dfc1635b117cb52104e								syn68251837
file				HTA2_90013_6000101.Aligned.sortedByCoord.out.bam			3646350546	0f52d6b98969149f80bce76593da637c								syn68251841
file				HTA2_90013_6000102.Aligned.sortedByCoord.out.bam			4313253197	f1008d7e63a1a4b9c80bf6e8e8dc4768								syn68251848
file				HTA2_90013_6000103.Aligned.sortedByCoord.out.bam			3208316470	5b93fdb4fb4f1be8ddaa070a47e5fc0c								syn68251852
file				HTA2_90013_6000104.Aligned.sortedByCoord.out.bam			3851327733	a52bd200a85be5085ae4770f746e9350								syn68251856
file				HTA2_90014_6000101.Aligned.sortedByCoord.out.bam			5037716580	a4d41ce74183d0ba5815fa5bc6626289								syn68251862
file				HTA2_90014_6000102.Aligned.sortedByCoord.out.bam			4119156641	79858bcee2eea5ffbac959322c4e7639								syn68251867
file				HTA2_90014_6000103.Aligned.sortedByCoord.out.bam			5890834527	4ecc7d658b0968ba67d49f6ca66e2206								syn68251879
file				HTA2_90014_6000104.Aligned.sortedByCoord.out.bam			6545032725	4804cedd4df53eeae16895740820991d								syn68251910
file				HTA3_80027_6001001.Aligned.sortedByCoord.out.bam			4066215659	35bf7e91db92d564d6ecc6b59cfd51e2								syn58924052
file				HTA3_80027_6002002.Aligned.sortedByCoord.out.bam			3925856764	797df5890ce0e5217a1aaadb0478c43d								syn58924072
file				HTA3_80027_6003003.Aligned.sortedByCoord.out.bam			4505398736	13ba1ec156ac800e8b08a6af55648154								syn58924089
file				HTA3_80027_6003004.Aligned.sortedByCoord.out.bam			4273291733	f3f1fdd31f0792fa8918ecae371c746c								syn58924110
file				HTA3_80027_6004005.Aligned.sortedByCoord.out.bam			3012040762	1532f795a5c27d7701e240de6e3d983b								syn58924113
file				HTA3_80027_6004006.Aligned.sortedByCoord.out.bam			3458293642	737b0666eccfbb0becc7e9b1532128b0								syn58924127
file				HTA3_80028_6001001.Aligned.sortedByCoord.out.bam			3506265083	ae72fed228aa43e615deb04849dfce49								syn58924141
file				HTA3_80028_6002002.Aligned.sortedByCoord.out.bam			3941353752	6e6a2c0ac2d8220b5c747682bc451cb1								syn58924145
file				HTA3_80028_6003003.Aligned.sortedByCoord.out.bam			3391624059	5e31faf3781b9e11ebb05db171736892								syn58924155
file				HTA3_80028_6004004.Aligned.sortedByCoord.out.bam			4279293480	99dab31f3be06ad4b8c096c75d1cc8af								syn58924173
file				HTA3_80028_6005005.Aligned.sortedByCoord.out.bam			4615269591	66855d88d697528d50419f7ca9a94a04								syn58924185
file				HTA3_80029_6001001.Aligned.sortedByCoord.out.bam			3782348621	e0778a494fa08fed1152018c1828373a								syn58924221
file				HTA3_80029_6002002.Aligned.sortedByCoord.out.bam			3175319156	8778c00f32b46b367b198847cb160601								syn58924245
file				HTA3_80029_6003003.Aligned.sortedByCoord.out.bam			3429819849	6819cc7a1ac58a07fac870abcec8d285								syn58924262
file				HTA3_80029_6003004.Aligned.sortedByCoord.out.bam			3739068349	e4746ef3a017c2410b0c33df6b9bad9a								syn58924278
file				HTA3_80030_6001001.Aligned.sortedByCoord.out.bam			3959457496	24889f07c569e609ca5a7dcbff99f655								syn58924299
file				HTA3_80030_6002002.Aligned.sortedByCoord.out.bam			3234639879	eb3e229115526a6175f78260145fc9f0								syn58924329
file				HTA3_80030_6003003.Aligned.sortedByCoord.out.bam			4197429800	d26bbe98ab37b486eec155a3f743f093								syn58924352
file				HTA3_80030_6004004.Aligned.sortedByCoord.out.bam			6226209797	86c8790fabd05cab1753e56b1ba35557								syn58924397
file				HTA3_80030_6004005.Aligned.sortedByCoord.out.bam			4479549890	7a2dd95d26fa1cbfad42d537a332ac4d								syn58924426
file				HTA3_80030_6005006.Aligned.sortedByCoord.out.bam			4179596477	1983c83ee82e166b65782dc52c73ee33								syn58924446
file				HTA3_80030_6006007.Aligned.sortedByCoord.out.bam			3395910596	e2b8561f8ce766d84d86da54d4c373f4								syn58924464
file				HTA3_80030_6006008.Aligned.sortedByCoord.out.bam			3707404496	38d3d43aba8a38a6752ec8040feec8c1								syn58924477
file				HTA3_80030_6007009.Aligned.sortedByCoord.out.bam			3562609229	170333ae5a64f1e4cf4f802983627828								syn58924501
file				HTA3_80030_6007010.Aligned.sortedByCoord.out.bam			3723283871	af9d30e6cbff45bd1c8378dfd9a7b176								syn58924519
file				HTA3_80030_6008011.Aligned.sortedByCoord.out.bam			4370166739	2224b7728876e345163e97d835e0df07								syn58924554
file				HTA3_80030_6009012.Aligned.sortedByCoord.out.bam			3202751698	7f820f40fc4f2806017c4a65f6a38190								syn58924564
file				HTA3_80030_6009013.Aligned.sortedByCoord.out.bam			3919499905	91f2b3d8394ed3fc7ac5c887e5f94f9e								syn58924588
file				HTA3_80030_6009014.Aligned.sortedByCoord.out.bam			2900706332	f9ad9c6a06f75a10c355466e53e93646								syn58924601
file				HTA3_80030_6010015.Aligned.sortedByCoord.out.bam			4293129256	66e014ad127ffd2b4089aad16eb14ed1								syn58924616
file				HTA3_80030_6010016.Aligned.sortedByCoord.out.bam			4322249016	32a7d6353f27029a736d60dbbececbbf								syn58924624
file				HTA3_80030_6010017.Aligned.sortedByCoord.out.bam			3402916840	076dfe506ddda35d1b81c7af6024f86f								syn58924640
file				HTA3_80030_6011018.Aligned.sortedByCoord.out.bam			3912732645	58971458e7a5e3c6c227e63651f1bb9e								syn58924666
file				HTA3_80030_6011019.Aligned.sortedByCoord.out.bam			2520688490	ec240a7a48e214498fc6ea9b96a60d32								syn58924679
file				PCGA02_10301_1001456.Aligned.sortedByCoord.out.bam			6156216681	24e11a3727951068fa3d5fb123b743bc								syn58921402
file				PCGA02_10303_1001519.Aligned.sortedByCoord.out.bam			5506448147	a326ab2b4a06aa018477ec153787d684								syn58921739
file				PCGA02_10306_1001509.Aligned.sortedByCoord.out.bam			14448988518	5d52b5d79c87faa8965587cd6def1b30								syn58922601
file				PCGA02_10306_1001506.Aligned.sortedByCoord.out.bam			11109885789	e66a7fb1efcaa520d44245594efbe2c0								syn58922560
file				PCGA02_10306_1001384.Aligned.sortedByCoord.out.bam			6570570204	9e11d147598c7e069fc64f1e61fb6d06								syn58922461
file				PCGA02_10306_1001510.Aligned.sortedByCoord.out.bam			5268889744	60ef3ee042f5f79c470626c1b066a15d								syn58922638
file				PCGA02_10422_2102298.Aligned.sortedByCoord.out.bam			3532444156	0fc8b6d6e902c28355f18ca0ab84a4bf								syn58920727
file				PCGA02_20005_1005101.Aligned.sortedByCoord.out.bam			3927268023	0be50b3d66f0b3e757014bfa5fd6db30								syn58921080
file				PCGA02_20081_1008102.Aligned.sortedByCoord.out.bam			4326638928	568f246df98d49e237a866631146e2d9								syn58923496
file				PCGA02_20081_1008101.Aligned.sortedByCoord.out.bam			6591040607	b96720d628c94d02af6d24981a09a4a5								syn58923480
file				PCGA02_20102_1010201.Aligned.sortedByCoord.out.bam			3778460254	bb5b79e0e412f47b3df1e07ba4acc3f2								syn58923501
file				PCGA02_20106_1006107.Aligned.sortedByCoord.out.bam			5848727734	20eecf379d7670aa9545a14b0ddc1a2c								syn58923557
file				PCGA02_20106_1010603.Aligned.sortedByCoord.out.bam			5442737602	16c17ce71cb7015652336ffda70eb78c								syn53283658
file				PCGA02_20106_1010601.Aligned.sortedByCoord.out.bam			7949673103	0ae2315ef557599203ba73cb596a8ca3								syn53283675
file				PCGA02_20106_1010604.Aligned.sortedByCoord.out.bam			4136196715	29660baf9117d28373593005ba3897ec								syn53283657
file				PCGA02_20106_1010605.Aligned.sortedByCoord.out.bam			5050004784	241a412b57db33aa9ba33f8bf7e09c18								syn53283687
file				PCGA02_20106_1006106.Aligned.sortedByCoord.out.bam			6024892360	3441a583e49dcd09871c506d032f5d43								syn58923533
file				PCGA02_20111_1011101.Aligned.sortedByCoord.out.bam			6904654762	cd34fc26dd1c31b4c2966ba5373ce916								syn53283663
file				PCGA02_20111_1011102.Aligned.sortedByCoord.out.bam			6030163558	90578ac2fbac785c83cb015aca54a3a1								syn53283673
file				PCGA02_20119_1019110.Aligned.sortedByCoord.out.bam			5247564576	3a0c05ee2117ec85fbbb4fc6cc375ef4								syn58923623
file				PCGA02_20119_1090103.Aligned.sortedByCoord.out.bam			3901532282	ed50d89e8d59ef19181e5fe1a07fa06c								syn53283671
file				PCGA02_20119_1019104.Aligned.sortedByCoord.out.bam			4716937992	73da2cfdd90b09c4625752765aade8ea								syn53283661
file				PCGA02_20119_1019111.Aligned.sortedByCoord.out.bam			4393525965	4a64b854663f2636e2543e3abe4993df								syn58923639
file				PCGA02_20119_1019112.Aligned.sortedByCoord.out.bam			4094782877	14c8a4d70f6603b8ed6e526d80dfaec5								syn58923659
file				PCGA02_20119_1090102.Aligned.sortedByCoord.out.bam			4216056858	1ca67adf5e2dce0109447fa172ed2eb9								syn58923684
file				PCGA02_20119_1090101.Aligned.sortedByCoord.out.bam			3647841064	7743fc14516aa05ce35b4b163ef95bd7								syn53283664
file				PCGA02_20119_1019108.Aligned.sortedByCoord.out.bam			4197273278	f247752ed1facf30a52b93538b3ed94d								syn53283659
file				PCGA02_20119_1019106.Aligned.sortedByCoord.out.bam			4570236758	11d7f9ab1b7dcadf8924d28e787e0446								syn58923566
file				PCGA02_20119_1019109.Aligned.sortedByCoord.out.bam			6122522128	da14651e6ef666a72ec61af58c4991eb								syn58923602
file				PCGA02_20132_1032104.Aligned.sortedByCoord.out.bam			4530217125	a0dcb7d01ac983e867faf5c80b2639b6								syn53283668
file				PCGA02_20132_1032103.Aligned.sortedByCoord.out.bam			4389473730	3eeda70462638a9f4857e7b922a87a12								syn53283665
file				PCGA02_20132_1032102.Aligned.sortedByCoord.out.bam			3908808164	550460599d6e60cb7129f05d7a6a9e79								syn53283660
file				PCGA02_20132_1032101.Aligned.sortedByCoord.out.bam			3917080586	865a02b2ab91eb837ecf083f2b26d9c2								syn53283678
file				PCGA02_20142_1014202.Aligned.sortedByCoord.out.bam			4388793150	e9b546b887cf1bdcee34563d9fe45b99								syn53283575
file				PCGA02_20142_1014201.Aligned.sortedByCoord.out.bam			8109161895	c29909d6830ed1c655505f1f06b9e3c7								syn53283579
file				PCGA02_20145_1014501.Aligned.sortedByCoord.out.bam			4194141432	fe076461b7aca77a448b4cb1046d2be3								syn53283630
file				PCGA02_20145_1014505.Aligned.sortedByCoord.out.bam			3559472600	fbca801590036faf328d112500bdf178								syn53283625
file				PCGA02_20145_1014504.Aligned.sortedByCoord.out.bam			3667808609	7032512183990f3afcb2703bc1ceb08c								syn53283615
file				PCGA02_20145_1014503.Aligned.sortedByCoord.out.bam			4712564752	4910aafacaacbc9af422f21a91723004								syn53283614
file				PCGA02_20145_1014502.Aligned.sortedByCoord.out.bam			4987919043	47b274051611fe1d1276dfda4c3bb226								syn53283573
file				PCGA02_20149_1049102.Aligned.sortedByCoord.out.bam			4261465945	81686f43400e73b0c8657176ae844b3d								syn53283594
file				PCGA02_20149_1049106.Aligned.sortedByCoord.out.bam			4273936004	9cdf44a515836ef46d05141a43107ddf								syn53283627
file				PCGA02_20149_1049103.Aligned.sortedByCoord.out.bam			4067741586	b734ea3c4c82e4e64c3d31260b4d260e								syn53283613
file				PCGA02_20149_1049101.Aligned.sortedByCoord.out.bam			3998970560	c4d9b4ade22d78762100789f942337bd								syn53283633
file				PCGA02_20149_1049104.Aligned.sortedByCoord.out.bam			5499374735	0624517beac3b5339f78fef057442d7c								syn53283631
file				PCGA02_20149_1049107.Aligned.sortedByCoord.out.bam			8832353223	0fa6ecf41d604c55a6c7d2b00f9438ca								syn53283602
file				PCGA02_20152_1052109.Aligned.sortedByCoord.out.bam			7365485275	2086df3b8f05c493a0e5abf479673da6								syn53283609
file				PCGA02_20152_1052110.Aligned.sortedByCoord.out.bam			3917734855	5356e94c9309765d445cc9658fee3031								syn53283620
file				PCGA02_30009_6010002.Aligned.sortedByCoord.out.bam			3405397053	315d5938bb381cf2a69139994ed702f1								syn58925054
file				PCGA02_30010_6010010.Aligned.sortedByCoord.out.bam			3845700048	fff0fcbb8889b8cfd1332f75ef112138								syn58925130
file				PCGA02_30010_6010008.Aligned.sortedByCoord.out.bam			4304419299	7d825329069d4cd2a87b53db98595f52								syn58925116
file				PCGA02_30010_6010007.Aligned.sortedByCoord.out.bam			4083045158	5f5327a210bdf77cb03a84247553443c								syn58925094
file				PCGA02_30010_6010003.Aligned.sortedByCoord.out.bam			3000736421	f025ed74b8fe1505006a4e397143552b								syn58925083
file				PCGA02_30011_6010001.Aligned.sortedByCoord.out.bam			2870473040	fe25d97ea268f5bcfe9cb6db3ac60294								syn58925142
file				PCGA02_30011_6010003.Aligned.sortedByCoord.out.bam			2905631236	298baf254356a8f2106bb586e665777f								syn58925156
file				PCGA02_30011_6010005.Aligned.sortedByCoord.out.bam			4077521295	5b06dfcdd48cc6e09d595a1c2e337ab9								syn58925198
file				PCGA02_30011_6010006.Aligned.sortedByCoord.out.bam			5719625187	1c062f61d64a315014872506c6a24cc5								syn58925223
file				PCGA02_30012_6010002.Aligned.sortedByCoord.out.bam			4625565130	3137c143485e64b1dd042a95cf2fc573								syn58925305
file				PCGA02_30012_6010003.Aligned.sortedByCoord.out.bam			1562958032	df8d5f99d3916cb8c99121b6ff761e0a								syn58925309
file				PCGA02_30012_6010004.Aligned.sortedByCoord.out.bam			3187870683	7c8a4b7ea4bdfc860c6eb117a9452f6b								syn58925356
file				PCGA02_30013_6010003.Aligned.sortedByCoord.out.bam			3126813311	e3d25e21576d1881bd96bcccece273b7								syn58925426
file				PCGA02_30013_6010006.Aligned.sortedByCoord.out.bam			3215944974	e85693176192942c37abb338f563ca45								syn58925536
file				PCGA02_30013_6010005.Aligned.sortedByCoord.out.bam			2534811598	e30346bc3b47ec3d90f412914f737893								syn58925521
file				PCGA02_30013_6010002.Aligned.sortedByCoord.out.bam			2765731475	bc773133e732f677212cbdc5129a2c13								syn58925379
file				PCGA02_30013_6010001.Aligned.sortedByCoord.out.bam			3381492960	9bce931f1a598ed5f6cd52d21718d344								syn58925368
file				PCGA02_30013_6010004.Aligned.sortedByCoord.out.bam			3922617652	70486241391fcee44f552a46ac3dedf5								syn58925481
file				PCGA02_30014_6010002.Aligned.sortedByCoord.out.bam			3419018798	ae55f9050a19dc142dce30f6bc398e20								syn58925624
file				PCGA02_30014_6010007.Aligned.sortedByCoord.out.bam			3098108434	ad81c061fed8a13d9d8bced0bffe3d2b								syn58925782
file				PCGA02_30014_6010005.Aligned.sortedByCoord.out.bam			2082447750	2c6b9660da7342f6af0d03507da3bcf6								syn58925724
file				PCGA02_30014_6010008.Aligned.sortedByCoord.out.bam			3738345523	ba67b8104fc885d833f5899251093023								syn58925822
file				PCGA02_30014_6010006.Aligned.sortedByCoord.out.bam			2273669094	cd7f22aa057ce50f1cfc844c521b2db1								syn58925755
file				PCGA02_30014_6010003.Aligned.sortedByCoord.out.bam			3238041804	528e1c2d312e549bd841b11457225e29								syn58925681
file				PCGA02_30014_6010004.Aligned.sortedByCoord.out.bam			4602860906	a42340b68b9620ee1f0b11d0f85998a7								syn58925702
file				PCGA02_30014_6010001.Aligned.sortedByCoord.out.bam			3071150882	9d3364d59be055a415a07d616e70a45c								syn58925596
file				PCGA02_30015_6010004.Aligned.sortedByCoord.out.bam			2701508719	9e72cf39001151800a32446a0fec05a9								syn58926035
file				PCGA02_30015_6010002.Aligned.sortedByCoord.out.bam			2555592690	69f420977b4dbe31bfacf600e206767d								syn58925995
file				PCGA02_30015_6010001.Aligned.sortedByCoord.out.bam			4770094181	90dc6de51e19ece5885e829efb6b4dc7								syn58925989
file				PCGA02_30015_6010003.Aligned.sortedByCoord.out.bam			3200443715	aecda3715e3c2c3e0be946b70308ff1b								syn58926017
file				PCGA02_30016_6010001.Aligned.sortedByCoord.out.bam			3168596264	f4382fefb4755227006092f8d06ddf1d								syn58926056
file				PCGA02_30016_6010005.Aligned.sortedByCoord.out.bam			6667562421	eeed4cb2f6c94fbf16c8d61fb60a181b								syn58926135
file				PCGA02_30016_6010004.Aligned.sortedByCoord.out.bam			4110310640	ce599336c961d6cc14f317024bae9f6f								syn58926108
file				PCGA02_30016_6010006.Aligned.sortedByCoord.out.bam			4392798849	4f3f7325a1fb1d32cfd3f60025e6050f								syn58926152
file				PCGA02_30016_6010003.Aligned.sortedByCoord.out.bam			3987909942	268e224a5293e0324d525d1f3fd448e0								syn58926095
file				PCGA02_30016_6010002.Aligned.sortedByCoord.out.bam			4742151394	9fb49d7b47d98eee37a8922ff2069eb3								syn58926075
file				PCGA02_30017_6010003.Aligned.sortedByCoord.out.bam			3411008622	97b3e272133b97e07e17a03f77d21956								syn58926199
file				PCGA02_30017_6010001.Aligned.sortedByCoord.out.bam			3451517457	e2a2e562d124d5f88a220ca88821d41b								syn58926163
file				PCGA02_30017_6010002.Aligned.sortedByCoord.out.bam			3515164661	2cf2ee69995cdbafb583e5d3225dc0df								syn58926176
file				HTA3_80026_6009011.Aligned.sortedByCoord.out.bam			4049235179	3a017c2a4d2ca059471c79651c555439								syn58924010
file				HTA3_80026_6008010.Aligned.sortedByCoord.out.bam			4041761514	cd5fc6ab483b1b0a73113a766c385c14								syn58924003
file				HTA3_80026_6010012.Aligned.sortedByCoord.out.bam			4416112338	350070c7bf0c96a320171018ebcaa114								syn58924037
file				10000_67_normal.bam			65298327	3cde0cd9de1c0cc1d9c5cc6a4d869026								syn64367396
file				10001_67_DCIS.bam			45533249	b490a48f2f3040bd3036e32a671b8ce9								syn64367397
file				10351_206_IDC1.bam			61902552	c9430af16beb2aed2c421e6a20e2ce5f								syn64367398
file				10361_206_DCIS10.bam			97520551	81023ef784608494f260152f603f615a								syn64367399
file				10362_206_NL1.bam			47874184	c452145db74a1c71f358a7cc7a26c16f								syn64367400
file				10365_207_IDC1.bam			31546291	206b441257750c820091d7a9376996b8								syn64367401
file				10376_207_DCIS11.bam			85650629	d5d8a364da709a210ce02d5061954858								syn64367402
file				10380_207_NL1.bam			17710051	4b463225dfda6550cfae98eea892b769								syn64367404
file				10381_208_IDC1.bam			20307051	8ba63b78322ceb29b946eb85f9017323								syn64367405
file				10386_208_DCIS5.bam			72359248	49247d4051fe6a3546679ef4083bae4a								syn64367406
file				10393_208_NL1.bam			42790016	15d1f986a184f22e582b578e2daa9432								syn64367407
file				10394_209_IDC1.bam			87900166	3d90086a225fc7070008d81d660e4d1b								syn64367408
file				10404_209_DCIS10.bam			176025096	e6436b386155e9a65843b964852b8472								syn64367409
file				10405_209_NL1.bam			80904721	8307728fad0c1b7b2d122d49fa299d4d								syn64367410
file				10406_210_IDC1.bam			56860836	25cd02a2a6965d04863b351c398e2676								syn64367411
file				10407_210_DCIS1.bam			94240598	99eca3390b4b8028f17c1a10c6b4a98c								syn64367412
file				10419_210_NL1.bam			56325017	9bcb41c17e17a581ce251aab96339ad6								syn64367413
file				10438_212_DCIS7.bam			151570724	d0083aadd59dc4c60b1a046ff1b1e90b								syn64367415
file				10452_212_NL1.bam			80821684	45b9ede1c0384f6686cb6673a3af50b5								syn64367416
file				11567_348_DCIS4.bam			647681161	733ca922946491b3b5e537e176590368								syn64367418
file				11568_348_NL1.bam			566216898	ced0e1bb5288e07b9300924cbc0a857b								syn64367419
file				11584_352_DCIS2.bam			66332486	48d0540b5c7c1a2f05d4ca0daa5a491b								syn64367420
file				11585_352_NL1.bam			57971792	07950d084c319d710b34340464228c71								syn64367421
file				11610_10_NL2.bam			77115345	7da0996ed322fbc8623c49f42517195c								syn64367422
file				11893_10_DCIS_C1.bam			92249934	da33c679dd5e64e287a52f8ec660695b								syn64367423
file				12173_344_B3_DCIS.bam			143515317	0cebc7ae3fff9b148766672f513a54c8								syn64367424
file				12175_344_TA526_IBC_Edge.bam			114441608	dd425f9acd8ce438ccf10508753e868b								syn64367425
file				12189_346_D8_DCIS.bam			73531296	405bad6a1722b9e0d0d7e4643dcdd462								syn64367426
file				12191_346_TA526_IBC_Center.bam			278034631	2bc1ead199aa1a92f0da80f88e9a6738								syn64367427
file				12200_346_TA527_NORMAL.bam			60479119	19c447955ecab9f77645362802f5ba6c								syn64367430
file				12223_375_A23_NORMAL.bam			47572285	3f0bc0fe1bd405b8b993216317cf7301								syn64367431
file				12255_375_A12_DCIS.bam			102498155	a22bb85e68cb56d0eb34cf4ad5636308								syn64367432
file				12257_348_D7_IBC_Center.bam			97402106	5baf561d88cd9a63ba42eebb123d7e60								syn64367433
file				12259_375_TA526_IBC_Edge.bam			74854819	fba5f3d35497721ff715fca589293293								syn64367434
file				12263_371_C15_DCIS.bam			82872085	34dcc83094bdfe136937171f38d81ba5								syn64367435
file				12264_371_TA526_IBC_Center.bam			89683743	729a9afee6e94ab444d5aa9326bc260e								syn64367436
file				12272_370_A14_DCIS.bam			109918571	04c399e55d1a1377a82de4424b338419								syn64367437
file				12273_370_TA525_IBC_Center.bam			105447314	5c3441a192783ef75a5a8785c561de17								syn64367438
file				12289_370_A21_NORMAL.bam			55894120	df97b77f014054ea501b7872bc260aa0								syn64367439
file				12312_344_B3_NORMAL.bam			74242960	7369352027ac7332cbb2059e5c1c541d								syn64367440
file				12335_350_B25_DCIS.bam			89533083	bfc9cb43fb697af31ca26ba69224eaf9								syn64367441
file				12336_350_TA525_IBC_Center.bam			82283058	2e45dc43385fcd08c6b8050bb6c0f582								syn64367442
file				12340_350_B25_NORMAL.bam			81059559	86e43c0d5802b148883558dc0bb8fcb5								syn64367443
file				12352_369_C12_DCIS.bam			47673267	c565325100c91e3ddb834e40a5389415								syn64367444
file				12363_369_TA524_IBC_Edge.bam			79129503	a259b5a713d72cc6bb12e29289f2e898								syn64367445
file				12444_351_C11_NORMAL.bam			92449083	fd53717515b676fd9910d880ae837f40								syn64367446
file				12452_371_C19_NORMAL.bam			52534039	07402fba6b275f0c0654cf5539bef2df								syn64367447
file				12502_351_C11_DCIS.bam			116554135	786dadef44ac27283f8a61b0ebe8d970								syn64367448
file				12505_351_TA524_IBC_Edge.bam			89234157	4339f350665c524e12380587eae02c99								syn64367449
file				12517_369_C12_NORMAL.bam			107910335	43fedc49a7b7fea295415caa0fbc20c1								syn64367450
file				12532_352_TA526_IBC.bam			105544080	73661b3530299f34cd9e53c76d9a335b								syn64367451
file				13001_211_DCIS3_MYO.bam			109439711	34bafbf7a5fc23b1f39390f264391453								syn64367454
file				13003_211_IDC1.bam			74127305	08d1169858fa3993131204c6ab8b35dc								syn64367455
file				13006_211_NL2.bam			100859063	4f08dba509658946bd7b0e26492f3cae								syn64367456
file				13043_212_IDC2.bam			111814189	b4af105b41ddb21b56667263f0c1d747								syn64367457
file				13158_508_DCIS2_LUM.bam			164690662	7a06fb1d2328fa947adcf111be39a9ad								syn64367459
file				13168_508_NL1.bam			69749475	5f8eb2ed6f6e9a5aa4839cf8ae121241								syn64367460
file				13193_508_IDC1.bam			112234491	e1d590588954283441eb134ffcbdcfc6								syn64367461
file				13196_509_DCIS5_LUM.bam			275601405	eb29c00c8146cf4238732f8860185ccd								syn64367463
file				13198_509_NL1.bam			161301369	3a97f1c169edd22f53a9e53739a677b5								syn64367464
file				13205_509_IDC2.bam			112471576	98604c3e04e89df4e314c064eb337833								syn64367465
file				13225_510_DCIS16_LUM.bam			174952969	5127fe7303995ee5a68f84e0c5178020								syn64367467
file				13240_510_IDC1.bam			142229062	d7af4e669e120d770efc3c22b3534ff9								syn64367468
file				13251_510_NL1.bam			169144343	06ee5f415b1af4d2b9f24c0346120cec								syn64367469
file				13821_551_IBC_Ep_2.bam			146446374	159333f54ce221beaee609ebd7c91fb3								syn64367470
file				13826_551_NL_Ep.bam			93036058	85dd3ab70807a07462770a3eae8c78f5								syn64367471
file				13828_551_DCIS_Ep.bam			118614728	12e2c002e486867f0285686b60ce8f2a								syn64367474
file				13840_549_DCIS_Ep.bam			207462182	3a6378a40e61b3abe5371390eab9cac1								syn64367475
file				13842_549_IBC_Ep.bam			211214341	d9fcabfc9ffa98e010b9d50ea9b6c747								syn64367476
file				13854_549_NL_Ep.bam			98067135	431c0e5bfc7d3d502508f2ae84871864								syn64367478
file				13868_547_IBC_Ep_1.bam			177321552	474fe2c15c9e41217feb027e7560ddbc								syn64367479
file				13870_547_DCIS_Ep.bam			142287636	872e6e9fe87ef6254d06f2a0952dc69b								syn64367482
file				13880_547_NL_Ep.bam			143847901	22fe8a1259a1b9aa91c054d5da74e9a2								syn64367484
file				13904_545_IBC_Ep.bam			191590585	1c40ce3d19aebd6637f79d4e5c0982af								syn64367485
file				13906_545_DCIS_Ep_1.bam			175364986	5a57e433501da4dd6122c3b54f56694c								syn64367487
file				13914_545_NL_Ep.bam			165259550	25abb68e6659fd196b2e81644a3db9be								syn64367488
file				13922_544_NL_Ep.bam			109493826	40ecafd87e3a90b5546e1aa089b41168								syn64367491
file				13928_544_IBC_Ep.bam			152474565	afc6731d94c9fa0a7c71713f43d1a300								syn64367492
file				13930_544_DCIS_Ep_3.bam			176910487	07b616fee9f1237533939ce4ff77159c								syn64367494
file				13938_568_NL_Ep.bam			223956877	d81118382bb11fcb39797b80fbb4601d								syn64367495
file				13940_568_IBC_Ep.bam			211758966	b30ad6ce482b45c99f35b787e6427485								syn64367498
file				13942_568_DCIS_Ep.bam			205818790	e6a36d7117d3ee469af300f7c4222ec2								syn64367499
file				13948_570_IBC_Ep.bam			198318531	07215b6fef0fceb5357cdfc9663a4a84								syn64367501
file				13950_570_DCIS_Ep.bam			225314602	af278f8ec2ecf783029a815f91afe4c0								syn64367502
file				13954_570_NL_Ep.bam			221385587	9f4329aba10c214ef790422d95a58319								syn64367503
file				13968_567_DCIS_Ep.bam			226689539	8f97eaedd39ee87c833cff5b3e510ab8								syn64367504
file				13970_567_IBC_Ep.bam			199758744	8b1c9cfa2928d951bd617acc726ffd7c								syn64367506
file				13972_567_NL_Ep.bam			179221922	1741d9b3d4f202f2bbcbcb28638d77d8								syn64367508
file				13982_561_DCIS_Ep.bam			119155760	f491616f1744124087f3ba95c8606d8b								syn64367509
file				13984_561_IBC_Ep.bam			94576469	cf6fa6031aa92b215fa22f39246b9f77								syn64367510
file				13986_561_NL_Ep.bam			103578875	9f4882b5271e69841ff2ba2a52e9e791								syn64367511
file				14001_553_DCIS_Ep.bam			173702108	22b044857c3208d4e0bbee12e38106a5								syn64367513
file				14003_553_IBC_Ep.bam			190649271	e448074a6d58bfb8e482b51ff78eda73								syn64367516
file				14011_553_NL_Ep_2.bam			141657390	b61cb1f02b34c5151d56dee03a3bde9a								syn64367517
file				14036_571_NL_Ep.bam			156119427	5d5f317827ad22e6c5f591e6f848938e								syn64367519
file				14040_571_DCISw_Ep.bam			238972340	c4f336c05647ebe50c1095f59ed28a16								syn64367520
file				14044_571_IBC_Ep_1.bam			212134407	2c76d627b415335d03b643b95e06fd1f								syn64367521
file				14048_566_IBC_Ep.bam			248269464	ac5e6da0fc98fd2d01b6a82ac6d65da5								syn64367523
file				14050_566_DCIS_Ep.bam			202157402	87ff8f974ccef28d8ed31a1f8677a141								syn64367524
file				14060_566_NL_Ep.bam			272563885	80efbc29ddd0ae169627eda997ba946c								syn64367525
file				14062_564_DCIS_Ep.bam			192544560	758b3854c75e8419ab0da100b8b0307b								syn64367527
file				14066_564_NL_Ep.bam			201784850	13958bc89cba985df05e673bbdcddd02								syn64367528
file				14068_564_IBC_Ep.bam			214038412	7b7a8be80180b3bb7907e08ea7488b97								syn64367529
file				14080_558_IBC_Ep.bam			119853127	e108a89e9b1c70ffafc8ca9458c2dd30								syn64367533
file				14082_558_NL_Ep_1.bam			98007141	ccd13bb584c4ccddf5ad0cf4d1182c96								syn64367534
file				14084_558_DCIS_Ep_1.bam			147386339	646ab6b51abb1d38051db3e4381a5908								syn64367535
file				14126_554_IBC_Ep.bam			173301023	4a3c6390d4ef93fceb68c1c29b519e8a								syn64367537
file				14130_554_DCIS_Ep.bam			196442290	32eadf09b59107cad3705979b2c9b5d9								syn64367540
file				14134_554_NL_Ep.bam			139122172	7a19145123db2bc486c94dca6e80a8e5								syn64367541
file				14199_573_EN_Ep.bam			157333349	bc42ef3bf92a06d77f50795312982a3a								syn64367543
file				14200_573_EN_Str.bam			165998334	1e361220f08250495afaf6a23e6d1024								syn64367544
file				14201_574_NL_Ep.bam			158358272	1ee063d172246b3cde1857a6c17a9667								syn64367545
file				14202_574_NL_Str.bam			165837830	6676fb31169272ccc87eeceeedb1f77b								syn64367546
file				14203_575_IBC_Ep.bam			136669006	ba677f3d3a9704685759d21e21a34e5b								syn64367549
file				14204_575_IBC_Str.bam			139316412	d7785eee0fa3e6a6370db4850e64fb22								syn64367559
file				14205_576_NL_Ep.bam			122763275	c3ccc7772e27589312f80c4ba47bd6eb								syn64367562
file				14206_576_NL_Str.bam			131483848	c7100ea231ec737f84284592995938ea								syn64367564
file				14207_577_EN_Ep.bam			123630359	196e1facb1b47ad64a5a500c0becb78e								syn64367567
file				14208_577_EN_Str.bam			135726013	28849a266eaff5ced8b00b6c677c76c2								syn64367568
file				14209_578_DCIS_Ep.bam			112057282	964c051fb727c83a32320068fb12ad69								syn64367569
file				14210_579_DCIS_Ep.bam			101381441	2a045a55379a32fdf28c72f5a066153b								syn64367570
file				14211_579_DCIS_Str.bam			132038213	e63477c24046c4dae05d176ee7b3a167								syn64367571
file				14212_580_DCIS_Ep.bam			159834991	2aa33eb982b8a394e126a8f143ab4804								syn64367573
file				14213_580_DCIS_Str.bam			139759165	aa80d79e611a1d92934af1c68b6d5665								syn64367574
file				14214_581_DCIS_Ep.bam			143343095	447a2d0d8bcd53d3d0e9a769fc453777								syn64367576
file				14215_581_DCIS_Str.bam			128309966	dcecadcc4c88672a7b32d6402231e5f9								syn64367577
file				14217_582_NL_Str.bam			145418662	b50bfcfb9c0728ce5de8ee4535801795								syn64367579
file				14218_583_NL_Ep.bam			151101065	ef399b5a0348a83db84b68d8fd81cefd								syn64367580
file				14219_583_NL_Str.bam			194379489	ab73361a48760f733d50b6ba6976261d								syn64367581
file				14220_584_DCIS_Ep.bam			102859287	9dd072ef8b25b62df352d6c41dd506ba								syn64367583
file				14221_584_DCIS_Str.bam			214297116	0f1894e72801ddb6111d481c8717fcc1								syn64367584
file				14222_585_DCIS_Ep.bam			84642957	097524bf094fd191f0b73cf423e75457								syn64367585
file				14223_585_DCIS_Str.bam			142434227	6f24fec43d9fbdb6d09a810faa33727c								syn64367586
file				14224_586_DCIS_Ep.bam			122054941	5777fd5e58be7bd222a574a6a7f80bdd								syn64367588
file				14225_586_DCIS_Str.bam			162988271	c798fe3a2383935958e61537fc4e5db4								syn64367589
file				14226_587_DCIS_Ep.bam			105841181	d80ab9d86fc338a15594933889c69c8a								syn64367590
file				14227_587_DCIS_Str.bam			165464717	eb6b3d6cde5405dc0226d27b7a65d2fe								syn64367591
file				14228_588_EN_Ep.bam			163068669	34f08dedceae02b95b4beb22d989ae37								syn64367592
file				14229_588_EN_Str.bam			165524695	3b1fd685eb30b69a6335dda0a86b3370								syn64367593
file				14230_589_DCIS_Ep.bam			117342744	9873ffb4cbf51ead0cbd33f878fd59e9								syn64367595
file				14231_589_DCIS_Str.bam			198467303	e02d8806761d32f18b32bdc04c1cfc0a								syn64367596
file				14232_590_EN_Ep.bam			174890754	0e8aced8db73a3ba8b147e76d9f97be1								syn64367597
file				14233_590_EN_Str.bam			201123359	3d8e45d495760940cfdea7cd17a3bca8								syn64367598
file				14234_591_DCIS_Ep.bam			210824297	a2bb6c4620855308d1c0bb418c32dfea								syn64367599
file				14235_591_DCIS_Str.bam			214785627	e133176d13cd891f455daf277560e378								syn64367601
file				14236_592_DCIS_Ep.bam			176979195	81b8a79f05afd7afc1b35afb1f29b4cf								syn64367603
file				14237_592_DCIS_Str.bam			167196991	ac1d0a8d241d9195f190bdfe62bfd744								syn64367604
file				14238_593_EN_Ep.bam			154177395	e53cbdd225d1a0b521fb874c37f3cf88								syn64367605
file				14240_594_DCIS_Ep.bam			189504471	a257985a691f2d8e7729e25d909a620b								syn64367607
file				14241_594_DCIS_Str.bam			130844485	1645aec0b0417321a31e0d98673ba0bd								syn64367608
file				9518_10_IDC_1.bam			14829455	c68c419d4bcdd6ec0571d9d8f8feb500								syn64367609
file				9522_11_DCIS_1.bam			14007197	ddf18da1ef8eb1a3f7169d3de72ce2c5								syn64367614
file				9527_11_IDC_1.bam			2953263	b043a560d68aac72face01153a3696f2								syn64367615
file				9529_11_Normal_1.bam			3172028	8d0856530a25f49d19b8b4e31bae5d6a								syn64367616
file				9813_38_IDC2.bam			119820503	1f7772001b4852d1be115e7a931fb762								syn64367618
file				9817_38_DCIS6.bam			148391874	e3a1c28df07b1f8928660ce015c46d1a								syn64367620
file				9823_38_NL1.bam			148601425	5aff91638af12411920ddfe101adfaa0								syn64367621
file				9830_39_DCIS6.bam			163180156	c91766f52585578b4e6190d92ee5208a								syn64367622
file				9832_39_IDC1.bam			158212814	08e05126991e0b5d448d020a1f0ff319								syn64367623
file				9834_39_NL1.bam			123755198	432767d08aab4b2192a34f017026636f								syn64367624
file				9847_40_DCIS7.bam			170779883	594c7131b5b00696d18e13de8e1dc55e								syn64367625
file				9852_40_NL1.bam			110839921	dee515d211ae3333c38bbe48f4b9d63f								syn64367629
file				9853_40_IDC1.bam			139610268	9ac1910d9f596084e8c5fe332932e399								syn64367631
file				9861_41_NL1.bam			148069103	7fc366b6647697d54c587122ac88225d								syn64367632
file				9862_41_DCIS1.bam			164050920	933941b8b4130e068c780bcd24394569								syn64367633
file				9864_41_IDC1.bam			126145277	c597b3e884ab60e1c7516abc30395b70								syn64367634
file				9884_44_NL1.bam			154454706	83d6779010ce715357c7837188f33bc9								syn64367636
file				9891_44_IDC3.bam			156302001	11c517cb319bdf24585299d8eebbde43								syn64367638
file				9896_44_DCIS8.bam			139536300	4512ebc650901808e0f029ebcebd420a								syn64367639
file				9935_49_normal.bam			12425032	15ede96889e1b0117ade5da08ce71ab8								syn64367641
file				9936_49_DCIS.bam			9160802	c21f51443d5206d15ccbf280e5ba8f97								syn64367642
file				9937_49_IDC_invasive.bam			30435090	de2f9fecc499f374c90071c1ae351947								syn64367643
file				9973_61_normal.bam			42228038	afb87242eaab16ec88915f2e9eb74b4b								syn64367644
file				9974_61_DCIS.bam			7501247	b91c823c3026f1a92d4cf99f974bc041								syn64367645
file				9975_61_IDC_invasive.bam			32898198	118726eca06d69b758d4e5f0862b859e								syn64367646
file				9998_67_IDC_a_ductal.bam			48917256	4d39bd237d025e0bd84958e5e7f4135f								syn64367647
file				DCIS_C80.bam			227578087	4222e013490650d9fc7990be815ca46e								syn64367649
file				LN_C95.bam			136712209	b3f16e594a474f90aa03d462c4e6378e								syn64367650
file				NL_C78.bam			202104361	e34f15745410b110956dab0e0d4fe091								syn64367651
file				10169-XZ-0001_S1_L005_R1_001.fastq.gz			2679891647	b1bccab1492fa7d318c53216b5e44edc								syn55257518
file				10169-XZ-0001_S1_L005_R2_001.fastq.gz			2803828992	b1e79f9e1c582faa92b68584b0dfb7f7								syn55257524
file				10169-XZ-0002_S1_L005_R1_001.fastq.gz			1967834697	3d68fb2c632823c8e2256125c47d7cdf								syn55257529
file				10169-XZ-0002_S1_L005_R2_001.fastq.gz			2037454252	49053878944682d85f85b70582db8c96								syn55257533
file				10169-XZ-0003_S1_L005_R1_001.fastq.gz			248446762	04cfbb1eef4e95c56fc644bd2bce937a								syn55257537
file				10169-XZ-0003_S1_L005_R2_001.fastq.gz			256101959	92f08897e479947af86c7995170bc4e6								syn55257540
file				10169-XZ-0004_S1_L005_R1_001.fastq.gz			72329534	d05b731b355397d70f6ca3be5245d6da								syn55257543
file				10169-XZ-0004_S1_L005_R2_001.fastq.gz			74640229	1518f16e1a07e68658ad87b5ec7e846f								syn55257544
file				10169-XZ-0005_S1_L005_R1_001.fastq.gz			1799038819	42e032a7d753a1c22bcbc32a0eb1365d								syn55257549
file				10169-XZ-0005_S1_L005_R2_001.fastq.gz			1854937923	5967fd2d6ea2223bb88de486df2dc828								syn55257555
file				10169-XZ-0006_S1_L005_R1_001.fastq.gz			2872209124	c80af1dae539ff40f14e3d6f6b67d6f1								syn55257560
file				10169-XZ-0006_S1_L005_R2_001.fastq.gz			3003374876	4c6be7e6d9c452b88b94215444d78463								syn55257565
file				10169-XZ-0007_S1_L005_R1_001.fastq.gz			2326462353	78493ebd1e29529bfe7643d9c923ee41								syn55257570
file				10169-XZ-0007_S1_L005_R2_001.fastq.gz			2376179581	994fc8959d702cdaa20a172ff1037b0a								syn55257574
file				10169-XZ-0008_S1_L005_R1_001.fastq.gz			2349000780	d70000ea5ce92dbef2c7359b3a560d1a								syn55257579
file				10169-XZ-0008_S1_L005_R2_001.fastq.gz			2463525439	bf0e2b74d8e5012e5d683b812f32853e								syn55257584
file				10169-XZ-0009_S1_L005_R1_001.fastq.gz			5942046924	07eda31ed4b8a372a27131d18865d241								syn55257594
file				10169-XZ-0009_S1_L005_R2_001.fastq.gz			6162641726	5e180fdc299dd6168d59c879f9983c3c								syn55257603
file				10169-XZ-0010_S1_L005_R1_001.fastq.gz			2468816232	5ac3ba7fbd54f717a5d81e25ba7df3c3								syn55257608
file				10169-XZ-0010_S1_L005_R2_001.fastq.gz			2582721473	5101bf0142fd6d164b079956b1d7e1ff								syn55257611
file				10169-XZ-0011_S1_L005_R1_001.fastq.gz			2352964964	5b9f4609b054740e3320dcd449e059db								syn55257618
file				10169-XZ-0011_S1_L005_R2_001.fastq.gz			2439740631	9987ccf060b2fab81291a1110343dfcf								syn55257623
file				10169-XZ-0012_S1_L005_R1_001.fastq.gz			2076770158	5fe42d5a272cbecccd447140c16e7745								syn55257628
file				10169-XZ-0012_S1_L005_R2_001.fastq.gz			2164574342	2065282dbddbe51004af2dfb0b297a61								syn55257634
file				10169-XZ-0013_S1_L005_R1_001.fastq.gz			3802699892	f7688bd9bfc4c2b28ae735e549def2bd								syn55257641
file				10169-XZ-0013_S1_L005_R2_001.fastq.gz			3977742677	cdc85d0319ed9b8cdbf9ed659c4d35c0								syn55257650
file				10169-XZ-0014_S1_L005_R1_001.fastq.gz			2497664715	37128330ef81ddecf60ca82d8308475b								syn55257657
file				10169-XZ-0014_S1_L005_R2_001.fastq.gz			2610944489	8d9940241ac32aedf1f845ad04e562d6								syn55257663
file				10169-XZ-0015_S1_L005_R1_001.fastq.gz			3695399836	e41a5eeee5ba7690dcbf9674b3afedb1								syn55257673
file				10169-XZ-0015_S1_L005_R2_001.fastq.gz			3808899424	cced6266a918f123172d6be951549dbb								syn55257680
file				10169-XZ-0016_S1_L005_R1_001.fastq.gz			1756843437	40ded10288c788414c45cc0be44425d5								syn55257685
file				10169-XZ-0016_S1_L005_R2_001.fastq.gz			1816959309	f5dc829d87cbb9b6a06c44d905226b42								syn55257689
file				10169-XZ-0017_S1_L005_R1_001.fastq.gz			2122636897	3119f9bdbb57f118ec916223820b10d0								syn55257694
file				10169-XZ-0017_S1_L005_R2_001.fastq.gz			2210583218	f82167b074ea0f228910afbb7d59525f								syn55257698
file				10169-XZ-0018_S1_L005_R1_001.fastq.gz			2605972828	0bf58365de60e7b4b8888259de14a12c								syn55257703
file				10169-XZ-0018_S1_L005_R2_001.fastq.gz			2747674311	7c9f733c1dc41cf5bd3e78ad2b11cae1								syn55257707
file				10169-XZ-0019_S1_L005_R1_001.fastq.gz			2646005595	89832a1fd3590f1bf10991318380e2d9								syn55257713
file				10169-XZ-0019_S1_L005_R2_001.fastq.gz			2739688634	b143457d3ca279f3ab09b1e5d3ce568f								syn55257722
file				10169-XZ-0020_S1_L005_R1_001.fastq.gz			2445055877	fb59da339933214e3df897e71c0ec645								syn55257730
file				10169-XZ-0020_S1_L005_R2_001.fastq.gz			2566015059	0b32a023fd81f80b58f6f6ef7ca53a67								syn55257740
file				10169-XZ-0021_S1_L005_R1_001.fastq.gz			2590611606	542d26b1cb7f546b5b3eb2a10f4c27fd								syn55257745
file				10169-XZ-0021_S1_L005_R2_001.fastq.gz			2711923026	559ebfc4d5260ce3e27bf4a679d92240								syn55257755
file				10169-XZ-0022_S1_L005_R1_001.fastq.gz			2326080158	885c96784e2382fb201f53abcd0d65a6								syn55257765
file				10169-XZ-0022_S1_L005_R2_001.fastq.gz			2430927558	a20bfc5c432cb6432b8fd7e75175c6b2								syn55257772
file				10169-XZ-0023_S1_L005_R1_001.fastq.gz			2243246850	a498674d0836423dfe1bc6ceb67dd156								syn55257782
file				10169-XZ-0023_S1_L005_R2_001.fastq.gz			2349390050	e68417cc1372b27aedb58a49b2133aef								syn55257788
file				10169-XZ-0024_S1_L005_R1_001.fastq.gz			2986668706	5d95bf8df7b14a6c66c41a7793afcf75								syn55257800
file				10169-XZ-0024_S1_L005_R2_001.fastq.gz			3127067119	a13ee3da3dc12a559ec040373d96d445								syn55257814
file				10169-XZ-0025_S1_L005_R1_001.fastq.gz			2629665607	a9adf680ca5e795f66cbb9f404cebe5e								syn55257831
file				10169-XZ-0025_S1_L005_R2_001.fastq.gz			2765657740	59638425c8399b59fa2f774c1fdba3a3								syn55257848
file				10169-XZ-0026_S1_L005_R1_001.fastq.gz			2807588240	b49cf5036b590ffee6d818ee9c8659d6								syn55257866
file				10169-XZ-0026_S1_L005_R2_001.fastq.gz			2961752354	e26d7623b44e1c7939938a86479f7169								syn55257881
file				10169-XZ-0027_S1_L005_R1_001.fastq.gz			1565435075	7d0537b052fe7ab257e2b9d7ef8369d7								syn55257896
file				10169-XZ-0027_S1_L005_R2_001.fastq.gz			1581252029	cb228651b9bb174e27803a9f037977ac								syn55257913
file				10169-XZ-0028_S1_L005_R1_001.fastq.gz			4044787161	55348447f6d9fc7d4246adef9c4cf5de								syn55257940
file				10169-XZ-0028_S1_L005_R2_001.fastq.gz			4186470413	91d6d02162d0272221813306397357da								syn55257966
file				10169-XZ-0029_S1_L005_R1_001.fastq.gz			2276722235	01b77a9323e582fe7ef9105b94d26c29								syn55257973
file				10169-XZ-0029_S1_L005_R2_001.fastq.gz			2399776418	c5d655993507500cfe13a8f6391a1865								syn55257977
file				10169-XZ-0030_S1_L005_R1_001.fastq.gz			2788830300	02f2fe607fa7876e7d1bee9b9a960a5f								syn55257984
file				10169-XZ-0030_S1_L005_R2_001.fastq.gz			2948105639	26b8d56d26f829a48d38ca6bc419dbe4								syn55257990
file				10169-XZ-0031_S1_L005_R1_001.fastq.gz			2362178303	46eefe0fb016959999a9dd1f14ec8903								syn55257996
file				10169-XZ-0031_S1_L005_R2_001.fastq.gz			2407930574	2d1f3d22aa7ceb02e5a1d72985c38a03								syn55257999
file				10169-XZ-0032_S1_L005_R1_001.fastq.gz			2357590062	2bee1e150e6c4bb7e6411bc54d7baf94								syn55258002
file				10169-XZ-0032_S1_L005_R2_001.fastq.gz			2466461455	5b72f9d85e7e9a8c032a009fb524eff5								syn55258005
file				10169-XZ-0033_S1_L005_R1_001.fastq.gz			3505431207	264aa89c2153ecbf39cd14e11399d323								syn55258011
file				10169-XZ-0033_S1_L005_R2_001.fastq.gz			3683249521	c97390069fd151c581ceb8316c0dfbfd								syn55258017
file				10169-XZ-0034_S1_L005_R1_001.fastq.gz			2816715819	7ae6064ea180d931eaef9ea308bccace								syn55258023
file				10169-XZ-0034_S1_L005_R2_001.fastq.gz			2944557092	17425b2c5c89c8ce784f5a02758b6b63								syn55258027
file				10169-XZ-0035_S1_L005_R1_001.fastq.gz			2662092406	b5665440e8981b5443c8ac4cd1d31e5c								syn55258032
file				10169-XZ-0035_S1_L005_R2_001.fastq.gz			2758772985	00dccc04ba2159134b921412e53e8745								syn55258038
file				10169-XZ-0036_S1_L005_R1_001.fastq.gz			2626391244	25651e8149446d19a4a3bfc7f315bc6d								syn55258044
file				10169-XZ-0036_S1_L005_R2_001.fastq.gz			2733969942	88aca78d2f317c65820e67dc200c13d0								syn55258049
file				10169-XZ-0037_S1_L005_R1_001.fastq.gz			3009597423	1389757914af444503fa453dff1f9590								syn55258053
file				10169-XZ-0037_S1_L005_R2_001.fastq.gz			3110646714	3f4e594f170f81c896051bd3c033c831								syn55258056
file				10169-XZ-0038_S1_L005_R1_001.fastq.gz			3487728590	2573dd7537be91c94c81d5649cf5253c								syn55258062
file				10169-XZ-0038_S1_L005_R2_001.fastq.gz			3587381459	85a8f963dc5803f0ebca775493d9e429								syn55258070
file				10169-XZ-0039_S1_L005_R1_001.fastq.gz			2175370027	1fab4d4a597628e828a2ae7241fd469e								syn55258075
file				10169-XZ-0039_S1_L005_R2_001.fastq.gz			2211337075	96e262f48d9aa19417f918e0f28d82cb								syn55258080
file				10169-XZ-0040_S1_L005_R1_001.fastq.gz			2072963982	a37e9ccb5eec6de41ad30759c061590f								syn55258085
file				10169-XZ-0040_S1_L005_R2_001.fastq.gz			2142473913	1197e6aa442e3ad2b9c324b3e4216fa2								syn55258089
file				10169-XZ-0041_S1_L005_R1_001.fastq.gz			2824312203	474d8351480d0afaf585d0f1762d5f1f								syn55258094
file				10169-XZ-0041_S1_L005_R2_001.fastq.gz			2908907364	a4f154824f4c0900c165bfdcb73abf57								syn55258100
file				10169-XZ-0042_S1_L005_R1_001.fastq.gz			2879588580	2a8a14d20c318b88328d532a57ae8723								syn55258105
file				10169-XZ-0042_S1_L005_R2_001.fastq.gz			2957393142	33f782627601f60e5dfc6dcfc42ec915								syn55258108
file				10169-XZ-0043_S1_L005_R1_001.fastq.gz			1958848990	da74ef6a249b40d97ba3fc2dbcc81c27								syn55258109
file				10169-XZ-0043_S1_L005_R2_001.fastq.gz			2023399784	c497d2a4c44ba6542cc6076da0158fca								syn55258110
file				10169-XZ-0044_S1_L005_R1_001.fastq.gz			2373700939	a57793c0d200f546e00cc38512017ef6								syn55258113
file				10169-XZ-0044_S1_L005_R2_001.fastq.gz			2436389864	6f693d384040c753efc573aff6de9972								syn55258120
file				10169-XZ-0045_S1_L005_R1_001.fastq.gz			2603809842	cf79734374de040ee6c67d916ae9a4fd								syn55258126
file				10169-XZ-0045_S1_L005_R2_001.fastq.gz			2728075635	c94472f73cb0cb7e899eb42ee979ee95								syn55258132
file				10169-XZ-0046_S1_L005_R1_001.fastq.gz			1735316749	ca9e57b2116145de50f6eb0f247f8dfe								syn55258136
file				10169-XZ-0046_S1_L005_R2_001.fastq.gz			1772101713	4946ace2621704dbd8c802815fce050f								syn55258142
file				10169-XZ-0047_S1_L005_R1_001.fastq.gz			846270151	28f2db1164128b7143b3b0bf0ae5ad35								syn55258145
file				10169-XZ-0047_S1_L005_R2_001.fastq.gz			868467451	031253af95c4ffe2890be24866c39b7d								syn55258148
file				10169-XZ-0048_S1_L005_R1_001.fastq.gz			2603697183	d09340bff72de3bc7512be18e5768038								syn55258153
file				10169-XZ-0048_S1_L005_R2_001.fastq.gz			2721911177	055cc9b0eece81c48de6e5b25022ec82								syn55258158
file				10169-XZ-0049_S1_L005_R1_001.fastq.gz			4307342153	8b42267b389360a119b9881811571c3a								syn55258164
file				10169-XZ-0049_S1_L005_R2_001.fastq.gz			4356855913	745eec7fb9ac24394cb1214c3f5eb44d								syn55258172
file				10169-XZ-0050_S1_L005_R1_001.fastq.gz			2073264455	2cacd6138dd4f303db0fdd2d5a2d175f								syn55258177
file				10169-XZ-0050_S1_L005_R2_001.fastq.gz			2151173227	f780234bbdf546b527e0259a998cb654								syn55258183
file				10169-XZ-0051_S1_L005_R1_001.fastq.gz			3759808569	2eaafee4527ef8c1515f9f53296901a0								syn55258190
file				10169-XZ-0051_S1_L005_R2_001.fastq.gz			3961100415	344d387025a1623fe7a397729de6aac6								syn55258195
file				10169-XZ-0052_S1_L005_R1_001.fastq.gz			2520859363	1f5bfb076acdd66a0bca6b6a95f6e48f								syn55258200
file				10169-XZ-0052_S1_L005_R2_001.fastq.gz			2624173762	ed0270178519d8ef74572e7b57474af8								syn55258206
file				10169-XZ-0053_S1_L005_R1_001.fastq.gz			3238935220	432b7d2c921b5b1872ca737fd0f4e03a								syn55258214
file				10169-XZ-0053_S1_L005_R2_001.fastq.gz			3338183127	d7cd4fafb128e5846f80f9d2084d35d9								syn55258222
file				10169-XZ-0054_S1_L005_R1_001.fastq.gz			2306487016	577c68766d36f106b454a7070ebe3e75								syn55258228
file				10169-XZ-0054_S1_L005_R2_001.fastq.gz			2368717973	0137fca436d5daf60f0f5eb4f6e8db21								syn55258231
file				10169-XZ-0055_S1_L005_R1_001.fastq.gz			2579185109	45852197b54a98af10d5cb25faedc861								syn55258236
file				10169-XZ-0055_S1_L005_R2_001.fastq.gz			2709528313	947e443a649dca36ad8a4f73f3747a76								syn55258241
file				10169-XZ-0056_S1_L005_R1_001.fastq.gz			4365133963	d13f177df71616c230d1b42589c8d4b4								syn55258251
file				10169-XZ-0056_S1_L005_R2_001.fastq.gz			4566189581	d60145cee1b132f6b5be693d15386243								syn55258259
file				10169-XZ-0057_S1_L005_R1_001.fastq.gz			2389837590	d1df450302d7673f66a7b400573bab42								syn55258263
file				10169-XZ-0057_S1_L005_R2_001.fastq.gz			2507842620	61e594f715893d15d7928c4090f3d705								syn55258268
file				10169-XZ-0058_S1_L005_R1_001.fastq.gz			2369782934	b20fbc5f86c3aa9511781d4e791a48e8								syn55258274
file				10169-XZ-0058_S1_L005_R2_001.fastq.gz			2468655905	8e6e117caf239a66867dba05de338f12								syn55258279
file				10169-XZ-0059_S1_L005_R1_001.fastq.gz			2945784433	d2e0ac16eedb34fe86752a457964673c								syn55258286
file				10169-XZ-0059_S1_L005_R2_001.fastq.gz			3035168569	001baec6ad9305fc2f7c6307ad218757								syn55258293
file				10169-XZ-0060_S1_L005_R1_001.fastq.gz			2371014358	e03354d170dd5aa62eb81ec7b0714066								syn55258297
file				10169-XZ-0060_S1_L005_R2_001.fastq.gz			2470214637	790891b508f668670d4a595b42550973								syn55258303
file				10169-XZ-0061_S1_L005_R1_001.fastq.gz			3045357862	35dd01fd360d163c1c8fa2d84381d7cb								syn55258309
file				10169-XZ-0061_S1_L005_R2_001.fastq.gz			3201574508	94270f5821526bb612e16ad62f57159e								syn55258315
file				10169-XZ-0062_S1_L005_R1_001.fastq.gz			2383196587	68927684150b102baec6cdbc0eb0f50b								syn55258322
file				10169-XZ-0062_S1_L005_R2_001.fastq.gz			2493771672	1d3800953a5f12bfb0cfa5fe51db4955								syn55258325
file				10169-XZ-0063_S1_L005_R1_001.fastq.gz			2283001565	b62f58477efdf7f8e2935c58b731b012								syn55258332
file				10169-XZ-0063_S1_L005_R2_001.fastq.gz			2385270835	e2e9543ac248722dd604c57f2fe31168								syn55258337
file				10169-XZ-0064_S1_L005_R1_001.fastq.gz			2146448445	bc5dd2283b97e428960e4559db610c52								syn55258346
file				10169-XZ-0064_S1_L005_R2_001.fastq.gz			2237019867	ab6b201b39a4f42a9c1ea1c314822ddd								syn55258351
file				10169-XZ-0065_S1_L005_R1_001.fastq.gz			2096828996	71e47b13cbe2e8c715a95696e27b5693								syn55258359
file				10169-XZ-0065_S1_L005_R2_001.fastq.gz			2186263160	f0c7939ff06b88b155402f2ea0322848								syn55258363
file				10169-XZ-0066_S1_L005_R1_001.fastq.gz			2334034561	186c33159f15a8c99e1bfcfa9568c52e								syn55258370
file				10169-XZ-0066_S1_L005_R2_001.fastq.gz			2425813820	16ba19818dbf2dca0d855253925bdb07								syn55258375
file				10169-XZ-0067_S1_L005_R1_001.fastq.gz			1675535500	057df30a6944c2ba65057338de53efee								syn55258381
file				10169-XZ-0067_S1_L005_R2_001.fastq.gz			1772640927	824bc318dcb1413beb59cef6b252691c								syn55258384
file				10169-XZ-0068_S1_L005_R1_001.fastq.gz			2259278237	24cd3919b456dc653103ab310ca728f9								syn55258388
file				10169-XZ-0068_S1_L005_R2_001.fastq.gz			2344594146	d8a8d3b8fb8206e126b58b7525445dd5								syn55258394
file				10169-XZ-0069_S1_L005_R1_001.fastq.gz			2403687557	d05afdd5c98b990d1ccc42d1f66a981f								syn55258400
file				10169-XZ-0069_S1_L005_R2_001.fastq.gz			2524307592	b3f49b6d6c4812a1d7ef9e36ae438353								syn55258405
file				10169-XZ-0070_S1_L005_R1_001.fastq.gz			2528273462	91a3195d12d9650b124862c33fa3048b								syn55258409
file				10169-XZ-0070_S1_L005_R2_001.fastq.gz			2649219496	7c63e6e313edb2682aaff652412cb5bd								syn55258422
file				10169-XZ-0071_S1_L005_R1_001.fastq.gz			2075854976	9b1f575ad0826f5616ae3bc602f6eead								syn55258430
file				10169-XZ-0071_S1_L005_R2_001.fastq.gz			2151010915	49ad7307500aa72d90be7d31acf9b305								syn55258440
file				10169-XZ-0072_S1_L005_R1_001.fastq.gz			2197799893	5342979356b57214e008ce6306b25cca								syn55258449
file				10169-XZ-0072_S1_L005_R2_001.fastq.gz			2314343952	5ebce983940b65126368dbedec5bb613								syn55258461
file				10169-XZ-0073_S1_L005_R1_001.fastq.gz			2574277519	e31a86e87620a03a43764ea3ef9abed2								syn55258480
file				10169-XZ-0073_S1_L005_R2_001.fastq.gz			2707430885	41af8246a8d445b094155c962dfc4d6c								syn55258486
file				10169-XZ-0074_S1_L005_R1_001.fastq.gz			2432992686	5dd54657c8ce175f4712446e3017e3a5								syn55258491
file				10169-XZ-0074_S1_L005_R2_001.fastq.gz			2519275375	d026b50c016c79646b6c40a588d49193								syn55258499
file				10169-XZ-0075_S1_L005_R1_001.fastq.gz			2426682443	7bbed3de879facc35d2571b65cfb9b0b								syn55258505
file				10169-XZ-0075_S1_L005_R2_001.fastq.gz			2508230157	d52bfa4572a86946b42d9a1b2e8ff95a								syn55258511
file				10169-XZ-0076_S1_L005_R1_001.fastq.gz			1933380012	c435f850895fb3cb73d386494c55e55b								syn55258517
file				10169-XZ-0076_S1_L005_R2_001.fastq.gz			2022783774	a77a1ed05430cf028320736fc571fc34								syn55258524
file				10169-XZ-0077_S1_L005_R1_001.fastq.gz			2424010776	9731bf00ec6110f860abdd05e7012644								syn55258530
file				10169-XZ-0077_S1_L005_R2_001.fastq.gz			2522378911	8e1d93ece96493b7370953c3b8cec868								syn55258535
file				10169-XZ-0078_S1_L005_R1_001.fastq.gz			2469822739	66a877a01d9d7fc798c0b81c9d549a28								syn55258542
file				10169-XZ-0078_S1_L005_R2_001.fastq.gz			2628403005	a0137cffd06349d5cd6eb0c2006d7a5c								syn55258547
file				10169-XZ-0079_S1_L005_R1_001.fastq.gz			2540729740	8d89d5b6d79cd2b139dd34e1ca054796								syn55258553
file				10169-XZ-0079_S1_L005_R2_001.fastq.gz			2620565568	877532a3dbc54f3f81c5fb705d539c5c								syn55258558
file				10169-XZ-0080_S1_L005_R1_001.fastq.gz			2302144716	36f66515f8433aebc0fdbdefaaa8b0de								syn55258564
file				10169-XZ-0080_S1_L005_R2_001.fastq.gz			2399007999	3540a6a55f7c913948085194a2f9d669								syn55258573
file				10169-XZ-0081_S1_L005_R1_001.fastq.gz			3202641643	b883098935f0986d5c86888ca0a8c67b								syn55258580
file				10169-XZ-0081_S1_L005_R2_001.fastq.gz			3378030953	323b4f240a51961c2f0f8af3d63cac65								syn55258588
file				10169-XZ-0082_S1_L005_R1_001.fastq.gz			2494572892	ad059c97f5fdb3cfa56d0fd9b76e5a04								syn55258593
file				10169-XZ-0082_S1_L005_R2_001.fastq.gz			2599017548	84f453579538d9cb55226be89de3f406								syn55258599
file				10169-XZ-0083_S1_L005_R1_001.fastq.gz			2766455074	27327374fd63ff2e92f9a5003f47b450								syn55258604
file				10169-XZ-0083_S1_L005_R2_001.fastq.gz			2904028646	21679ce1640ff97fbe6256a2714f231d								syn55258609
file				10169-XZ-0084_S1_L005_R1_001.fastq.gz			2663679168	772bab11b49786f24ac52dff694f2d2c								syn55258614
file				10169-XZ-0084_S1_L005_R2_001.fastq.gz			2818817130	b2f347372a255c862b2718c5b65e924b								syn55258621
file				10169-XZ-0085_S1_L005_R1_001.fastq.gz			2329806589	650a67f88e30b78cf565e16887cba233								syn55258627
file				10169-XZ-0085_S1_L005_R2_001.fastq.gz			2423200663	1d4a8da16c104826cb27d99b949b1e6f								syn55258632
file				10169-XZ-0086_S1_L005_R1_001.fastq.gz			2410467165	69382bea7266da0a0e23b62e3ccdce8e								syn55258638
file				10169-XZ-0086_S1_L005_R2_001.fastq.gz			2509727195	e2d382a9f1c758e6dc263ec9bb9ba0a5								syn55258643
file				10169-XZ-0087_S1_L005_R1_001.fastq.gz			2302007303	8032ffded4b6668e850830782c30302e								syn55258648
file				10169-XZ-0087_S1_L005_R2_001.fastq.gz			2446513372	2af5052e4d200ea407d416368220040c								syn55258653
file				10169-XZ-0088_S1_L005_R1_001.fastq.gz			2292755665	0ba5075a26103094ebe4e0b830e961bf								syn55258659
file				10169-XZ-0088_S1_L005_R2_001.fastq.gz			2384706463	34aa4528e37c215d429151df6b14afb9								syn55258663
file				10169-XZ-0089_S1_L005_R1_001.fastq.gz			2308457983	caff8d45cc3761e4aaa1614b6828fee9								syn55258668
file				10169-XZ-0089_S1_L005_R2_001.fastq.gz			2452245549	8add85cc5f3b0a26616b4d943d4f3d0d								syn55258674
file				10169-XZ-0090_S1_L005_R1_001.fastq.gz			2274138437	ffe924feafc89a7ec848b116e89a50bd								syn55258679
file				10169-XZ-0090_S1_L005_R2_001.fastq.gz			2406670834	03de4723662d415591f044d9804a23dc								syn55258685
file				10169-XZ-0091_S1_L005_R1_001.fastq.gz			2356323167	0b3e50319943538a373d1221788406d9								syn55258692
file				10169-XZ-0091_S1_L005_R2_001.fastq.gz			2494829305	c0f645f676a2efea49248bb3e50bbaa6								syn55258697
file				10169-XZ-0092_S1_L005_R1_001.fastq.gz			2071815824	7f5bca80b89531cb5c3db1cd8157a277								syn55258700
file				10169-XZ-0092_S1_L005_R2_001.fastq.gz			2164606040	28fd5f737a76316b5e9016e7e3f60196								syn55258704
file				10169-XZ-0093_S1_L005_R1_001.fastq.gz			2475583163	17dd02a8fde22f77fff2b7e4350e1f1b								syn55258707
file				10169-XZ-0093_S1_L005_R2_001.fastq.gz			2575720757	5ea2d089395798a04eb6a62574228b04								syn55258711
file				10169-XZ-0094_S1_L005_R1_001.fastq.gz			2148440950	81496252fa4585d1c017fb98355d0107								syn55258713
file				10169-XZ-0094_S1_L005_R2_001.fastq.gz			2283031261	c1539321cf585db7cd301d510b69b68d								syn55258717
file				10169-XZ-0095_S1_L005_R1_001.fastq.gz			2312794062	b5fe45489b3f1f154a7c4d21d52bc938								syn55258720
file				10169-XZ-0095_S1_L005_R2_001.fastq.gz			2429919166	5333dbceba2e961eaca1269ebaf659c4								syn55258724
file				10169-XZ-0096_S1_L005_R1_001.fastq.gz			3517441781	138de5e92a13a15c32d48e131aa4d1ef								syn55258727
file				10169-XZ-0096_S1_L005_R2_001.fastq.gz			3695981165	616f2330a8c61baa1839044fc059ecf2								syn55258730
file				10169-XZ-0097_S1_L005_R1_001.fastq.gz			2541327519	16730ffc8416f39733087376c384bb68								syn55258733
file				10169-XZ-0097_S1_L005_R2_001.fastq.gz			2667303455	af9022c0c77ecdee9f2473765dfc2747								syn55258737
file				10169-XZ-0098_S1_L005_R1_001.fastq.gz			2213443817	7f7abf590d3c5f1cbd1db6b4f3c6925c								syn55258740
file				10169-XZ-0098_S1_L005_R2_001.fastq.gz			2296928993	759607716a1d04bac4ee365366d63437								syn55258743
file				10169-XZ-0099_S1_L005_R1_001.fastq.gz			2664203295	be45eb005bade30acdc91ef7c78a08e4								syn55258747
file				10169-XZ-0099_S1_L005_R2_001.fastq.gz			2772521456	467a6673a4b7783925cef054b7214da6								syn55258751
file				10169-XZ-0100_S1_L005_R1_001.fastq.gz			2768667945	62a81d7e0184e8e5a7091ec5cfdfea37								syn55258754
file				10169-XZ-0100_S1_L005_R2_001.fastq.gz			2906851770	078857d348892d6815a49e248ba47b54								syn55258757
file				10169-XZ-0101_S1_L005_R1_001.fastq.gz			3421932254	910928b0c685ca55f9e36115dbf4d22a								syn55258762
file				10169-XZ-0101_S1_L005_R2_001.fastq.gz			3627158903	334070e4be4c7d52d263e31b5ac22265								syn55258766
file				10169-XZ-0102_S1_L005_R1_001.fastq.gz			1642498743	3cfd0574a885e295b11a1828ff7a4f7e								syn55258769
file				10169-XZ-0102_S1_L005_R2_001.fastq.gz			1690845009	a2ecc27c371945f42d57d5e30635e4ca								syn55258772
file				10169-XZ-0103_S1_L005_R1_001.fastq.gz			2019261298	9e6ac0c600de12ac7387849d3bebbdc9								syn55258775
file				10169-XZ-0103_S1_L005_R2_001.fastq.gz			2124759041	b6be536a235aeed276f11aa5b894a0fa								syn55258778
file				10169-XZ-0104_S1_L005_R1_001.fastq.gz			2409632243	7a0f674fee654386bef064ee6724abec								syn55258781
file				10169-XZ-0104_S1_L005_R2_001.fastq.gz			2534994071	e21d9b15df81065ee55129b158af6bcc								syn55258784
file				10169-XZ-0105_S1_L005_R1_001.fastq.gz			2171998417	0ccf1c1e6cf3c3fe4c35f95417720339								syn55258788
file				10169-XZ-0105_S1_L005_R2_001.fastq.gz			2283440075	a91802531e3c9672f9ce295d1a128843								syn55258791
file				10169-XZ-0106_S1_L005_R1_001.fastq.gz			2492815342	4315f58944c7dcad39d3ce694eb40e13								syn55258793
file				10169-XZ-0106_S1_L005_R2_001.fastq.gz			2591924940	f216f996b861f49840a4d27444cc4278								syn55258797
file				10169-XZ-0107_S1_L005_R1_001.fastq.gz			1940681366	9d2538c6d2250c6bcd6d6a3e86bbd902								syn55258802
file				10169-XZ-0107_S1_L005_R2_001.fastq.gz			2028785824	ccf16f785e4c661e62ce2d2120b039df								syn55258805
file				10169-XZ-0108_S1_L005_R1_001.fastq.gz			2677870489	ca6c3ca8022f86e57df0524a92f532f3								syn55258807
file				10169-XZ-0108_S1_L005_R2_001.fastq.gz			2775138147	ee504e97987ad2d78dbe956a723f9ab8								syn55258810
file				10169-XZ-0109_S1_L005_R1_001.fastq.gz			2545685486	bad47e131a52f137cac19af420fadc87								syn55258814
file				10169-XZ-0109_S1_L005_R2_001.fastq.gz			2644130562	0fa89fa0cc86e5fe9c466231d5801f78								syn55258818
file				10169-XZ-0110_S1_L005_R1_001.fastq.gz			2204917576	5b00b919214743843d56dbb3bc25b367								syn55258821
file				10169-XZ-0110_S1_L005_R2_001.fastq.gz			2293001165	ea40726aca49bccb855a36b8e95b3353								syn55258824
file				10169-XZ-0111_S1_L005_R1_001.fastq.gz			2264208908	1a6cbca92ac99aec07ef17c7fe5fe993								syn55258827
file				10169-XZ-0111_S1_L005_R2_001.fastq.gz			2389387932	a982e159db27feecc5662972b9b338d5								syn55258830
file				10169-XZ-0112_S1_L005_R1_001.fastq.gz			2299145007	7e23caa764a8127b8cbce02ea7205025								syn55258833
file				10169-XZ-0112_S1_L005_R2_001.fastq.gz			2412742109	838d3ff86ba73a90810c828c71500889								syn55258836
file				10169-XZ-0113_S1_L005_R1_001.fastq.gz			2117667391	c603dde1eb42dc98e2250f93b1b964b0								syn55258840
file				10169-XZ-0113_S1_L005_R2_001.fastq.gz			2184998592	e8ee0dc69d11545d19b57469eb26fdbb								syn55258843
file				10169-XZ-0114_S1_L005_R1_001.fastq.gz			2257231050	b73fd0b889af1b52473b7aa430dbaebb								syn55258846
file				10169-XZ-0114_S1_L005_R2_001.fastq.gz			2402269333	29935f4039a8ab6a7ff6d9e47fe72f14								syn55258849
file				10169-XZ-0115_S1_L005_R1_001.fastq.gz			2475065678	b2146c28d071d11ae68f3f52c1ca72b0								syn55258852
file				10169-XZ-0115_S1_L005_R2_001.fastq.gz			2596816014	6c294f74806204d0e5828dd64f998a07								syn55258855
file				10169-XZ-0116_S1_L005_R1_001.fastq.gz			2064464527	8a6053b920cd962b84d639b153fc6587								syn55258858
file				10169-XZ-0116_S1_L005_R2_001.fastq.gz			2166533559	b6467cf3334336642b6500965696166a								syn55258860
file				10169-XZ-0117_S1_L005_R1_001.fastq.gz			1850735744	0f031da8b3302301fc0c1b254794b06a								syn55258869
file				10169-XZ-0117_S1_L005_R2_001.fastq.gz			1906248044	a027245ca60e6326010d50822b54ac11								syn55258876
file				10169-XZ-0118_S1_L005_R1_001.fastq.gz			2309173058	733a766c6a3a849b19ab111c7d8c700f								syn55258886
file				10169-XZ-0118_S1_L005_R2_001.fastq.gz			2575268229	28f09dda4d63b06aee227a25319d326d								syn55258894
file				10169-XZ-0119_S1_L005_R1_001.fastq.gz			2253923577	9dd3035377f312d68061fd490e9f7038								syn55258906
file				10169-XZ-0119_S1_L005_R2_001.fastq.gz			2361261203	af185e6855b294d988166c2f44ef618c								syn55258917
file				10405-AS-0001_S1_L005_R1_001.fastq.gz			5145067831	237f0f07d4952cba1ca8fba552a6203a								syn68380703
file				10405-AS-0001_S1_L005_R2_001.fastq.gz			5450353482	3a630c8faa9c099b5c0f46d4d1a22555								syn68380728
file				10405-AS-0002_S1_L005_R1_001.fastq.gz			4746025320	ecd5589e2d978f5a02859fe7997b0091								syn68381280
file				10405-AS-0002_S1_L005_R2_001.fastq.gz			5053158798	b2da815dd93897feb3130f2d4c8a87c2								syn68381297
file				10405-AS-0013_S1_L005_R1_001.fastq.gz			6392946211	5349b6b35c279b39cc8aa3ad34468787								syn68380880
file				10405-AS-0013_S1_L005_R2_001.fastq.gz			6857319102	70d75c079c3db71a9df7cd875d58aa7e								syn68380905
file				10405-AS-0014_S1_L005_R1_001.fastq.gz			3197396176	219ac08c3cb8e8a6a448354292f6faae								syn68381429
file				10405-AS-0014_S1_L005_R2_001.fastq.gz			3421895469	ec770d8f23e7ea070fb0f5c22b641f3a								syn68381436
file				10405-AS-0017_S1_L005_R1_001.fastq.gz			5860299233	3b2df87381b3a52dca38ad0d9c598760								syn68380947
file				10405-AS-0017_S1_L005_R2_001.fastq.gz			6203385162	01c668db621ab7e715dab6f38b5de6eb								syn68380986
file				10405-AS-0018_S1_L005_R1_001.fastq.gz			3455578753	2bdcb67246b4943fb71f025ccb8640a1								syn68381481
file				10405-AS-0018_S1_L005_R2_001.fastq.gz			3693492861	e1c3bb520fbd0c9bdd87bd5c40affc46								syn68381502
file				10405-AS-0019_S1_L005_R1_001.fastq.gz			5511961909	c4f005856c73b657f455eb513f4cff4d								syn68381001
file				10405-AS-0019_S1_L005_R2_001.fastq.gz			5875575243	800c7d531f99a29c7186b467fd0df9aa								syn68381025
file				10405-AS-0020_S1_L005_R1_001.fastq.gz			3021408267	606c1294257d82add461bd79abc91529								syn68381507
file				10405-AS-0020_S1_L005_R2_001.fastq.gz			3193575221	92485e2a8bdcf4b544ab87021dce06e6								syn68381523
file				10405-AS-0033_S1_L005_R1_001.fastq.gz			4468233037	119b613c67dad0453421a30deaa3683e								syn68381206
file				10405-AS-0033_S1_L005_R2_001.fastq.gz			4719793060	2c81bf94c320ebafa39f7ef0e84f36da								syn68381232
file				10405-AS-0034_S1_L005_R1_001.fastq.gz			4929142050	58713ff49a9f398d661503a1f9153908								syn68381705
file				10405-AS-0034_S1_L005_R2_001.fastq.gz			5181185508	29b25089a8acebee358ea7849fdb4304								syn68381721
file				11577-NM-03_S1_L005_R1_001.fastq.gz			4796463016	366dc0f5e869797b10ae2f7072c9e707								syn68381247
file				11577-NM-03_S1_L005_R2_001.fastq.gz			4846716711	1e5a8cb79e8d230ef35d51263801bc8c								syn68381257
file				11577-NM-04_S1_L005_R1_001.fastq.gz			4873443908	90339108b520e2a7cb167a4bc610c7ed								syn68381741
file				11577-NM-04_S1_L005_R2_001.fastq.gz			4854414897	b2d4529ce9b9e8ac0cd4b95f6754df96								syn68381767
file				11991-NM-0001_S1_L005_R1_001.fastq.gz			3294243562	d2dc5c423aa84f05b95b217711364425								syn68380748
file				11991-NM-0001_S1_L005_R2_001.fastq.gz			3360555972	1984554c96f3bf409a3af108ad07952b								syn68380760
file				11991-NM-0002_S1_L005_R1_001.fastq.gz			3310886494	5acab9cc42b22a9c7fa3b5663ab70c91								syn68381311
file				11991-NM-0002_S1_L005_R2_001.fastq.gz			3353385842	2a7fcf1767d6275d0f21f07641d567b6								syn68381324
file				11991-NM-0003_S1_L005_R1_001.fastq.gz			2510125045	2a1b2135863b79637049460824cfb1cc								syn68380765
file				11991-NM-0003_S1_L005_R2_001.fastq.gz			2562340558	39eb64d81d9886f00aeecd051ef12032								syn68380783
file				11991-NM-0004_S1_L005_R1_001.fastq.gz			2346745419	0a52ec4201b06ffe373ab39812ddcd52								syn68381337
file				11991-NM-0004_S1_L005_R2_001.fastq.gz			2383877086	ee50324d073d36120aaeafdef172386d								syn68381353
file				11991-NM-0005_S1_L005_R1_001.fastq.gz			1994821581	2c0c8b2147b109e09c88945a9be6ac93								syn68380787
file				11991-NM-0005_S1_L005_R2_001.fastq.gz			2007716372	081e323bc0d6b38abcc93e945e6f8c55								syn68380796
file				11991-NM-0006_S1_L005_R1_001.fastq.gz			2943911224	822d79de3a0ab824b7328d75e64d10cf								syn68381363
file				11991-NM-0006_S1_L005_R2_001.fastq.gz			2985268181	07b4c338d92b0ebdb2b699a73061b90a								syn68381377
file				11991-NM-0007_S1_L005_R1_001.fastq.gz			2367334211	e9ee546bac917e28e76ab18c34c8725e								syn68380817
file				11991-NM-0007_S1_L005_R2_001.fastq.gz			2412409766	c9d0f3231250a764c3ac6d2532a483c4								syn68380838
file				11991-NM-0008_S1_L005_R1_001.fastq.gz			2469351721	3e31a520c1a0a612f46ae6a9c0bf59e3								syn68381384
file				11991-NM-0008_S1_L005_R2_001.fastq.gz			2499706579	37f4058bf3eb8662ed35fb3e288c8b82								syn68381395
file				11991-NM-0009_S1_L005_R1_001.fastq.gz			2092752472	1c2f98b5077cfda98da75c48e372a201								syn68380845
file				11991-NM-0009_S1_L005_R2_001.fastq.gz			2138331359	59c0249024b3a3bebf2581bc67168de4								syn68380851
file				11991-NM-0010_S1_L005_R1_001.fastq.gz			2221048201	a8b72633881a78d098c23c6c1cdd9cca								syn68381406
file				11991-NM-0010_S1_L005_R2_001.fastq.gz			2261015910	cc59785e61b8813115079e1a01b32a32								syn68381421
file				11991-NM-0011_S1_L005_R1_001.fastq.gz			2374168889	5057eae0ad81398a71294e5f12bd9af8								syn68380924
file				11991-NM-0011_S1_L005_R2_001.fastq.gz			2445887407	a8d6455add77138fb6e7929ab16a8480								syn68380930
file				11991-NM-0012_S1_L005_R1_001.fastq.gz			4380609509	0f0c7ee1b15036e67b5b829bd42bcb3a								syn68381451
file				11991-NM-0012_S1_L005_R2_001.fastq.gz			4467688803	955ee9ef60d40d2c4e8d50a6876ca63c								syn68381462
file				11991-NM-0013R_S1_L005_R1_001.fastq.gz			1947225671	8606ac8e5f4abab795ba718a6f9ba06e								syn68381032
file				11991-NM-0013R_S1_L005_R2_001.fastq.gz			1984260657	5c899cbc047386fda39d745c2aa5bad7								syn68381041
file				11991-NM-0014_S1_L005_R1_001.fastq.gz			2443297480	9da57ad423bb7e98a18236ededa193dd								syn68381532
file				11991-NM-0014_S1_L005_R2_001.fastq.gz			2486327866	30a6f7ce16a2f5a5b59ef789bc67fb77								syn68381536
file				11991-NM-0015_S1_L005_R1_001.fastq.gz			2070827836	a8d55b5d2a0dcaf23f23ae4ecfe321a3								syn68381052
file				11991-NM-0015_S1_L005_R2_001.fastq.gz			2097560480	bd15ef904a4eb2fbaaae905b72afd995								syn68381061
file				11991-NM-0016_S1_L005_R1_001.fastq.gz			2957974511	93a3cb65f2698cd5b01c3c29544b2b45								syn68381548
file				11991-NM-0016_S1_L005_R2_001.fastq.gz			3026351396	5cc7768ade4ff814802f757150b4e6ab								syn68381560
file				11991-NM-0017_S1_L005_R1_001.fastq.gz			2614534315	f5aecf87219835733b9b407c290e59d3								syn68381072
file				11991-NM-0017_S1_L005_R2_001.fastq.gz			2642408266	1557867d16432c330c2c9e6766223363								syn68381083
file				11991-NM-0018_S1_L005_R1_001.fastq.gz			4106298699	a6388be3658b04f1fdbea7fb9e5eba66								syn68381579
file				11991-NM-0018_S1_L005_R2_001.fastq.gz			4188354004	880c3850146a47094d64accd61613862								syn68381591
file				11991-NM-0019_S1_L005_R1_001.fastq.gz			3090966748	3f426554871e5ff783573d45014a01ef								syn68381099
file				11991-NM-0019_S1_L005_R2_001.fastq.gz			3132292760	2e77dde40660eb7e47f74b23b2858399								syn68381110
file				11991-NM-0020_S1_L005_R1_001.fastq.gz			2820917922	e1fd621a344eec8afa9436090d5c5157								syn68381601
file				11991-NM-0020_S1_L005_R2_001.fastq.gz			2870623842	5cae9ed21c504d3ca68455114cec4648								syn68381612
file				11991-NM-0021_S1_L005_R1_001.fastq.gz			2020185934	4ab784bb50050c2cdaa37ebf027769b2								syn68381119
file				11991-NM-0021_S1_L005_R2_001.fastq.gz			2052541521	ecf5d5d75f9c9e702e62548f7c2292c9								syn68381127
file				11991-NM-0022_S1_L005_R1_001.fastq.gz			2204581172	ff6503e5352401b5cfb7eab5d1e2d2d5								syn68381623
file				11991-NM-0022_S1_L005_R2_001.fastq.gz			2248173667	129dc596263ab551964c198fdc219375								syn68381629
file				11991-NM-0023_S1_L005_R1_001.fastq.gz			2169095964	cf5f7606684ff3a6b76dc5726a027cbd								syn68381136
file				11991-NM-0023_S1_L005_R2_001.fastq.gz			2199639998	6863d0bde38210dc1b71d4fa45a805e3								syn68381142
file				11991-NM-0024_S1_L005_R1_001.fastq.gz			2178756404	fb24eafb055c212b7d2a5ff2f28ab7aa								syn68381634
file				11991-NM-0024_S1_L005_R2_001.fastq.gz			2210693888	f25adccf91b39e6f222dc2318b4b4dfb								syn68381648
file				11991-NM-0025_S1_L005_R1_001.fastq.gz			2255620998	02344036217b475a5c2eb6f20b19f898								syn68381154
file				11991-NM-0025_S1_L005_R2_001.fastq.gz			2292033408	02b42105739f37dad93cb65b5bd8e2d0								syn68381161
file				11991-NM-0026_S1_L005_R1_001.fastq.gz			2051494139	c7f72bc3633fe525bbee648656aa26c1								syn68381655
file				11991-NM-0026_S1_L005_R2_001.fastq.gz			2090632629	00b8d8d1ffc07ca030d8f3cb1504fd76								syn68381662
file				11991-NM-0027_S1_L005_R1_001.fastq.gz			2313456282	6ebb58cfbc8ba5215a652b08e107c564								syn68381170
file				11991-NM-0027_S1_L005_R2_001.fastq.gz			2354938324	a57eff0beb649915062a75cda3d29ef2								syn68381184
file				11991-NM-0028_S1_L005_R1_001.fastq.gz			1784347571	7c97f58a828a8455347117be4e263338								syn68381676
file				11991-NM-0028_S1_L005_R2_001.fastq.gz			1831580284	39a4246baeffbb54ff7d88241364cdfb								syn68381689
file				0000319997_R1.fastq.gz			8814419910	98929b5eed0f96f6e9df9ec726e68973								syn68527400
file				0000319997_R2.fastq.gz			9847358241	31b1e547967c197a02ac314098c5dac6								syn68527421
file				0000320079_R1.fastq.gz			7091766987	f0025b438231c88fde69f710bb6f1775								syn68527424
file				0000320079_R2.fastq.gz			7809813345	24f71653b2c91dd2c5012e3aa8d36482								syn68527431
file				0000320084_R1.fastq.gz			6239951778	1258919aa92efdf6bafbaff031514420								syn68527438
file				0000320084_R2.fastq.gz			6887620234	8dd516f0c1410454c2a3ba88f671801e								syn68527455
file				0000320130_R1.fastq.gz			11050539107	61745630f3b0a9fe70fee388a797aa5a								syn68527470
file				0000320130_R2.fastq.gz			12025825888	0080353a252fde193403897a5575bf52								syn68527498
file				0000320245_R1.fastq.gz			6522318552	19cd38ba37274817e37eaf7599bd63ea								syn68527503
file				0000320245_R2.fastq.gz			7181196658	aa52be6ad01e1f446796f0f9fba1b543								syn68527518
file				0000320296_R1.fastq.gz			9290850990	82ca0196d00785707d6528f2a1728c5d								syn68527542
file				0000320296_R2.fastq.gz			9717443589	cdb4b3a05f17897dc49a61fc2753f2cb								syn68527555
file				0000321910_R1.fastq.gz			10389780122	ef7930f809aed6189561017e87f17b4d								syn68527570
file				0000321910_R2.fastq.gz			11842462437	80d58fea0806f1fd36b07a01bcf91e96								syn68527597
file				0000321945_R1.fastq.gz			7531966922	a35334e6dbb118b4f478e231403b26fe								syn68527614
file				0000321945_R2.fastq.gz			8329412786	b02b0e209f1e3a4d35756f9c43680e6b								syn68527644
file				0000321969_R1.fastq.gz			8585479643	4b6efad8cd5cea448f74679de43eebdd								syn68527657
file				0000321969_R2.fastq.gz			9595640341	b58669ee05ecbb98ffae14e01d8bd3ff								syn68527672
file				0000321972_R1.fastq.gz			9997563945	c7fe3c4ad7cdd34b077636d2ec25a627								syn68527706
file				0000321972_R2.fastq.gz			11110672779	c62e64416a435bc03526d840246465fd								syn68527732
file				0000340451_R1.fastq.gz			9734927616	ec7d14da515524a3317e1a5dce95d248								syn68527766
file				0000340451_R2.fastq.gz			10561228150	6e7e5b9a6395bb92f3f315789d99f60f								syn68527783
file				0000340456_R1.fastq.gz			11653426535	04844dac0c2b6f87693f25782434fabc								syn68527809
file				0000340456_R2.fastq.gz			13044975504	dfcca8bc9b265ccb14cddc903593d8da								syn68527854
file				0000340461_R1.fastq.gz			6523323797	d1e375adeb6234c50470cedb74796bb0								syn68527858
file				0000340461_R2.fastq.gz			7319254761	695055391c201c8ad610bc4def29aec5								syn68527873
file				0000340463_R1.fastq.gz			11188898205	d4a6bdda5e57bd8c09fb26055bc2a736								syn68527915
file				0000340463_R2.fastq.gz			12638215606	6b57c4e209d9115792ab9082abc2599e								syn68527960
file				0000346152_R1.fastq.gz			7932790064	cfc030afceeda80295ee70acb4de1f95								syn68527994
file				0000346152_R2.fastq.gz			8646203636	0c1b2e194fe8c0a57474d51773a07cd7								syn68528003
file				LIB210623JG_369540_R1.fq.gz			1310477940	29ddd2995e597b7f06bb6f55ed5deb63								syn53252706
file				LIB210623JG_369540_R2.fq.gz			1313052308	cbcdd13ae867fb47eb588e41575352aa								syn53252710
file				0000261044_S1_R1_001.fastq.gz			1192313321	31103f93008f1ab29ff2406d3e2f2bdd								syn68527410
file				0000261044_S1_R2_001.fastq.gz			1186094744	aa86860f9e216a1a3d4d90a47d1ea95e								syn68527412
file				0000264005_S1_R1_001.fastq.gz			686595497	24e2fec8708e7761a1b8a0542681e242								syn68527416
file				0000264005_S1_R2_001.fastq.gz			697061379	34d68ef3e550e264afd58fc83a6f0f91								syn68527422
file				0000265302_S1_R1_001.fastq.gz			1583663007	23624f2933af6a0b3a171288fdf57f87								syn68527425
file				0000265302_S1_R2_001.fastq.gz			1576165335	7786975a2f7a4bc630bd9c2682000cdd								syn68527426
file				DUPLICATE_FILENAME_1/0000265770_S1_R1_001.fastq.gz			3100672591	e06f2f740430c786a87a8f96d5b02a1a								syn68527430
file				DUPLICATE_FILENAME_1/0000265770_S1_R2_001.fastq.gz			3313601345	0b25824bb7376f7e090854d6b863fd35								syn68527435
file				0000269958_S1_R1_001.fastq.gz			961672238	f1f3cf29326b931ccd053cb79df96075								syn68527436
file				0000269958_S1_R2_001.fastq.gz			957219547	05d55d6925ec1ad63c629e0e14ab97ab								syn68527437
file				0000269959_S2_R1_001.fastq.gz			756564543	5c512e0d761f8f76cbb497ef72402347								syn68527439
file				0000269959_S2_R2_001.fastq.gz			752528814	76fa2328e0bc2ac0319d1a031dd585df								syn68527441
file				DUPLICATE_FILENAME_1/0000303169_S1_R1_001.fastq.gz			3240621524	f689b9da0c6403caa3b32569f858a647								syn68527458
file				DUPLICATE_FILENAME_1/0000303169_S1_R2_001.fastq.gz			3527158405	286ef5320da5130d2080a1c4ff4bec8d								syn68527461
file				DUPLICATE_FILENAME_1/0000319997_S1_R1_001.fastq.gz			2798791532	f8ec46126654ee70dc48b03c73dda104								syn68527462
file				DUPLICATE_FILENAME_1/0000319997_S1_R2_001.fastq.gz			3002199524	0655a1550caf96738028a2c7d9cd4840								syn68527468
file				DUPLICATE_FILENAME_1/0000320079_S1_R1_001.fastq.gz			2202150117	f21d01e28138e925c1d7e7b870810aba								syn68527477
file				DUPLICATE_FILENAME_1/0000320079_S1_R2_001.fastq.gz			2405024976	923e678c2f48b28b68c7e6bd223ae274								syn68527478
file				DUPLICATE_FILENAME_1/0000320114_S1_R1_001.fastq.gz			2172522397	353a082b04b3ee4da18569ce3ea86ed4								syn68527484
file				DUPLICATE_FILENAME_1/0000320114_S1_R2_001.fastq.gz			2352885302	5e353cc3ecffd1a3d1bd03ea26d32d08								syn68527492
file				DUPLICATE_FILENAME_1/0000320245_S1_R1_001.fastq.gz			951376691	aae1deb97d4e51a46b68fb8a404f647d								syn68527497
file				DUPLICATE_FILENAME_1/0000320245_S1_R2_001.fastq.gz			1063994504	976533499ce63d87bcb3e41ca9d40433								syn68527502
file				0000320296_S1_R1_001.fastq.gz			2153468609	ecea133b7bc9cd6fa8796f981d301990								syn68527510
file				0000320296_S1_R2_001.fastq.gz			2357319522	9bebb9e6d0c7b22091ed860e6b267111								syn68527515
file				DUPLICATE_FILENAME_1/0000321912_S1_R1_001.fastq.gz			2324142947	f2410c2a237b623ae0999985e13821c4								syn68527527
file				DUPLICATE_FILENAME_1/0000321912_S1_R2_001.fastq.gz			2548485570	c36962e573b20039ddd2152fe350678a								syn68527537
file				0000321955_S1_R1_001.fastq.gz			2338393364	97c3ecdbc2fec6d01b969c43dca35020								syn68527538
file				0000321955_S1_R2_001.fastq.gz			2605619118	9d2ca6e18c0f4c9417b1466fd13e1f54								syn68527546
file				DUPLICATE_FILENAME_1/0000321972_S1_R1_001.fastq.gz			2214766112	c96ee96c1e7e8fa385287bc9878b286b								syn68527550
file				DUPLICATE_FILENAME_1/0000321972_S1_R2_001.fastq.gz			2449424209	16e0a27c3fa3dbfb24b955f8f154a6d8								syn68527554
file				0000321988_S1_R1_001.fastq.gz			2062596519	59d4b46b575a8963006e15e02d0dc192								syn68527561
file				0000321988_S1_R2_001.fastq.gz			2287436293	96a69c464173fcc92b617139133295bf								syn68527563
file				0000321995_S1_R1_001.fastq.gz			1474952548	7cbaaac2fe029900b5c79a92f89e13b2								syn68527567
file				0000321995_S1_R2_001.fastq.gz			1632835218	27996da9c4a5757e10aa9b7269bf8534								syn68527571
file				0000322035_S1_R1_001.fastq.gz			1997857928	2aaf444cde281fc148e0579d93059f95								syn68527574
file				0000322035_S1_R2_001.fastq.gz			2269642023	5ca50f088fe3c1ca32096d54d0742162								syn68527580
file				0000322041_S2_R1_001.fastq.gz			1881369872	1097cb473d0406e8467e716327cdfd85								syn68527594
file				0000322041_S2_R2_001.fastq.gz			2123311319	cffcc6ce7990b94c0b02753ed9482825								syn68527602
file				0000322075_S1_R1_001.fastq.gz			2403387455	ed709a6f0fabfbad9c7888702a6516d7								syn68527613
file				0000322075_S1_R2_001.fastq.gz			2700562288	3246d5ae4be2c77c973a2a025cfa7470								syn68527629
file				DUPLICATE_FILENAME_1/0000340456_S1_R1_001.fastq.gz			2001942799	9151df1b4044fa7df13d5fcdb06b1079								syn68527639
file				DUPLICATE_FILENAME_1/0000340456_S1_R2_001.fastq.gz			2173545327	84fad0fc2edb683e2ece50419692a4a2								syn68527643
file				DUPLICATE_FILENAME_1/0000340463_S2_R1_001.fastq.gz			1915215101	f45bfceff0b69bdcdb4ef9449a28c476								syn68527645
file				DUPLICATE_FILENAME_1/0000340463_S2_R2_001.fastq.gz			2075039940	e77fe0d088fc49e3936f3423361245d6								syn68527648
file				DUPLICATE_FILENAME_1/0000340469_S1_R1_001.fastq.gz			2013214601	1a04a3ebb4ace6a90e5bce926e5aa54e								syn68527650
file				DUPLICATE_FILENAME_1/0000340469_S1_R2_001.fastq.gz			2211547387	4cea55dcd4388767b8b33e0c8c838f85								syn68527661
file				DUPLICATE_FILENAME_1/0000346152_S1_R1_001.fastq.gz			1923272861	f2d780a3318c0e2dfe5a8d1a36150510								syn68527669
file				DUPLICATE_FILENAME_1/0000346152_S1_R2_001.fastq.gz			2124124806	c04f5b386f01b92c1e361793ffc7e4bf								syn68527671
file				DUPLICATE_FILENAME_1/0000366871_R1.fastq.gz			3093066556	5dedd7baed34076add9f84e64a6ffd28								syn68527675
file				DUPLICATE_FILENAME_1/0000366871_R2.fastq.gz			3442818449	9bd7d947a1dec210d08f5399e02fa075								syn68527693
file				DUPLICATE_FILENAME_1/0000367988_R1.fastq.gz			1626933115	ac1d68e1050f8cbe79b13b0303f4db4b								syn68527702
file				DUPLICATE_FILENAME_1/0000367988_R2.fastq.gz			1831988133	662fc998e103ed066329a565fe693ed3								syn68527707
file				DUPLICATE_FILENAME_1/0000368070_S1_R1_001.fastq.gz			1547503723	d3cae676aaa944ad57dc07026aad90a9								syn68527711
file				DUPLICATE_FILENAME_1/0000368070_S1_R2_001.fastq.gz			1754168689	7e7d208b259e68dfb0e07d271613c972								syn68527719
file				DUPLICATE_FILENAME_1/0000368112_S1_R1_001.fastq.gz			2375728373	3f800a692d81c92b106dd0d8ccc159d0								syn68527730
file				DUPLICATE_FILENAME_1/0000368112_S1_R2_001.fastq.gz			2633642588	bf75db65a79f7a1f2fbe89e7dab15d16								syn68527741
file				0000382506_R1.fastq.gz			2866026093	76fdd72709477ed066d790bf2d632004								syn68527757
file				0000382506_R2.fastq.gz			3217094645	b6669768a9fcedbef048165e3e384c82								syn68527771
file				DUPLICATE_FILENAME_1/0000382610_R1.fastq.gz			2044756355	442571fba624d8cd3706101b281f7e78								syn68527777
file				DUPLICATE_FILENAME_1/0000382610_R2.fastq.gz			2325177053	3037337c532886e849c372dff2f73bc5								syn68527778
file				DUPLICATE_FILENAME_1/0000382748_S1_R1_001.fastq.gz			2127291748	51eb529d9d2ce36ece25fe228e5c3596								syn68527780
file				DUPLICATE_FILENAME_1/0000382748_S1_R2_001.fastq.gz			2368544663	92a261b2fdd0a181db4b878f3a01607f								syn68527790
file				0000382837_S1_R1_001.fastq.gz			2302933157	af4b9b917d88c5318742c89018e3bda8								syn68527796
file				0000382837_S1_R2_001.fastq.gz			2577738097	be3f4c1dd939d7e91e0c0dbe24cd0ce3								syn68527804
file				0000382886_S1_R1_001.fastq.gz			2983104162	f8c0b78cde13e0e512c43b0d4eb69ec3								syn68527815
file				0000382886_S1_R2_001.fastq.gz			3370078294	ab7607c2d8a4d79a78cd20fbffeaf3bd								syn68527828
file				DUPLICATE_FILENAME_1/0000394763_S1_R1_001.fastq.gz			2101101226	169f7e445af1fd14bc24e5356e9144ac								syn68527837
file				DUPLICATE_FILENAME_1/0000394763_S1_R2_001.fastq.gz			2422773525	ae091ec482b4f7f38056803f7f59964c								syn68527846
file				DUPLICATE_FILENAME_1/0000394880_R1.fastq.gz			2578249702	d61c22243b16d62de04ebd1d16d41beb								syn68527849
file				DUPLICATE_FILENAME_1/0000394880_R2.fastq.gz			2885575038	b289ae2b292d2c0f0be158bd05a37e86								syn68527865
file				DUPLICATE_FILENAME_1/0000399183_R1.fastq.gz			2220353152	be653de80e58b7cefd482881008d11e8								syn68527867
file				DUPLICATE_FILENAME_1/0000399183_R2.fastq.gz			2634130113	31b7908a972f34e33eb2d0eebe546b15								syn68527876
file				DUPLICATE_FILENAME_1/0000404813_R1.fastq.gz			1367646712	56ca71df3b162cc82fb9cd9de7601d62								syn68527878
file				DUPLICATE_FILENAME_1/0000404813_R2.fastq.gz			1740044479	34f5a7cae7d8e314c2c2cdce0983ce5b								syn68527890
file				DUPLICATE_FILENAME_1/0000424110_R1.fastq.gz			1886048700	ef91c92ab5d269dc9e90e40cfbb70bc2								syn68527897
file				DUPLICATE_FILENAME_1/0000424110_R2.fastq.gz			2206938378	df9bd6451c04197c4d13f192205a5f41								syn68527906
file				DUPLICATE_FILENAME_1/0000424126_R1.fastq.gz			2936854319	9165130b8408d5916f5d566e91677971								syn68527926
file				DUPLICATE_FILENAME_1/0000424126_R2.fastq.gz			3305631821	21d9f65ced8934ac30b5c355e2c80ad4								syn68527937
file				DUPLICATE_FILENAME_1/0000434093_R1.fastq.gz			2207881347	75798c4b16a9a9c083d3af5c8fd22fdb								syn68527944
file				DUPLICATE_FILENAME_1/0000434093_R2.fastq.gz			2487545440	9a0ab5a3acb2c999f32533077a9e5a14								syn68527955
file				DUPLICATE_FILENAME_1/0000434105_R1.fastq.gz			1646364031	3f41833c64544215157c1136c0f0136c								syn68527957
file				DUPLICATE_FILENAME_1/0000434105_R2.fastq.gz			1838550050	fe697b8ab33b8d7a8f77371131710e3a								syn68527985
file				0000434424_R1.fastq.gz			977302428	ff53261e36500053b9c82443aaabb8fe								syn68527995
file				0000434424_R2.fastq.gz			1145681757	77e89f6162718143da50c5e0af9176d7								syn68527998
file				DUPLICATE_FILENAME_1/0000434568_R1.fastq.gz			1108393427	ae52a8faa38306db4224f6139405f47a								syn68528000
file				DUPLICATE_FILENAME_1/0000434568_R2.fastq.gz			1276279046	67e555e448e43be790adc75dc174758e								syn68528001
file				DUPLICATE_FILENAME_1/0000446970_R1.fastq.gz			808287451	dd272df79915ae785050b9d061fc58b5								syn68528002
file				DUPLICATE_FILENAME_1/0000446970_R2.fastq.gz			943160370	eaa50fd7e4416839377cdf1f2d0eac9d								syn68528005
file				DUPLICATE_FILENAME_1/0000447031_R1.fastq.gz			929586984	ac466b32e6daaf96ecd82783580ec933								syn68528012
file				DUPLICATE_FILENAME_1/0000447031_R2.fastq.gz			1063574027	992e87e04a6ac1c0e8f0f718742be701								syn68528013
file				DUPLICATE_FILENAME_1/0000447063_R1.fastq.gz			1487728666	740f7e4697fcc88b6db8fac8312650a3								syn68528017
file				DUPLICATE_FILENAME_1/0000447063_R2.fastq.gz			1638461212	2bbfaae7c091c1d75fddb2ba3654305e								syn68528020
file				DUPLICATE_FILENAME_1/0000447194_R1.fastq.gz			1345161496	9863506be11ff01e9aa84d06e9dc3a63								syn68528023
file				01efb471-c8ae-47d8-b843-2f26ebb69c5a_R1.fq.gz			203265449	9c332e3218399e11fb99bf498d5bc961								syn68528024
file				01efb471-c8ae-47d8-b843-2f26ebb69c5a_R2.fq.gz			205423069	fbe49af016d1a977bc3607b4696bf729								syn68528027
file				1821cad7-d8f4-4381-8c7f-8205efcb364e_R1.fq.gz			169058473	3e3970a8af0d9be91063a9301be9e83e								syn68528028
file				1821cad7-d8f4-4381-8c7f-8205efcb364e_R2.fq.gz			163129093	7c75e4ff8f3e5de87ebff491706aef02								syn68528029
file				2c63b2ca-45a7-4f46-8c6f-61639eacc148_R1.fq.gz			3075765680	910fff01879571443f86a5aea4f594ad								syn68528035
file				2c63b2ca-45a7-4f46-8c6f-61639eacc148_R2.fq.gz			3363933088	fad895a4345c86e1996101e59bd45353								syn68528044
file				2e094978-ae36-4096-86ee-d3ebe47cb852_R1.fq.gz			175184219	536bacb518cee94073533a93518cce8f								syn68528041
file				2e094978-ae36-4096-86ee-d3ebe47cb852_R2.fq.gz			177214595	a75d7c32af5b938716a49045027e0719								syn68528043
file				337f017a-f1c5-4d4e-9dc0-9f706563883a_R1.fq.gz			367730256	f744f150aa7319398c3665f0ddd11957								syn68528046
file				337f017a-f1c5-4d4e-9dc0-9f706563883a_R2.fq.gz			363103224	be3b4fce7583c02009cdf86939c545f2								syn68528047
file				599c20d4-d14f-4a83-aa12-7504dbc5dd42_R1.fq.gz			215139320	23e9a8603180f7ae796ebdd42c27b1c2								syn68528048
file				599c20d4-d14f-4a83-aa12-7504dbc5dd42_R2.fq.gz			207643130	f28df2a8c8e8343f3b15dd8e27186400								syn68528051
file				63fcac29-e069-48cf-bb5e-004004c4d8c1_R1.fq.gz			357488452	f11a1dbe5ea2df349ce33821934542ed								syn68528054
file				63fcac29-e069-48cf-bb5e-004004c4d8c1_R2.fq.gz			366319723	51f4287f7d1f0fb39b94a89d20275353								syn68528057
file				721fcd40-ac1c-4fce-a3c4-9b66da43c2ca_R1.fq.gz			1969555746	afdb82587cd216c635efaf76ba8f5d21								syn68528066
file				721fcd40-ac1c-4fce-a3c4-9b66da43c2ca_R2.fq.gz			2217149163	280b5f73cb0153eb98bf9089f3be9b8f								syn68528074
file				73672db1-cfd6-4303-9075-11bc442c926b_R1.fq.gz			220614530	64afc4733fb35610a7d8fd71895f4112								syn68528072
file				73672db1-cfd6-4303-9075-11bc442c926b_R2.fq.gz			223367748	ebda282de688f135dbea24b064c95daf								syn68528075
file				783a5580-78e0-4ae0-95b5-e12f48f2eae2_R1.fq.gz			205694636	69c6974197b9be4fc804f1985041402d								syn68528077
file				783a5580-78e0-4ae0-95b5-e12f48f2eae2_R2.fq.gz			206772510	17e2ca0d628f61b48baa76f51ff7c0aa								syn68528079
file				847c9e66-6ba0-4872-9185-a10c81543098_R1.fq.gz			206179534	2c2ab0fa5c0f46d3fdeb5f00ae61c587								syn68528081
file				847c9e66-6ba0-4872-9185-a10c81543098_R2.fq.gz			208247412	9c87f3a35794d59e1236049f746251b7								syn68528085
file				86e1fa2a-577a-41ea-b07b-771c8e7fd105_R1.fq.gz			226334518	a1185353cbc1db5f863993a5e1851d04								syn68528087
file				86e1fa2a-577a-41ea-b07b-771c8e7fd105_R2.fq.gz			228303253	6400ac5cc7e41080f50040d8bed95aed								syn68528088
file				8a049868-852c-484b-af34-d83686866090_R1.fq.gz			154282785	bf712306ac1bae428678966001479b1e								syn68528090
file				8a049868-852c-484b-af34-d83686866090_R2.fq.gz			155560079	e3cff1208445c223a13cadd9632933ea								syn68528117
file				90aa5328-13a3-4456-81d6-5014b4f91e42_R1.fq.gz			366285702	4c8e745f68558f961b0aa2db2731243b								syn68528119
file				90aa5328-13a3-4456-81d6-5014b4f91e42_R2.fq.gz			365947722	37a9d614f35b13de33e081cbf616e6fb								syn68528121
file				95c81b69-a0ce-460a-8860-7c3628234f71_R1.fq.gz			210583046	da8f047f0df2f04b4d3d900a69c8af60								syn68528127
file				95c81b69-a0ce-460a-8860-7c3628234f71_R2.fq.gz			212749288	1ef8d6d184c106fd595ce4475e44414d								syn68528130
file				9954a4e1-6d64-4edb-ab7e-ab5375545a80_R1.fq.gz			158983667	31fb59ff2d59881a9a84859ba05fd6d3								syn68528133
file				9954a4e1-6d64-4edb-ab7e-ab5375545a80_R2.fq.gz			161747685	45932f84cba7c606a29e64776b5ba4bf								syn68528134
file				a7067ca6-b530-4aa7-8b52-a9dcf206f289_R1.fq.gz			358267618	6e379967090849715beaba2b4e403a8c								syn68528136
file				a7067ca6-b530-4aa7-8b52-a9dcf206f289_R2.fq.gz			355206996	9f07e5da0c564877724eef90b1b94838								syn68528139
file				ac32c0d4-5470-4ca7-8d63-cb60048cf1bc_R1.fq.gz			1764014333	de4437ae2c62eaad09849b39e632f21a								syn68528150
file				ac32c0d4-5470-4ca7-8d63-cb60048cf1bc_R2.fq.gz			1994390611	daa9631fa09f5d6d411cf61c75f8a678								syn68528156
file				b29f6077-ff4a-4e24-a76f-afbc4253ddbd_R1.fq.gz			362736058	9c6452feefbc8c233ed4d9e46dcee61e								syn68528158
file				b29f6077-ff4a-4e24-a76f-afbc4253ddbd_R2.fq.gz			362061917	f6f6ef5bc8453ae46ebb80c386bf9a33								syn68528161
file				bc59088b-2bd6-4835-be73-8e41534af98f_R1.fq.gz			179844921	2723406de32b585bd74d8e307f289d9b								syn68528164
file				bc59088b-2bd6-4835-be73-8e41534af98f_R2.fq.gz			181398179	eea582306658a9fb7f747334beb393ba								syn68528166
file				bcff5ca4-a534-4024-b7b6-32f7684f8c28_R1.fq.gz			164532863	d849ff884f15cba40de5fdc24501bd6f								syn68528169
file				bcff5ca4-a534-4024-b7b6-32f7684f8c28_R2.fq.gz			161598468	c9f463b76245c80fbf09e6e33781cc85								syn68528172
file				bdd17b06-3fcd-43e4-a9a1-f6ebc568944e_R1.fq.gz			2016031893	bb0c70d718610e8df5de24e3cb04ba26								syn68528176
file				bdd17b06-3fcd-43e4-a9a1-f6ebc568944e_R2.fq.gz			2293914432	9e3c0cf7e8f6424fffd7be2a5df96f7a								syn68528183
file				c3a84e06-0005-4d2a-8cdc-abc453ebfd4e_R1.fq.gz			156364404	3cdbddb7e189fc3bad5a761301d52326								syn68528184
file				c3a84e06-0005-4d2a-8cdc-abc453ebfd4e_R2.fq.gz			157727210	d96389a964ee5fd32948fc3c58f35f87								syn68528188
file				dab2e9d0-78cb-4b44-bcd1-ed30b5d31bbf_R1.fq.gz			159150337	190c357e8292cad39012df3ccf798824								syn68528192
file				dab2e9d0-78cb-4b44-bcd1-ed30b5d31bbf_R2.fq.gz			162637007	2860d775c97494688ebac4ef64acaffd								syn68528194
file				ee0485e6-989b-4880-8c86-fd09610b33b3_R1.fq.gz			208231616	7d7d6b69e1cb6b97a8b7bb9030007175								syn68528195
file				ee0485e6-989b-4880-8c86-fd09610b33b3_R2.fq.gz			204671893	7f7a266da526aa846332c1ea05966949								syn68528198
file				PCGA02_20104_1062012_WES_1.fastq.gz			7497883325	838fb5c1742ea37b7147daef92476938								syn66050746
file				PCGA02_20104_1062012_WES_2.fastq.gz			7815340476	4ecde5369a57e4074e3fbbc03b9db63b								syn66224720
file				PCGA02_20104_1092010_WES_1.fastq.gz			7660411898	94dd0f4836196c27d5fab5a665366109								syn66050745
file				PCGA02_20104_1092010_WES_2.fastq.gz			8243082081	ed61e4d74cfb3dc89711fc29084ce444								syn66224719
file				PCGA02_20119_1019102_WES_1.fastq.gz			17076055549	40875095755f6b415bb35a3ac8d67407								syn66047055
file				PCGA02_20119_1019102_WES_2.fastq.gz			69206016	ebaa74df75845d94d0ef01b29fedef6c								syn66225117
file				PCGA02_20132_1013201_WES_1.fastq.gz			10022304375	a2566b912f39220ddaa2eca7ad21655e								syn65931678
file				PCGA02_20132_1013201_WES_2.fastq.gz			10432439481	d724ace2847c348d94513db26e4b9371								syn65931683
file				PCGA02_20132_1032101_WES_1.fastq.gz			10785890604	84630a7d3fdad2ee0919824a792f05f4								syn66047058
file				PCGA02_20132_1032101_WES_2.fastq.gz			11264095082	95acb2115e49b0f4f87163844a4ba847								syn66047061
file				PCGA02_20132_1032103_WES_2.fastq.gz			10053535042	2b198a51f4a74d26b233543d81cdf183								syn66225645
file				PCGA02_20152_1052109_WES_1.fastq.gz			15906122727	9acfd1af7f264a0f51f1f10e108445e0								syn66225699
file				PCGA02_20152_1052109_WES_2.fastq.gz			16383319747	380adfa907a20c729edc813b19e73936								syn66047054
file				PCGA02_20132_1032103_WES_1.fastq.gz			1967390720	9501a2ca230e0d727a565b4609bc1adc								syn66225597
file				TargetedDNA_PCGA-01-0001-029-20126-01119BX-1031690D_R1.fastq.gz			852185381	71657fbebb750d190b4f12e68a3c92f5								syn68411086
file				TargetedDNA_PCGA-01-0001-029-20126-01119BX-1031690D_R2.fastq.gz			950704795	a1f1067b75491bf47a979656d911ae88								syn68411087
file				TargetedDNA_PCGA-01-0001-037-20126-01120BX-1031691D_R1.fastq.gz			849204163	eae29dec53fabe70a7dd052e32927079								syn68411088
file				TargetedDNA_PCGA-01-0001-037-20126-01120BX-1031691D_R2.fastq.gz			953269411	17b55e1dd2ef3f3aeb5d1ff84e90e4a8								syn68411089
file				TargetedDNA_PCGA-01-0001-037-20343-01318BX-1031728D_R1.fastq.gz			829969961	e5842255b86af58f3904921b634eaedf								syn68411090
file				TargetedDNA_PCGA-01-0001-037-20343-01318BX-1031728D_R2.fastq.gz			936937170	dd776c62598e3fad0875c345463e2368								syn68411091
file				TargetedDNA_PCGA-01-0001-050-20126-01121BX-1031692D_R1.fastq.gz			803239997	f75f98d817e78adb2b5345d427680dfc								syn68411092
file				TargetedDNA_PCGA-01-0001-050-20126-01121BX-1031692D_R2.fastq.gz			904401714	594edea5250bd8add13518b03dd61397								syn68411093
file				TargetedDNA_PCGA-01-0001-050-20343-01319BX-1031729D_R1.fastq.gz			768257498	9cea6a10808cfe4e32013cdaa062fdb8								syn68411094
file				TargetedDNA_PCGA-01-0001-050-20343-01319BX-1031729D_R2.fastq.gz			860135500	83c58278c94ec9d9d513e97212e2e1d3								syn68411095
file				TargetedDNA_PCGA-01-0001-070-20126-01117BX-1031688D_R1.fastq.gz			798803871	7aefe45b54b95c93b3772381691a4803								syn68411096
file				TargetedDNA_PCGA-01-0001-070-20126-01117BX-1031688D_R2.fastq.gz			894453102	25e9d6a2b73c8f941680a3f8d98be591								syn68411097
file				TargetedDNA_PCGA-01-0001-070-20343-01316BX-1031726D_R1.fastq.gz			982319305	f194d8ea958e04cdb112ea69665ba95b								syn68411098
file				TargetedDNA_PCGA-01-0001-070-20343-01316BX-1031726D_R2.fastq.gz			1090782568	43d2d094e661b96ff1bc2e95e19dc604								syn68411100
file				TargetedDNA_PCGA-01-0001-074-20126-01116BX-1031687D_R1.fastq.gz			864775630	9953b94681cce419cbdbf3a0821c53de								syn68411102
file				TargetedDNA_PCGA-01-0001-074-20126-01116BX-1031687D_R2.fastq.gz			941432260	51e9215b39cc8f058e38d26011952aed								syn68411103
file				TargetedDNA_PCGA-01-0001-074-20343-01315BX-1031725D_R1.fastq.gz			824225330	8266549d609264760c913e35f683a154								syn68411104
file				TargetedDNA_PCGA-01-0001-074-20343-01315BX-1031725D_R2.fastq.gz			911993453	68f612f2d8e24428048a060c45eb9d21								syn68411105
file				TargetedDNA_PCGA-01-0001-076-20343-01314BX-1031724D_R1.fastq.gz			897163310	0120c0f31d13250cb9ed2aaed61a2d79								syn68411106
file				TargetedDNA_PCGA-01-0001-076-20343-01314BX-1031724D_R2.fastq.gz			988675616	1a912832590aa5475a5bc67ca3e20ff8								syn68411107
file				TargetedDNA_PCGA-01-0001-077-20126-01115BX-1031686D_R1.fastq.gz			767501724	4a81d7e41a695fc3e99c9f67e620707f								syn68411108
file				TargetedDNA_PCGA-01-0001-077-20126-01115BX-1031686D_R2.fastq.gz			842919551	c6cd297cb65a39bfc87ad059250a9cee								syn68411109
file				TargetedDNA_PCGA-01-0001-086-20126-01113BR-1031685D_R1.fastq.gz			781510322	efc6bf8579ee4d8fc1e3b0661b08e371								syn68411110
file				TargetedDNA_PCGA-01-0001-086-20126-01113BR-1031685D_R2.fastq.gz			860648380	8da48f9e7ec270599a0404b75f59e127								syn68411111
file				TargetedDNA_PCGA-01-0001-086-20343-01312BR-1031723D_R1.fastq.gz			724752050	9ac8bf58703228db4dee5fa358704846								syn68411112
file				TargetedDNA_PCGA-01-0001-086-20343-01312BR-1031723D_R2.fastq.gz			851140111	b6e2672c9bf22a8bbd3c7446d4506a65								syn68411113
file				TargetedDNA_PCGA-01-0001-089-20126-01118BX-1031689D_R1.fastq.gz			709858008	c4bb566df40af74b3c1d31d8a84dbe0d								syn68411114
file				TargetedDNA_PCGA-01-0001-089-20126-01118BX-1031689D_R2.fastq.gz			758888528	eb6bb7071850ecd182bac2ddd82e1fbe								syn68411115
file				TargetedDNA_PCGA-01-0001-089-20343-01317BX-1031727D_R1.fastq.gz			778801268	d67c863aff3f130276798ed9d80e8f56								syn68411116
file				TargetedDNA_PCGA-01-0001-089-20343-01317BX-1031727D_R2.fastq.gz			871574814	8d3ae0cb30b1f5ecb1838d5dcaf84560								syn68411117
file				TargetedDNA_PCGA-01-0003-086-24730-00945BR-1031664D_R1.fastq.gz			733176301	bd3e2624fd30950e9996bdd2579662ca								syn68411118
file				TargetedDNA_PCGA-01-0003-086-24730-00945BR-1031664D_R2.fastq.gz			844395015	de2b4f91d11df92d7d51345b646bbd4e								syn68411119
file				TargetedDNA_PCGA-01-0003-089-24730-00947BX-1031665D_R1.fastq.gz			727652739	1b07421eccd31a0e3a9d5c04baafbcc6								syn68411120
file				TargetedDNA_PCGA-01-0003-089-24730-00947BX-1031665D_R2.fastq.gz			852666777	6f235d28cbbb121514b3240a93d7d05f								syn68411121
file				TargetedDNA_PCGA-01-0006-000-00000-00000BL-1031439D_R1.fastq.gz			666235553	db31304e7acac6202bcd6d8b1c39051c								syn68411122
file				TargetedDNA_PCGA-01-0006-000-00000-00000BL-1031439D_R2.fastq.gz			723650284	b7a22d40938a315754cf6e2116f95c96								syn68411123
file				TargetedDNA_PCGA-01-0006-037-21015-01279BX-1031717D_R1.fastq.gz			753336266	4a33aca2a1846e44e36aa6a8eb2d8317								syn68411124
file				TargetedDNA_PCGA-01-0006-037-21015-01279BX-1031717D_R2.fastq.gz			889464464	7a84593391c06c085ec89b9c138d3079								syn68411125
file				TargetedDNA_PCGA-01-0006-084-21015-01278BX-1031716D_R1.fastq.gz			771356682	21c1bef2c15071ea3e7499d046a70459								syn68411126
file				TargetedDNA_PCGA-01-0006-084-21015-01278BX-1031716D_R2.fastq.gz			899938325	af8076e86ba96abd42f60f4b30f2682b								syn68411127
file				TargetedDNA_PCGA-01-0008-050-22263-01196BX-1031704D_R1.fastq.gz			666521050	e0c8047b4c37da5cbde93f7340cd6ac4								syn68411128
file				TargetedDNA_PCGA-01-0008-050-22263-01196BX-1031704D_R2.fastq.gz			815454067	f23af14faa380312e9887069d4877561								syn68411132
file				TargetedDNA_PCGA-01-0008-070-22263-01193BX-1030820D_R1.fastq.gz			651014151	d675545d5c80c59099dfe85510c7c687								syn68411133
file				TargetedDNA_PCGA-01-0008-070-22263-01193BX-1030820D_R2.fastq.gz			792703629	98fd2eb75eef8fe1c87903c84d80ba38								syn68411134
file				TargetedDNA_PCGA-01-0008-074-22263-01191BX-1031701D_R1.fastq.gz			633870553	d4737470434022fefc0903198c90f327								syn68411135
file				TargetedDNA_PCGA-01-0008-074-22263-01191BX-1031701D_R2.fastq.gz			779991429	c30e5b7a0b475d22c7d761db34fd59f4								syn68411136
file				TargetedDNA_PCGA-01-0008-086-22263-01189BR-1031700D_R1.fastq.gz			718858411	b8c1ed347fe81e308f357ac8e9f95b1a								syn68411137
file				TargetedDNA_PCGA-01-0008-086-22263-01189BR-1031700D_R2.fastq.gz			835344659	8a50ba38648266ad94fbe8ccc07437ef								syn68411138
file				TargetedDNA_PCGA-01-0008-094-22263-01192BX-1030819D_R1.fastq.gz			836073868	f176046cb099e39b50aa9d2449dd33c6								syn68411163
file				TargetedDNA_PCGA-01-0008-094-22263-01192BX-1030819D_R2.fastq.gz			1021516124	7df13a2b8410df8f50c6ccfb9887e476								syn68411205
file				TargetedDNA_PCGA-01-0012-000-00000-00000BL-1031442D_R1.fastq.gz			134385133	db692b2b5c5377c8602697c0b71a4bbf								syn68411213
file				TargetedDNA_PCGA-01-0012-000-00000-00000BL-1031442D_R2.fastq.gz			143883486	759f0cd13c0f8d3e659650ba34a8172b								syn68411219
file				TargetedDNA_PCGA-01-0012-049-21836-01252BX-1031710D_R1.fastq.gz			638315674	98b1e02a1a04ffb21ee6d35c4f8b3cc8								syn68411241
file				TargetedDNA_PCGA-01-0012-049-21836-01252BX-1031710D_R2.fastq.gz			686854455	c542a5aae7a694729fb73215e0af8d52								syn68411263
file				TargetedDNA_PCGA-01-0012-050-21836-01253BX-1031711D_R1.fastq.gz			866650993	de6f54a372d5f225b4411d0e6cfbc0d3								syn68411284
file				TargetedDNA_PCGA-01-0012-050-21836-01253BX-1031711D_R2.fastq.gz			941576084	5159bab98d6e0e553b9e9f32095a29c2								syn68411305
file				TargetedDNA_PCGA-01-0022-000-00000-00000BL-1031444D_R1.fastq.gz			707720336	0bdeb217b00def8ff5e64aa5e598e2bf								syn68411318
file				TargetedDNA_PCGA-01-0022-000-00000-00000BL-1031444D_R2.fastq.gz			782972434	69034e5226738479fc98dd813c3c6819								syn68411333
file				TargetedDNA_PCGA-01-0022-030-21996-01172BX-1030829D_R1.fastq.gz			737593545	dfcc0c4eb869912212eeda609874b4b2								syn68411345
file				TargetedDNA_PCGA-01-0022-030-21996-01172BX-1030829D_R2.fastq.gz			832088404	97841a9f94947893bd4626d2345f7d8a								syn68411356
file				TargetedDNA_PCGA-01-0022-037-21996-01173BX-1030830D_R1.fastq.gz			810432826	442b55ca53465844da2f37fa27105a20								syn68411365
file				TargetedDNA_PCGA-01-0022-037-21996-01173BX-1030830D_R2.fastq.gz			915879443	62f8044343b1edfb560a869aad229e0e								syn68411375
file				TargetedDNA_PCGA-01-0022-050-21996-01174BX-1030831D_R1.fastq.gz			717593524	3aa6b460c2322bbdb1650b095c4700eb								syn68411383
file				TargetedDNA_PCGA-01-0022-050-21996-01174BX-1030831D_R2.fastq.gz			804993247	9e75f407d9592675b4783738df83d919								syn68411392
file				TargetedDNA_PCGA-01-0022-070-21996-01169BX-1031697D_R1.fastq.gz			766157233	dc21d9c7db240d5a474f0853c724cfdd								syn68411401
file				TargetedDNA_PCGA-01-0022-070-21996-01169BX-1031697D_R2.fastq.gz			861613691	0fb2f03f344bafe42040d6668e190d3e								syn68411409
file				TargetedDNA_PCGA-01-0022-089-21996-01170BX-1031698D_R1.fastq.gz			698168007	9ba130abfefeda9d3ffe59812e6e75a9								syn68411417
file				TargetedDNA_PCGA-01-0022-089-21996-01170BX-1031698D_R2.fastq.gz			754784488	050b0aea088e62c9bac275df14dd81d5								syn68411425
file				TargetedDNA_PCGA-01-0025-048-21689-01106BX-1031682D_R1.fastq.gz			798385459	14ca6b22ea8ba3f782a0abac5c3bc764								syn68411433
file				TargetedDNA_PCGA-01-0025-048-21689-01106BX-1031682D_R2.fastq.gz			873688083	0570214c98a865ebb765c1b8110dc39f								syn68411441
file				TargetedDNA_PCGA-01-0025-050-21689-01108BX-1031684D_R1.fastq.gz			701170769	fc50627842fe582d545ae4c1d621f06c								syn68411448
file				TargetedDNA_PCGA-01-0025-050-21689-01108BX-1031684D_R2.fastq.gz			797970518	86b24a8b70da22417374e0c15fd39b8d								syn68411457
file				TargetedDNA_PCGA-01-0025-074-21689-01105BX-1031681D_R1.fastq.gz			869736305	f3976d3deac670a14329157c185bda65								syn68411466
file				TargetedDNA_PCGA-01-0025-074-21689-01105BX-1031681D_R2.fastq.gz			1000452255	42eaa2ea173bf9342f723f455df264a2								syn68411474
file				TargetedDNA_PCGA-01-0025-094-21689-01107BX-1031683D_R1.fastq.gz			864691287	23dc4fb3c7ab3c7d328a61ce9bb8f8cb								syn68411483
file				TargetedDNA_PCGA-01-0025-094-21689-01107BX-1031683D_R2.fastq.gz			972880926	7fccf19963b902317ab522ae76eb5bca								syn68411491
file				TargetedDNA_PCGA-01-0028-000-00000-00000BL-1031445D_R1.fastq.gz			676560762	5c2d5cf53cd63505fedd12474ed05955								syn68411497
file				TargetedDNA_PCGA-01-0028-000-00000-00000BL-1031445D_R2.fastq.gz			712846543	d3ac8b23d2500e15c3d965e64740e06d								syn68411504
file				TargetedDNA_PCGA-01-0028-041-24262-01264BX-1031713D_R1.fastq.gz			741286867	cce1cd764557971b328cdea68f15a86a								syn68411511
file				TargetedDNA_PCGA-01-0028-041-24262-01264BX-1031713D_R2.fastq.gz			837682201	0bca479571e09fa6b3361afa40869afa								syn68411518
file				TargetedDNA_PCGA-01-0028-050-24262-01265BX-1031714D_R1.fastq.gz			653843697	aa58c0ff625078368b738fe32426535d								syn68411524
file				TargetedDNA_PCGA-01-0028-050-24262-01265BX-1031714D_R2.fastq.gz			709435180	c8471b11220e53f2d9d5dfa3418fd2a5								syn68411531
file				TargetedDNA_PCGA-01-0031-000-00000-00000BL-1019047D_R1.fastq.gz			784305380	3f7603559b588845b8eff4e01d95567f								syn68411538
file				TargetedDNA_PCGA-01-0031-000-00000-00000BL-1019047D_R2.fastq.gz			912264911	f356c565f7a9dbc0b4c3113dacddbbe7								syn68411546
file				TargetedDNA_PCGA-01-0031-021-24726-01062BX-1031673D_R1.fastq.gz			697588322	35e9b1929fa70ec78083a8ad375d22ad								syn68411552
file				TargetedDNA_PCGA-01-0031-021-24726-01062BX-1031673D_R2.fastq.gz			768862247	e42fcc8698c5a0a2845bff1d03cc2974								syn68411559
file				TargetedDNA_PCGA-01-0031-053-24726-01061BX-1031672D_R1.fastq.gz			746285640	adb94cd8b7ae9b389cb098d16e94da73								syn68411566
file				TargetedDNA_PCGA-01-0031-053-24726-01061BX-1031672D_R2.fastq.gz			845599538	18b96f6c003b7d0e2aca48e7c1e3387d								syn68411573
file				TargetedDNA_PCGA-01-0031-074-24726-01060BX-1031671D_R1.fastq.gz			791901497	1dc3b37af42adf18685967ac8ae68f47								syn68411580
file				TargetedDNA_PCGA-01-0031-074-24726-01060BX-1031671D_R2.fastq.gz			882547204	64abb04947960b1a65f775200536b1e8								syn68411588
file				TargetedDNA_PCGA-01-0033-000-00000-00000BL-1033935D_R1.fastq.gz			762571619	26678ab06a2e8c68608aef96dcec9a3f								syn68411595
file				TargetedDNA_PCGA-01-0033-000-00000-00000BL-1033935D_R2.fastq.gz			887424740	33eacb37af5601f810673110fa7e2c72								syn68411603
file				TargetedDNA_PCGA-01-0033-043-20582-00972BR-1034190D_R1.fastq.gz			724553771	6d7f7d8f947ffa2285ac7a3c63f4f68d								syn68411610
file				TargetedDNA_PCGA-01-0033-043-20582-00972BR-1034190D_R2.fastq.gz			833360400	2a3a34189a36b480ac47b40ddba37c03								syn68411617
file				TargetedDNA_PCGA-01-0033-043-20864-01243BR-1034243D_R1.fastq.gz			842161688	481091256f88be7340ec4525f4d7e467								syn68411625
file				TargetedDNA_PCGA-01-0033-043-20864-01243BR-1034243D_R2.fastq.gz			969801363	6ec2533478be476518e158fee2196d18								syn68411635
file				TargetedDNA_PCGA-01-0033-043-21079-01367BR-1034238D_R1.fastq.gz			690624677	68e99ec0ff3ceea8a11f4d73d4f7f5b4								syn68411641
file				TargetedDNA_PCGA-01-0033-043-21079-01367BR-1034238D_R2.fastq.gz			792223600	4f9fa02233fbd6155fb7eff999d9732d								syn68411648
file				TargetedDNA_PCGA-01-0033-048-20582-00974BX-1034181D_R1.fastq.gz			921163473	6112860899ceceae02054c2b1c3f766c								syn68411656
file				TargetedDNA_PCGA-01-0033-048-20582-00974BX-1034181D_R2.fastq.gz			1060785688	0e61e8efdd72ecd607c01d8cae7e97ee								syn68411666
file				TargetedDNA_PCGA-01-0033-048-21079-01371BX-1034307D_R1.fastq.gz			846695146	7f62e77f0b471446ced94ab4a9595e7c								syn68411674
file				TargetedDNA_PCGA-01-0033-048-21079-01371BX-1034307D_R2.fastq.gz			974295002	a4d7537a6b8ee4fa20c74b1a42042bb4								syn68411682
file				TargetedDNA_PCGA-01-0033-085-20582-00976BX-1034163D_R1.fastq.gz			733132484	da5065e88eb8f7ed53ada0af414c8b19								syn68411689
file				TargetedDNA_PCGA-01-0033-085-20582-00976BX-1034163D_R2.fastq.gz			852796489	8dca629023f9407dfdf4b0f5650a2e88								syn68411697
file				TargetedDNA_PCGA-01-0033-085-21079-01370BX-1034220D_R1.fastq.gz			869670302	5b0f139d83ddea356a02df89715e52bb								syn68411705
file				TargetedDNA_PCGA-01-0033-085-21079-01370BX-1034220D_R2.fastq.gz			1006638298	be7cacb19b8db2c5898a102dd18977fc								syn68411713
file				TargetedDNA_PCGA-01-0034-000-00000-00000BL-1033936D_R1.fastq.gz			752860053	a91083b24bf59fcf69627378e6179df3								syn68411719
file				TargetedDNA_PCGA-01-0034-000-00000-00000BL-1033936D_R2.fastq.gz			839174305	886d23c3534c616d11e31a8bd5e71788								syn68411727
file				TargetedDNA_PCGA-01-0034-086-22969-00915BR-1034170D_R1.fastq.gz			858101599	65f3a0a0d309e69d5b1d31a6917b2b50								syn68411736
file				TargetedDNA_PCGA-01-0034-086-22969-00915BR-1034170D_R2.fastq.gz			960042323	9e9d3da535891f0fd9206d9f095e16fb								syn68411743
file				TargetedDNA_PCGA-01-0034-086-23331-01164BR-1034222D_R1.fastq.gz			785898187	5d7743cf5849807ae3b6b45826a01308								syn68411749
file				TargetedDNA_PCGA-01-0034-086-23331-01164BR-1034222D_R2.fastq.gz			873811738	c7fe474881917ab957e4fcf552f80244								syn68411756
file				TargetedDNA_PCGA-01-0035-019-21168-01034BX-1034193D_R1.fastq.gz			903104149	53f0934179ad823d6164ebd35cfcefbe								syn68411763
file				TargetedDNA_PCGA-01-0035-019-21168-01034BX-1034193D_R2.fastq.gz			979340376	7bf43f3a783e1e86c641adc88cc271ae								syn68411769
file				TargetedDNA_PCGA-01-0035-019-21364-01259BX-1034235D_R1.fastq.gz			923554901	29e748365c44533b8602bf2c554b9a99								syn68411775
file				TargetedDNA_PCGA-01-0035-019-21364-01259BX-1034235D_R2.fastq.gz			970822173	6da2fd984281a87c12c3fb01543d2199								syn68411782
file				TargetedDNA_PCGA-01-0035-042-21168-01035BX-1034184D_R1.fastq.gz			808008510	0c4303c4c2619ae86ccd362e4a2b576f								syn68411788
file				TargetedDNA_PCGA-01-0035-042-21168-01035BX-1034184D_R2.fastq.gz			877821793	a6631f27c63d878428302f562ef55bde								syn68411794
file				TargetedDNA_PCGA-01-0035-042-21364-01260BX-1034226D_R1.fastq.gz			832303706	bfa0c70e24bf31e0443cebc42865c0e6								syn68411799
file				TargetedDNA_PCGA-01-0035-042-21364-01260BX-1034226D_R2.fastq.gz			872423025	b324d769c0ef32bd6915a89f9a80b8c2								syn68411806
file				TargetedDNA_PCGA-01-0035-050-21168-01039BX-1034148D_R1.fastq.gz			782546483	3a8a26d87ef3ac00fce40c33f3f9e4f4								syn68411812
file				TargetedDNA_PCGA-01-0035-050-21168-01039BX-1034148D_R2.fastq.gz			890263169	5cf9107911bc8f7748eeceb21865498b								syn68411819
file				TargetedDNA_PCGA-01-0035-050-21364-01261BX-1034217D_R1.fastq.gz			879899173	7e67afbd342a50ca3e4abe376f2b2511								syn68411827
file				TargetedDNA_PCGA-01-0035-050-21364-01261BX-1034217D_R2.fastq.gz			954013304	7fd66c563d6793592832d0b3888acc20								syn68411834
file				TargetedDNA_PCGA-01-0035-061-21168-01037BX-1034166D_R1.fastq.gz			860238235	740f2c0ea8174a6368233b3c3a898b16								syn68411841
file				TargetedDNA_PCGA-01-0035-061-21168-01037BX-1034166D_R2.fastq.gz			982125935	0c409ab2727c49c8bd3a754b7937a171								syn68411848
file				TargetedDNA_PCGA-01-0035-061-21364-01257BX-1034253D_R1.fastq.gz			829799214	0d2777c1255f97ebd90cdedb12636996								syn68411854
file				TargetedDNA_PCGA-01-0035-061-21364-01257BX-1034253D_R2.fastq.gz			894046560	adaeea8c4b9a97e1a92715a0a95b49be								syn68411861
file				TargetedDNA_PCGA-01-0035-074-21364-01256BX-1034262D_R1.fastq.gz			688284729	9895693f74e41afca1e8338dfbc52b3d								syn68411867
file				TargetedDNA_PCGA-01-0035-074-21364-01256BX-1034262D_R2.fastq.gz			827283110	a72b472f75aff24768199b922e48e440								syn68411874
file				TargetedDNA_PCGA-01-0035-086-21364-01254BR-1034271D_R1.fastq.gz			757533977	1e7badfb6c2dacf36e8dfa56b7239427								syn68411880
file				TargetedDNA_PCGA-01-0035-086-21364-01254BR-1034271D_R2.fastq.gz			801374428	c599172f398dd0503e7ec890892be603								syn68411886
file				TargetedDNA_PCGA-01-0035-093-21168-01038BX-1034157D_R1.fastq.gz			770501829	f99bee38b5b94bdbd96646f86b341c24								syn68411892
file				TargetedDNA_PCGA-01-0035-093-21168-01038BX-1034157D_R2.fastq.gz			866618418	741813797e697fe35af372ae0c45b8e3								syn68411899
file				TargetedDNA_PCGA-01-0035-093-21364-01258BX-1034244D_R1.fastq.gz			884199116	4b402e67d95889bad11c0fdb9a68acd6								syn68411907
file				TargetedDNA_PCGA-01-0035-093-21364-01258BX-1034244D_R2.fastq.gz			939798603	bed2a615701bb5a725f6a9b81e0ed8cb								syn68411914
file				TargetedDNA_PCGA-01-0036-000-00000-00000BL-1033938D_R1.fastq.gz			656180714	02b855c4f98fbe9a5de630b203c30dc7								syn68411920
file				TargetedDNA_PCGA-01-0036-000-00000-00000BL-1033938D_R2.fastq.gz			772273549	13a01c13ba0498dbcb73dab2f3c31201								syn68411926
file				TargetedDNA_PCGA-01-0036-048-21975-00298BX-1034167D_R1.fastq.gz			772437008	7359cfcad6ef19ac50a0b97600c7566f								syn68411932
file				TargetedDNA_PCGA-01-0036-048-21975-00298BX-1034167D_R2.fastq.gz			858242351	be91b072cf078f1be5313abaa0366079								syn68411939
file				TargetedDNA_PCGA-01-0036-048-22885-00913BX-1034188D_R1.fastq.gz			715483815	45bd82f80be87c754f32dae75f9f3f75								syn68411944
file				TargetedDNA_PCGA-01-0036-048-22885-00913BX-1034188D_R2.fastq.gz			816616151	be42a00e7d9f858571fe4e8069b36b37								syn68411953
file				TargetedDNA_PCGA-01-0036-050-22885-00914BX-1034179D_R1.fastq.gz			940395233	abcca2c692f4236bea3dc664e8744fa8								syn68411960
file				TargetedDNA_PCGA-01-0036-050-22885-00914BX-1034179D_R2.fastq.gz			1067277652	42f33d31f7be8c79780d2dc7fed2940b								syn68411969
file				TargetedDNA_PCGA-01-0036-050-23647-01405BX-1034300D_R1.fastq.gz			785303515	d6c8a2b2350d10ccaf08fcc8752a42c0								syn68411974
file				TargetedDNA_PCGA-01-0036-050-23647-01405BX-1034300D_R2.fastq.gz			877057833	d77cfd47ff069b50a179604becc41eee								syn68411981
file				TargetedDNA_PCGA-01-0036-089-21975-00297BX-1034176D_R1.fastq.gz			840652347	6168c98647097e88d3690d35d895e132								syn68411988
file				TargetedDNA_PCGA-01-0036-089-21975-00297BX-1034176D_R2.fastq.gz			886747833	c05b0fc54ef8cabec7c35bf34e018ff0								syn68411994
file				TargetedDNA_PCGA-01-0036-089-22885-00911BX-1034197D_R1.fastq.gz			672024550	44ec4a8b0211760e51cfcf33b752f6e0								syn68412000
file				TargetedDNA_PCGA-01-0036-089-22885-00911BX-1034197D_R2.fastq.gz			749860567	17d774971eeb567f157aabe766fd84c0								syn68412014
file				TargetedDNA_PCGA-01-0036-089-23647-01404BX-1034302D_R1.fastq.gz			843039280	5219199b8aaa10abbabddba1476de75a								syn68412052
file				TargetedDNA_PCGA-01-0036-089-23647-01404BX-1034302D_R2.fastq.gz			934868874	3a4e412a739087b8e19b0f85c73b8a63								syn68412094
file				TargetedDNA_PCGA-01-0037-086-27849-00342BR-1034158D_R1.fastq.gz			834750474	eb56f917f06e9d37501427ba484c01a8								syn68412132
file				TargetedDNA_PCGA-01-0037-086-27849-00342BR-1034158D_R2.fastq.gz			881800415	553bc7780fd52fa791317ad03f8f5861								syn68412169
file				TargetedDNA_PCGA-01-0037-089-27849-00344BX-1034149D_R1.fastq.gz			841258335	aedd6093cd1f2f5252daa66fea50795a								syn68412204
file				TargetedDNA_PCGA-01-0037-089-27849-00344BX-1034149D_R2.fastq.gz			885834847	10dff6bd229dafd5c46570de421f193f								syn68412238
file				TargetedDNA_PCGA-01-0037-089-28409-00751BX-1034131D_R1.fastq.gz			849548350	616e9d1d09da9bdf0192ae5f1c7b8404								syn68412274
file				TargetedDNA_PCGA-01-0037-089-28409-00751BX-1034131D_R2.fastq.gz			908058351	47797e6df412a72cfb4f628a6038fcc6								syn68412310
file				TargetedDNA_PCGA-01-0038-000-00000-00000BL-1033939D_R1.fastq.gz			773848145	1e3ccd56c68ca78cb60de7e88a53c72a								syn68412341
file				TargetedDNA_PCGA-01-0038-000-00000-00000BL-1033939D_R2.fastq.gz			920506807	85b611fc468af25d7ea6e1ae0fe98b74								syn68412375
file				TargetedDNA_PCGA-01-0038-037-20756-00770BX-1034168D_R1.fastq.gz			784411293	e9e6bfec632f30d7e3019ea082251630								syn68412406
file				TargetedDNA_PCGA-01-0038-037-20756-00770BX-1034168D_R2.fastq.gz			863332059	9201b3d9730d37ac51acd3de5ca2b5fb								syn68412439
file				TargetedDNA_PCGA-01-0038-037-21323-01075BX-1034257D_R1.fastq.gz			850121103	ba7cddfb0d64158976570b2f44a650f3								syn68412471
file				TargetedDNA_PCGA-01-0038-037-21323-01075BX-1034257D_R2.fastq.gz			898196386	5d4e710d2d25a4705e14fd5d4f0c784c								syn68412503
file				TargetedDNA_PCGA-01-0038-037-21699-01390BX-1034297D_R1.fastq.gz			739483555	74c588f14af2e3dc959b89a1fd0f2d5a								syn68412528
file				TargetedDNA_PCGA-01-0038-037-21699-01390BX-1034297D_R2.fastq.gz			864587542	d2c14a3605b2329eded5ce6f56fdc720								syn68412564
file				TargetedDNA_PCGA-01-0040-000-00000-00000BL-1033941D_R1.fastq.gz			712634539	8ad8bc49ba878cded09d9d362450ea4e								syn68412744
file				TargetedDNA_PCGA-01-0040-000-00000-00000BL-1033941D_R2.fastq.gz			867113666	6d1d7060233344835777ecafe0f1cbdc								syn68412745
file				TargetedDNA_PCGA-01-0040-043-19895-01281BR-1034254D_R1.fastq.gz			814694938	9d19ac738c66e300f606be17a94b101d								syn68412746
file				TargetedDNA_PCGA-01-0040-043-19895-01281BR-1034254D_R2.fastq.gz			948753186	9ffc58901ed316ae5f9f4c935f2819c4								syn68412747
file				TargetedDNA_PCGA-01-0040-050-19706-01559BX-1042388D_R1.fastq.gz			773500497	e64170fbfd0baab8558e2f94fa0b3f98								syn68412748
file				TargetedDNA_PCGA-01-0040-050-19706-01559BX-1042388D_R2.fastq.gz			864065055	e00e4cfbb9ce05bf59252aad5493ff19								syn68412749
file				TargetedDNA_PCGA-01-0040-050-19895-01284BX-1034236D_R1.fastq.gz			801758527	60331767a2960c46389c9ab30dbb53df								syn68412750
file				TargetedDNA_PCGA-01-0040-050-19895-01284BX-1034236D_R2.fastq.gz			898160181	f92e58a1710df1ff40de36a2cc16e62f								syn68412751
file				TargetedDNA_PCGA-01-0040-085-19706-01557BX-1042386D_R1.fastq.gz			785009973	ae377b964d84bd05d8ee7d640989d6c8								syn68412752
file				TargetedDNA_PCGA-01-0040-085-19706-01557BX-1042386D_R2.fastq.gz			869660366	f7c800af873daf484ca013b1090362af								syn68412753
file				TargetedDNA_PCGA-01-0040-086-19706-01093BR-1034230D_R1.fastq.gz			720342709	0c10644be1d7792d1947a37a2231441a								syn68412754
file				TargetedDNA_PCGA-01-0040-086-19706-01093BR-1034230D_R2.fastq.gz			811704187	e22c998462a9c137621ea79d9893845d								syn68412755
file				TargetedDNA_PCGA-01-0040-093-19706-01098BX-1034221D_R1.fastq.gz			868123822	1d62f09d31b26236bca6b451ce9a539d								syn68412756
file				TargetedDNA_PCGA-01-0040-093-19706-01098BX-1034221D_R2.fastq.gz			987129933	d902ea07a70d6b3566e6486226715fe5								syn68412757
file				TargetedDNA_PCGA-01-0040-093-19706-01558BX-1042387D_R1.fastq.gz			766397602	7643e27527fe090ed045ed90bc73c043								syn68412758
file				TargetedDNA_PCGA-01-0040-093-19706-01558BX-1042387D_R2.fastq.gz			843453899	a63729cca599df73a012a2f806b21e34								syn68412759
file				TargetedDNA_PCGA-01-0040-093-19895-01283BX-1034245D_R1.fastq.gz			713414079	acb0388adfd6830bea02bdcd6c963997								syn68412760
file				TargetedDNA_PCGA-01-0040-093-19895-01283BX-1034245D_R2.fastq.gz			834771776	70c4286843a3f382bc9a77c8128deabd								syn68412761
file				TargetedDNA_PCGA-01-0041-000-00000-00000BL-1033942D_R1.fastq.gz			702176633	512105def79bcfcb74fb87e8905bea1e								syn68412762
file				TargetedDNA_PCGA-01-0041-000-00000-00000BL-1033942D_R2.fastq.gz			825428882	fd98fab2424ddb9f0951115e3a8dbc27								syn68412763
file				TargetedDNA_PCGA-01-0041-050-21430-00796BX-1034132D_R1.fastq.gz			740378935	6bb921f5f9400f8658b5338b6c1d8681								syn68412764
file				TargetedDNA_PCGA-01-0041-050-21430-00796BX-1034132D_R2.fastq.gz			886261147	63a7704dac6d59ff29362d7e902fd2ad								syn68412765
file				TargetedDNA_PCGA-01-0041-050-21703-00922BX-1034134D_R1.fastq.gz			535085373	4c49b4baf7888fa95ab8189bc2dea31f								syn68412766
file				TargetedDNA_PCGA-01-0041-050-21703-00922BX-1034134D_R2.fastq.gz			652034074	79aca6b73a02e6417f5057ad3f6983b4								syn68412767
file				TargetedDNA_PCGA-01-0041-050-22044-01183BX-1034268D_R1.fastq.gz			654776706	a7e81aefe2ad6c55381a10d7490e8a54								syn68412768
file				TargetedDNA_PCGA-01-0041-050-22044-01183BX-1034268D_R2.fastq.gz			823877986	bda460f45eb870f0ee2f04a5526a7eb9								syn68412769
file				TargetedDNA_PCGA-01-0041-093-21703-00919BX-1034152D_R1.fastq.gz			684160137	d59b5bba5c8d64d665ca77bb6408fd63								syn68412770
file				TargetedDNA_PCGA-01-0041-093-21703-00919BX-1034152D_R2.fastq.gz			856193662	e582fdacc63f7ff7e913dec2cf5bf01f								syn68412771
file				TargetedDNA_PCGA-01-0041-093-22044-01182BX-1034277D_R1.fastq.gz			638265394	39f2314630ced1fe04ff73fe68ee3bb7								syn68412772
file				TargetedDNA_PCGA-01-0041-093-22044-01182BX-1034277D_R2.fastq.gz			797561223	72662a2226f5de8b0096020f3a11525f								syn68412773
file				TargetedDNA_PCGA-01-0042-000-00000-00000BL-1033943D_R1.fastq.gz			908355390	08b92d1b31f45f945a3a60d42a756345								syn68412774
file				TargetedDNA_PCGA-01-0042-000-00000-00000BL-1033943D_R2.fastq.gz			1028533615	cbdb3f5647fbcbe0b48a1e61f012e57a								syn68412775
file				TargetedDNA_PCGA-01-0042-010-23680-00906BX-1034142D_R1.fastq.gz			729786917	78a2973691c6612bfcb902d6731f8ec4								syn68412776
file				TargetedDNA_PCGA-01-0042-010-23680-00906BX-1034142D_R2.fastq.gz			810857936	30ae6f0c0710c89e1818f43860f9f8fa								syn68412777
file				TargetedDNA_PCGA-01-0042-010-23911-01028BX-1034138D_R1.fastq.gz			753323144	3ebace3605e0490cb7aec85516c4690f								syn68412778
file				TargetedDNA_PCGA-01-0042-010-23911-01028BX-1034138D_R2.fastq.gz			891522563	7686d5d1568abda4610115904cca373d								syn68412779
file				TargetedDNA_PCGA-01-0042-048-23680-00907BX-1034133D_R1.fastq.gz			784625452	f83eaf8008e3fcf89dbf92fb82fa466f								syn68412780
file				TargetedDNA_PCGA-01-0042-048-23680-00907BX-1034133D_R2.fastq.gz			883990299	591afa4fff0cd654baf35023f3bdeb70								syn68412781
file				TargetedDNA_PCGA-01-0042-048-23911-01029BX-1034211D_R1.fastq.gz			809080858	d17da6c1859862a2928bbd3833181336								syn68412782
file				TargetedDNA_PCGA-01-0042-048-23911-01029BX-1034211D_R2.fastq.gz			880438684	1adbfa87745ec9ad0854a6c6d2daf783								syn68412783
file				TargetedDNA_PCGA-01-0043-037-21235-01043BX-1034284D_R1.fastq.gz			840468511	20de466e7881fd63dc7782ae62e0b89c								syn68412784
file				TargetedDNA_PCGA-01-0043-037-21235-01043BX-1034284D_R2.fastq.gz			913788695	fcac820facb7d3a071b6ecfd922e9709								syn68412785
file				TargetedDNA_PCGA-01-0043-037-21599-01350BX-1034247D_R1.fastq.gz			879603132	e1cc01117920fa2d0643484a52de77f5								syn68412786
file				TargetedDNA_PCGA-01-0043-037-21599-01350BX-1034247D_R2.fastq.gz			980317116	27a48ede48fbd8da96042f90e4a76a48								syn68412787
file				TargetedDNA_PCGA-01-0043-043-21235-01040BR-1034139D_R1.fastq.gz			763861498	6175ec7537caae1f34fb45bdfeb1adec								syn68412788
file				TargetedDNA_PCGA-01-0043-043-21235-01040BR-1034139D_R2.fastq.gz			850973257	b84ce1fd1642a74dc390eba6551123a1								syn68412789
file				TargetedDNA_PCGA-01-0043-043-21599-01347BR-1034265D_R1.fastq.gz			679770479	e5fbae1f4c89b564d242b30cc1007b1e								syn68412790
file				TargetedDNA_PCGA-01-0043-043-21599-01347BR-1034265D_R2.fastq.gz			813015585	a752f4c05c5de39852ed3f696891fb2f								syn68412791
file				TargetedDNA_PCGA-01-0043-085-21599-01349BX-1034256D_R1.fastq.gz			832446002	bd7735dc255f0fd9775f505b9153f49f								syn68412792
file				TargetedDNA_PCGA-01-0043-085-21599-01349BX-1034256D_R2.fastq.gz			938836087	152d4e19ff3cede84c945b21aa816c58								syn68412793
file				TargetedDNA_PCGA-01-0044-000-00000-00000BL-1033945D_R1.fastq.gz			646291878	6d2750d194daac03855b4dcbac0f2bab								syn68412794
file				TargetedDNA_PCGA-01-0044-000-00000-00000BL-1033945D_R2.fastq.gz			762337016	2dd261f099c20ba29de28ba6942501d8								syn68412795
file				TargetedDNA_PCGA-01-0050-000-00000-00000BL-1033951D_R1.fastq.gz			781998784	b06672556fe59a593f812ae2c30cdd98								syn68412890
file				TargetedDNA_PCGA-01-0050-000-00000-00000BL-1033951D_R2.fastq.gz			870758242	d06384750a017131f8fac4b4ed28ab76								syn68412891
file				TargetedDNA_PCGA-01-0050-041-23699-01232BX-1034215D_R1.fastq.gz			838587805	8e715b5d25719b27befe2b82f23affc2								syn68412892
file				TargetedDNA_PCGA-01-0050-041-23699-01232BX-1034215D_R2.fastq.gz			903060102	ba907cbb99e2d815d1e2ac830f37c939								syn68412893
file				TargetedDNA_PCGA-01-0050-050-23482-00998BX-1034209D_R1.fastq.gz			863082459	64d6198dd6ad48074c9073a7a7e9e7ea								syn68412895
file				TargetedDNA_PCGA-01-0050-050-23482-00998BX-1034209D_R2.fastq.gz			951936663	ead5e640e615f9a35be9d2b2528aad79								syn68412896
file				TargetedDNA_PCGA-01-0050-050-23699-01235BX-1034288D_R1.fastq.gz			734914661	94e3de5a001b9eb4cb983ca30281b219								syn68412897
file				TargetedDNA_PCGA-01-0050-050-23699-01235BX-1034288D_R2.fastq.gz			869671378	cf266e668c9fc3291b3ee085aefacd6e								syn68412898
file				TargetedDNA_PCGA-01-0050-084-23699-01229BX-1034224D_R1.fastq.gz			749716137	18d29b4fd2c1f1f3fec588294ed8b618								syn68412899
file				TargetedDNA_PCGA-01-0050-084-23699-01229BX-1034224D_R2.fastq.gz			805426913	cbc9979a48f4a5142e31f69b24205b33								syn68412900
file				TargetedDNA_PCGA-01-0051-000-00000-00000BL-1033952D_R1.fastq.gz			754896238	8ae2830635653b4c647b3906ad9c9fdb								syn68412901
file				TargetedDNA_PCGA-01-0051-000-00000-00000BL-1033952D_R2.fastq.gz			858330037	fda7605f7656f49048f824829fa3792f								syn68412902
file				TargetedDNA_PCGA-01-0051-086-22577-01160BR-1034240D_R1.fastq.gz			759730589	bb4e7a3fa3872bd86ef4631aa397eb28								syn68412903
file				TargetedDNA_PCGA-01-0051-086-22577-01160BR-1034240D_R2.fastq.gz			830498290	d30ee120b1adf020978b53989e90d78a								syn68412904
file				TargetedDNA_PCGA-01-0051-086-22786-01331BR-1034273D_R1.fastq.gz			724063293	c10c682697e9d21331880def476be50d								syn68412905
file				TargetedDNA_PCGA-01-0051-086-22786-01331BR-1034273D_R2.fastq.gz			805776841	e8d897fb4ae68b24d2b4e2bd31cd081d								syn68412906
file				TargetedDNA_PCGA-01-0051-089-22577-01162BX-1034231D_R1.fastq.gz			881662305	4f12cb4c0216850eb223eb6386a8a53b								syn68412907
file				TargetedDNA_PCGA-01-0051-089-22577-01162BX-1034231D_R2.fastq.gz			1009907571	39e49a765681d673538533db17249ecc								syn68412908
file				TargetedDNA_PCGA-01-0051-089-22786-01334BX-1034264D_R1.fastq.gz			777638206	da4d1326daefd29180ac2935e285551f								syn68412909
file				TargetedDNA_PCGA-01-0051-089-22786-01334BX-1034264D_R2.fastq.gz			884999902	717f633f7b20f99e68e119c32b7ad083								syn68412910
file				TargetedDNA_PCGA-01-0052-036-20842-01018BX-1034183D_R1.fastq.gz			701410462	ad628c1f753857d1118394ee3cc8f4d0								syn68412911
file				TargetedDNA_PCGA-01-0052-036-20842-01018BX-1034183D_R2.fastq.gz			757800107	a40b70f0bd09c48e2d52bcb428097a57								syn68412912
file				TargetedDNA_PCGA-01-0052-036-21157-01301BX-1034237D_R1.fastq.gz			657495251	f4ab79221dd71eaf6d14703398b8193e								syn68412913
file				TargetedDNA_PCGA-01-0052-036-21157-01301BX-1034237D_R2.fastq.gz			710497280	f4c654b11e572215231bed15717cfab1								syn68412914
file				TargetedDNA_PCGA-01-0052-048-20842-01017BX-1034192D_R1.fastq.gz			769698814	50b84b9a3d22fe13f680cb04166a7d2b								syn68412915
file				TargetedDNA_PCGA-01-0052-048-20842-01017BX-1034192D_R2.fastq.gz			829136106	3714fd6d485ef58dbc813ebecae981f9								syn68412916
file				TargetedDNA_PCGA-01-0052-048-21157-01302BX-1034228D_R1.fastq.gz			849132469	510f93c1b31cde3d4974365b66773bc8								syn68412917
file				TargetedDNA_PCGA-01-0052-048-21157-01302BX-1034228D_R2.fastq.gz			948728805	7e433ec62af99ec70c9baafd1cd49bd0								syn68412918
file				TargetedDNA_PCGA-01-0052-050-20842-01015BX-1034201D_R1.fastq.gz			794144949	a89a75c503372babef6bed1d05dc42c0								syn68412919
file				TargetedDNA_PCGA-01-0052-050-20842-01015BX-1034201D_R2.fastq.gz			849283005	325e154164875fe78d36fa63f517ea3c								syn68412920
file				TargetedDNA_PCGA-01-0052-050-21157-01303BX-1034219D_R1.fastq.gz			717272563	aa86409de6ea6020ce72ba4bf5baf290								syn68412922
file				TargetedDNA_PCGA-01-0052-050-21157-01303BX-1034219D_R2.fastq.gz			802726470	0b85bf611742ca4fb66036459ec159f8								syn68412923
file				TargetedDNA_PCGA-01-0052-086-20842-01011BR-1034137D_R1.fastq.gz			703654572	2d2b9eb74659ae3958e5930044201d70								syn68412924
file				TargetedDNA_PCGA-01-0052-086-20842-01011BR-1034137D_R2.fastq.gz			778686229	2c2b182d17c5ad0a5846aa012881246c								syn68412925
file				TargetedDNA_PCGA-01-0052-093-20842-01014BX-1034210D_R1.fastq.gz			777998254	d350265f8a65fd655dbee35e2e458506								syn68412926
file				TargetedDNA_PCGA-01-0052-093-20842-01014BX-1034210D_R2.fastq.gz			839990803	bbcd3a1b3510e714d7953784791fb02b								syn68412928
file				1511_06_WES_tumor_R1.fastq.gz			8940589738	8df4e573e810a27d99e8a5b5e082c4de								syn64587307
file				1511_06_WES_tumor_R2.fastq.gz			9123311866	48783919db23af294725ac242cfeecb1								syn64587300
file				1511_07_WES_normal_R1.fastq.gz			7458484456	ebfa4ca0f710a715ddd6663d8df6ec4b								syn64587261
file				1511_07_WES_normal_R2.fastq.gz			7498758942	f445a641969a2985ee1c6c8a7d3a7ceb								syn64587290
file				1511_07_WES_tumor_R1.fastq.gz			7781772178	3f8aa5b515d0aac1fa795fa0b8d8d03e								syn64587323
file				1511_07_WES_tumor_R2.fastq.gz			7960772285	de39c0a1dadd91fc2438205266093733								syn64587322
file				1525_07_WES_normal_R1.fastq.gz			6672857760	8b58b147fff2d93cd19c7329c7b23d92								syn64587297
file				1525_07_WES_normal_R2.fastq.gz			6701410192	51a88b3c872befc25ddedefd83e77bd7								syn64587255
file				1525_07_WES_tumor_R1.fastq.gz			8009078349	7a5123bec710d93e14586a4f6e568a95								syn64587351
file				1525_07_WES_tumor_R2.fastq.gz			8247368879	4038fbde89501eaa156fc7ebf5f3331b								syn64587285
file				1526_07_WES_normal_R1.fastq.gz			4699204912	0aa81883eda1400959f5170acd5b3054								syn64587293
file				1526_07_WES_normal_R2.fastq.gz			4678815537	2f52735946f5b61bcc12dce201ed49d3								syn64587331
file				1526_07_WES_tumor_R1.fastq.gz			12060832299	fd05bcdfee6f31e5ee46d1effc39468a								syn64587316
file				1526_07_WES_tumor_R2.fastq.gz			12324819979	773629c90477e07a5f0488fe20885ce2								syn64587346
file				gerald_HFHFCDSXX_1_ACACCAGT-GATGCACT.bam			12669629417	775effd5d8bb9e3c596c8fff887257e7								syn64587337
file				gerald_HFHFCDSXX_1_ACGACAGA-TAGTTGCG.bam			10098556406	67066dfbd26a14af104d40be39359eb1								syn64587279
file				gerald_HFHFCDSXX_1_AGCAAGCA-GTCTCCTT.bam			8997023488	b52c7a2b1d71d6db7f33a202be60cbc2								syn64587277
file				gerald_HFHFCDSXX_1_AGCTTGAG-GTCTGATC.bam			4723376839	2f496f2d771b72f718430b82784019b3								syn64587271
file				gerald_HFHFCDSXX_1_AGTCGCTT-AGGTTCGA.bam			4793782725	db86de0978f70868e15fc3db9e7849fd								syn64587306
file				gerald_HFHFCDSXX_1_AGTGTTGG-CGTCAATG.bam			12032629152	8bf81b1a58bcca36eaad1019df1dca90								syn64587276
file				gerald_HFHFCDSXX_1_ATGCCAAC-GTCGGTAA.bam			9703483563	fbf77220a6a42a46abaa930f43893b45								syn64587269
file				gerald_HFHFCDSXX_1_CAACGGAT-TAAGTGGC.bam			12254099173	d89b3d6f0eeec717f3658fe68fd8172c								syn64587305
file				gerald_HFHFCDSXX_1_CAGGTTAG-GCTGGATT.bam			10768306892	da8d63fc6f561c19525078a7ed6c1eb8								syn64587253
file				gerald_HFHFCDSXX_1_CGTATTCG-AGTCGACA.bam			7761162675	727a3ba55138bd26f94397fc1ca86205								syn64587267
file				gerald_HFHFCDSXX_1_CTACTTGG-CTGGAGTA.bam			10079270584	1a3a357ac5a7f877b780bc8cc84ca07b								syn64587291
file				gerald_HFHFCDSXX_1_CTCCTAGA-TGTGAAGC.bam			11783619120	e9a02f0d5ff221f79be3bea230bae5f7								syn64587345
file				gerald_HFHFCDSXX_1_GTTAAGGC-TCGAAGGT.bam			8203724168	9231735edd2e07adf7c6f7a02878eec5								syn64587259
file				gerald_HFHFCDSXX_1_TAGGTAGG-AGTCTGTG.bam			9971444572	b3ef0bd3b61218ad72731681a34ce6fd								syn64587252
file				gerald_HFHFCDSXX_1_TCAAGGAC-GACGAATG.bam			8856629505	37647cc48f1291e007fd3cec20d54bb9								syn64587321
file				gerald_HFHFCDSXX_1_TCACAGCA-AATGCCTC.bam			9032906014	1291d0e8b4e9a1ea3b64274da7b80d05								syn64587272
file				gerald_HFHFCDSXX_1_TGAACCTG-GAAGAGGT.bam			11447135795	e8de3c289ed5dbf2c9113d2d8625dbf5								syn64587294
file				gerald_HFHFCDSXX_1_TGGATCAC-ACCAATGC.bam			4799112035	1043f56fa68c66bf5cf2fbb371e8e3c5								syn64587260
file				gerald_HFHFCDSXX_1_TTCGCAGT-TGATCGGA.bam			11912385587	5fd820293b339dcba957e4d14fd24991								syn64587328
file				TA578_L10_CKDL210009493-1B-16_HG7K7CCX2_L5_1.fq.gz			3955297066	7fefa177f27dd7c2bf29855afbc88433								syn64366751
file				TA578_L10_CKDL210009493-1B-16_HG7K7CCX2_L5_2.fq.gz			4357467944	e7e6d56e729b107a494f515dee5cf222								syn64366753
file				TA578_L11_CKDL210009493-1B-18_HG7K7CCX2_L5_1.fq.gz			3757031330	4f4b661808dd114d473d9e165785f169								syn64366754
file				TA578_L11_CKDL210009493-1B-18_HG7K7CCX2_L5_2.fq.gz			4090666560	3c4ce7b4df13aca9aa70ad4f08c5a04f								syn64366757
file				TA578_L12_CKDL210009493-1B-19_HG7K7CCX2_L5_1.fq.gz			3983720519	12c7d9a1be538e64b0367ff12a9964b3								syn64366758
file				TA578_L12_CKDL210009493-1B-19_HG7K7CCX2_L5_2.fq.gz			4351171960	f9dcd20173690c2d2c9d4ad4982f4970								syn64366759
file				TA578_L13_CKDL210009492-1B-6_HG7K7CCX2_L4_1.fq.gz			5712224774	f1ba06844ea4b5581b8487af8dff51d4								syn64366760
file				TA578_L13_CKDL210009492-1B-6_HG7K7CCX2_L4_2.fq.gz			6365696966	715a081fb468fc9450b5d9dcfed5f88d								syn64366761
file				TA578_L1_CKDL210009493-1B-2_HG7K7CCX2_L5_1.fq.gz			3077650193	4fc08c2c698ae7da524e8b1d1df38762								syn64366762
file				TA578_L1_CKDL210009493-1B-2_HG7K7CCX2_L5_2.fq.gz			3346589874	070d413986bfed2f0e8da742397eb206								syn64366763
file				TA578_L3_CKDL210009493-1B-5_HG7K7CCX2_L5_1.fq.gz			2993467286	5fb6e033d9a774ab07b7e47679a76f18								syn64366764
file				TA578_L3_CKDL210009493-1B-5_HG7K7CCX2_L5_2.fq.gz			3262381629	ac1bb5a959cdc24e51534b6e6ed9f564								syn64366765
file				TA578_L8_CKDL210009493-1B-14_HG7K7CCX2_L5_1.fq.gz			3922321544	4211c2e887cbc1bab92e9863c9bdf224								syn64366768
file				TA578_L8_CKDL210009493-1B-14_HG7K7CCX2_L5_2.fq.gz			4291235376	c35228fda4f9b5ec839702916c32952f								syn64366769
file				TA578_L9_CKDL210009493-1B-15_HG7K7CCX2_L5_1.fq.gz			4371437438	4aa0ebd6fbd016cd960b3ef5fb30e2a0								syn64366770
file				TA578_L9_CKDL210009493-1B-15_HG7K7CCX2_L5_2.fq.gz			4817471493	9f5287cba9e82e8769ed0e0162861c5d								syn64366771
file				64015_AdjNormal_20201016.trimmed.unique.fastq			38290299569	5d33b1e4763a905028f396b167836ef0								syn66511517
file				m35668_20200825_adca.ccs.fastq			54635958319	6e869bbe81419937968603fbad37df0e								syn66511525
file				m35669_20200825_polyp.ccs.fastq			38328918212	827caa78eb28c97c911aba46797f0aa4								syn66511526
file				m35670_20200825_norm.ccs.fastq			32839145709	540a71686815ca26dbaa232a9310efc3								syn66511529
file				m64069_200801_031534.ccs.fastq			47979409873	996b2947e56f963b6e4ff48faf0d28ba								syn66511548
file				m64069_200802_094347.ccs.fastq			64107125689	a2b3221c03bb9f5d0987fef4415e59c1								syn66511578
file				m64069_200803_161217.ccs.fastq			58224913106	909fa13733358b23b0c106b0456c0923								syn66511594
file				MPC00519_A_clot.rmdup.recal.bam			3236657570	79a54f9e8c78efdb1c2a3a4504ec8419								syn55257621
file				MPP00004_A1_polyp.rmdup.recal.bam			3836975830	11b7889b7215c1db73b741bde687cf82								syn55257629
file				MPP00009_A1_polyp.rmdup.recal.bam			2837390117	28dd84b46177561ca962bab5d2b9aad6								syn55257635
file				MPP00111_A1_polyp.rmdup.recal.bam			2929216394	07ebc1da07496d313ed0f34bad37f38c								syn55257644
file				MPP00234_A1_polyp.rmdup.recal.bam			3616018041	abd66ccda87c06902c85c7542b6bcb10								syn55257652
file				MPP00260_A1_polyp.rmdup.recal.bam			4044628271	eb1755d8dba99894e10d717a8989affe								syn55257660
file				MPP00266_A1_polyp.rmdup.recal.bam			3523637913	7a26023c2877749a9304003a078f3646								syn55257668
file				MPP00266_B1_polyp.rmdup.recal.bam			5062530691	26d3d4e592724ae8394ebd84827c3c0a								syn55257678
file				MPP00270_A1_polyp.rmdup.recal.bam			3897777271	8049b1a1d30c7efe16d5e11e7dae3db1								syn55257686
file				MPP00273_A1_polyp.rmdup.recal.bam			4844122515	43a0c9f9bd4581db747e99e8d7292266								syn55257695
file				MPP00283_A1_polyp.rmdup.recal.bam			3126274267	ec129ffc71ff38b76e86dddedbe57691								syn55257700
file				MPP00284_A1_polyp.rmdup.recal.bam			3474766307	486e5ace9eb03911cde55736cf526145								syn55257705
file				MPP00284_B1_polyp.rmdup.recal.bam			3064985159	8f866267594483eb30cfc6de85caf5df								syn55257712
file				MPP00286_A1_polyp.rmdup.recal.bam			4754029416	5560f0f958b6aa78b1b4e4250263479d								syn55257723
file				MPP00287_A1_polyp.rmdup.recal.bam			3427641763	4e6ef492b868cfd6607a6693c980b030								syn55257733
file				MPP00289_A1_polyp.rmdup.recal.bam			2855929427	b0d5329729e2d1fddffccf9c2df0a33d								syn55257746
file				MPP00290_A1_polyp.rmdup.recal.bam			3605637742	5d9613d104ae9570ee76497a0bbe0dca								syn55257760
file				MPP00291_A1_polyp.rmdup.recal.bam			3896426688	ab4a109537a9b69eb946adab545e2c94								syn55257771
file				MPP00292_A1_polyp.rmdup.recal.bam			3392615625	1e5ffdab0bc315ae9e7b57ac18cb919e								syn55257783
file				MPP00296_A1_polyp.rmdup.recal.bam			3207216700	431a6853bebe535b591b1c4559bdc083								syn55257790
file				MPP00298_A1_polyp.rmdup.recal.bam			3405963772	0a96ff48fecaf812e05317cbc1e0fc2c								syn55257799
file				MPP00298_B1_polyp.rmdup.recal.bam			3890023530	3004f2e28ab26d4939d7b7b5183c292c								syn55257812
file				MPP00299_A1_polyp.rmdup.recal.bam			3480636401	8cc3fcd9f9352ef9cb01751a80ef400a								syn55257829
file				MPP00301_A1_polyp.rmdup.recal.bam			3652454221	dac10b7acc8dd6fcef8566d0b5dc2877								syn55257852
file				MPP00301_B1_polyp.rmdup.recal.bam			4075026385	9e6a897fd06701e2de6946b14179785e								syn55257868
file				MPP00302_A1_polyp.rmdup.recal.bam			3355203422	29689509108c4f34776a51c6c997717b								syn55257886
file				MPP00303_A1_polyp.rmdup.recal.bam			3904808963	f7c598f50d4e3c35b5888646fdaab009								syn55257919
file				MPP00304_A1_polyp.rmdup.recal.bam			7129824136	5cfc6a608b966ed87d30e397eedc7560								syn55257958
file				MPP00305_A1_polyp.rmdup.recal.bam			3107131323	a344fc6ec97ae9e15b9de78fb7546d51								syn55257969
file				MPP00306_A1_polyp.rmdup.recal.bam			4469004265	ed03a1084c3de7175b23248db50fd6ca								syn63540257
file				MPP00306_B1_polyp.rmdup.recal.bam			3065229193	93c526c2d7028bb98f71a3d7059b52cb								syn63540259
file				MPP00308_A1_polyp.rmdup.recal.bam			1077960228	2b6619655cb98c49775a5be90b545853								syn63540260
file				MPP00311_A1_polyp.rmdup.recal.bam			3817455743	dcad0b95b62180202ee07d1544f09ab0								syn63540261
file				MPP00311_B1_polyp.rmdup.recal.bam			4013799167	8ed9399b17b267e96091aba87471bace								syn63540262
file				MPP00315_A1_polyp.rmdup.recal.bam			3609170980	bdfa420379dfa9fbcc530f958ebbba74								syn63540263
file				MPP00315_B1_polyp.rmdup.recal.bam			4997302821	a9e8a178739ce9292fea829031eb3bd2								syn63540265
file				MPP00322_A1_polyp.rmdup.recal.bam			5386103138	244d1d196a498184c8c2f6a57bb3da70								syn63540267
file				MPP00327_A1_polyp.rmdup.recal.bam			3326515644	9aab184e10d0c345cff9bdad492dcf2e								syn63540268
file				MPP00329_A1_polyp.rmdup.recal.bam			3242280847	a6229de0692c045591189daf976eae66								syn63540271
file				MPP00332_A1_polyp.rmdup.recal.bam			328177032	ca787ae65a23e7fc576cc709f6a9fcc6								syn63540272
file				MPP00332_B1_polyp.rmdup.recal.bam			87713874	3a437bdcc9bc2b3f3506366942b1854e								syn63540273
file				MPP00337_A1_polyp.rmdup.recal.bam			3803639689	7b01fbac5ed931561a09f039b8886ec4								syn63540274
file				MPP00337_B1_polyp.rmdup.recal.bam			3573088830	fd235bf97c56bcada8eed0fb44ccdb00								syn63540275
file				MPP00337_C1_polyp.rmdup.recal.bam			4327303645	dc8fb1982b900b4f2541c77a3d082685								syn63540276
file				MPP00339_A1_polyp.rmdup.recal.bam			4076470026	cbe95a6588830ca687b7c58051c2187b								syn63540277
file				MPP00342_A1_polyp.rmdup.recal.bam			6182347832	eaa9b8e849478ae983deecc9dc5b1b8a								syn63540278
file				MPP00342_B1_polyp.rmdup.recal.bam			4033792130	99dc254fdc086609515844b3decf0403								syn63540279
file				MPP00342_C1_polyp.rmdup.recal.bam			5105471855	ed35a6a53109c5e55b7587213e8b6463								syn63540282
file				MPP00349_A1_polyp.rmdup.recal.bam			3895165483	ff9c88ac64d0fe380a4a054613d59662								syn63540284
file				MPP00368_A1_polyp.rmdup.recal.bam			3625323869	e4260fa0c6c55d8f0190105068d6d076								syn63540285
file				MPP00372_A1_polyp.rmdup.recal.bam			4615855163	199958fff187d301a2a0bbdd58769424								syn63540286
file				MPP00381_A1_polyp.rmdup.recal.bam			4229728283	2594880adc92890a046aa119ca825a1e								syn63540287
file				MPP00382_A1_polyp.rmdup.recal.bam			3037013695	977f0d1f9375d5757106c1f9ed9418d1								syn63540289
file				MPP00385_A1_polyp.rmdup.recal.bam			4439156199	519069054a9e03aff06535857b694fc8								syn63540290
file				MPP00386_A1_polyp.rmdup.recal.bam			3505016980	d06a72ef6fadfc42ff8632e7175f96ed								syn63540291
file				MPP00386_B1_polyp.rmdup.recal.bam			3374535788	16c007ab8345249f59fc089bf0a8be34								syn63540292
file				MPP00388_A1_polyp.rmdup.recal.bam			3473720064	4cce4b03762a09666fb620047b7505b2								syn63540293
file				MPP00390_A1_polyp.rmdup.recal.bam			3813036684	7cc1c5f0426630b84484728f63014f55								syn63540294
file				MPP00397_A1_polyp.rmdup.recal.bam			4152465117	cb5dd77e951f48b864c851096dd1ae4e								syn63540295
file				MPP00399_A1_polyp.rmdup.recal.bam			3249117168	33267b35e46cd916930de48477dcb07b								syn63540296
file				MPP00411_A1_polyp.rmdup.recal.bam			2747560371	373a7c10e99af67f20ca5cea49382599								syn63540297
file				MPP00411_B1_polyp.rmdup.recal.bam			6474363572	40447f1bf7a5b5c7202579933aee7ec7								syn63540299
file				MPP00420_A1_polyp.rmdup.recal.bam			5350402982	3f58b477511158f10b26797ee20b019a								syn63540301
file				MPP00420_B1_polyp.rmdup.recal.bam			4576915738	6de568f2184d3b8a342f162ed0f2c49f								syn63540302
file				MPP00421_A1_polyp.rmdup.recal.bam			6307795577	409dcb296ed29389fe486ea29d5c7d6c								syn63540303
file				MPP00422_A1_polyp.rmdup.recal.bam			2704455811	dcbf54bb9cdfd6da97a7336b70ecb886								syn63540305
file				MPP90000_A1_polyp.rmdup.recal.bam			3280444494	fd3624a8ce1c469d0b41ff1f682da7fa								syn63540307
file				MPP90001_A1_polyp.rmdup.recal.bam			3356265704	ace44d62b85569c2be369130112a6595								syn63540308
file				MPW00002_A_WBC.rmdup.recal.bam			2953572948	afb4f2d53d4321ac322be44f38758fcb								syn63540310
file				MPW00006_A_WBC.rmdup.recal.bam			3216012778	dfde0a2d316cccaf6356d6d2ea5c6482								syn63540311
file				MPW00088_A_WBC.rmdup.recal.bam			2797974479	21223eb9103d9b0f2c411d6a39287895								syn63540312
file				MPW00185_A_WBC.rmdup.recal.bam			3137626777	194d103a162254c654de7068641a1935								syn63540313
file				MPW00202_A_WBC.rmdup.recal.bam			3387646077	8d34dced9703f6a5bb5f18cbf6517572								syn63540314
file				MPW00212_A_WBC.rmdup.recal.bam			3307093913	e1ea7e74487652b23832c3af665ccfb3								syn63540315
file				MPW00260_A_WBC.rmdup.recal.bam			2641709965	9830c6a792d331fcf850734b6ddaf6a8								syn63540316
file				MPW00298_A_WBC.rmdup.recal.bam			3233697878	521374cbdc90843af073e9de048b7434								syn63540317
file				MPW00302_A_WBC.rmdup.recal.bam			3099826642	79810fee9b1f95636d0349a51ce9d984								syn63540318
file				MPW00303_A_WBC.rmdup.recal.bam			3625962382	27c6611d36b20477cc8c3449779e8c90								syn63540319
file				MPW00312_A_WBC.rmdup.recal.bam			3014644179	a0eed6cbfad15d35e2856d086b28e0e5								syn63540320
file				MPW00328_A_WBC.rmdup.recal.bam			3108435834	c201c051d446fc0ff8985c5434a3d485								syn63540322
file				MPW00330_A_WBC.rmdup.recal.bam			3128648447	4e6d8e742fc4bc7705c89206d1ac37ec								syn63540324
file				MPW00333_A_WBC.rmdup.recal.bam			3241225714	38bdcb436c24afa02996d0c704968d45								syn63540326
file				MPW00336_A_WBC.rmdup.recal.bam			3069091409	8b04671300009108b76aac8fe1e13d75								syn63540327
file				MPW00343_A_WBC.rmdup.recal.bam			2755522813	7c8d09f2e8f4c9183ef894c28d298b2a								syn63540329
file				MPW00346_A_WBC.rmdup.recal.bam			3537694722	ce803a22e664113d116317c3fa48a43e								syn63540331
file				MPW00368_A_WBC.rmdup.recal.bam			3250484262	386418be3d5ad2450e8bd55163418a4c								syn63540332
file				MPW00372_A_WBC.rmdup.recal.bam			4385819771	7ee7ce9e66df1347770cf5c5ff54d59f								syn63540334
file				MPW00381_A_WBC.rmdup.recal.bam			3459806035	ded596b008cefe79be028258191e0377								syn63540336
file				MPW00383_A_WBC.rmdup.recal.bam			2920280040	399497e68d49a93db7a2c6652525ac68								syn63540337
file				MPW00384_A_WBC.rmdup.recal.bam			3433714559	4c176729f5c88139a09654ef54731add								syn63540338
file				MPW00397_A_WBC.rmdup.recal.bam			4696771649	93da73d5d43f003f16ea6a3f74c0aa66								syn63540339
file				MPW00413_A_WBC.rmdup.recal.bam			2973992212	cc7b53da49580e05305dc2dd56007e2c								syn63540341
file				MPW00419_A_WBC.rmdup.recal.bam			3761524876	9e87f3c8013d7474280c5ecf46e53ec9								syn63540342
file				MPW00420_A_WBC.rmdup.recal.bam			3534105257	f33be5e76ded6cda12a4211b309d1348								syn63540344
file				MPW00421_A_WBC.rmdup.recal.bam			3323480492	431e7062f6ef84b4b1a0569b9370e7da								syn63540345
file				MPW00422_A_WBC.rmdup.recal.bam			3050184928	89cc6b34861a2a79e576573af146844a								syn63540346
file				MPW00453_A_WBC.rmdup.recal.bam			3338653886	9dd4f5db06a0f9f08c08ead06ce491be								syn63540347
file				MPW00455_A_WBC.rmdup.recal.bam			3115625599	e7d1e0504c92e98a283e2ea18fbc3aa6								syn63540349
file				MPW00463_A_WBC.rmdup.recal.bam			2200451051	6631bc2c0698fdf8d5b25e0ea3fde113								syn63540350
file				MPW00483_A_WBC.rmdup.recal.bam			2746230745	127f27c51980febca302dcd53dd11d9f								syn63540352
file				MPW00491_A_WBC.rmdup.recal.bam			3199443757	0bbab048c7e0134586bc8fb66f6c33e6								syn63540353
file				MPW00495_A_WBC.rmdup.recal.bam			3350382870	b78a40932578ae84507a7ca3ea6b0c31								syn63540354
file				MPW00513_A_WBC.rmdup.recal.bam			3306021921	fb661e12d737988535cd31d6de976df8								syn63540355
file				MPW00520_A_WBC.rmdup.recal.bam			2960850402	048f255e2210095e47dd78231d38bbcf								syn63540356
file				MPW00560_A_WBC.rmdup.recal.bam			3517376355	eb3bdceea4167094ba9213235bdd6c50								syn63540360
file				MPW00565_A_WBC.rmdup.recal.bam			2609830181	0dc6174eb9d43283c3e14f4d8566fc0d								syn63540362
file				MPW00582_A_WBC.rmdup.recal.bam			3419152777	fa6cde64588fce95a777112ec1f0de5b								syn63540363
file				MPW00614_A_WBC.rmdup.recal.bam			3001532967	315359bdc4bc9a6f76bd7df30c9a7522								syn63540364
file				MPW00619_A_WBC.rmdup.recal.bam			3116131246	2de2d4b069f273069b64b0774ca3388d								syn63540365
file				MPW00623_A_WBC.rmdup.recal.bam			3036731363	1919e097690f661c31f9741d76b66ed8								syn63540366
file				MPW00624_A_WBC.rmdup.recal.bam			2965272559	46f7c56940370744c5880d81dd6811f8								syn63540367
file				MPW00631_A_WBC.rmdup.recal.bam			4639388185	81c1968169cc3d4c15ca03eb1e69b68e								syn63540368
file				MPW00633_A_WBC.rmdup.recal.bam			2836202076	d2e514509cc2aee5c6b61cbad168ea5d								syn63540369
file				MPW00670_A_WBC.rmdup.recal.bam			3107311807	9afb0ed74182c035fb89610268f26d35								syn63540370
file				MPX00355_B2_frozenbx.rmdup.recal.bam			2732180198	5453b386f12227c8bc8fdd9c6922c0e4								syn63540371
file				MPX00528_A1_frozenbx.rmdup.recal.bam			3030435362	80f27dc961ee148aaa60c1e54e064f44								syn63540372
file				MPX00552_B1_frozenbx.rmdup.recal.bam			3227567219	f1f2d1a48d7571eeab16768a3d713d75								syn63540374
file				MPX00561_B1_frozenbx.rmdup.recal.bam			2522516564	85be067b7df1e82523b7c29d616ade32								syn63540379
file				MPX00666_B1_frozenbx.rmdup.recal.bam			3244864383	46426db3a65dbabb66f46a7db97ec542								syn63540381
file				S003N.rmdup.recal.bam			6664588091	89c8aef964804761c80ac0c001895fb6								syn68381095
file				S003T.rmdup.recal.bam			6003777092	404ead6cdf5f19bb760ba4e6b0299994								syn68380746
file				S012_N.rmdup.recal.bam			3911627146	fa70e0c577af2c713e75822eab92b45b								syn68381111
file				S012_T.rmdup.recal.bam			4069976026	91b23ff4e237eb6df2423c61f210516c								syn68380759
file				S026_N.rmdup.recal.bam			3041633024	c1259b44abb63e5e755a184b4b4f998b								syn68381121
file				S026_T.rmdup.recal.bam			4074968551	9e4a0ba77394393b3af15b89fd805059								syn68380772
file				S040_N.rmdup.recal.bam			3453548826	6ec518b1174e2ef3c367cd1f586e1291								syn68381134
file				S040_T.rmdup.recal.bam			3528386689	2ca4ab4b5f4a43781e705ae80667b109								syn68380788
file				S043_N.rmdup.recal.bam			3392183264	e39f61083577c0c0b56d0a8a967065cd								syn68381147
file				S043_T.rmdup.recal.bam			4256404875	c8a2e7f6ff92f510d385a641503eb135								syn68380811
file				S053_N.rmdup.recal.bam			2618706107	b758be4a922808cd23efec7497ae528e								syn68381156
file				S053_T.rmdup.recal.bam			3841518595	cfb817b3bade3fefc965de93aceff10d								syn68380841
file				S058N.rmdup.recal.bam			8138755065	147707cc96fcccfb58601e3e4270f6b5								syn68381191
file				S058T.rmdup.recal.bam			4265093463	1a490745b13f73d4e7f34826ebdf936a								syn68380850
file				S060_N.rmdup.recal.bam			3882687765	00f08752c6661a17edfd69ac0058cc2c								syn68381214
file				S060_T.rmdup.recal.bam			5232751003	bb609e6c58514a15b24f1bf65585effb								syn68380870
file				S062N.rmdup.recal.bam			7518110905	ed5c23f8427b2deb8be4031b32ea2d64								syn68381243
file				S062T.rmdup.recal.bam			4607164627	124fd5b4d43b8c54f7de9bf21635f35d								syn68380894
file				S074N.rmdup.recal.bam			7141710992	6085dbc281a75d4feb7aebfa50c67be3								syn68381262
file				S074T.rmdup.recal.bam			3972672745	4ca304c5442f665eb09135f77d89e28e								syn68380907
file				S078_N.rmdup.recal.bam			3308292073	920ab9b4d1adbb966a9873dd285fa245								syn68381278
file				S078_T.rmdup.recal.bam			3022006371	df557e564fa5ce650379cf58c76d1022								syn68380925
file				S091_N.rmdup.recal.bam			3647284275	f9ee57ecb15af96f2eb170d6a99b9a75								syn68381292
file				S091_T.rmdup.recal.bam			3560947480	a9340c7884660d9ae199ac9929fb0b9b								syn68380931
file				S094_N.rmdup.recal.bam			3696154122	201c52d5c6e4cdadcc5e5949f9e6df64								syn68381307
file				S094_T.rmdup.recal.bam			4874850904	3bb3e6b847282dbe5d84877ee9f4f65b								syn68380945
file				S096_N.rmdup.recal.bam			3655331804	c36983ea80df408ede3055679b204538								syn68381321
file				S096_T.rmdup.recal.bam			3979394798	edea405ba32500b04df0540cb5471164								syn68380969
file				S099_N_OCT.rmdup.recal.bam			2537587009	c6e69a48264a268e7c2fb5edae06a6af								syn68381333
file				S099_T_OCT.rmdup.recal.bam			3175325405	dc280933b3d03655c8c77767a4388262								syn68380990
file				S100_N.rmdup.recal.bam			2737714261	a245ab2b4e7f2fb064fae7bf6e0e42de								syn68381351
file				S100_T.rmdup.recal.bam			2717014700	9279e0e6db6ae8bec6a5478f89d2e04e								syn68380997
file				S106_N.rmdup.recal.bam			3933163935	a582f5c4c90d9fb635a053fdb0fdeb09								syn68381371
file				S106_T.rmdup.recal.bam			2584749839	3fcc85258633966e148930015afd9d36								syn68381007
file				S109_N_OCT.rmdup.recal.bam			2891320612	75c6d9f0f2410e282746a08c9216eb56								syn68381379
file				S109_T_OCT.rmdup.recal.bam			3114955939	f68754a8ba79f111f1a7044cfa4d2cca								syn68381019
file				S118N.rmdup.recal.bam			5798542343	161399c574536e838b907b08841950a7								syn68381410
file				S118T.rmdup.recal.bam			6255286614	7c1bc6cd8f76951fcffa44fc82801c28								syn68381044
file				S125NR.rmdup.recal.bam			5324555606	efc6a32cb8696176710a9036d10be6b6								syn68381431
file				S125TR.rmdup.recal.bam			5185108379	80457775aadae4be245a2e1a0c540d74								syn68381065
file				0000303168.bam			14359388665	2c20a019a994f5dceca31f6a1b9a14e1								syn68528032
file				DUPLICATE_FILENAME_1/0000303169.bam			6831442420	1abcfc70adc59720ea18171b70699c88								syn68528031
file				0000303178.bam			6006608124	040d0cb356f564934723605814240c07								syn68528039
file				DUPLICATE_FILENAME_1/0000319997.bam			14350872150	4c6e34f9ee64670ba72ffcdcb3ad48e4								syn68528078
file				DUPLICATE_FILENAME_1/0000320079.bam			10696919217	6d44b93768fc691a6a709104ba4f5f7e								syn68528089
file				0000320084.bam			9578211151	928878ca4b5954065bbef9d779a6a18f								syn68528097
file				0000320130.bam			17255152927	7504e48568b96c56d55a235af69adb58								syn68528177
file				DUPLICATE_FILENAME_1/0000320245.bam			10520624316	8a5fe6b675b1288636a3982af85f04c5								syn68528185
file				0000320296.bam			13963181089	20d369832b48f10ee809e2604c71b6a7								syn68528223
file				0000321910.bam			17778544793	26fac898500617bdab32a43102ac6686								syn68528253
file				0000321945.bam			12053809274	6dfa7a961875487607752747ecfb6dd5								syn68528258
file				0000321969.bam			13770404290	b5488c36cc7a7b7756bdfdaa4d9a6794								syn68528273
file				DUPLICATE_FILENAME_1/0000321972.bam			11534532608	52f33cac161ffa7942c302e984b352c6								syn68528286
file				0000340451.bam			15467640910	1f642e5392d6a823a4b78c91bd352bf5								syn68528304
file				DUPLICATE_FILENAME_1/0000340456.bam			18223343973	1a7fa4c49740eea4af066ffe2cb0c148								syn68528334
file				0000340461.bam			10843152438	65385a4b01909f86038e3110009d9827								syn68528339
file				DUPLICATE_FILENAME_1/0000340463.bam			18170651552	c3a9583d35e3c0104c25d5df1577ba44								syn68528399
file				DUPLICATE_FILENAME_1/0000346152.bam			12145446535	64afc534420748d2ebef014553b2b528								syn68528400
file				LIB201103JG_359658_hg19.bam			5508063866	34c259b61b8badc00ef158e2b5f74881								syn53252716
file				LIB210623JG_369540_hg19.bam			3599649756	b03fd48b125ef473f5c9835ac5200ad5								syn53252715
file				0000261044.bam			89882070	519ca0376540e882d20740c9730b7925								syn68528199
file				0000264005.bam			891356081	dbe46b8f9d1972c50d38fdb84bea85e7								syn53240602
file				0000265302.bam			1916241705	bfe422813533f99ce65e8e4bb40afdfd								syn53240633
file				DUPLICATE_FILENAME_1/0000265770.bam			1327899477	7a8ace16fdea1d52a908c6a760853b04								syn68528202
file				0000269958.bam			1202358988	220272b769ea5f677808ae72cc4bef61								syn53240649
file				0000269959.bam			946115990	4ba73c3e73503481d62b811973c41898								syn53240657
file				0000272830.targeted.bam			1026769651	190026d59fb1f14fb1098cee49ba4792								syn53240668
file				0000272841.targeted.bam			625857265	a9e5fb8a6bafb2db5d15f80774cd7d46								syn53240669
file				0000303147.targeted.bam			1948576322	c264eb52abf8c7e6f9b702b1b4fe0026								syn53240782
file				DUPLICATE_FILENAME_2/0000303169.bam			529016503	78a7d853fce8872ca9839170ad40fa9a								syn68528204
file				DUPLICATE_FILENAME_2/0000319997.bam			2570732979	f58f8ba2d302110fcf9fd31b580f8847								syn68528216
file				DUPLICATE_FILENAME_2/0000320079.bam			1264959533	265281e68e1fba4b698f70d2ca920b8e								syn68528222
file				DUPLICATE_FILENAME_1/0000320114.bam			1761591040	c36b4d92aa625b476d187f7feb97a484								syn68528227
file				DUPLICATE_FILENAME_2/0000320245.bam			902602756	45645679fdb0b8c132473992530e59c5								syn68528229
file				DUPLICATE_FILENAME_1/0000320296.bam			824750546	5e1ccf4104b187afa13364600735d21a								syn68528230
file				DUPLICATE_FILENAME_1/0000321912.bam			1896713041	711ec7332a0d3657a8b10087f8154cc2								syn68528234
file				0000321955.bam			1937813292	9810cc776707cb71efd05f17bdcdf55f								syn68528242
file				DUPLICATE_FILENAME_2/0000321972.bam			2163493009	8e279d6e957a88f9ce79b87571c5c2b9								syn68528245
file				DUPLICATE_FILENAME_1/0000321988.bam			846926389	bc63960f9170df316b2ac447b1693031								syn68528247
file				DUPLICATE_FILENAME_1/0000321995.bam			836571197	3f9e7dc59ea48986a40d2e067b582cb3								syn68528250
file				DUPLICATE_FILENAME_1/0000322035.bam			1380665068	c783e04ce1243d92ab282dac9d41a471								syn68528255
file				DUPLICATE_FILENAME_1/0000322041.bam			1003367577	69ae36089ca34dd98f65ce9533d8885a								syn68528257
file				0000322075.bam			2089969238	6495aaf6228ae5437fcbe9c309949a23								syn68528263
file				0000322090.targeted.bam			1995801210	072e0253c887d49f6413cf64df0e1d64								syn53240982
file				DUPLICATE_FILENAME_2/0000340456.bam			1942377422	387ad15ce9e21eec14d05d9e72ec0572								syn68528266
file				DUPLICATE_FILENAME_2/0000340463.bam			1335565933	2b83891354fb4ae2074f1ab8fcc7d3e8								syn68528268
file				DUPLICATE_FILENAME_1/0000340469.bam			1206482198	6383b228cf4af2618365a34d119173e1								syn68528270
file				DUPLICATE_FILENAME_2/0000346152.bam			915081620	3b9f5de7a03db12246f5f9ac19157643								syn68528272
file				DUPLICATE_FILENAME_1/0000366871.bam			1878554756	aa825ec9eb82bf943d11c053868791a7								syn68528274
file				DUPLICATE_FILENAME_1/0000367988.bam			940098342	f6dd0fb6b1223cb5b2b59cbcae9dbc19								syn68528275
file				DUPLICATE_FILENAME_1/0000368070.bam			1162935747	13b00cd687dd0fd2f470fed6e02be484								syn68528277
file				DUPLICATE_FILENAME_1/0000368112.bam			1919839634	1ca41efb4047466d27502f2b9798ecf9								syn68528280
file				0000382506.bam			1424992887	35f261b48d96ef580a578208024f634b								syn68528282
file				DUPLICATE_FILENAME_1/0000382610.bam			1475244373	617c1eb3c3c95d1fb65ba374c0c83bde								syn68528287
file				DUPLICATE_FILENAME_1/0000382748.bam			1644486325	93a29c8013ac33479de2bd66de8183fa								syn68528290
file				DUPLICATE_FILENAME_1/0000382837.bam			1373094068	29b5dfa9bf32f01bf2b534825ebf3f4d								syn68528291
file				DUPLICATE_FILENAME_1/0000382886.bam			2709356247	129fcc8f7d1cf97dad777d595cc35db9								syn68528298
file				DUPLICATE_FILENAME_1/0000394763.bam			1510872467	386d68c0d21389c9536fbe780d229893								syn68528299
file				DUPLICATE_FILENAME_1/0000394880.bam			1262961054	4356f41669b55eda143ebfa39346cc5d								syn68528300
file				DUPLICATE_FILENAME_1/0000399183.bam			1681108813	ecf5c692355d9cd1779bf8b9f91738d4								syn68528302
file				DUPLICATE_FILENAME_1/0000404813.bam			1021821219	840af68dac1003b8ccd4942f15ddbc6c								syn68528303
file				DUPLICATE_FILENAME_1/0000424110.bam			661967489	a40c7a11c0c6c160051c364425258e39								syn68528305
file				DUPLICATE_FILENAME_1/0000424126.bam			2179854870	4f933314ab4b8128302b7a9e09301525								syn68528308
file				DUPLICATE_FILENAME_1/0000434093.bam			1621734234	fc5912b84948b5c5fb7861f27b245891								syn68528309
file				DUPLICATE_FILENAME_1/0000434105.bam			965484727	6a297d09c577f0d9b5465d9a1c114908								syn68528316
file				0000434424.bam			644018337	e207b2e588e8356c5681a2863b80935f								syn68528317
file				DUPLICATE_FILENAME_1/0000434568.bam			537156197	21c06e8c2397a3cb5807a9bdb482c35e								syn68528318
file				DUPLICATE_FILENAME_1/0000446970.bam			582298215	e09f90b26d01fbf8a43dc2aa81415c2a								syn68528319
file				DUPLICATE_FILENAME_1/0000447031.bam			821390963	7d4ae484412d5112a147bb5e24d4dad9								syn68528320
file				DUPLICATE_FILENAME_1/0000447063.bam			763475627	c409f23b476ccc6a15095c53a8777a77								syn68528321
file				DUPLICATE_FILENAME_1/0000447194.bam			1197188450	5521c9f80f38e2a177eb11dffc5cf6c8								syn68528322
file				PCGA02_20104_1062012.dedup.BQSR.sorted.bam			17324477392	5c5bf7de8f3c153102ed1686751a1232								syn65986452
file				PCGA02_20104_1092010.dedup.BQSR.sorted.bam			2306421022	199fa796e41e7e85807e5004e0eddb6f								syn65986448
file				PCGA02_20119_1019102.dedup.BQSR.sorted.bam			28414836736	8258f600f6a8f9634e2b3757d7ff7575								syn66046398
file				PCGA02_20119_1019103.dedup.BQSR.sorted.bam			18662659759	542bafdffccb35f82e8e15e0bc6d04e5								syn66226276
file				PCGA02_20132_1013201.dedup.BQSR.sorted.bam			21021196712	3bf2d3c6d16579358adf49b4ad34ccad								syn66047090
file				PCGA02_20132_1032101.dedup.BQSR.sorted.bam			22820354629	9ae3ef4de356947d2cdf3652ed48cae6								syn66046399
file				PCGA02_20132_1032103.dedup.BQSR.sorted.bam			19396791296	1223ef03999b4474dfa624db7715152c								syn65987792
file				PCGA02_20149_1049101.dedup.BQSR.sorted.bam			476577792	cbef164e0899eb8a57f97a9dbc6de130								syn65941752
file				PCGA02_20149_1049104.dedup.BQSR.sorted.bam			881590272	0fd8ecd4d3715b3c3578fcbcfe100957								syn65941738
file				PCGA02_20152_1015205.dedup.BQSR.sorted.bam			12788160649	34f8e559fa82f3dcf6abf3dcf8d16d2a								syn65987281
file				PCGA02_20152_1015211.dedup.BQSR.sorted.bam			13567393333	78534ffdd8d5324312b41ce947d74936								syn65986475
file				PCGA02_20152_1052109.dedup.BQSR.sorted.bam			30782504575	585b8355462745e3dd9def91ba12e5dc								syn65941821
file				HTA5_1287_1003.bam			53009948825	875ea7eef2ae331a2c53eafa475eb40e								syn68741774
file				HTA5_1287_9000.bam			27256729588	52036c88a785f7e5956353ae40866f97								syn68741810
file				HTA5_1340_1003.bam			26043384654	22a7c923f031cb8b385a67d4fa6baea4								syn68741905
file				HTA5_1340_9000.bam			19511780309	d0746fe3b635fc1ea82ff9f333a77466								syn68741953
file				HTA5_1380_1004.bam			29098770304	d8e1a0e8c48dd2a2caadf9419484aea6								syn68742060
file				HTA5_1380_9000.bam			22070520836	b979de7cbc36411c56ede23fc9daf24b								syn68742103
file				HTA5_1529_9000.bam			24951780869	bac73090c092422fa8d85381b042c973								syn68742145
file				HTA5_1573_1004.bam			28073120353	3a8008a5116a6dd03b002909c4e64952								syn68742178
file				HTA5_1573_9000.bam			19093313949	0ba0f5664d8206a52d24ac879d0f32ee								syn68741605
file				HTA5_1627_1006.bam			43698012066	bae600236c3cc70dc2734171b02298c3								syn68742230
file				HTA5_1627_9000.bam			48027019683	d356f6b976c298d94fe6cf22027becf9								syn68742302
file				HTA5_1654_1003.bam			32982220528	5c0c2ed76654543c3f048dd121fb8180								syn68742513
file				HTA5_1654_9000.bam			24112199158	3fc2b415b3f1437134c7aca79586a525								syn68742555
file				HTA5_1665_1005.bam			44479028549	d0bdb1ec49066bebcbb8c8749b6082ea								syn68747185
file				HTA5_1733_1004.bam			45541516560	f8eb1b046ccdd24b0b9a2bafce2c5ae1								syn68743532
file				HTA5_1733_9000.bam			28695990826	656e597cc9a751ac0808c19aa3e97350								syn68743565
file				HTA5_1736_2002.bam			57558520490	be8952d1e596531a4a486000c181df05								syn68743676
file				HTA5_1749_2002.bam			51102247809	d8d9b93f34538c42bdc6c8358c4744ee								syn68743799
file				HTA5_1781_2002.bam			53093728063	6f20922c80b0b61ba8cf450a4d26bfb0								syn68743940
file				HTA5_1791_1012.bam			29833585436	5dea6c8de6baf3a4711120ff5b0d7643								syn68744027
file				HTA5_1791_9000.bam			18609517471	a6fb99acf474e7ba1224be7db558c55f								syn68741416
file				HTA5_1805_1007.bam			34917133130	b8fd7d10afef474346f546db7414b26c								syn68744104
file				HTA5_1805_9000.bam			52123202855	47db7c216497bc0eafccefce05017356								syn68744231
file				HTA5_1839_9000.bam			52519206630	4c71553e15175fee29d2c637d7669a6e								syn68744366
file				HTA5_1847_1006.bam			30188360346	637e873559374481ce019ab9770487c9								syn68744442
file				HTA5_1847_9000.bam			63114174681	5987280733f2515fde2b53a492e772e9								syn68744598
file				HTA5_1858_1009.bam			61284433766	ea8e9c26966ab4546ce1bd469ff5a1eb								syn68744670
file				HTA5_1858_2002.bam			31379974251	018a9b44fa7ccc17f974f606da5c3044								syn68744712
file				HTA5_1858_9000.bam			27194900231	99780a206154912dfcbb7c4fe034fe14								syn68744736
file				HTA5_1918_1003.bam			33028800211	e1f81d6d1bdcfbf963ac187b851a69cf								syn68744762
file				HTA5_1918_9000.bam			25073861056	632e0550321f9419a620d95b6ca13856								syn68744781
file				HTA5_1942_1006.bam			41120699152	6b7a27b9567d0003acee49a64600f944								syn68744818
file				HTA5_1942_9000.bam			23080470105	1da4cead1b583d5a409bfcbda7e1f4c5								syn68744840
file				TA578_L13.hg38.sort.marked_duplicates.bam			8585602128	bcab5bf5d22b44f80155a76154488052								syn64366821
file				TA578_L10.hg38.sort.marked_duplicates.bam			8105779433	21d557079470ff3c1809af1bea48e2d5								syn64366816
file				TA578_L9.hg38.sort.marked_duplicates.bam			8832118370	a152427122d635da9c9c179f52002437								syn64366840
file				TA578_L1.hg38.sort.marked_duplicates.bam			6333671121	e1826d8cf1ce9029668e1e2cff33a34e								syn64366822
file				TA578_L3.hg38.sort.marked_duplicates.bam			6383704718	f1cf1e8c3971441ba59cca33776062dc								syn64366825
file				TA578_L8.hg38.sort.marked_duplicates.bam			7990958973	acfb862e3f1162d81d1ee16f173c415e								syn64366826
file				TA578_L11.hg38.sort.marked_duplicates.bam			8013867956	fb5e7e3522d273673626b0d5418c41fb								syn64366819
file				TA578_L12.hg38.sort.marked_duplicates.bam			8210289836	ecacbc576248a8c9f9056fa2dc0a2647								syn64366820
file				10096-AS-1_S1_L005_R1_001.fastq.gz			42600239117	eec4d13a5f41fb651d46e38d47a9ed0e								syn52578143
file				10096-AS-1_S1_L005_R2_001.fastq.gz			44640592255	801bf312af34f019079ca99c3f3039e9								syn52578146
file				10180-AS-0001_S1_L005_R1_001.fastq.gz			24155166291	b4d99b19bd431114b53f30e8f2ad013f								syn52578150
file				10180-AS-0001_S1_L005_R2_001.fastq.gz			24906141107	f465e3a9a3b56e92331b506eba298a49								syn52578152
file				10180-AS-0002_S1_L005_R1_001.fastq.gz			26535719002	5d6d6ef7e423ec4f42aeaa89b8452cbf								syn52578153
file				10180-AS-0002_S1_L005_R2_001.fastq.gz			26812122253	e8f1a04983892b156b4d8f78d0118c19								syn52578155
file				10284-AS-1_S1_L005_R1_001.fastq.gz			9427223134	a987dfec4ce8a21eed852185a77b9ea1								syn52578156
file				10284-AS-1_S1_L005_R2_001.fastq.gz			9678192542	098ecd1fe395101f509a4cc998316792								syn52578157
file				6091-SR-5_S1_L005_R1_001.fastq.gz			14610868753	7602656e0991c785142b2be25d4cb6c1								syn64766598
file				43140_CRC-PM1_S0_L002_I1_001.fastq.gz			2711749926	f47a02b171cdf2b0e2e4cf845d7457f5								syn64766607
file				6091-SR-5_S1_L005_R2_001.fastq.gz			13694900193	06ff1d4352face6f7e9a5e89f011eb50								syn64766608
file				43140_CRC-PM1_S0_L002_I2_001.fastq.gz			3140359787	47f5fe8eb21837561b6929bb650124c1								syn64768619
file				6091-SR-4_S1_L005_R1_001.fastq.gz			23739934650	51917b41c07728b51fb0be4afddd6012								syn64768674
file				6091-SR-4_S1_L005_R2_001.fastq.gz			22669207182	6a2c8cb860794b720811d2caaaf46941								syn64768692
file				6091-SR-3_S1_L005_R1_001.fastq.gz			24428708355	c2b3990c6616b6fd7fa60c818601f198								syn64768745
file				6091-SR-3_S1_L005_R2_001.fastq.gz			23480186576	37cda5bcd4af534ecc14087b76dabd4d								syn64768788
file				4139-SR-1_S44_L001_R1_001.fastq.gz			26448454663	a3865318df45146f6ddeaf1f47632764								syn64768829
file				4139-SR-1_S44_L001_R2_001.fastq.gz			24734262322	5b62690d001a05bec54c751606a63066								syn64768894
file				4139-SR-3_S46_L001_R1_001.fastq.gz			25671248213	ca65e13227f3ef1ef91d9ec1cb7272d1								syn64768948
file				4139-SR-3_S46_L001_R2_001.fastq.gz			24370524030	1aab1f1a531dc249e7a20ba4ecd63c46								syn64768986
file				4720-SR-1_S14_L005_R1_001.fastq.gz			39423388175	f2a25b77ecc2d7d1f07eec63c639185e								syn64769032
file				4720-SR-1_S14_L005_R2_001.fastq.gz			37106077613	b44bb5f1ec900ba2d9f62e4687f9fce6								syn64769115
file				4954-SR-1_S01_L005_R1_001.fastq.gz			53458111221	6995c4160694d2efde263e258c6175ac								syn64769211
file				4954-SR-1_S01_L005_R2_001.fastq.gz			50290552965	023ddb3a1b837d24856d98b86e5e2bc7								syn64769286
file				4991-SR-1_S01_L005_R1_001.fastq.gz			51225665597	065b0447790ce3996e2607ae8e8e4397								syn64769396
file				4991-SR-1_S01_L005_R2_001.fastq.gz			45084178791	059de5d3b7323bf2d0be41760a732b88								syn64769495
file				5091-SR-1_S01_L005_R1_001.fastq.gz			25654189566	37fd6c71a2991c9e96b25d729601bb08								syn64769546
file				5091-SR-1_S01_L005_R2_001.fastq.gz			23766498740	030798924e50e9359c7012bd3ae7f6bb								syn64769624
file				5179-SR-1_S01_L005_R1_001.fastq.gz			12478862203	46bb2bfb6bf9d3b96705a5cfa4fa60f9								syn64769643
file				5179-SR-1_S01_L005_R2_001.fastq.gz			11019639393	7efd9f0b51b4cca342cbf26ac64a2051								syn64769660
file				5179-SR-2_S01_L005_R1_001.fastq.gz			13809303279	b8ca8baef9a12e28e39d8a694bae1493								syn64769695
file				5179-SR-2_S01_L005_R2_001.fastq.gz			12084858536	e6093d94d42076054bd7a379ec7e99ca								syn64769729
file				5385-SR-1_S01_L005_R1_001.fastq.gz			22257852407	75d8442a8f3c3b4f1ddc68aad65b4229								syn64769790
file				5385-SR-1_S01_L005_R2_001.fastq.gz			20270825859	f9f550d770fde16cfb9d0a5d7af18fbd								syn64769814
file				5385-SR-3_S01_L005_R1_001.fastq.gz			23284481516	7c026b9899f74770a8cd025ee09ffa5d								syn64769849
file				5385-SR-3_S01_L005_R2_001.fastq.gz			20635557826	1a5412f1ea582d90e1bd9095b6da28d3								syn64769877
file				5474-SR-1_S1_L003_R1_001.fastq.gz			9892375319	f5d9845556f395c9f7584f2666891cdb								syn64770095
file				5474-SR-1_S1_L003_R2_001.fastq.gz			16849532895	6b102629c26ca22800d7ab79b65b0005								syn64770160
file				5474-SR-2_S1_L003_R1_001.fastq.gz			7243787270	902eded444ac5774b7718479e587487e								syn64770168
file				5474-SR-2_S1_L003_R2_001.fastq.gz			13143280191	fd9ff27f0d63bf72da733e9553844db7								syn64770186
file				6011-SR-10_S1_L005_R1_001.fastq.gz			14323057541	350b3a6c006756536bd86a3d1458e9e3								syn64770448
file				6011-SR-10_S1_L005_R2_001.fastq.gz			11410581429	24c787cd7dffa7cd0ed65b1abae770fe								syn64770515
file				6011-SR-11_S1_L005_R1_001.fastq.gz			20220341478	456ea0bd16eea7ef7a16e9b09ba84455								syn64770550
file				6011-SR-11_S1_L005_R2_001.fastq.gz			16704845857	afbd7ceb2709f29b5ec6df93113488ac								syn64770572
file				6011-SR-12_S1_L005_R1_001.fastq.gz			19636594217	fc18d4254de1ba22b7272ca482e982ab								syn64770593
file				6011-SR-12_S1_L005_R2_001.fastq.gz			17607678613	7f09125a8d285e781810d7c3ca71db77								syn64770624
file				6011-SR-1_S1_L005_R1_001.fastq.gz			31736686268	3841f81ca3d767a7811b1945e8937680								syn64770654
file				6011-SR-1_S1_L005_R2_001.fastq.gz			28464782373	80e73c2053c2b57339dd5a4c3c269420								syn64770677
file				6011-SR-2_S1_L005_R1_001.fastq.gz			26298510427	3c048bd4474a07de1efa71edf275b914								syn64770700
file				6011-SR-2_S1_L005_R2_001.fastq.gz			23652990195	4f63510a923c85a87a966d284b1e00dd								syn64770716
file				6011-SR-6_S1_L005_R1_001.fastq.gz			32109607234	7cc659ee1ab7146029b1a522d04a37a6								syn64770737
file				6011-SR-6_S1_L005_R2_001.fastq.gz			28088608322	6222fd29c0f66392c595ff073c4263be								syn64770761
file				6011-SR-9_S1_L005_R1_001.fastq.gz			33071474014	3b548abf4f071a4e6a701ac2d8cbc558								syn64770783
file				6011-SR-9_S1_L005_R2_001.fastq.gz			29775066698	8bb905f5077ca2f48f9e9cd2843d9517								syn64770802
file				6091-SR-1_S1_L005_R1_001.fastq.gz			18168176439	ef756f757354e0013eabb9e8cf3e4d7d								syn64770813
file				6091-SR-1_S1_L005_R2_001.fastq.gz			17513367927	6eb623aaf7fd3f942bd742e9268d42da								syn64770830
file				6091-SR-2_S1_L005_R1_001.fastq.gz			23555526698	02dc8ae9953d45cce7b1153de645c03d								syn64770850
file				6091-SR-2_S1_L005_R2_001.fastq.gz			23164943562	38880220567791153d43d4323a5c7a2e								syn64770874
file				43140_CRC-PM1_S0_L002_R1_001.fastq.gz			30757179199	2e960fb4cacf811529e3fb3d4c8989f9								syn64772743
file				43140_CRC-PM1_S0_L002_R2_001.fastq.gz			24809389986	1ec231def449b9a75722803eeb14c190								syn64772751
file				0000382508_S4_L001_I1_001.fastq.gz			93447160	f55c12fe7868302f670445858b868104								syn68499155
file				0000382508_S4_L001_I2_001.fastq.gz			89947554	b7c9deeb12e14f8dc792d5d315698f3e								syn68499156
file				0000382508_S4_L001_R1_001.fastq.gz			694357324	946f66aa6df38e06da417045d6086361								syn68499159
file				0000382508_S4_L001_R2_001.fastq.gz			581855401	417c86065a6b91a175db122420a358fc								syn68499161
file				0000382508_S4_L002_I1_001.fastq.gz			93708969	7de445415b4616099e2a8c42af82bffa								syn68499162
file				0000382508_S4_L002_I2_001.fastq.gz			90237670	ad58f6a64dcd1c0dc5a77c23fef9f685								syn68499163
file				0000382508_S4_L002_R1_001.fastq.gz			699675017	d4a88d1c5d2fc2d83a4890a286ab59e5								syn68499164
file				0000382508_S4_L002_R2_001.fastq.gz			585602535	7f0851acc4d543dd52a56d6a3e1dc6c3								syn68499165
file				0000382508_S4_L003_I1_001.fastq.gz			93274302	776674ec9c561cc78d90783189fa0283								syn68499167
file				0000382508_S4_L003_I2_001.fastq.gz			89445155	1f52af2f0517ae7b5d26a7c8b6813134								syn68499169
file				0000382508_S4_L003_R1_001.fastq.gz			688572191	c1ab2128f8b2466170718fabcb69117c								syn68499174
file				0000382508_S4_L003_R2_001.fastq.gz			589148248	9ac5df1474c0b97a89c773f7ec225406								syn68499187
file				0000382508_S4_L004_I1_001.fastq.gz			95886931	cf1f14a40fb479ddfee88fea92c44918								syn68499188
file				0000382508_S4_L004_I2_001.fastq.gz			91004366	17e10f2ec5d0834db191a59f4ff65aba								syn68499191
file				0000382508_S4_L004_R1_001.fastq.gz			725281445	48fb2298580794f5944288bb25717d35								syn68499193
file				0000382508_S4_L004_R2_001.fastq.gz			604146878	f9d7badded342d2b01d314f99bfd4180								syn68499202
file				0000382613_S5_L001_I1_001.fastq.gz			723901220	51897f03bc7d0c9aa9505c2f9fcb0167								syn68499206
file				0000382613_S5_L001_I2_001.fastq.gz			711653033	6af0673bbf5b0ecb025164159d859f60								syn68499220
file				0000382613_S5_L001_R1_001.fastq.gz			6424661387	ac84dc3b2d810e39c18ddb2f99032a8c								syn68499257
file				0000382613_S5_L001_R2_001.fastq.gz			5384042487	e36ece58de0557817fa75c5a6aba2d32								syn68499296
file				0000382613_S5_L002_I1_001.fastq.gz			723690877	71d22d4d8b45ba4170807c95ca3ee8f1								syn68499305
file				0000382613_S5_L002_I2_001.fastq.gz			714012001	dc28b1b23f33c8befa8d1d849dbc5be6								syn68499317
file				0000382613_S5_L002_R1_001.fastq.gz			6488069862	46f20f81b7a1a393bbd346afc15f6f12								syn68499366
file				0000382613_S5_L002_R2_001.fastq.gz			5429157138	1e6f068e04e55c4299df87a7c78ec021								syn68499395
file				0000382613_S5_L003_I1_001.fastq.gz			723823220	b3be461d306c2ba2d30bd3ceea836a68								syn68499397
file				0000382613_S5_L003_I2_001.fastq.gz			704901317	0a3e3a11a631af110a6bdc0541f05d2d								syn68499400
file				0000382613_S5_L003_R1_001.fastq.gz			6336173702	82426604813c22ccd57058e8a49fd315								syn68499418
file				0000382613_S5_L003_R2_001.fastq.gz			5422151984	d134e7717e9d45c37f7795057efde2f5								syn68499452
file				0000382613_S5_L004_I1_001.fastq.gz			726842690	0506222206a78d91baa0979aaac108c1								syn68499455
file				0000382613_S5_L004_I2_001.fastq.gz			709704706	db5b83c5c2921d2305ffc8b9aac86a4d								syn68499460
file				0000382613_S5_L004_R1_001.fastq.gz			6658067197	458950d34892a85772d768c0ae4c3791								syn68499476
file				0000382613_S5_L004_R2_001.fastq.gz			5530990733	1617527dbbcc6105b596d7abe344c104								syn68499573
file				EXP211209GM_0000382750_S10_L001_I1_001.fastq.gz			844054076	35558d0fbf19fa063a6da8f7ec0c57d4								syn68499707
file				EXP211209GM_0000382750_S10_L001_I2_001.fastq.gz			931067143	b7d9969652eae720dc0ddde45770f125								syn68499725
file				EXP211209GM_0000382750_S10_L001_R1_001.fastq.gz			7750247602	634d72763578c771aedd88f05e0b915c								syn68499896
file				EXP211209GM_0000382750_S10_L001_R2_001.fastq.gz			6656448359	2728e33f41c85b35d2ba891ef7e08354								syn68500129
file				EXP211209GM_0000382750_S10_L002_I1_001.fastq.gz			852367657	38172878880a3ed6c027f335044ff2fb								syn68500134
file				EXP211209GM_0000382750_S10_L002_I2_001.fastq.gz			940799504	35170f6e616ec2f650c4faeda7b144eb								syn68500138
file				EXP211209GM_0000382750_S10_L002_R1_001.fastq.gz			7885174389	94076790e106a264e9bc100ae4e4e0c8								syn68500331
file				EXP211209GM_0000382750_S10_L002_R2_001.fastq.gz			6767483213	860f47fad968a72dcc19841aadf7fb59								syn68500431
file				EXP211209GM_0000382750_S10_L003_I1_001.fastq.gz			859448794	c0279e0bcd84bbfe8b67d0790871a611								syn68500438
file				EXP211209GM_0000382750_S10_L003_I2_001.fastq.gz			941337566	e0baa6c188b87be9383705a26b3a5e45								syn68500451
file				EXP211209GM_0000382750_S10_L003_R1_001.fastq.gz			7897703854	50a027b21de11f15fa24f5255c999a17								syn68500492
file				EXP211209GM_0000382750_S10_L003_R2_001.fastq.gz			6792974278	ad6a5470582ed9bdcb065e70c40b9f1d								syn68500572
file				EXP211209GM_0000382750_S10_L004_I1_001.fastq.gz			881250605	3ae054088174fd9867683bfe77c18950								syn68500605
file				EXP211209GM_0000382750_S10_L004_I2_001.fastq.gz			963829404	7c86793fbf7ba3a1b5df3be94d10216e								syn68500627
file				EXP211209GM_0000382750_S10_L004_R1_001.fastq.gz			8286572654	4babd32a533bd6aa1a6e5fb851b028be								syn68500696
file				EXP211209GM_0000382750_S10_L004_R2_001.fastq.gz			7095145429	b916187d314395eb1568ace0d00eee49								syn68500755
file				EXP211209GM_0000382840_S11_L001_I1_001.fastq.gz			593187982	c1bc13d49821e0432a2d539f7348b0d3								syn68500764
file				EXP211209GM_0000382840_S11_L001_I2_001.fastq.gz			663558406	d95c599a07270bb4907d1470e33b7d2d								syn68500773
file				EXP211209GM_0000382840_S11_L001_R1_001.fastq.gz			5556527259	dac272dee6ebf587dcaa27e890526127								syn68500838
file				EXP211209GM_0000382840_S11_L001_R2_001.fastq.gz			4646649200	2e1e6d9e90f0a89e163632696b65162b								syn68500884
file				EXP211209GM_0000382840_S11_L002_I1_001.fastq.gz			598002120	32d4bcc465283741806fd7536c687378								syn68500902
file				EXP211209GM_0000382840_S11_L002_I2_001.fastq.gz			668537509	9a78739729322dbf73232397f56501a1								syn68500936
file				EXP211209GM_0000382840_S11_L002_R1_001.fastq.gz			5634522636	da234033774f6cee990a39c8b059d8cf								syn68500957
file				EXP211209GM_0000382840_S11_L002_R2_001.fastq.gz			4712277996	7e0d43f0d3b483e653aab4df186c2c78								syn68501006
file				EXP211209GM_0000382840_S11_L003_I1_001.fastq.gz			595598687	102e7af9d19645043b908222be87f7f7								syn68501007
file				EXP211209GM_0000382840_S11_L003_I2_001.fastq.gz			658354834	015e831c4c7d0c53d9e99ae0f65ba7bc								syn68501008
file				EXP211209GM_0000382840_S11_L003_R1_001.fastq.gz			5570860719	c87d02b46c8a8fb76dd902a20ab602fe								syn68501049
file				EXP211209GM_0000382840_S11_L003_R2_001.fastq.gz			4669599259	5cc4311620a66f30551fc06991e7e65e								syn68501084
file				EXP211209GM_0000382840_S11_L004_I1_001.fastq.gz			604594734	9d6d83094aa4ff62586df5d75062386e								syn68501092
file				EXP211209GM_0000382840_S11_L004_I2_001.fastq.gz			671790627	bf7f11ce6fd121dd2164631748ee96c3								syn68501102
file				EXP211209GM_0000382840_S11_L004_R1_001.fastq.gz			5759136781	f2d82c11cbba2657982bd9d679751e2b								syn68501180
file				EXP211209GM_0000382840_S11_L004_R2_001.fastq.gz			4808373546	c25de410fdc5488b21152246cec31e6e								syn68501219
file				EXP220419HM_0000382864_S1_L002_I1_001.fastq.gz			971652977	56ffcbb5ad6bb217fd7cc3ef8c5ee013								syn68501235
file				EXP220419HM_0000382864_S1_L002_I2_001.fastq.gz			955407504	ca4bd07e24d3937129f44c740ea51a3f								syn68501262
file				EXP220419HM_0000382864_S1_L002_R1_001.fastq.gz			3073426155	735099c088ae3316e3abfd401c64ab13								syn68501282
file				EXP220419HM_0000382864_S1_L002_R2_001.fastq.gz			7184158612	bba6cbda2ac81ff8ee27775b628fc8c5								syn68501294
file				EXP220419HM_0000382888_S3_L002_I1_001.fastq.gz			2143473991	cedbdc2593760709737528043808d5df								syn68501300
file				EXP220419HM_0000382888_S3_L002_I2_001.fastq.gz			2360517018	1f32f626a091cbc38d1a2ee4695a22b8								syn68501304
file				EXP220419HM_0000382888_S3_L002_R1_001.fastq.gz			7650230047	c2d4e0ba56740a44318ea30437df0878								syn68501348
file				EXP220419HM_0000382888_S3_L002_R2_001.fastq.gz			18102036232	37a768f042830deb0c0892e61e84c991								syn68501392
file				EXP220419HM_0000394766_S4_L002_I1_001.fastq.gz			1359093103	170118f8d3f55d4c6a3774c6879830e8								syn68501393
file				EXP220419HM_0000394766_S4_L002_I2_001.fastq.gz			1605088049	981f2a9e1d30c397f73c0166c880adbb								syn68501396
file				EXP220419HM_0000394766_S4_L002_R1_001.fastq.gz			4939306221	2af531a684a33a82b7be7472b95ba852								syn68501434
file				EXP220419HM_0000394766_S4_L002_R2_001.fastq.gz			11538610005	46603c1c855e70b6dc70a9de8a0c3072								syn68501490
file				EXP220705GM_0000399184_S5_L001_I1_001.fastq.gz			2537013226	d55bd3b27edadcde22658eada6de87b6								syn68501494
file				EXP220705GM_0000399184_S5_L001_I2_001.fastq.gz			2528009102	7a67c7bd6be785a5383933308dc91267								syn68501498
file				EXP220705GM_0000399184_S5_L001_R1_001.fastq.gz			31974602122	d41fade1979cfa50eb689b911eace9ac								syn68501571
file				EXP220705GM_0000399184_S5_L001_R2_001.fastq.gz			28697292669	012e120dfe786dabc339eac769f6206b								syn68501595
file				SCL210714HM_0000368073_S19_L004_I1_001.fastq.gz			2802379229	e1fc2a3b373c3a35890382b872199944								syn68501596
file				SCL210714HM_0000368073_S19_L004_I2_001.fastq.gz			3151311885	b77a6e00b0dea6312ee2ba0d4a7370dc								syn68501597
file				SCL210714HM_0000368073_S19_L004_R1_001.fastq.gz			10857532171	0760d84f453c58e18ead7ac6caabfa9c								syn68501605
file				SCL210714HM_0000368073_S19_L004_R2_001.fastq.gz			24939957846	3970b7bc0562b29f986c150ff7006a3f								syn68501671
file				SCL210714HM_0000368115_S15_L003_I1_001.fastq.gz			1668565161	870ec3be0bf5b449029b394bc49ab2c8								syn68501680
file				SCL210714HM_0000368115_S15_L003_I2_001.fastq.gz			1528163874	1af2d508a95289f9f6177557ed72ae6e								syn68501682
file				SCL210714HM_0000368115_S15_L003_R1_001.fastq.gz			5374699658	85df76d70f8a60a84e1e5f90755692ca								syn68501686
file				SCL210714HM_0000368115_S15_L003_R2_001.fastq.gz			11723058317	9d660de84c39568737d2de69fb9a3ba7								syn68501712
file				SCL240212GM_0000434407_S28_I1_001.fastq.gz			3056532554	01053b715329663164c318cf73fee00c								syn68501717
file				SCL240212GM_0000434407_S28_I2_001.fastq.gz			3139908235	6fa373b79cc71d9d9a2bd67671071304								syn68501718
file				SCL240212GM_0000434407_S28_R1_001.fastq.gz			10065558135	7094505dfde51869a048e7a0a6e1faa3								syn68501758
file				SCL240212GM_0000434407_S28_R2_001.fastq.gz			23200984447	27b70aba9f851e1b9bf15a566b9db040								syn68501863
file				SCL240212GM_0000446973_S27_I1_001.fastq.gz			3056180054	2d776f30376974552be4952819f55579								syn68501881
file				SCL240212GM_0000446973_S27_I2_001.fastq.gz			3428590546	648de4747323dd911aba6e53f899a3cf								syn68501904
file				SCL240212GM_0000446973_S27_R1_001.fastq.gz			10451965611	5bfa6244fb4941b225b4961a0c749849								syn68501926
file				SCL240212GM_0000446973_S27_R2_001.fastq.gz			23254579781	06b232cc9fc92f33af213a790b186958								syn68502155
file				SCL240212GM_0000447034_S29_I1_001.fastq.gz			3784843044	31e4378a9bc0b96e56e2d2012d8288ad								syn68502190
file				SCL240212GM_0000447034_S29_I2_001.fastq.gz			3079500187	8ffc3d4952a9decbe1933bf0869e7fe7								syn68502192
file				SCL240212GM_0000447034_S29_R1_001.fastq.gz			10147891606	56326e4753de9431611a8b7e1736ffbf								syn68502201
file				SCL240212GM_0000447034_S29_R2_001.fastq.gz			22922848137	1764b2b642b73750feec0ec923dd40d6								syn68502251
file				H_YX-1143-07_S1_L001_I1_001.fastq.gz			879546705	49fa21c9991097b5b28aed148be0d151								syn64587215
file				H_YX-1143-07_S1_L002_I1_001.fastq.gz			873733870	8db025d1e9f9cd0309f4a5631db40ced								syn64587214
file				H_YZ-1073-07_S1_L001_I1_001.fastq.gz			2234902579	4aa97ffb909002b228a118bb1228dc48								syn64587238
file				H_YZ-119-07_S1_L001_I1_001.fastq.gz			917422620	5884618235965a09c6d069d71cf9e79e								syn64587217
file				H_YZ-119-07_S1_L002_I1_001.fastq.gz			897457978	4e7294181b6a443f93e673900c45e167								syn64587216
file				H_YZ-1199-08_S1_L001_I1_001.fastq.gz			983892518	d4c2bab9eac50fc634fb021316eb8c2b								syn64587219
file				H_YZ-1199-08_S1_L002_I1_001.fastq.gz			956650608	e44f6680b65f51512d89c77e3e4c29c0								syn64587218
file				H_YZ-1232-07_S1_L001_I1_001.fastq.gz			655349899	625d7c278ece7691936735d61d83a0d7								syn64587210
file				H_YZ-1232-07_S1_L002_I1_001.fastq.gz			638994585	26f8b00f05b82d33eae66715a9109b64								syn64587208
file				H_YZ-1239-07_S1_L001_I1_001.fastq.gz			661035376	d91a08eed37a9d5de0c11f1580aeb2b7								syn64587211
file				H_YZ-1239-07_S1_L002_I1_001.fastq.gz			643905727	5048780a4e5006a4a1dc161023dbca6a								syn64587209
file				H_YZ-762-07_S2_L001_I1_001.fastq.gz			827677483	d482e0bd64178de74e410e671fd0ab59								syn64587212
file				H_YZ-762-07_S2_L002_I1_001.fastq.gz			828157261	a920a34938de14ab40d6bc08af2aa877								syn64587213
file				H_YZ-764-07_S1_L001_I1_001.fastq.gz			596893753	025209ad339f1a6c5f8f234a7e03672f								syn64587206
file				H_YZ-764-07_S1_L002_I1_001.fastq.gz			595635498	9bb2eebf2911d8977b6d9f437dd6eb2c								syn64587207
file				762_07_CL_BM_RNA_tumor_R1.fastq.gz			2297728931	9f043df3e2ca4ef474375cd79f33221b								syn64587239
file				H_YX-1143-07_S1_L001_R1_001.fastq.gz			2749761142	3e5931eebfda688b3b084adbaf5bc651								syn64587245
file				H_YX-1143-07_S1_L002_R1_001.fastq.gz			2737736397	83d2278734228c0450af5e63b4296d93								syn64587244
file				H_YZ-1073-07_S1_L001_R1_001.fastq.gz			7437466949	8b326e54ca0024cadeebea479b87f645								syn64587289
file				H_YZ-119-07_S1_L001_R1_001.fastq.gz			2786045620	733f4a0bf2afc0dab02aa273842f2028								syn64587246
file				H_YZ-119-07_S1_L002_R1_001.fastq.gz			2709074523	cda4eb2e177c8d8b38ae7f3a897cf44a								syn64587243
file				H_YZ-1199-07_BM_METFORMIN-lib1_S2_L003_R1_001.fastq.gz			37424292671	b10ad0582ef4e817cb0067cea0755994								syn64587546
file				H_YZ-1199-07p10_S9_L003_R1_001.fastq.gz			19699790572	72aca528bd130f417b747a7b804247ff								syn64588001
file				H_YZ-1199-07p10_S9_L004_R1_001.fastq.gz			19613008359	6745f7ec78597f66abad8c3ba4e610ab								syn64587400
file				H_YZ-1199-08_S1_L001_R1_001.fastq.gz			2887253799	789776287edb773de0654e6c72005928								syn64587248
file				H_YZ-1199-08_S1_L002_R1_001.fastq.gz			2796148295	08d600e71e24fbbbbf073bd9be16bc64								syn64587247
file				H_YZ-1199-08p9_S2_L003_R1_001.fastq.gz			21075461788	f1871447693d65a1a94f40ce6f6d1746								syn64587856
file				H_YZ-1199-08p9_S2_L004_R1_001.fastq.gz			20995941517	1f98c4ff86522cfebb70b7531fddd8e5								syn64587515
file				H_YZ-1232-07_S1_L001_R1_001.fastq.gz			1773473582	88f31c7b9571739158a34206d0fd7451								syn64587231
file				H_YZ-1232-07_S1_L002_R1_001.fastq.gz			1725388572	245c2c24d243feab7a4bf92f65964742								syn64587230
file				H_YZ-1239-07_S1_L001_R1_001.fastq.gz			1988807643	67ec8a1a8eb9dcfbefb61bc5baba780c								syn64587235
file				H_YZ-1239-07_S1_L002_R1_001.fastq.gz			1934244598	af52c857d2d2030f8602ef3406a2a18e								syn64587234
file				H_YZ-1239-1451-06-lib1_S5_L001_R1_001.fastq.gz			55978676279	8825c00f066366cdf69d53e589f4793c								syn64587751
file				H_YZ-1239-1451-07-lib1_S3_L001_R1_001.fastq.gz			50089935059	6dfa99cedd96509712603a1c0bca7941								syn64587468
file				H_YZ-1265-1265_S1_L003_R1_001.fastq.gz			22063167963	99d3ba08606551ebb1ddb6ef90a3edae								syn64587664
file				H_YZ-1265-1265_S1_L004_R1_001.fastq.gz			21938734026	ed00454aafef57995d105b97bf193147								syn64587992
file				H_YZ-1294-1294_S7_L003_R1_001.fastq.gz			23677892706	535efc43532e493e87ba83edc3f1622f								syn64587981
file				H_YZ-1294-1294_S7_L004_R1_001.fastq.gz			23557151843	e4c8896ecc2765547f9b106755ff9c71								syn64587984
file				H_YZ-1332-1332_S3_L003_R1_001.fastq.gz			21756740003	289512fbc78a0ae38745c0966e41077d								syn64587948
file				H_YZ-1332-1332_S3_L004_R1_001.fastq.gz			21646648578	da59a1e89dc4bba2a627d770c4a4b236								syn64587393
file				H_YZ-1372-1372_S8_L003_R1_001.fastq.gz			24690185404	ef01e5b454b3d0edd54fce86bf35ee30								syn64587405
file				H_YZ-1372-1372_S8_L004_R1_001.fastq.gz			24576130622	2149af2fe485cca4ebbdbcff613a1f32								syn64587929
file				H_YZ-1373-1373_S10_L003_R1_001.fastq.gz			23623129572	67e5aff44976eba247cc0165bc366b98								syn64587951
file				H_YZ-1373-1373_S10_L004_R1_001.fastq.gz			23519612924	3ba4df9c396bb520cc985ad37a0ca0ce								syn64587611
file				H_YZ-1525-07-lib1_S11_L004_R1_001.fastq.gz			47891139119	ad3cd3a50ed9ed13111b525ac9cf35e0								syn64587680
file				H_YZ-1526-07-1526-07-lib1_S3_L004_R1_001.fastq.gz			43888226584	070c504d7862f031e61817b4623ca4f5								syn64587671
file				H_YZ-762-07_BM_METFORMIN-lib1_S1_L003_R1_001.fastq.gz			39118653424	541de4f2b71a60fea11bbc40199b2c00								syn64587593
file				H_YZ-762-07_S2_L001_R1_001.fastq.gz			2356545037	fa24f2258b3fdc71a5f8be7fbeba8098								syn64587241
file				H_YZ-762-07_S2_L002_R1_001.fastq.gz			2361235160	91997f3f47c0f5b21adb8c47e90fb655								syn64587242
file				H_YZ-762-07p11_S6_L003_R1_001.fastq.gz			18830335793	6b1de808e660587a5be23dd3a3160a22								syn64587962
file				H_YZ-762-07p11_S6_L004_R1_001.fastq.gz			18748601986	d9ba46e9ddd20e6532ac22f7326ae308								syn64587404
file				H_YZ-762-BRAF-MEK_Tx4wk-lib1_S2_L001_R1_001.fastq.gz			37196898453	23dd7402e09789365c68eafca56c922c								syn64587892
file				H_YZ-764-07_S1_L001_R1_001.fastq.gz			1813688929	5a5642932ec5b246989c3a8acf7f567e								syn64587233
file				H_YZ-764-07_S1_L002_R1_001.fastq.gz			1814452757	8d03bc7dc160482638067cd3a999011a								syn64587232
file				TWDH-1199-07-BMTX_p20-lib1_S11_L003_R1_001.fastq.gz			49122846647	01e9e5f7b15a25502c53e5f38ffbf54f								syn64587682
file				TWDH-1199-08-BMTX_p14-lib1_S6_L003_R1_001.fastq.gz			43438739670	de00363d1aded90b48bb3a7966fb1be4								syn64587668
file				TWDH-1511-6-lib1_S3_S17_L004_R1_001.fastq.gz			38255296774	7c72187784eabc21d20ea6cfdc6e348a								syn64587575
file				TWDH-1511-7-lib1_S2_S13_L004_R1_001.fastq.gz			36951604576	fd866f0430033352d244e366051ce3c0								syn64587532
file				762_07_CL_BM_RNA_tumor_R2.fastq.gz			2330297913	918cc11980ac6a9af1b62d291b19daa4								syn64587240
file				H_YX-1143-07_S1_L001_R2_001.fastq.gz			7203770022	0a0e0954ea390eec713f40bf0f6ddb34								syn64587284
file				H_YX-1143-07_S1_L002_R2_001.fastq.gz			7156531192	d739bbc88575f34ba55da184368f21bf								syn64587282
file				H_YZ-1073-07_S1_L001_R2_001.fastq.gz			27197867233	16a83fa1b694dccb34e642667dafc983								syn64587403
file				H_YZ-119-07_S1_L001_R2_001.fastq.gz			7331662348	9feda78f55c629df439516151f811519								syn64587286
file				H_YZ-119-07_S1_L002_R2_001.fastq.gz			7115140897	a867faf31fb9da0b69d93b8297c96bd4								syn64587281
file				H_YZ-1199-07_BM_METFORMIN-lib1_S2_L003_R2_001.fastq.gz			36511834871	fe6c21be38ec3b02edaad0d2eb66aec6								syn64587516
file				H_YZ-1199-07p10_S9_L003_R2_001.fastq.gz			19119194785	c40017f30e5a97a3c7631dd8376f72e9								syn64587918
file				H_YZ-1199-07p10_S9_L004_R2_001.fastq.gz			19122604281	d91966bd832532ea38cd66a400bc7c5c								syn64587410
file				H_YZ-1199-08_S1_L001_R2_001.fastq.gz			7421596018	86e25244289253abfc5a09a2e0a0c9fa								syn64587288
file				H_YZ-1199-08_S1_L002_R2_001.fastq.gz			7175599073	2e19814efaa8301eb7dd76983b1a0bb0								syn64587283
file				H_YZ-1199-08p9_S2_L003_R2_001.fastq.gz			20495695393	31777528671fc88ba66ad88aca9f815c								syn64587973
file				H_YZ-1199-08p9_S2_L004_R2_001.fastq.gz			20511318404	2eaf8c338201abb3605b450a5f7e9c4b								syn64587980
file				H_YZ-1232-07_S1_L001_R2_001.fastq.gz			4709221173	cb639e93314f5efba38a035aaa6f4d11								syn64587266
file				H_YZ-1232-07_S1_L002_R2_001.fastq.gz			4572782685	3f2a0edc1be53d53adb99f2189f5a963								syn64587262
file				H_YZ-1239-07_S1_L001_R2_001.fastq.gz			5323472099	2d41a62097dc0a929ca42dd2fc78f8cb								syn64587270
file				H_YZ-1239-07_S1_L002_R2_001.fastq.gz			5167555226	2833011642436548eea1bae3b475af57								syn64587268
file				H_YZ-1239-1451-06-lib1_S5_L001_R2_001.fastq.gz			57945178277	4deb92e3aed12626596ab51a8b737894								syn64587821
file				H_YZ-1239-1451-07-lib1_S3_L001_R2_001.fastq.gz			51488950109	f04fad5db3194dfa188324b25cad4458								syn64587387
file				H_YZ-1265-1265_S1_L003_R2_001.fastq.gz			21741823429	7aa067f0eb59cb8e95adf1b04630bbf4								syn64587703
file				H_YZ-1265-1265_S1_L004_R2_001.fastq.gz			21725929553	fa0e4dcd0bcdc863eed908339e018b6e								syn64587903
file				H_YZ-1294-1294_S7_L003_R2_001.fastq.gz			23298745291	43e6784779b564d3faff362267a6f916								syn64587401
file				H_YZ-1294-1294_S7_L004_R2_001.fastq.gz			23292937356	423a8f0b34eb0c2f99e743f357435d6e								syn64587974
file				H_YZ-1332-1332_S3_L003_R2_001.fastq.gz			21253941982	c7fb23625262662bd8c04d22f7bc61d0								syn64587838
file				H_YZ-1332-1332_S3_L004_R2_001.fastq.gz			21250882355	e445c4d81ecadd4274aa9abc7cfa0882								syn64587870
file				H_YZ-1372-1372_S8_L003_R2_001.fastq.gz			24215322464	ca7a10bda5fa2d57b40caf46823fef58								syn64587767
file				H_YZ-1372-1372_S8_L004_R2_001.fastq.gz			24221346660	5d6005506d338a4e1640e8896ecf615e								syn64587939
file				H_YZ-1373-1373_S10_L003_R2_001.fastq.gz			23200419965	c005125c62138fa033c489d9e8f7555b								syn64587366
file				H_YZ-1373-1373_S10_L004_R2_001.fastq.gz			23212771495	2047c7761dd4d2a82977aae461137d7a								syn64587684
file				H_YZ-1525-07-lib1_S11_L004_R2_001.fastq.gz			48761885260	a1cf9c3669ef388c8a75127a2c1bfd4a								syn64587681
file				H_YZ-1526-07-1526-07-lib1_S3_L004_R2_001.fastq.gz			45831202983	30d9b30d3b61e8f2ce218474e5bfab38								syn64587673
file				H_YZ-762-07_BM_METFORMIN-lib1_S1_L003_R2_001.fastq.gz			38226997941	c80c266d7bbfffdde574d97295a50bcd								syn64587572
file				H_YZ-762-07_S2_L001_R2_001.fastq.gz			6102269904	73a6324aeb6fcd0263bf1869ac55ddf5								syn64587273
file				H_YZ-762-07_S2_L002_R2_001.fastq.gz			6101557773	7fa4225f7b8048737c69f7a794e47469								syn64587275
file				H_YZ-762-07p11_S6_L003_R2_001.fastq.gz			18473630366	fe509c96f2d4782532dbbb06e1546d07								syn64587953
file				H_YZ-762-07p11_S6_L004_R2_001.fastq.gz			18477293107	fe82e4b465bb905087500310cb0919a9								syn64587556
file				H_YZ-762-BRAF-MEK_Tx4wk-lib1_S2_L001_R2_001.fastq.gz			36978083290	348c1b23c24bbbd3c18ece4c09319db4								syn64587987
file				H_YZ-764-07_S1_L001_R2_001.fastq.gz			4701978754	7ca30443b720f26b6bef74e36a631097								syn64587265
file				H_YZ-764-07_S1_L002_R2_001.fastq.gz			4693744930	5572a9a3744787de6fb6571329df3f36								syn64587264
file				TWDH-1199-07-BMTX_p20-lib1_S11_L003_R2_001.fastq.gz			45568213228	9c95eda34270c8c1712673271d244569								syn64587672
file				TWDH-1199-08-BMTX_p14-lib1_S6_L003_R2_001.fastq.gz			40439289007	28d33ba868204cfdc01f87d6bf9d7246								syn64587626
file				TWDH-1511-6-lib1_S3_S17_L004_R2_001.fastq.gz			37357410855	66ce4120b9cacf23b1100b3b792946e1								syn64587545
file				TWDH-1511-7-lib1_S2_S13_L004_R2_001.fastq.gz			36507980909	763ad70f59ba1335ac7e64e51f13b481								syn64587525
file				HTA8_6001_001101_IGO_10298_B_44_S18_L001_R1_001.fastq.gz			2464596122	7a1e784242fe7e4eb80b57357e98711b								syn61905119
file				HTA8_6001_001101_IGO_10298_B_44_S18_L001_R2_001.fastq.gz			5671350252	236b2887c9406d4a6af5ba9d53631da9								syn61905129
file				HTA8_6001_001101_IGO_10298_B_44_S18_L002_R1_001.fastq.gz			2463798765	d4fa1a5b33ee32c971cba1fd84da1e14								syn61905138
file				HTA8_6001_001101_IGO_10298_B_44_S18_L002_R2_001.fastq.gz			5670841953	baa26055bdafbfe09e13b4fbe509c4d5								syn61905152
file				HTA8_6001_002101_IGO_10298_B_45_S19_L001_R1_001.fastq.gz			2889013923	f4deeeddd0a1b8fffa88ab12523505b5								syn61905159
file				HTA8_6001_002101_IGO_10298_B_45_S19_L001_R2_001.fastq.gz			6740659544	47bfd889481ab4a52f5df358a8c5ebfa								syn61905179
file				HTA8_6001_002101_IGO_10298_B_45_S19_L002_R1_001.fastq.gz			2883342145	7d74988c18648e8ef146c598bcd82aaf								syn61905186
file				HTA8_6001_002101_IGO_10298_B_45_S19_L002_R2_001.fastq.gz			6729631077	92edbaf4c3e28f5291ef5f67906f84af								syn61905211
file				HTA8_6001_003101_IGO_10298_B_46_S10_L001_R1_001.fastq.gz			2913063865	7748ac56f6092ed72245cf488b6db2fd								syn61905216
file				HTA8_6001_003101_IGO_10298_B_46_S10_L001_R2_001.fastq.gz			6746831121	dba382ac35c2d1cbff89ae5a27312ce2								syn61905238
file				HTA8_6001_003101_IGO_10298_B_46_S10_L002_R1_001.fastq.gz			2913992917	f8ef1cd3fc90d4d3f8ba61194c39a305								syn61905245
file				HTA8_6001_003101_IGO_10298_B_46_S10_L002_R2_001.fastq.gz			6752918878	72433c2fc56ac7a5a682c2f02f678dc0								syn61905263
file				HTA8_6002_001101_IGO_10682_17_S17_L001_R1_001.fastq.gz			2295340278	8de060a2c24aebcf21fab5b2bef217fe								syn61905268
file				HTA8_6002_001101_IGO_10682_17_S17_L001_R2_001.fastq.gz			5119444663	6a03a7a3a57dfffb752cb3637bd8b0d0								syn61905278
file				HTA8_6002_001101_IGO_10682_17_S17_L002_R1_001.fastq.gz			2343611357	4401781fc988283cddd87fe74f4693a2								syn61905291
file				HTA8_6002_001101_IGO_10682_17_S17_L002_R2_001.fastq.gz			5206937416	e74bf384065ab3ba4b6be55cb342fa57								syn61905304
file				HTA8_6002_002101_IGO_10682_16_S16_L001_R1_001.fastq.gz			2159554793	52f12630e4f4693c23d2058fbd184099								syn61905312
file				HTA8_6002_002101_IGO_10682_16_S16_L001_R2_001.fastq.gz			4813885181	e08634cb1027e656389a0aac3e53469e								syn61905325
file				HTA8_6002_002101_IGO_10682_16_S16_L002_R1_001.fastq.gz			2202840753	b7a81853f6d1721252c225531cb45d9d								syn61905333
file				HTA8_6002_002101_IGO_10682_16_S16_L002_R2_001.fastq.gz			4894532236	cedf26a84b872bbd6acd0f3cbc2661a7								syn61905353
file				HTA8_6002_003101_IGO_10682_15_S15_L001_R1_001.fastq.gz			2236209286	23ed50ada5d7c8c8746167efd39a57c1								syn61905365
file				HTA8_6002_003101_IGO_10682_15_S15_L001_R2_001.fastq.gz			4960638921	a6f3a2500d43311710435da818426576								syn61905388
file				HTA8_6002_003101_IGO_10682_15_S15_L002_R1_001.fastq.gz			2280830631	88ee80535e084bc13a63bc7bbcb85371								syn61905397
file				HTA8_6002_003101_IGO_10682_15_S15_L002_R2_001.fastq.gz			5042897642	05d934a71b0633adf09b56e9e89c8ed9								syn61905422
file				HTA8_6003_001101_IGO_10837_5_S4_L001_R1_001.fastq.gz			2363093235	275478a386cecfa850ee23ab1ce2ce3f								syn61905436
file				HTA8_6003_001101_IGO_10837_5_S4_L001_R2_001.fastq.gz			5277107974	1cd80a769ed65315513bb3c3e4a4e916								syn61905449
file				HTA8_6003_001101_IGO_10837_5_S4_L002_R1_001.fastq.gz			2361209527	190b8e33dd47c01bae48e5eebe873ff9								syn61905456
file				HTA8_6003_001101_IGO_10837_5_S4_L002_R2_001.fastq.gz			5251189616	d0c87f5ad5ab3c79031cb039cefe4c93								syn61905468
file				HTA8_6003_002101_IGO_10837_4_S14_L001_R1_001.fastq.gz			2205333188	8f01eae34f261b445f9565b4a58d1820								syn61905472
file				HTA8_6003_002101_IGO_10837_4_S14_L001_R2_001.fastq.gz			5027562331	898bfdf7956385762d0aae16f9710241								syn61905494
file				HTA8_6003_002101_IGO_10837_4_S14_L002_R1_001.fastq.gz			2200354326	632260a4aec278a24a2cd922efb40ced								syn61905500
file				HTA8_6003_002101_IGO_10837_4_S14_L002_R2_001.fastq.gz			4996484179	987a2b53e712c7e514b6be5ac504bc47								syn61905518
file				HTA8_6004_001101_IGO_10875_8_S13_L001_R1_001.fastq.gz			2945550142	6e5aaf1597b75f3fb8726f696e964d7a								syn61905528
file				HTA8_6004_001101_IGO_10875_8_S13_L001_R2_001.fastq.gz			6441922597	c46327e41e5f12ee309bcae232cac525								syn61905557
file				HTA8_6004_001101_IGO_10875_8_S13_L002_R1_001.fastq.gz			2983158743	77db913f4e789830aabd034ff2aec671								syn61905563
file				HTA8_6004_001101_IGO_10875_8_S13_L002_R2_001.fastq.gz			6534559739	657fc03da6008f3fb6243d0ca57e8581								syn61905586
file				HTA8_6005_001101_IGO_11018_17_S17_L001_R1_001.fastq.gz			2782422254	5788bbc7e966824011fab210b234f72d								syn61905596
file				HTA8_6005_001101_IGO_11018_17_S17_L001_R2_001.fastq.gz			6208614797	5ac04711a5e83a8fda6a80516cb206a1								syn61905617
file				HTA8_6005_001101_IGO_11018_17_S17_L002_R1_001.fastq.gz			2772441264	40c3841d0d854cb3cdf0e9cd64e5df4c								syn61905625
file				HTA8_6005_001101_IGO_11018_17_S17_L002_R2_001.fastq.gz			6188956436	04fb48caee85a3b96296d0adc48adb55								syn61905641
file				HTA8_6005_002101_IGO_11018_B_8_S3_L001_R1_001.fastq.gz			3467818565	9816eb3bf796be11220ddfcc2942bafe								syn61905658
file				HTA8_6005_002101_IGO_11018_B_8_S3_L001_R2_001.fastq.gz			8060596491	cb4f2fb7a5e96938c0bdda8877dc2bdc								syn61905687
file				HTA8_6006_001101_IGO_11247_8_S6_L001_R1_001.fastq.gz			2534987455	1b67fee2bd12b430f0412584181e72f9								syn61905692
file				HTA8_6006_001101_IGO_11247_8_S6_L001_R2_001.fastq.gz			5740206962	5f6ee62444492eae6b68bc2f891add03								syn61905712
file				HTA8_6006_001101_IGO_11247_8_S6_L002_R1_001.fastq.gz			2531731752	838002a65e8f5e85dd178af66544a20f								syn61905718
file				HTA8_6006_001101_IGO_11247_8_S6_L002_R2_001.fastq.gz			5747440169	32f53560a6754736c8f420b67633e753								syn61905730
file				HTA8_6006_002101_IGO_11247_9_S7_L001_R1_001.fastq.gz			2762305230	cb293494786845f2438a6576f6adb658								syn61905742
file				HTA8_6006_002101_IGO_11247_9_S7_L001_R2_001.fastq.gz			6272422959	412850e80e932b3cd1446d21c0a54651								syn61905765
file				HTA8_6006_002101_IGO_11247_9_S7_L002_R1_001.fastq.gz			2755030559	fefd864847c92b02f8021f3600ffe8a3								syn61905781
file				HTA8_6006_002101_IGO_11247_9_S7_L002_R2_001.fastq.gz			6272097761	03d439eeeef8b5d5aef1b2b06cf56303								syn61905801
file				HTA8_6006_003101_IGO_11247_10_S8_L001_R1_001.fastq.gz			2499252187	2013207df6e78025be1b615b2e4eb6c7								syn61905807
file				HTA8_6006_003101_IGO_11247_10_S8_L001_R2_001.fastq.gz			5627739059	b32b481d4a022a91bf0ce4a4ffa8c20a								syn61905818
file				HTA8_6006_003101_IGO_11247_10_S8_L002_R1_001.fastq.gz			2496850745	ec4a9e83c845bab0f310bfe03c4e44f0								syn61905826
file				HTA8_6006_003101_IGO_11247_10_S8_L002_R2_001.fastq.gz			5634514735	238a589459c7070157a5eae92ad72d00								syn61905842
file				HTA8_6006_004101_IGO_11247_11_S9_L001_R1_001.fastq.gz			2211968819	34ff94807ab9c879095ad8ff19e852fc								syn61905847
file				HTA8_6006_004101_IGO_11247_11_S9_L001_R2_001.fastq.gz			5038594514	b539e9907bbe66787ae186d544b9d1f9								syn61905855
file				HTA8_6006_004101_IGO_11247_11_S9_L002_R1_001.fastq.gz			2203654297	92b36338b6a767ab4ce104c5f59cc606								syn61905867
file				HTA8_6006_004101_IGO_11247_11_S9_L002_R2_001.fastq.gz			5033219079	e84a11d55949d111dc6f43a380674474								syn61905885
file				HTA8_6007_001101_IGO_11247_17_S19_L001_R1_001.fastq.gz			2472083566	d1493181784b8202abbe5742e1e84eca								syn61905891
file				HTA8_6007_001101_IGO_11247_17_S19_L001_R2_001.fastq.gz			5568487157	c518ad75936843cb29bdac4f964acd2f								syn61905910
file				HTA8_6007_001101_IGO_11247_17_S19_L002_R1_001.fastq.gz			2465110605	6408f07bf5ea31cfe4a9229239bf3b9b								syn61905918
file				HTA8_6007_001101_IGO_11247_17_S19_L002_R2_001.fastq.gz			5567188316	5b394895cdf0789a9e6042e4693b0568								syn61905930
file				HTA8_6007_002101_IGO_11247_16_S13_L001_R1_001.fastq.gz			1977394496	0314b21097ad1cf630bebeb9ce878f46								syn61905938
file				HTA8_6007_002101_IGO_11247_16_S13_L001_R2_001.fastq.gz			4417216544	1add89388ad2cc33b2bb8ad618eeff6f								syn61905952
file				HTA8_6007_002101_IGO_11247_16_S13_L002_R1_001.fastq.gz			1956407071	f029e8afd9555d03cda5a6c3e070b515								syn61905960
file				HTA8_6007_002101_IGO_11247_16_S13_L002_R2_001.fastq.gz			4380899314	aa17f2ecc4254f4d7cf8151ac4356119								syn61905967
file				HTA8_6007_003101_IGO_11247_15_S12_L001_R1_001.fastq.gz			2242995037	1581111245a7e533b11f0c20fdd197cf								syn61905973
file				HTA8_6007_003101_IGO_11247_15_S12_L001_R2_001.fastq.gz			5063501987	e9dd85e25fc727de17399c6195558c9f								syn61905983
file				HTA8_6007_003101_IGO_11247_15_S12_L002_R1_001.fastq.gz			2232586005	86055c36b3eb98a2c9b29ce162d0f223								syn61905991
file				HTA8_6007_003101_IGO_11247_15_S12_L002_R2_001.fastq.gz			5051159145	09792f3b9c8f937a767262ca0e0b4110								syn61906005
file				HTA8_6008_001101_IGO_11246_3_S3_L001_R1_001.fastq.gz			2587475178	4b99a0708c7ec841f3f788f3a96debb2								syn61906009
file				HTA8_6008_001101_IGO_11246_3_S3_L001_R2_001.fastq.gz			5596258546	a395e67bfd65b5a68f3f4585a9688e01								syn61906020
file				HTA8_6008_001101_IGO_11246_3_S3_L002_R1_001.fastq.gz			2662475521	827d794a826c84f45bf1f64f618eb846								syn61906028
file				HTA8_6008_001101_IGO_11246_3_S3_L002_R2_001.fastq.gz			5715454042	1bfb5828ab4495443ca4e0af14b4a7e2								syn61906052
file				HTA8_6008_002101_IGO_11246_2_S2_L001_R1_001.fastq.gz			2335717300	235f71f0175956ead613f021c9d34660								syn61906059
file				HTA8_6008_002101_IGO_11246_2_S2_L001_R2_001.fastq.gz			5280051561	92298ce4b323634dea24c40118fe17a3								syn61906076
file				HTA8_6008_002101_IGO_11246_2_S2_L002_R1_001.fastq.gz			2380174696	f3197da271a7b85203f93d7ef0ff5ba0								syn61906080
file				HTA8_6008_002101_IGO_11246_2_S2_L002_R2_001.fastq.gz			5354443135	ce98133c849c9a1ef3600c26316e6244								syn61906094
file				HTA8_6009_001101_IGO_11245_15_S15_L001_R1_001.fastq.gz			673247292	7193407a96056baa21020db91104c97a								syn61906096
file				HTA8_6009_001101_IGO_11245_15_S15_L001_R2_001.fastq.gz			1462500050	fc8c3f0f376ec50e62b6d3e5135a771d								syn61906100
file				HTA8_6009_001101_IGO_11245_15_S15_L002_R1_001.fastq.gz			674301777	e9ce0a685ef1818e8e26483df50375ef								syn61906102
file				HTA8_6009_001101_IGO_11245_15_S15_L002_R2_001.fastq.gz			1454301502	9108024794a45103513be7a20b712ecf								syn61906112
file				HTA8_6009_002101_IGO_11242_2_S12_L001_R1_001.fastq.gz			529485422	6be994e1819aeb81d81cb2765b6cc0e0								syn61906116
file				HTA8_6009_002101_IGO_11242_2_S12_L001_R2_001.fastq.gz			1214927136	8cceec743cc8f4321119565b93ab2f7f								syn61906119
file				HTA8_6009_002101_IGO_11242_2_S12_L002_R1_001.fastq.gz			529477705	b62c6b2526f30d1c18dc593c4156c2ab								syn61906121
file				HTA8_6009_002101_IGO_11242_2_S12_L002_R2_001.fastq.gz			1214949032	7d4340b63487186d7ab7913416078754								syn61906129
file				HTA8_6009_003101_IGO_11242_19_S21_L001_R1_001.fastq.gz			982201994	aeb3362eefcfb62561e4c8ad5f2bb931								syn61906132
file				HTA8_6009_003101_IGO_11242_19_S21_L001_R2_001.fastq.gz			2292629642	223006932ecaf25ff28fd1ff0f5c086d								syn61906136
file				HTA8_6009_003101_IGO_11242_19_S21_L002_R1_001.fastq.gz			982346261	7321f8b414a4eb96a383679990ffef2c								syn61906139
file				HTA8_6009_003101_IGO_11242_19_S21_L002_R2_001.fastq.gz			2292916625	0c879fb6e183437a71cf71bf6cbca370								syn61906158
file				HTA8_6010_001101_IGO_11245_17_S17_L001_R1_001.fastq.gz			1250541706	28b21fe9274fbea834d7e1573edabc9e								syn61906164
file				HTA8_6010_001101_IGO_11245_17_S17_L001_R2_001.fastq.gz			2694821836	6b10c926f61e9a7667bea68d10e787fd								syn61906172
file				HTA8_6010_001101_IGO_11245_17_S17_L002_R1_001.fastq.gz			1252205549	14fd622da8b806ae339f81de1ecee5e9								syn61906177
file				HTA8_6010_001101_IGO_11245_17_S17_L002_R2_001.fastq.gz			2681202264	f3feb28f5f41ca4f1d557d58fc437c7c								syn61906191
file				HTA8_6010_002101_IGO_11245_18_S18_L001_R1_001.fastq.gz			785861501	b29d327119be2a639e187669d97f05a3								syn61906197
file				HTA8_6010_002101_IGO_11245_18_S18_L001_R2_001.fastq.gz			1734977134	b700314fd8b8fc706d4f35f4a4f3f5fd								syn61906207
file				HTA8_6010_002101_IGO_11245_18_S18_L002_R1_001.fastq.gz			785663196	fc20946e6dbe9d134fcd0f27bc38d517								syn61906210
file				HTA8_6010_002101_IGO_11245_18_S18_L002_R2_001.fastq.gz			1722422955	00739e1f344e31ce72a8dcd3745019cb								syn61906213
file				HTA8_6010_003101_IGO_11245_16_S16_L001_R1_001.fastq.gz			521589701	61c9678b0fc7dab946036a8fc94cc2fd								syn61906216
file				HTA8_6010_003101_IGO_11245_16_S16_L001_R2_001.fastq.gz			1151588942	206134a04972bd657ab4572a5bd61689								syn61906222
file				HTA8_6010_003101_IGO_11245_16_S16_L002_R1_001.fastq.gz			523870715	d8256999454e08a7c4596f2b26369ade								syn61906224
file				HTA8_6010_003101_IGO_11245_16_S16_L002_R2_001.fastq.gz			1149009783	973773f58d79f642868390d188bbef3a								syn61906228
file				HTA8_6010_004101_IGO_12253_14_S11_L001_R1_001.fastq.gz			2949493562	76c957a3d26268cb787850d2b7ca879c								syn61906240
file				HTA8_6010_004101_IGO_12253_14_S11_L001_R2_001.fastq.gz			6468571499	7310b09cab019b76af2fbb8f8a3e15ca								syn61906271
file				HTA8_6010_004101_IGO_12253_14_S11_L002_R1_001.fastq.gz			2952205466	de23b2d998c2461fd1b92d2762119d5b								syn61906287
file				HTA8_6010_004101_IGO_12253_14_S11_L002_R2_001.fastq.gz			6479243543	9e8f4226aa7816e6114367fe1c74773a								syn61906304
file				HTA8_6011_001101_IGO_11377_6_S6_L001_R1_001.fastq.gz			2530056014	e45f9c9314468c8f096a41f2d5593eae								syn61906313
file				HTA8_6011_001101_IGO_11377_6_S6_L001_R2_001.fastq.gz			5731566316	c6e736c9de2b20faa46cf7a613e96170								syn61906346
file				HTA8_6011_001101_IGO_11377_6_S6_L002_R1_001.fastq.gz			2543380838	8df3a622ee04a2249021c1efa521762d								syn61906359
file				HTA8_6011_001101_IGO_11377_6_S6_L002_R2_001.fastq.gz			5756177594	9b6644ba4b9f9b4b5ba762fceff7c6d6								syn61906371
file				HTA8_6011_002101_IGO_11377_8_S8_L001_R1_001.fastq.gz			2243967310	82e186b85449aa77db7dc989c1b92d81								syn61906378
file				HTA8_6011_002101_IGO_11377_8_S8_L001_R2_001.fastq.gz			5094141928	aea897b4d808b4b14e1f4beece72a487								syn61906387
file				HTA8_6011_002101_IGO_11377_8_S8_L002_R1_001.fastq.gz			2285552970	1a2f0235c8d7c621db92d37bf44f64b7								syn61906399
file				HTA8_6011_002101_IGO_11377_8_S8_L002_R2_001.fastq.gz			5188858075	00ed3d2e95638e990efbb8bbc4a8ce6a								syn61906406
file				HTA8_6011_003101_IGO_11377_7_S7_L001_R1_001.fastq.gz			1779168153	9f96e8b789ccb335e674b9e787484397								syn61906410
file				HTA8_6011_003101_IGO_11377_7_S7_L001_R2_001.fastq.gz			4040311745	6e65e909f59c62f3f86b3cdff122b768								syn61906425
file				HTA8_6011_003101_IGO_11377_7_S7_L002_R1_001.fastq.gz			1804542985	b4256e3350b80541e94913f4354ed982								syn61906430
file				HTA8_6011_003101_IGO_11377_7_S7_L002_R2_001.fastq.gz			4098185903	d185debc8063f7aa84660598abe872ac								syn61906439
file				HTA8_6012_001101_IGO_11554_5_S5_L001_R1_001.fastq.gz			2816661379	679aaba701dde86aa82742b6046deef4								syn61906449
file				HTA8_6012_001101_IGO_11554_5_S5_L001_R2_001.fastq.gz			6344521837	9d0a9f0b7c6df7c853586f08ca38d680								syn61906483
file				HTA8_6012_001101_IGO_11554_5_S5_L002_R1_001.fastq.gz			2817236345	371f0ce7b67c834ce3747a4ed60a9c00								syn61906489
file				HTA8_6012_001101_IGO_11554_5_S5_L002_R2_001.fastq.gz			6330727129	c1b1ea9f4f3e2732843477f4d60af6de								syn61906506
file				HTA8_6012_002101_IGO_11554_4_S4_L001_R2_001.fastq.gz			5616942985	cc9fbddb3579d9c89cad37827878127f								syn61906521
file				HTA8_6012_002101_IGO_11554_4_S4_L002_R1_001.fastq.gz			2494992220	8adb4fc2aa4b57fd5927c92453df86e1								syn61906527
file				HTA8_6012_002101_IGO_11554_4_S4_L002_R2_001.fastq.gz			5612694090	8417ff1821a1f2bb3bb289a7f6fce236								syn61906549
file				HTA8_6012_003101_IGO_11175_B_12_S7_L001_R2_001.fastq.gz			6315853915	4b7bf76b1c47a4907463ef92385e1b84								syn61906561
file				HTA8_6012_003101_IGO_11175_B_12_S7_L002_R1_001.fastq.gz			2779697686	20b6c6a52edec9f27acb3b249deeff4f								syn61906575
file				HTA8_6012_003101_IGO_11175_B_12_S7_L002_R2_001.fastq.gz			6310247391	741616ddd1c735e98db242212acc8bda								syn61906613
file				HTA8_6013_001101_IGO_11377_B_40_S23_L003_R2_001.fastq.gz			9805788231	48ccb612fd6ac07ca36eb953b45f4f52								syn61906643
file				HTA8_6013_002101_IGO_11377_B_46_S29_L003_R2_001.fastq.gz			10225877017	cf216ffd56a8e2d0a2ebb17ffc6b3b4d								syn61906689
file				HTA8_6013_003101_IGO_11377_B_52_S5_L004_R2_001.fastq.gz			10643912340	695fa49c507fa52d1e6bff614182a946								syn61906719
file				HTA8_6014_001101_IGO_11377_B_12_S53_L001_R2_001.fastq.gz			9336548859	4c6293512153f44accebd27fa0b8a545								syn61906881
file				HTA8_6014_002101_IGO_11377_B_20_S32_L002_R2_001.fastq.gz			9292746900	fcbc5fa6fa24b1473f0b7dee2181e60a								syn61906913
file				HTA8_6015_001101_IGO_10317_B_51_S41_L003_R1_001.fastq.gz			2492662707	8db5a2bc8e3594b3b4debb279a59ea01								syn61906937
file				HTA8_6015_001101_IGO_10317_B_51_S41_L003_R2_001.fastq.gz			5718005671	a0e8fc5c9af3076cb9da96797197c46a								syn61906960
file				HTA8_6015_001101_IGO_10317_B_51_S41_L004_R1_001.fastq.gz			2452511056	3020156b827c2fcaba326a7e2172f3f4								syn61906978
file				HTA8_6015_001101_IGO_10317_B_51_S41_L004_R2_001.fastq.gz			5637650085	e5cfa57d19f843fa70bf4c4c43b00b2f								syn61907005
file				HTA8_6015_002101_IGO_10317_B_42_S35_L003_R1_001.fastq.gz			2277601182	7673b1d6b8957a681c57af6c3120f026								syn61907020
file				HTA8_6015_002101_IGO_10317_B_42_S35_L003_R2_001.fastq.gz			5205403606	0723b7be9a1637a5eedb7adce283198b								syn61907046
file				HTA8_6015_002101_IGO_10317_B_42_S35_L004_R1_001.fastq.gz			2239638585	d7f1d50c74437b74c4686ceca46ba5e3								syn61907055
file				HTA8_6015_002101_IGO_10317_B_42_S35_L004_R2_001.fastq.gz			5130344429	463549e2c493c42df7c943ca5bd45526								syn61907088
file				HTA8_6016_001101_IGO_11874_39_S12_L003_R1_001.fastq.gz			2676391001	df074db2e217f02d9529bc39677d2ad7								syn61907106
file				HTA8_6016_001101_IGO_11874_39_S12_L003_R2_001.fastq.gz			5982878764	a0db9a62094f0696ac7e1158db479b83								syn61907136
file				HTA8_6016_001101_IGO_11874_39_S12_L004_R1_001.fastq.gz			2718213140	f358a7e4e566ca93b314731ae115e2ce								syn61907147
file				HTA8_6016_001101_IGO_11874_39_S12_L004_R2_001.fastq.gz			6027105330	5572cd3f01f2ca85451187c14e79355c								syn61907168
file				HTA8_6016_002101_IGO_11874_40_S13_L003_R2_001.fastq.gz			6213813573	782f0bdda4e868411fef242d47e91c90								syn61907199
file				HTA8_6016_002101_IGO_11874_40_S13_L004_R2_001.fastq.gz			6261977275	ded88c07f7f7fa080b0938c7d61a8cc2								syn61907219
file				HTA8_6016_003101_IGO_11874_41_S14_L003_R2_001.fastq.gz			6732339519	d5d15535c1688ecb360a953817004e28								syn61907254
file				HTA8_6016_003101_IGO_11874_41_S14_L004_R2_001.fastq.gz			6790539017	add5e928dd0826fe0d6e9ee8bc4dd94a								syn61907289
file				HTA8_6017_001101_IGO_12065_44_S17_L001_R1_001.fastq.gz			1194357312	4067642c268245bf8a69403904196bd9								syn61907294
file				HTA8_6017_001101_IGO_12065_44_S17_L001_R2_001.fastq.gz			2732358644	3dcad3065c4fc3ef1f063438e4bbfef5								syn61907305
file				HTA8_6017_001101_IGO_12065_44_S17_L002_R1_001.fastq.gz			1175782124	3cc12da9655ffa30c634fa62e5afdcac								syn61907310
file				HTA8_6017_001101_IGO_12065_44_S17_L002_R2_001.fastq.gz			2705115812	ba47c8ae2e0653ac057b164642ced7ed								syn61907316
file				HTA8_6017_001101_IGO_12065_44_S17_L003_R1_001.fastq.gz			1211798748	302cb83c7ac351917f82591cf7a7c79f								syn61907325
file				HTA8_6017_001101_IGO_12065_44_S17_L003_R2_001.fastq.gz			2769222412	00597a320657e02d3e206990deaaf8c2								syn61907335
file				HTA8_6017_001101_IGO_12065_44_S17_L004_R1_001.fastq.gz			1182620967	9559abef62240aa33cd9cd7964908c17								syn61907341
file				HTA8_6017_001101_IGO_12065_44_S17_L004_R2_001.fastq.gz			2715634354	140a26854f876496efe210fe29af0c78								syn61907359
file				HTA8_6017_002101_IGO_12065_45_S18_L001_R1_001.fastq.gz			1168031401	db4cbb37c25a7edc422dfacd3435a9fd								syn61907366
file				HTA8_6017_002101_IGO_12065_45_S18_L001_R2_001.fastq.gz			2669177540	3befd67b78e26144323f9736627230ad								syn61907393
file				HTA8_6017_002101_IGO_12065_45_S18_L002_R1_001.fastq.gz			1159590931	d6523293678e55c7a785a40c62f678cb								syn61907396
file				HTA8_6017_002101_IGO_12065_45_S18_L002_R2_001.fastq.gz			2661831311	1c67f78f23334329f1ace0dfc368d8f7								syn61907408
file				HTA8_6017_002101_IGO_12065_45_S18_L003_R1_001.fastq.gz			1177942276	f9a3e89809b066e92495cb3a6fc7e268								syn61907415
file				HTA8_6017_002101_IGO_12065_45_S18_L003_R2_001.fastq.gz			2687821504	6136ac55e25a2b1ddcd931e70f812677								syn61907420
file				HTA8_6017_002101_IGO_12065_45_S18_L004_R1_001.fastq.gz			1164378166	8f00d212187a73badf670e207356a205								syn61907423
file				HTA8_6017_002101_IGO_12065_45_S18_L004_R2_001.fastq.gz			2667130042	d5aa984c64e556bba9d6336a8cb9ab77								syn61907432
file				HTA8_6017_003101_IGO_12065_46_S19_L001_R1_001.fastq.gz			1114110287	5a7c22cdae92f5ca7cbb0d573de64d73								syn61907436
file				HTA8_6017_003101_IGO_12065_46_S19_L001_R2_001.fastq.gz			2577702725	5fe8b2cdd9887a244c16a188b04bb598								syn61907444
file				HTA8_6017_003101_IGO_12065_46_S19_L002_R1_001.fastq.gz			1103233927	ea76e9af9ada1ab889ba106c60e5ed08								syn61907452
file				HTA8_6017_003101_IGO_12065_46_S19_L002_R2_001.fastq.gz			2564521361	74a60091b80f5b937e2e9b4e3976e435								syn61907458
file				HTA8_6017_003101_IGO_12065_46_S19_L003_R1_001.fastq.gz			1129134520	b8fbfcc4ed35972c21343ab75a2236b3								syn61907463
file				HTA8_6017_003101_IGO_12065_46_S19_L003_R2_001.fastq.gz			2608535923	b54b7947bd95ec7c72666f4ed12b77b8								syn61907467
file				HTA8_6017_003101_IGO_12065_46_S19_L004_R1_001.fastq.gz			1112534671	565d584d7d63b2e6e304e69ba9f9eb94								syn61907473
file				HTA8_6017_003101_IGO_12065_46_S19_L004_R2_001.fastq.gz			2580810770	4510fc20f13c95b77173c1573d90507e								syn61907478
file				HTA8_6017_004101_IGO_12437_G_286_S2_L001_R1_001.fastq.gz			1606369895	246ff9daa2d126f82527a33371bfc134								syn61907490
file				HTA8_6017_004101_IGO_12437_G_286_S2_L001_R2_001.fastq.gz			3383011089	0a33bc2819e1a9e01cca36bef4be1713								syn61907497
file				HTA8_6017_004101_IGO_12437_G_286_S2_L002_R1_001.fastq.gz			1601831830	1f2d54cf12a7f67f9ef3c38abc2cfa39								syn61907503
file				HTA8_6017_004101_IGO_12437_G_286_S2_L002_R2_001.fastq.gz			3376817551	f343af2602c5793633a498defd591202								syn61907521
file				HTA8_6017_004101_IGO_12437_G_286_S2_L003_R1_001.fastq.gz			1599323016	4e3f407ee90c05cabe9660cd95c304a3								syn61907525
file				HTA8_6017_004101_IGO_12437_G_286_S2_L003_R2_001.fastq.gz			3360790513	a0524465bbd17ffe71708e490ece291c								syn61907541
file				HTA8_6017_004101_IGO_12437_G_286_S2_L004_R1_001.fastq.gz			1641984288	65cb921405245b77d6bf55ca245e290a								syn61907547
file				HTA8_6017_004101_IGO_12437_G_286_S2_L004_R2_001.fastq.gz			3470755699	08c2412af230d32755fee26dfd199350								syn61907556
file				HTA8_6018_001101_IGO_12068_33_S31_L001_R1_001.fastq.gz			1444255002	c42281186b08e1b7b5dc215c30596288								syn61907561
file				HTA8_6018_001101_IGO_12068_33_S31_L001_R2_001.fastq.gz			3140744726	f1d213536f1bdc08a55a0ea157dca3ba								syn61907580
file				HTA8_6018_001101_IGO_12068_33_S31_L002_R1_001.fastq.gz			1349428032	50adf02c2528b25e909bb777dd574864								syn61907590
file				HTA8_6018_001101_IGO_12068_33_S31_L002_R2_001.fastq.gz			2960524846	7bfd49c6ad2860ece2d2417755da4083								syn61907609
file				HTA8_6018_001101_IGO_12068_33_S31_L003_R1_001.fastq.gz			1389272172	7e6c30cae65c3374dc9bfa93a5ef1fd5								syn61907612
file				HTA8_6018_001101_IGO_12068_33_S31_L003_R2_001.fastq.gz			3031077311	47fccbeb8ff6ffd009cce8360b7a1567								syn61907620
file				HTA8_6018_001101_IGO_12068_33_S31_L004_R1_001.fastq.gz			1298250165	5c18d841d2332bb835fc032e0fa25df0								syn61907627
file				HTA8_6018_001101_IGO_12068_33_S31_L004_R2_001.fastq.gz			2847529910	b4acc91f3e5f27aab75a411bd1ef208b								syn61907658
file				HTA8_6018_002101_IGO_12068_37_S35_L001_R1_001.fastq.gz			1494117904	ad0b03606755165e10ace0810d9187c8								syn61907666
file				HTA8_6018_002101_IGO_12068_37_S35_L001_R2_001.fastq.gz			3303292958	e55a2a84e8a3e4758044944d06e72f52								syn61907677
file				HTA8_6018_002101_IGO_12068_37_S35_L002_R1_001.fastq.gz			1369447596	59bd58d615b0769e42717b08447019fd								syn61907687
file				HTA8_6018_002101_IGO_12068_37_S35_L002_R2_001.fastq.gz			3054889632	23092d01ef813febf58f8ee994ddbbda								syn61907692
file				HTA8_6018_002101_IGO_12068_37_S35_L003_R1_001.fastq.gz			1425915373	373a3a557e82a6d2c9186e63bc32035b								syn61907696
file				HTA8_6018_002101_IGO_12068_37_S35_L003_R2_001.fastq.gz			3162903785	40dbfc12bd5c6f3858057140feee15d6								syn61907709
file				HTA8_6018_002101_IGO_12068_37_S35_L004_R1_001.fastq.gz			1303088875	8c128c435270729b3357a88bdbe27e73								syn61907717
file				HTA8_6018_002101_IGO_12068_37_S35_L004_R2_001.fastq.gz			2906313764	98ad75d4c82b27ccae7cf1648a9bf9d4								syn61907735
file				HTA8_6018_003101_IGO_12068_32_S30_L001_R1_001.fastq.gz			1435123187	9826f0049a4cbb7280a481e8744c32ef								syn61907746
file				HTA8_6018_003101_IGO_12068_32_S30_L001_R2_001.fastq.gz			3151317075	f9030dfd9551fca42e0bebb42faa32aa								syn61907751
file				HTA8_6018_003101_IGO_12068_32_S30_L002_R1_001.fastq.gz			1331819483	343e363853bf05f05e765528b2819446								syn61907755
file				HTA8_6018_003101_IGO_12068_32_S30_L002_R2_001.fastq.gz			2951309539	1981bec349f72f9a5f6dbdbfed0df6fb								syn61907771
file				HTA8_6018_003101_IGO_12068_32_S30_L003_R1_001.fastq.gz			1376549796	d71796a43af3a17208eac113c777206d								syn61907777
file				HTA8_6018_003101_IGO_12068_32_S30_L003_R2_001.fastq.gz			3032499271	5bbfd62ded473ec98da6a5452e67e248								syn61907791
file				HTA8_6018_003101_IGO_12068_32_S30_L004_R1_001.fastq.gz			1276705733	0024ba2db9c32f9f19bfd3b6f127115e								syn61907796
file				HTA8_6018_003101_IGO_12068_32_S30_L004_R2_001.fastq.gz			2828800482	0a8697bd74dedba6c991d49457dd6b1b								syn61907804
file				HTA8_6019_001101_IGO_12068_41_S40_L001_R1_001.fastq.gz			1427305261	183f731c6446d923c797b50aaba27dde								syn61907807
file				HTA8_6019_001101_IGO_12068_41_S40_L001_R2_001.fastq.gz			3201795818	cc46a45354f4fcf3712b200fa4961ca9								syn61907820
file				HTA8_6019_001101_IGO_12068_41_S40_L002_R1_001.fastq.gz			1305372907	941b64c738db2bd4f44c69eafe448957								syn61907823
file				HTA8_6019_001101_IGO_12068_41_S40_L002_R2_001.fastq.gz			2954391857	af5a59a87ff643d87e7418c448338121								syn61907834
file				HTA8_6019_001101_IGO_12068_41_S40_L003_R1_001.fastq.gz			1359702058	8306b6cbd0508b810a3d95766261bb07								syn61907840
file				HTA8_6019_001101_IGO_12068_41_S40_L003_R2_001.fastq.gz			3059708030	baac801a57d8f3b32400a96cb63b2a29								syn61907856
file				HTA8_6019_001101_IGO_12068_41_S40_L004_R1_001.fastq.gz			1241336748	08ee04d850e5ff00e3def95474598c4c								syn61907861
file				HTA8_6019_001101_IGO_12068_41_S40_L004_R2_001.fastq.gz			2808679806	e077e5515688e8ec76bce701fd60462c								syn61907865
file				HTA8_6019_002101_IGO_12068_42_S41_L001_R1_001.fastq.gz			1251607097	18149321ad25ef41622ee93254ffecd9								syn61907874
file				HTA8_6019_002101_IGO_12068_42_S41_L001_R2_001.fastq.gz			2782761975	283dc2f0388590d51dda70aa516b82f3								syn61907882
file				HTA8_6019_002101_IGO_12068_42_S41_L002_R1_001.fastq.gz			1200600326	46dcf45e1ba57be5fd2f2ee78ece08f8								syn61907889
file				HTA8_6019_002101_IGO_12068_42_S41_L002_R2_001.fastq.gz			2691625666	f7590db06fbb741e026695ec0199ddaa								syn61907893
file				HTA8_6019_002101_IGO_12068_42_S41_L003_R1_001.fastq.gz			1222551520	6d0290137e3947f32c2ad1e6aab08859								syn61907896
file				HTA8_6019_002101_IGO_12068_42_S41_L003_R2_001.fastq.gz			2726695095	643c38c708f5db8ad532d2be1f44952f								syn61907906
file				HTA8_6019_002101_IGO_12068_42_S41_L004_R1_001.fastq.gz			1172032095	6e8088b47be9703580605c12a64b5e37								syn61907909
file				HTA8_6019_002101_IGO_12068_42_S41_L004_R2_001.fastq.gz			2626328049	441ffcccc8679b8f31eb53a94fc65efe								syn61907916
file				HTA8_6019_003101_IGO_12068_40_S39_L001_R1_001.fastq.gz			1252378296	2a640180991a027a35a2abbc1d34ca78								syn61907922
file				HTA8_6019_003101_IGO_12068_40_S39_L001_R2_001.fastq.gz			2788320742	c164b6d71b7a516d0bf64599ae158f02								syn61907935
file				HTA8_6019_003101_IGO_12068_40_S39_L002_R1_001.fastq.gz			1163177230	31b3e0143cbbd4cc7a9f1323a094290f								syn61907942
file				HTA8_6019_003101_IGO_12068_40_S39_L002_R2_001.fastq.gz			2613733613	c47ac3ee72a66adca60ce32d6142e42c								syn61907961
file				HTA8_6019_003101_IGO_12068_40_S39_L003_R1_001.fastq.gz			1200572254	7534f0608a49adfd1f296d5c41518a78								syn61907968
file				HTA8_6019_003101_IGO_12068_40_S39_L003_R2_001.fastq.gz			2682070153	237092d8e2a134f2c0701b07c711fb63								syn61907979
file				HTA8_6019_003101_IGO_12068_40_S39_L004_R1_001.fastq.gz			1116120588	d90e9f843b275f9cf4c8328ea20f31f8								syn61907984
file				HTA8_6019_003101_IGO_12068_40_S39_L004_R2_001.fastq.gz			2508273986	3965a04d1715ea99990b7b9ad41f73d6								syn61907988
file				HTA8_6020_001101_IGO_12065_33_S8_L001_R1_001.fastq.gz			1314931675	c89115ce39b758fee0fc9e41aadf9583								syn61907998
file				HTA8_6020_001101_IGO_12065_33_S8_L001_R2_001.fastq.gz			2835978583	aed375947d88c997006f0067db1e42c3								syn61908015
file				HTA8_6020_001101_IGO_12065_33_S8_L002_R1_001.fastq.gz			1301838171	12678b30aaf9b1e7507ee66df10276a6								syn61908028
file				HTA8_6020_001101_IGO_12065_33_S8_L002_R2_001.fastq.gz			2820839251	7e50feedb85536e6ae80d20d6f4b9072								syn61908041
file				HTA8_6020_001101_IGO_12065_33_S8_L003_R1_001.fastq.gz			1311132959	96e9b3d2291cc9d8b8cab7a234557fb2								syn61908048
file				HTA8_6020_001101_IGO_12065_33_S8_L003_R2_001.fastq.gz			2822679862	0b0b20b0074507bd1776d90fba0ae84b								syn61908059
file				HTA8_6020_001101_IGO_12065_33_S8_L004_R1_001.fastq.gz			1305412328	72c32f286342a0000b0c3c57243a4303								syn61908063
file				HTA8_6020_001101_IGO_12065_33_S8_L004_R2_001.fastq.gz			2821633818	89a17d4ab935fdf3e67a06ab47c0eb15								syn61908072
file				HTA8_6020_002101_IGO_12065_34_S9_L001_R1_001.fastq.gz			1382942693	ee6de23c7f43fd90df191da9ea1b4495								syn61908078
file				HTA8_6020_002101_IGO_12065_34_S9_L001_R2_001.fastq.gz			2983162294	b2128daeba9968e41287c6724e9f639a								syn61908086
file				HTA8_6020_002101_IGO_12065_34_S9_L002_R1_001.fastq.gz			1376504153	478adb0e2c16fdd981d47c9267e17906								syn61908089
file				HTA8_6020_002101_IGO_12065_34_S9_L002_R2_001.fastq.gz			2982867469	d56feca970634b7d303c09ce17931b88								syn61908105
file				HTA8_6020_002101_IGO_12065_34_S9_L003_R1_001.fastq.gz			1387748123	e07671f4ecfb0fe80809433551e98a2f								syn61908120
file				HTA8_6020_002101_IGO_12065_34_S9_L003_R2_001.fastq.gz			2988179273	515b362a1a7b391693aa7ecf6f5ee475								syn61908129
file				HTA8_6020_002101_IGO_12065_34_S9_L004_R1_001.fastq.gz			1381502718	07038a9f6b202a1366a9e7bbd3fbc6e1								syn61908134
file				HTA8_6020_002101_IGO_12065_34_S9_L004_R2_001.fastq.gz			2987074600	936f85ab4a36ffad0983a52548c80fd2								syn61908141
file				HTA8_6020_003101_IGO_12065_9_S1_L001_R1_001.fastq.gz			1312294427	fc1216811351465c798f7083fe444166								syn61908144
file				HTA8_6020_003101_IGO_12065_9_S1_L001_R2_001.fastq.gz			2823908560	ec7b0d9f8fea78d112bafc5f56287454								syn61908155
file				HTA8_6020_003101_IGO_12065_9_S1_L002_R1_001.fastq.gz			1297715892	826af41190231bdfe33ca7859d3d4fcd								syn61908158
file				HTA8_6020_003101_IGO_12065_9_S1_L002_R2_001.fastq.gz			2805157360	0b456bfe4e30a72a3955518be4b17a6b								syn61908166
file				HTA8_6020_003101_IGO_12065_9_S1_L003_R1_001.fastq.gz			1300257721	8b0588032e1a3a283e3f02056d4f7306								syn61908172
file				HTA8_6020_003101_IGO_12065_9_S1_L003_R2_001.fastq.gz			2793548246	c8e4ba92dfab9f0fe71176fc873f69db								syn61908181
file				HTA8_6020_003101_IGO_12065_9_S1_L004_R1_001.fastq.gz			1293398502	8fe728567164d0efd9d9c4ee922bd22f								syn61908185
file				HTA8_6020_003101_IGO_12065_9_S1_L004_R2_001.fastq.gz			2789684523	2aeba3c0394ce7cfce52c3b96b20339f								syn61908191
file				HTA8_6021_001101_IGO_12253_33_S35_L003_R2_001.fastq.gz			6676457240	0f1c5ea19851d21bbcdbd0daf256daf7								syn61908202
file				HTA8_6021_001101_IGO_12253_33_S35_L004_R2_001.fastq.gz			6650119989	55aa9e319fe1117a0110c9f267ff9405								syn61908214
file				HTA8_6021_002101_IGO_12253_34_S23_L003_R2_001.fastq.gz			7690514648	1d8ff31d14e7b3f4ac76ca2b81e040db								syn61908238
file				HTA8_6021_002101_IGO_12253_34_S23_L004_R2_001.fastq.gz			7649517235	3d24219c522b018ffccad28992fda3bf								syn61908257
file				HTA8_6022_001101_IGO_09563_11_S11_L001_R2_001.fastq.gz			5456617356	e5804fec58609dc127a68c59c414866e								syn61908269
file				HTA8_6022_001101_IGO_09563_11_S11_L002_R2_001.fastq.gz			5456329501	73068346497284881c632c057222be34								syn61908286
file				HTA8_6022_002101_IGO_09563_15_S15_L001_R2_001.fastq.gz			5468033753	cfc07350b89188fbbb7d2a137394bb62								syn61908314
file				HTA8_6022_002101_IGO_09563_15_S15_L002_R2_001.fastq.gz			5474685533	501103c299547e7135fbe1390a20d008								syn61908343
file				HTA8_6022_003101_IGO_09563_10_S10_L001_R2_001.fastq.gz			6304935777	89ced59a6ae57fe801595e38b4ff7524								syn61908357
file				HTA8_6022_003101_IGO_09563_10_S10_L002_R2_001.fastq.gz			6310919171	5895499fc890eeb32c84ed66ffd7d00e								syn61908372
file				HTA8_6022_004101_IGO_12109_35_S1_L003_R2_001.fastq.gz			4698299665	ba442a07d857db4ea7fcd2ebb389b273								syn61908404
file				HTA8_6022_004101_IGO_12109_35_S1_L004_R2_001.fastq.gz			4684978163	1ae9616eb8f2d34d5fdf8ac8ee7962f7								syn61908418
file				HTA8_6023_001101_IGO_09563_13_S13_L001_R2_001.fastq.gz			5733721347	a46c71446f96402e5933b77091bf164f								syn61908427
file				HTA8_6023_001101_IGO_09563_13_S13_L002_R2_001.fastq.gz			5736005749	b05166bd4e8c9ad7c1279d4438079fe4								syn61908455
file				HTA8_6023_002101_IGO_09563_12_S12_L001_R2_001.fastq.gz			6064886244	e4df61c452798389f8eaef4f37623211								syn61908469
file				HTA8_6023_002101_IGO_09563_12_S12_L002_R2_001.fastq.gz			6066160868	6ef8359645399edb4789351db3ce5821								syn61908480
file				HTA8_6023_003101_IGO_09563_14_S14_L001_R2_001.fastq.gz			5980867653	ab944675f431befb879914861e3da357								syn61908516
file				HTA8_6023_003101_IGO_09563_14_S14_L002_R2_001.fastq.gz			5984027891	e756ff4327777b6029e2bcaf038fb5de								syn61908544
file				HTA8_6023_004101_IGO_11874_46_S19_L003_R2_001.fastq.gz			6444620661	baa83cb5e4d252040fcb17a6a471f3f8								syn61908563
file				HTA8_6023_004101_IGO_11874_46_S19_L004_R2_001.fastq.gz			6494175981	f024aa3626229500087192e9a76bc0be								syn61908577
file				HTA8_6024_001101_IGO_09563_18_S18_L001_R2_001.fastq.gz			5239660251	22397e65b95949d3da1a5d66586eecb0								syn61908592
file				HTA8_6024_001101_IGO_09563_18_S18_L002_R2_001.fastq.gz			5242225273	83be0fb6b6944d45c2d0a08bf9b5bf80								syn61908623
file				HTA8_6024_002101_IGO_09563_17_S17_L001_R2_001.fastq.gz			6330547178	083b2e0979bcddeb8b3d1a85da494034								syn61908642
file				HTA8_6024_002101_IGO_09563_17_S17_L002_R2_001.fastq.gz			6335089903	b81d318c3d646b93fc6e0e5c8f097b5d								syn61908655
file				HTA8_6024_003101_IGO_09563_16_S16_L001_R2_001.fastq.gz			6274412687	4a894a6332d99bf1c6996189e604b7e6								syn61908681
file				HTA8_6024_003101_IGO_09563_16_S16_L002_R2_001.fastq.gz			6278629232	fd5e775a6a79bf971dc47d7d9d07e66f								syn61908702
file				HTA8_6025_001101_IGO_09685_2_S3_L001_R2_001.fastq.gz			13361532043	ecaaa168faa5fa33abeec14b09d1b219								syn61908773
file				HTA8_6025_002101_IGO_09685_3_S4_L001_R2_001.fastq.gz			12878861850	80139ad58e22e2ada1a8ce3dd9a0d64d								syn61908802
file				HTA8_6025_003101_IGO_09685_1_S2_L001_R2_001.fastq.gz			12979834082	5d030e500e92c7396b7e84ef77b07f15								syn61908847
file				HTA8_6026_001101_IGO_12381_8_S9_L001_R1_001.fastq.gz			1517239992	2cc93f53950952ac27a95baf28f515f1								syn61908856
file				HTA8_6026_001101_IGO_12381_8_S9_L001_R2_001.fastq.gz			3331051533	2ed57d8bda705485afe82f0247b610ef								syn61908873
file				HTA8_6026_001101_IGO_12381_8_S9_L002_R1_001.fastq.gz			1513696071	d43c0571eb88e20fdb2c151cb2c38a24								syn61908878
file				HTA8_6026_001101_IGO_12381_8_S9_L002_R2_001.fastq.gz			3333972385	f2fbbf21f07c4a5b60a6b820bc66d6ac								syn61908891
file				HTA8_6026_001101_IGO_12381_8_S9_L003_R1_001.fastq.gz			1521670111	d7ac424b3fddd58a1aa6a63755e630e9								syn61908895
file				HTA8_6026_001101_IGO_12381_8_S9_L003_R2_001.fastq.gz			3340336611	c3a2ec195d54ccb56fd5db0a54bde251								syn61908904
file				HTA8_6026_001101_IGO_12381_8_S9_L004_R1_001.fastq.gz			1510410120	7e1a2d9cf77ce2607df6e28848786d4d								syn61908914
file				HTA8_6026_001101_IGO_12381_8_S9_L004_R2_001.fastq.gz			3322931972	74e044cd9d8f268cf2635b1ed56be995								syn61908942
file				HTA8_6026_002101_IGO_12381_7_S8_L001_R1_001.fastq.gz			1431621447	d4dd0cf07212c9de8c1ac440e1b4efb0								syn61908947
file				HTA8_6026_002101_IGO_12381_7_S8_L001_R2_001.fastq.gz			3094660350	a5335c2c28b89e332f900a7be9d2ad2c								syn61908968
file				HTA8_6026_002101_IGO_12381_7_S8_L002_R1_001.fastq.gz			1434715777	1b87790091e871ab4f0d5bd60fa0b508								syn61908975
file				HTA8_6026_002101_IGO_12381_7_S8_L002_R2_001.fastq.gz			3113921154	82b2f44d45fbc4ffaf377f3315734387								syn61908989
file				HTA8_6026_002101_IGO_12381_7_S8_L003_R1_001.fastq.gz			1439853822	73072cb1ab5addcd21ac9021c444e041								syn61908995
file				HTA8_6026_002101_IGO_12381_7_S8_L003_R2_001.fastq.gz			3113331511	078be701262ffdd9c1aeb46f513ae269								syn61909010
file				HTA8_6026_002101_IGO_12381_7_S8_L004_R1_001.fastq.gz			1434328776	fa033556f90d1cb1e518971511c3ddcf								syn61909017
file				HTA8_6026_002101_IGO_12381_7_S8_L004_R2_001.fastq.gz			3110350601	bd0af86e07eb5b321d52b0bb28e19778								syn61909028
file				HTA8_6026_003101_IGO_12381_6_S2_L001_R1_001.fastq.gz			1334705312	951b22a6d5a3eac6bf6de7c4e4347865								syn61909032
file				HTA8_6026_003101_IGO_12381_6_S2_L001_R2_001.fastq.gz			2922118210	131057e09ee583d3cfe130bdde874cb9								syn61909042
file				HTA8_6026_003101_IGO_12381_6_S2_L002_R1_001.fastq.gz			1359013333	cc97c9110920dd06590d96035109bc11								syn61909050
file				HTA8_6026_003101_IGO_12381_6_S2_L002_R2_001.fastq.gz			2986722319	16bc46565b3628d5f36101c987609b8d								syn61909059
file				HTA8_6026_003101_IGO_12381_6_S2_L003_R1_001.fastq.gz			1342935059	6a4dc58b545581d16dff207d1a360d0c								syn61909066
file				HTA8_6026_003101_IGO_12381_6_S2_L003_R2_001.fastq.gz			2940400902	c23d348949d451cc31c7abbcdbf78e72								syn61909087
file				HTA8_6026_003101_IGO_12381_6_S2_L004_R1_001.fastq.gz			1359022293	3a31fa554ac9d2f9390e4e2b8ae7d49e								syn61909091
file				HTA8_6026_003101_IGO_12381_6_S2_L004_R2_001.fastq.gz			2983508931	867a637de34a5e89cdcdb54512a62c5b								syn61909100
file				HTA8_6027_001101_IGO_09685_5_S6_L001_R2_001.fastq.gz			11635219693	41419c0a58aadc2c2c218d44066fec99								syn61909128
file				HTA8_6027_002101_IGO_09685_4_S5_L001_R2_001.fastq.gz			12079876125	ce78f4b5daab514c56970f211b0f520c								syn61909156
file				HTA8_6027_003101_IGO_12065_41_S16_L001_R1_001.fastq.gz			1382827400	ccbdac95d988f7b3ddafed37ac85332e								syn61909159
file				HTA8_6027_003101_IGO_12065_41_S16_L001_R2_001.fastq.gz			3157315715	21d0162db52fe1cab2b40526bae3a9d7								syn61909170
file				HTA8_6027_003101_IGO_12065_41_S16_L002_R1_001.fastq.gz			1389276529	531471fee86d396c46b09dcd05379736								syn61909173
file				HTA8_6027_003101_IGO_12065_41_S16_L002_R2_001.fastq.gz			3184459915	aa9ae601f05242493e4b3433c6f5c3a1								syn61909179
file				HTA8_6027_003101_IGO_12065_41_S16_L003_R1_001.fastq.gz			1395733179	729e6dd96ad1a4d2f9b549e1a1daf3d6								syn61909183
file				HTA8_6027_003101_IGO_12065_41_S16_L003_R2_001.fastq.gz			3180750843	dc387a933b21868ffc8f9b1c9a024f35								syn61909203
file				HTA8_6027_003101_IGO_12065_41_S16_L004_R1_001.fastq.gz			1401770384	5d6b93c11c5a1f6cfb4eb3eeb590c43f								syn61909209
file				HTA8_6027_003101_IGO_12065_41_S16_L004_R2_001.fastq.gz			3206011538	cafb749a59aca0548cd79f7cd735e66d								syn61909215
file				HTA8_6028_001101_IGO_12317_40_S7_L001_R1_001.fastq.gz			1094873450	d4e9246a6bc7eaf6379d7be26805afc6								syn61909217
file				HTA8_6028_001101_IGO_12317_40_S7_L001_R2_001.fastq.gz			2327106256	e9e3d72eb15f43ba6795509862927020								syn61909222
file				HTA8_6028_001101_IGO_12317_40_S7_L002_R1_001.fastq.gz			1103836895	94a45e84c6ce128944fa0400bf89585b								syn61909225
file				HTA8_6028_001101_IGO_12317_40_S7_L002_R2_001.fastq.gz			2347190804	c64c5accf2bfb6f10752368061ed6c97								syn61909230
file				HTA8_6028_001101_IGO_12317_40_S7_L003_R1_001.fastq.gz			1094437512	c84c1b381daf485623a80790ad0fc689								syn61909235
file				HTA8_6028_001101_IGO_12317_40_S7_L003_R2_001.fastq.gz			2322583209	1145a27b5b865bfcfb24e43cb939fcd5								syn61909240
file				HTA8_6028_001101_IGO_12317_40_S7_L004_R1_001.fastq.gz			1090673997	4fe92c5bff4e74d6653493f6bd800804								syn61909244
file				HTA8_6028_001101_IGO_12317_40_S7_L004_R2_001.fastq.gz			2311706531	c76132b224c3741186b0a01baee88716								syn61909252
file				HTA8_6028_002101_IGO_12317_41_S8_L001_R1_001.fastq.gz			1316044507	7598607f9e32b0914be933cff1f6e969								syn61909257
file				HTA8_6028_002101_IGO_12317_41_S8_L001_R2_001.fastq.gz			2750105381	6bd0fe3d23162a66decf3dc53a5f5c88								syn61909263
file				HTA8_6028_002101_IGO_12317_41_S8_L002_R1_001.fastq.gz			1321274729	99ea66dd77d54903df31a36a19292997								syn61909267
file				HTA8_6028_002101_IGO_12317_41_S8_L002_R2_001.fastq.gz			2761249812	a1e236e3a2a836343478a92954d9f414								syn61909273
file				HTA8_6028_002101_IGO_12317_41_S8_L003_R1_001.fastq.gz			1312016441	356c862062c6492e978d729ebef41ba7								syn61909276
file				HTA8_6028_002101_IGO_12317_41_S8_L003_R2_001.fastq.gz			2736695397	797077c5f75ccf443f1d0a4ce4804702								syn61909281
file				HTA8_6028_002101_IGO_12317_41_S8_L004_R1_001.fastq.gz			1307430685	814f772b43dc7521ea8a35b1d4b55273								syn61909284
file				HTA8_6028_002101_IGO_12317_41_S8_L004_R2_001.fastq.gz			2724429728	73148267565238ab48ca8b3c7a947037								syn61909291
file				HTA8_6028_003101_IGO_12317_43_S10_L001_R1_001.fastq.gz			1307573122	397175ce176d551224c812aedd685550								syn61909297
file				HTA8_6028_003101_IGO_12317_43_S10_L001_R2_001.fastq.gz			2790852824	909700ff0a97cf4a4e4d98879146a9b2								syn61909310
file				HTA8_6028_003101_IGO_12317_43_S10_L002_R1_001.fastq.gz			1312870427	1b058035bcabfff9ccc4c541a828e98f								syn61909313
file				HTA8_6028_003101_IGO_12317_43_S10_L002_R2_001.fastq.gz			2802950943	234b36bf0137f4b5b015a240d3b00607								syn61909320
file				HTA8_6028_003101_IGO_12317_43_S10_L003_R1_001.fastq.gz			1306037747	df5ca9e1bf3f5b1e4d74cbd3ff2d024a								syn61909333
file				HTA8_6028_003101_IGO_12317_43_S10_L003_R2_001.fastq.gz			2782254902	6811535a83d94c70655691497c23044f								syn61909344
file				HTA8_6028_003101_IGO_12317_43_S10_L004_R1_001.fastq.gz			1302708542	c73227ea45ba0852cac585ccd6213bc1								syn61909351
file				HTA8_6028_003101_IGO_12317_43_S10_L004_R2_001.fastq.gz			2772273655	f7353e75aee0baa1d3fa91eefdbd8098								syn61909361
file				HTA8_6029_001101_IGO_12437_171_S7_L003_R2_001.fastq.gz			12486935587	add2056ae262bd2ac64ce4d44bd63278								syn61909393
file				HTA8_6029_002101_IGO_12437_204_S7_L001_R2_001.fastq.gz			4563664020	dd73d84f4229fa66bb95e2e1c1579af0								syn61909403
file				HTA8_6029_002101_IGO_12437_204_S7_L002_R2_001.fastq.gz			4441912620	731b8abedb89a484aa3540dbf013dce1								syn61909416
file				HTA8_6029_002101_IGO_12437_204_S7_L003_R2_001.fastq.gz			4471722637	2203da7599041847fede75f0ef6d2308								syn61909433
file				HTA8_6029_002101_IGO_12437_204_S7_L004_R2_001.fastq.gz			4438272090	96ff67f687c9ea694e48b2b9b39f88ef								syn61909442
file				HTA8_6012_002101_IGO_11554_4_S4_L001_R1_001.fastq.gz			2491905797	f49e0b9b890c2ab6556e65b18ab372e4								syn65660296
file				HTA8_6012_003101_IGO_11175_B_12_S7_L001_R1_001.fastq.gz			2777701790	d5f127bc1baae26ddb4d45c63e388aae								syn65660358
file				HTA8_6013_001101_IGO_11377_B_40_S23_L003_R1_001.fastq.gz			4655682378	cb1fa882ccf108148b4b6ab32cea8f64								syn65660574
file				HTA8_6013_002101_IGO_11377_B_46_S29_L003_R1_001.fastq.gz			4664953725	88edecf806447ce987a0d1dc56291420								syn65660395
file				HTA8_6013_003101_IGO_11377_B_52_S5_L004_R1_001.fastq.gz			4720634481	da1acb3f944914ae2e437845544cf88b								syn65660594
file				HTA8_6014_001101_IGO_11377_B_12_S53_L001_R1_001.fastq.gz			4219161828	b388d051e46d2bc79854ee603e6948b4								syn65660589
file				HTA8_6014_002101_IGO_11377_B_20_S32_L002_R1_001.fastq.gz			4248693293	4869e89de9281d5dcca7de0351f3fcc0								syn65660369
file				HTA8_6016_002101_IGO_11874_40_S13_L003_R1_001.fastq.gz			2806292926	6d6fdb5964255030324ebf89e297898b								syn65660584
file				HTA8_6016_002101_IGO_11874_40_S13_L004_R1_001.fastq.gz			2851271934	312a4b76876cdd27d1ea2e245c3d72cb								syn65660364
file				HTA8_6016_003101_IGO_11874_41_S14_L003_R1_001.fastq.gz			2965444333	7fa6c077660c51e3b326b550876288c0								syn65660411
file				HTA8_6016_003101_IGO_11874_41_S14_L004_R1_001.fastq.gz			3016007690	98708ca4275ed653985b29ea98b9cf0e								syn65660448
file				HTA8_6021_001101_IGO_12253_33_S35_L003_R1_001.fastq.gz			3065932547	6239e99e42785c38e1592bdd466888ce								syn65660454
file				HTA8_6021_001101_IGO_12253_33_S35_L004_R1_001.fastq.gz			3058939052	344c00500f20b20ca0a06f591b49451b								syn65660455
file				HTA8_6021_002101_IGO_12253_34_S23_L003_R1_001.fastq.gz			3551607615	1fd0cf2c697c95a27904e851f7b2b7e0								syn65660429
file				HTA8_6021_002101_IGO_12253_34_S23_L004_R1_001.fastq.gz			3538088415	6aa0ab2478cf0eccd9ff23520fba99f9								syn65660459
file				HTA8_6022_001101_IGO_09563_11_S11_L001_R1_001.fastq.gz			2551053213	e09efd8be8664aefbc11576a9902aefc								syn65660428
file				HTA8_6022_001101_IGO_09563_11_S11_L002_R1_001.fastq.gz			2552285951	cdbd73de4848a7e49b375700b0b3eadc								syn65660363
file				HTA8_6022_002101_IGO_09563_15_S15_L001_R1_001.fastq.gz			2477271989	f45502f39ee820d74db06e4433c0f00c								syn65660458
file				HTA8_6022_002101_IGO_09563_15_S15_L002_R1_001.fastq.gz			2480253562	a2b7ef38263b407f8fd91b54c5e5eca9								syn65660460
file				HTA8_6022_003101_IGO_09563_10_S10_L001_R1_001.fastq.gz			2768857394	070fc95201f0cb6d4347e2aa8469ac6a								syn65660461
file				HTA8_6022_003101_IGO_09563_10_S10_L002_R1_001.fastq.gz			2771600084	9b32db04724ef24ea2b22d5a79aab7fe								syn65660476
file				HTA8_6022_004101_IGO_12109_35_S1_L003_R1_001.fastq.gz			2300090648	b811272ad8ee0576430556fef6809d82								syn65660481
file				HTA8_6022_004101_IGO_12109_35_S1_L004_R1_001.fastq.gz			2300773437	c704da8a208169235accdfaa593cea5e								syn65660483
file				HTA8_6023_001101_IGO_09563_13_S13_L001_R1_001.fastq.gz			2615436259	6c6f57650e5ce994755e082a133456c8								syn65660487
file				HTA8_6023_001101_IGO_09563_13_S13_L002_R1_001.fastq.gz			2617357101	9cec44415066a8d913900cf83a562a48								syn65660494
file				HTA8_6023_002101_IGO_09563_12_S12_L001_R1_001.fastq.gz			2698975281	dc65f0eb097c7de2b65533716cd83dfd								syn65660496
file				HTA8_6023_002101_IGO_09563_12_S12_L002_R1_001.fastq.gz			2700896553	5e842d0c1016de2122985165565bda8f								syn65660366
file				HTA8_6023_003101_IGO_09563_14_S14_L001_R1_001.fastq.gz			2642161330	6e45acafdf7881f26f731642066d4fbd								syn65660497
file				HTA8_6023_003101_IGO_09563_14_S14_L002_R1_001.fastq.gz			2644247241	4d75000bfa2bece9a2780cbc9f5ec8f6								syn65660498
file				HTA8_6023_004101_IGO_11874_46_S19_L003_R1_001.fastq.gz			2870647286	e1ebd95db66b2bdbf9070b54770b9943								syn65660499
file				HTA8_6023_004101_IGO_11874_46_S19_L004_R1_001.fastq.gz			2916047040	9631118446dc80f87a4f1aeacd0e1963								syn65660501
file				HTA8_6024_001101_IGO_09563_18_S18_L001_R1_001.fastq.gz			2485659568	5a751827ac8768b32a6a956156b07a7f								syn65660500
file				HTA8_6024_001101_IGO_09563_18_S18_L002_R1_001.fastq.gz			2488751790	312f40e0e0bd6fc248450012a95b546c								syn65660502
file				HTA8_6024_002101_IGO_09563_17_S17_L001_R1_001.fastq.gz			2784001601	974f06941d4a2f3ad881e91bf6ef50e0								syn65660509
file				HTA8_6024_002101_IGO_09563_17_S17_L002_R1_001.fastq.gz			2786621869	3b0b89c91ffd0230f3914cb7a20afc62								syn65660505
file				HTA8_6024_003101_IGO_09563_16_S16_L001_R1_001.fastq.gz			2752914492	efb27e438c2adf5dd6020bac0068af70								syn65660365
file				HTA8_6024_003101_IGO_09563_16_S16_L002_R1_001.fastq.gz			2756393057	233e9001f43e99f456036517cbbd7ceb								syn65660520
file				HTA8_6025_001101_IGO_09685_2_S3_L001_R1_001.fastq.gz			5933516975	b64f53b1f34b5bcdc24de26ef3b30452								syn65660375
file				HTA8_6025_002101_IGO_09685_3_S4_L001_R1_001.fastq.gz			5737426285	d26f0d0825397a295475cb1bfbd33409								syn65660537
file				HTA8_6025_003101_IGO_09685_1_S2_L001_R1_001.fastq.gz			5821037547	abd9fc71592484e083586042b6d295d4								syn65660545
file				HTA8_6027_001101_IGO_09685_5_S6_L001_R1_001.fastq.gz			5447323238	3b506ae20c3925d16468373ce548914d								syn65660544
file				HTA8_6027_002101_IGO_09685_4_S5_L001_R1_001.fastq.gz			5459439235	649e585f9307ccc721f185b36bfb3a00								syn65660541
file				HTA8_6029_001101_IGO_12437_171_S7_L003_R1_001.fastq.gz			5541525215	915175e8cac2b673c69aaa2d4f438495								syn65660372
file				HTA8_6029_002101_IGO_12437_204_S7_L001_R1_001.fastq.gz			2256027959	b1fcbcb76da9383e39559bdd681243b3								syn65660532
file				HTA8_6029_002101_IGO_12437_204_S7_L002_R1_001.fastq.gz			2202242769	db1a794be580b2593721667a4d5626a8								syn65660535
file				HTA8_6029_002101_IGO_12437_204_S7_L003_R1_001.fastq.gz			2201507705	526b27646c667e0d3c6fdbedfe5e457f								syn65660536
file				HTA8_6029_002101_IGO_12437_204_S7_L004_R1_001.fastq.gz			2201563855	44be2fe1d9fe4abd353e59c4c43616f3								syn65660360
file				HTA8_5001_001101_IGO_10299_27_S27_L001_R1_001.fastq.gz			1299307709	766c4758b969df92521f932b4a1517bd								syn64108713
file				HTA8_5001_001101_IGO_10299_27_S27_L001_R2_001.fastq.gz			2876745304	266379b6bcce4b0d007b0bc3f49a25c8								syn64108705
file				HTA8_5001_001101_IGO_10299_27_S27_L002_R1_001.fastq.gz			1306026424	2e013d798e54af30a28595e5262b221d								syn64108860
file				HTA8_5001_001101_IGO_10299_27_S27_L002_R2_001.fastq.gz			2894088741	5c0f009f59e024c3f0f8e7ceeb0ead80								syn64108912
file				HTA8_5001_001201_IGO_10299_26_S26_L001_R1_001.fastq.gz			1240171938	46a86b17fe9b0a16cfa3d444fdcf4f8c								syn64108807
file				HTA8_5001_001201_IGO_10299_26_S26_L001_R2_001.fastq.gz			2755273003	c10c7531b190e3a28aa68c3bffc25b0a								syn64108855
file				HTA8_5001_001201_IGO_10299_26_S26_L002_R1_001.fastq.gz			1244014513	c9aee1f8e91a74aed51539c04d0446bc								syn64108901
file				HTA8_5001_001201_IGO_10299_26_S26_L002_R2_001.fastq.gz			2766384288	1e9a1c6f8320d33c71828010bce859bf								syn64108906
file				HTA8_5001_002101_IGO_10299_31_S31_L001_R1_001.fastq.gz			1186216090	b7d4d3fc09fef3a732986dfe95bbc416								syn64108700
file				HTA8_5001_002101_IGO_10299_31_S31_L001_R2_001.fastq.gz			2612224630	da09508d80f988f5faa043887ef0dc33								syn64108878
file				HTA8_5001_002101_IGO_10299_31_S31_L002_R1_001.fastq.gz			1186593131	170acd2487609046ef341e564af51029								syn64108737
file				HTA8_5001_002101_IGO_10299_31_S31_L002_R2_001.fastq.gz			2615227880	196b452b56ec9679d9cb8d36f544b17d								syn64108820
file				HTA8_5001_002201_IGO_10299_30_S30_L001_R1_001.fastq.gz			1090665926	d6a7cca24ec6b1f86298a42d9b1d59c4								syn64108902
file				HTA8_5001_002201_IGO_10299_30_S30_L001_R2_001.fastq.gz			2334222681	d56c7d5e2f494564c695c0d373e6dc0c								syn64108772
file				HTA8_5001_002201_IGO_10299_30_S30_L002_R1_001.fastq.gz			1099155446	9242ca28afdf5e28f7f668a9ed01e030								syn64108831
file				HTA8_5001_002201_IGO_10299_30_S30_L002_R2_001.fastq.gz			2354639547	a620b98b6455bc4f7f4e38af063f48c9								syn64108814
file				HTA8_5001_002301_IGO_10128_18_S18_L001_R1_001.fastq.gz			1200156484	bae41283e86740b524efc92e4cff7551								syn64108758
file				HTA8_5001_002301_IGO_10128_18_S18_L001_R2_001.fastq.gz			2626374626	109c587eaaa91db77a12acc8985c355c								syn64108809
file				HTA8_5001_002301_IGO_10128_18_S18_L002_R1_001.fastq.gz			1203164342	c188216729e4eb8a06c132f9e59193e6								syn64108859
file				HTA8_5001_002301_IGO_10128_18_S18_L002_R2_001.fastq.gz			2629352798	e8cb77304f59ce5fbfe7b836aba7df54								syn64108794
file				HTA8_5001_003101_IGO_10299_21_S21_L001_R1_001.fastq.gz			1279979241	7b958744d6377721d3ab6ca6d3334797								syn64108789
file				HTA8_5001_003101_IGO_10299_21_S21_L001_R2_001.fastq.gz			2581381185	da936976abd37bd0863512388ec1b54e								syn64108854
file				HTA8_5001_003101_IGO_10299_21_S21_L002_R1_001.fastq.gz			1284051503	5414c0eff2185be550c25f67a6650d10								syn64108729
file				HTA8_5001_003101_IGO_10299_21_S21_L002_R2_001.fastq.gz			2590497088	18979cf7d4fbb719e71d3b34c81de7e0								syn64108808
file				HTA8_5001_003201_IGO_10299_20_S20_L001_R1_001.fastq.gz			1186453770	64aa6029762702342e6ebdac13b88448								syn64108802
file				HTA8_5001_003201_IGO_10299_20_S20_L001_R2_001.fastq.gz			2233400402	601fe915723cbf4abb688bfa642db295								syn64108904
file				HTA8_5001_003201_IGO_10299_20_S20_L002_R1_001.fastq.gz			1188098123	ad869567dfe0c3416ecba69cfd9f97e6								syn64108838
file				HTA8_5001_003201_IGO_10299_20_S20_L002_R2_001.fastq.gz			2236891398	0de24cb883b1dd2ff797d6656e9506dc								syn64108697
file				HTA8_5001_004101_IGO_10299_23_S23_L001_R1_001.fastq.gz			1290494934	b58b21532714d096bcebbd507e854274								syn64108914
file				HTA8_5001_004101_IGO_10299_23_S23_L001_R2_001.fastq.gz			2697850475	2e8d9491d106f2b04c3d32ae667229c8								syn64108889
file				HTA8_5001_004101_IGO_10299_23_S23_L002_R1_001.fastq.gz			1294355836	d8a71e82060145c6cb342b6f434c1fb6								syn64108872
file				HTA8_5001_004101_IGO_10299_23_S23_L002_R2_001.fastq.gz			2707186932	ba82adc2545e72ca7ad84486320bd3bb								syn64108868
file				HTA8_5001_004201_IGO_10299_22_S22_L001_R1_001.fastq.gz			1183075781	c640342c4160341e2a389c70724fd395								syn64108798
file				HTA8_5001_004201_IGO_10299_22_S22_L001_R2_001.fastq.gz			2296943635	56bc046cfec2f18fde5e0a2003a72c0b								syn64108841
file				HTA8_5001_004201_IGO_10299_22_S22_L002_R1_001.fastq.gz			1186238820	5c34d3eab3b313cd2d87b14cd4804964								syn64108918
file				HTA8_5001_004201_IGO_10299_22_S22_L002_R2_001.fastq.gz			2303786630	7fe5127add18d9c1f6db3d6a952c71ac								syn64108917
file				HTA8_5001_005101_IGO_10299_19_S19_L001_R1_001.fastq.gz			1211494093	fe6123f576a9dca72a48f7d4d7975465								syn64108793
file				HTA8_5001_005101_IGO_10299_19_S19_L001_R2_001.fastq.gz			2665835676	7ccc829792728fceebdc29b46a6832e1								syn64108714
file				HTA8_5001_005101_IGO_10299_19_S19_L002_R1_001.fastq.gz			1215752885	1d5803eb7c2bf71cc2bff2022be90377								syn64108769
file				HTA8_5001_005101_IGO_10299_19_S19_L002_R2_001.fastq.gz			2677332208	a18064d9634c67e43ddfce9734634584								syn64108712
file				HTA8_5001_005201_IGO_10299_18_S18_L001_R1_001.fastq.gz			1116975800	7abef15a004bf16e578c602554b8160a								syn64108871
file				HTA8_5001_005201_IGO_10299_18_S18_L001_R2_001.fastq.gz			2443226268	2c226d3250e3a1974b563dcd123f2e64								syn64108837
file				HTA8_5001_005201_IGO_10299_18_S18_L002_R1_001.fastq.gz			1122213759	8027cd66a23936495099f5637209ddfd								syn64108689
file				HTA8_5001_005201_IGO_10299_18_S18_L002_R2_001.fastq.gz			2456434869	ec11ebde71c5a6068dbfab8a856373a7								syn64108784
file				HTA8_5001_006101_IGO_10299_17_S17_L001_R1_001.fastq.gz			1222187156	d58e3ef0a4b8ceb65d3807feeff37481								syn64108740
file				HTA8_5001_006101_IGO_10299_17_S17_L001_R2_001.fastq.gz			2714893296	89e7fd75727708a776fd3820f6958ce2								syn64108756
file				HTA8_5001_006101_IGO_10299_17_S17_L002_R1_001.fastq.gz			1221383582	259ba22efaa3ae82aac4af1d6ee61f8e								syn64108698
file				HTA8_5001_006101_IGO_10299_17_S17_L002_R2_001.fastq.gz			2715613032	e46f749f984679cb9c8f9f813b79406a								syn64108719
file				HTA8_5001_006201_IGO_10299_16_S16_L001_R1_001.fastq.gz			1204244449	043591543307406ab1507ab5dcbd9198								syn64108821
file				HTA8_5001_006201_IGO_10299_16_S16_L001_R2_001.fastq.gz			2681316987	99c598ead14404b0da759f52d4d45747								syn64108856
file				HTA8_5001_006201_IGO_10299_16_S16_L002_R1_001.fastq.gz			1210771798	1912e1470644024d5009399c5ad2da78								syn64108724
file				HTA8_5001_006201_IGO_10299_16_S16_L002_R2_001.fastq.gz			2698515843	441012825711afdda7897fe43054627a								syn64108721
file				HTA8_5001_007101_IGO_10218_13_S13_L001_R1_001.fastq.gz			1526257920	a6a29be0af153e67ab26241163a65e00								syn64108905
file				HTA8_5001_007101_IGO_10218_13_S13_L001_R2_001.fastq.gz			3438348113	e6a4006a4ecd4d799fb4fa0706e1fc05								syn64108746
file				HTA8_5001_007101_IGO_10218_13_S13_L002_R1_001.fastq.gz			1531031903	caaf85201e6c21a31708b9ffa9e1a638								syn64108801
file				HTA8_5001_007101_IGO_10218_13_S13_L002_R2_001.fastq.gz			3451037938	7a25644bec67acc2077fa16f7122b828								syn64108759
file				HTA8_5001_007201_IGO_10299_33_S33_L001_R1_001.fastq.gz			1149661273	f6ee0f0b19fd219ec5d335778a4f80dd								syn64108857
file				HTA8_5001_007201_IGO_10299_33_S33_L001_R2_001.fastq.gz			2423395228	af320aa200c1a4f606ac92dfa1114183								syn64108826
file				HTA8_5001_007201_IGO_10299_33_S33_L002_R1_001.fastq.gz			1151422709	47a7d046b1a33309193fdbc2e9a898e9								syn64108709
file				HTA8_5001_007201_IGO_10299_33_S33_L002_R2_001.fastq.gz			2428421255	efbd8813a4804debcc9868c8c40274de								syn64108773
file				HTA8_5001_007301_IGO_10299_34_S34_L001_R1_001.fastq.gz			1133333884	5b7d5ade0749e6791d5266bd6802b60e								syn64108778
file				HTA8_5001_007301_IGO_10299_34_S34_L001_R2_001.fastq.gz			2420225090	8ac6dd775b6cb835e116626bf8a12181								syn64108770
file				HTA8_5001_007301_IGO_10299_34_S34_L002_R1_001.fastq.gz			1135839575	e1f73bca673a804c30c39df824e02a35								syn64108744
file				HTA8_5001_007301_IGO_10299_34_S34_L002_R2_001.fastq.gz			2426861743	7dd3b3cd8523cbe0e139fbd69bb1dd15								syn64108879
file				HTA8_5001_007401_IGO_10218_12_S12_L001_R1_001.fastq.gz			1578431161	43acd490da8ffe80fcc0c212eb4c3c09								syn64108747
file				HTA8_5001_007401_IGO_10218_12_S12_L001_R2_001.fastq.gz			3596098961	97598d9c83380ec59fd90b483801e027								syn64108693
file				HTA8_5001_007401_IGO_10218_12_S12_L002_R1_001.fastq.gz			1582530738	0994ad2a9175869f360bbf7416f9df99								syn64108934
file				HTA8_5001_007401_IGO_10218_12_S12_L002_R2_001.fastq.gz			3605747417	08c24198b7858126e8cfbae58f278c64								syn64108786
file				HTA8_5001_007501_IGO_10299_32_S32_L001_R1_001.fastq.gz			1204646870	488a3c79ba39a67560a582c60b2c3818								syn64108927
file				HTA8_5001_007501_IGO_10299_32_S32_L001_R2_001.fastq.gz			2667397929	0c1f8f70d1a71ad44a3b6fa90fefb04b								syn64108851
file				HTA8_5001_007501_IGO_10299_32_S32_L002_R1_001.fastq.gz			1203906891	2bab385c09bcb27ee904cb184fbb10a6								syn64108696
file				HTA8_5001_007501_IGO_10299_32_S32_L002_R2_001.fastq.gz			2668311073	5d88df3649a7e80d862d4360ede321ab								syn64108899
file				HTA8_5001_007601_IGO_10128_16_S16_L001_R1_001.fastq.gz			1357286647	2ae46ae99198f2921009d284635d7398								syn64108687
file				HTA8_5001_007601_IGO_10128_16_S16_L001_R2_001.fastq.gz			3097724017	794a6c8cdb47894896a6e6a6ae378fd8								syn64108741
file				HTA8_5001_007601_IGO_10128_16_S16_L002_R1_001.fastq.gz			1360781675	f677e1201d845ca55141a5ee4b8aba94								syn64108911
file				HTA8_5001_007601_IGO_10128_16_S16_L002_R2_001.fastq.gz			3101395427	d78a2e005b5df1fac4fc34b5d569bd0d								syn64108864
file				HTA8_5001_007701_IGO_10128_17_S17_L001_R1_001.fastq.gz			1216597494	7c0c5cf00ecee1ad4919799e12f679f4								syn64108897
file				HTA8_5001_007701_IGO_10128_17_S17_L001_R2_001.fastq.gz			2779330579	a886ccb839d4a1d7ee4e82d517503297								syn64108819
file				HTA8_5001_007701_IGO_10128_17_S17_L002_R1_001.fastq.gz			1220576162	b49f2ae41007b3e057fe496fb7f1da91								syn64108762
file				HTA8_5001_007701_IGO_10128_17_S17_L002_R2_001.fastq.gz			2784412127	3134de3a64b9b0cca40f7ab335b95491								syn64108743
file				HTA8_5001_008101_IGO_10299_25_S25_L001_R1_001.fastq.gz			1199593446	4085ffd553615f23e40d6228e9782e34								syn64108830
file				HTA8_5001_008101_IGO_10299_25_S25_L001_R2_001.fastq.gz			2673744015	981510cb030b1c51bff30f8efeded12b								syn64108850
file				HTA8_5001_008101_IGO_10299_25_S25_L002_R1_001.fastq.gz			1201464455	62aa54b510e9da00e9e3c29910fe2be1								syn64108869
file				HTA8_5001_008101_IGO_10299_25_S25_L002_R2_001.fastq.gz			2680822736	4dffc0ba485501eea969dfd789c98d92								syn64108825
file				HTA8_5001_008201_IGO_10299_24_S24_L001_R1_001.fastq.gz			1325917315	d3be1d89d714f8ea42c094ec973e5ab9								syn64108823
file				HTA8_5001_008201_IGO_10299_24_S24_L001_R2_001.fastq.gz			2968424503	32de47d563bf1152b59f6cc1f33ea95f								syn64108728
file				HTA8_5001_008201_IGO_10299_24_S24_L002_R1_001.fastq.gz			1329620409	f2c13dedfa664c85699f9cda05505f62								syn64108916
file				HTA8_5001_008201_IGO_10299_24_S24_L002_R2_001.fastq.gz			2979544772	ac1b276cc387ebf1c4819ccd9e97c5cb								syn64108760
file				HTA8_5001_009101_IGO_10682_13_S13_L001_R1_001.fastq.gz			2242476843	ec6dd9eb7002af42c68999060a81d073								syn64108688
file				HTA8_5001_009101_IGO_10682_13_S13_L001_R2_001.fastq.gz			5006545149	86bcc3c9bc6f7fc722488ef0caf8bd5d								syn64108931
file				HTA8_5001_009101_IGO_10682_13_S13_L002_R1_001.fastq.gz			2288440831	c22d858d26d6acee1eec89809c35c8b9								syn64108907
file				HTA8_5001_009101_IGO_10682_13_S13_L002_R2_001.fastq.gz			5090456720	fcb1b20f25ae68fcfe2078880be1bffd								syn64108750
file				HTA8_5001_009201_IGO_10682_14_S14_L001_R1_001.fastq.gz			2231251662	aa6a77dcb0666c41442324c2d08c66d8								syn64108706
file				HTA8_5001_009201_IGO_10682_14_S14_L001_R2_001.fastq.gz			4916372751	71c41ae2704713cef00c6beecef76ea5								syn64108783
file				HTA8_5001_009201_IGO_10682_14_S14_L002_R1_001.fastq.gz			2274839706	68cd0f22984b6bdf6cd586ed35097b68								syn64108845
file				HTA8_5001_009201_IGO_10682_14_S14_L002_R2_001.fastq.gz			4992945893	e16fd0e41ce7b81f08feff99664be7ce								syn64108839
file				HTA8_5001_009301_IGO_10299_15_S15_L001_R1_001.fastq.gz			1124276177	386f046d7eefc79cd93d9abe0d85f24c								syn64108828
file				HTA8_5001_009301_IGO_10299_15_S15_L001_R2_001.fastq.gz			2493855958	27d46d9000c1530e71d738510c232d00								syn64108928
file				HTA8_5001_009301_IGO_10299_15_S15_L002_R1_001.fastq.gz			1132468901	2c06da78751146397a68e4cca7c625c2								syn64108876
file				HTA8_5001_009301_IGO_10299_15_S15_L002_R2_001.fastq.gz			2514121558	3240e5d6eb50033b2f8dc68a7f4f5d9b								syn64108757
file				HTA8_5001_009401_IGO_10587_22_S22_L001_R1_001.fastq.gz			1663168043	9eeb2167afa15be7be0adf4ef460588d								syn64108923
file				HTA8_5001_009401_IGO_10587_22_S22_L001_R2_001.fastq.gz			3692398329	d31043d4a850370270449f4542f95f1a								syn64108817
file				HTA8_5001_009401_IGO_10587_22_S22_L002_R1_001.fastq.gz			1659762714	31e413ec6fe470a52d85f9b1d6310cf4								syn64108893
file				HTA8_5001_009401_IGO_10587_22_S22_L002_R2_001.fastq.gz			3683858439	2122b9c5df0874124b32cfca91d6c48d								syn64108788
file				HTA8_5001_009501_IGO_10299_14_S14_L001_R1_001.fastq.gz			1066494016	7d3b35ec14655f1f6fd4f58f5d60db0c								syn64108806
file				HTA8_5001_009501_IGO_10299_14_S14_L001_R2_001.fastq.gz			2388402621	a7065e5d6dc950a5e89b757bc1f3a617								syn64108734
file				HTA8_5001_009501_IGO_10299_14_S14_L002_R1_001.fastq.gz			1072051375	8270a3a001489ab0994f3ad87293ed4a								syn64108910
file				HTA8_5001_009501_IGO_10299_14_S14_L002_R2_001.fastq.gz			2403006367	2579c126467ddfde0182f10cf76f993a								syn64108894
file				HTA8_5001_010101_IGO_10299_13_S13_L001_R1_001.fastq.gz			1240422483	17b43778a081ece7f515f8e2cca3c024								syn64108753
file				HTA8_5001_010101_IGO_10299_13_S13_L001_R2_001.fastq.gz			2599273982	e00ac3eda3a0d561274f3662957e198d								syn64108732
file				HTA8_5001_010101_IGO_10299_13_S13_L002_R1_001.fastq.gz			1247099979	7fa0d98aad4b1f2d32c6bbca55ff156a								syn64108909
file				HTA8_5001_010101_IGO_10299_13_S13_L002_R2_001.fastq.gz			2615019605	66d93df8b0311531a7fd65daf472c0f1								syn64108935
file				HTA8_5001_010201_IGO_10299_12_S12_L001_R1_001.fastq.gz			1203657736	58cf8b6c187ee7a3778a3f5894a9834e								syn64108892
file				HTA8_5001_010201_IGO_10299_12_S12_L001_R2_001.fastq.gz			2333360576	0167bfaac7a6836c152543d74309a190								syn64108827
file				HTA8_5001_010201_IGO_10299_12_S12_L002_R1_001.fastq.gz			1217478266	b526f25509b76fa693fe6b7c6146d273								syn64108900
file				HTA8_5001_010201_IGO_10299_12_S12_L002_R2_001.fastq.gz			2363075802	85f8e2bbf7be14397d06587411d99f4a								syn64108707
file				HTA8_5001_011101_IGO_10299_29_S29_L001_R1_001.fastq.gz			1118869723	28a093c341f1c4ab4eecd98b843649cc								syn64108720
file				HTA8_5001_011101_IGO_10299_29_S29_L001_R2_001.fastq.gz			2523317156	c772b0327e030c3a168c72a42a537009								syn64108767
file				HTA8_5001_011101_IGO_10299_29_S29_L002_R1_001.fastq.gz			1122376010	4334216c3e09341c78b0fe170499b7ac								syn64108896
file				HTA8_5001_011101_IGO_10299_29_S29_L002_R2_001.fastq.gz			2533530527	8800d8ca8b8300f2bb72f4cfe05e8b00								syn64108833
file				HTA8_5001_011201_IGO_10299_28_S28_L001_R1_001.fastq.gz			1071150145	457dfc4572be7bb4e1149ec0fd25618a								syn64108774
file				HTA8_5001_011201_IGO_10299_28_S28_L001_R2_001.fastq.gz			2407372403	52d6f2a9d4a276ba2ca9e38361ba5530								syn64108710
file				HTA8_5001_011201_IGO_10299_28_S28_L002_R1_001.fastq.gz			1074502582	173768efe76d4c6be06ac402b6c3f9fd								syn64108812
file				HTA8_5001_011201_IGO_10299_28_S28_L002_R2_001.fastq.gz			2416995137	ba8133a71fd94861099942923e017d99								syn64108718
file				HTA8_5002_001101_IGO_10218_15_S15_L001_R1_001.fastq.gz			1613145414	dd6897b96d74c9e7cf7cf20a5ec44c06								syn64108824
file				HTA8_5002_001101_IGO_10218_15_S15_L001_R2_001.fastq.gz			3580886379	68aea8e218209317ff5dff1f69920b5a								syn64108733
file				HTA8_5002_001101_IGO_10218_15_S15_L002_R1_001.fastq.gz			1618623116	0ff9fd55367f3427225b766c2b620f0e								syn64108761
file				HTA8_5002_001101_IGO_10218_15_S15_L002_R2_001.fastq.gz			3596250972	29b98fcce949dcc02f69a0e928b59417								syn64108690
file				HTA8_5002_001201_IGO_10218_14_S14_L001_R1_001.fastq.gz			1573039161	5c77ac455170a42cca08325b7dcd7230								syn64108861
file				HTA8_5002_001201_IGO_10218_14_S14_L001_R2_001.fastq.gz			3481660696	a8c51e039841f4e8e3805da969557713								syn64108792
file				HTA8_5002_001201_IGO_10218_14_S14_L002_R1_001.fastq.gz			1577748455	b2bf13b006aa99334f2656d4fb58ca43								syn64108818
file				HTA8_5002_001201_IGO_10218_14_S14_L002_R2_001.fastq.gz			3494553530	b868b71e6b8d57dde21bc88f74652b0a								syn64108738
file				HTA8_5002_002101_IGO_10218_16_S16_L001_R1_001.fastq.gz			1473709523	fe0b66715247807964c22d2a5bb5b334								syn64108803
file				HTA8_5002_002101_IGO_10218_16_S16_L001_R2_001.fastq.gz			3085879437	c2390e6b005c6352dd96d5d0a69df581								syn64108779
file				HTA8_5002_002101_IGO_10218_16_S16_L002_R1_001.fastq.gz			1478145555	5a5b4b46450dbc7ae0977ef72849b477								syn64108742
file				HTA8_5002_002101_IGO_10218_16_S16_L002_R2_001.fastq.gz			3098129356	aa99f8898a6815f473526ee67f581b86								syn64108829
file				HTA8_5002_003101_IGO_10218_18_S18_L001_R1_001.fastq.gz			1401098727	1720ee120d1616292fc0af676f5f0e1d								syn64108771
file				HTA8_5002_003101_IGO_10218_18_S18_L001_R2_001.fastq.gz			3105576634	4ba2c2a286e6847f6ce839847f621e3a								syn64108725
file				HTA8_5002_003101_IGO_10218_18_S18_L002_R1_001.fastq.gz			1405910527	61f8c4e6b841a5739a00eacee5caefbb								syn64108716
file				HTA8_5002_003101_IGO_10218_18_S18_L002_R2_001.fastq.gz			3118157989	2d23aa5b620c95ceb2d9a8fc49a6d990								syn64108735
file				HTA8_5002_003201_IGO_10218_17_S17_L001_R1_001.fastq.gz			1491034787	8904f8982ddc543f4d1d0b4cc1919532								syn64108815
file				HTA8_5002_003201_IGO_10218_17_S17_L001_R2_001.fastq.gz			1495531603	7801585341d559cc5341e142ac39f1c4								syn64108877
file				HTA8_5002_003201_IGO_10218_17_S17_L002_R2_001.fastq.gz			3345899763	69211b576fc014e205cdce2c94929b53								syn64108921
file				HTA8_5002_004101_IGO_10218_19_S19_L001_R1_001.fastq.gz			1426982056	12b8155f84a69a2171f14bfb9e9a935f								syn64108937
file				HTA8_5002_004101_IGO_10218_19_S19_L001_R2_001.fastq.gz			3145055153	db271e7f8d7bc8aeb507a4fe65040af6								syn64108881
file				HTA8_5002_004101_IGO_10218_19_S19_L002_R1_001.fastq.gz			1429420159	440cfd28b19c0cf2682a88b4f9f273ef								syn64108730
file				HTA8_5002_004101_IGO_10218_19_S19_L002_R2_001.fastq.gz			3152676313	cdb59e440878a4ad82199ac62e04be64								syn64108932
file				HTA8_5002_005101_IGO_10299_5_S5_L001_R1_001.fastq.gz			1109196089	d16b62e0386a398fc5d20ac2ebbfc436								syn64108842
file				HTA8_5002_005101_IGO_10299_5_S5_L001_R2_001.fastq.gz			2472725689	2f09b71f829c162363d3e449f1a31659								syn64108781
file				HTA8_5002_005101_IGO_10299_5_S5_L002_R1_001.fastq.gz			1110100910	522d580dc9496483e9630886ee282f84								syn64108722
file				HTA8_5002_005101_IGO_10299_5_S5_L002_R2_001.fastq.gz			2477329684	373a5c793a7a02ed4d805d7e9546036a								syn64108764
file				HTA8_5002_005201_IGO_10299_6_S6_L001_R1_001.fastq.gz			1063025161	26f4307c36611c31ab58b5d7356b6436								syn64108782
file				HTA8_5002_005201_IGO_10299_6_S6_L001_R2_001.fastq.gz			2347012554	c5ae635f199cfed8f080175541c17560								syn64108915
file				HTA8_5002_005201_IGO_10299_6_S6_L002_R1_001.fastq.gz			1064443123	24d001ea483b6de3ea38167e188aa78f								syn64108791
file				HTA8_5002_005201_IGO_10299_6_S6_L002_R2_001.fastq.gz			2352736716	01b3d4d480121f28a93e74212652f8d9								syn64108695
file				HTA8_5002_006101_IGO_10299_8_S8_L001_R1_001.fastq.gz			1153959547	9d284de577841cb5a3f54a4be3aea567								syn64108843
file				HTA8_5002_006101_IGO_10299_8_S8_L001_R2_001.fastq.gz			2569849767	3bd5777f098cabb54586d9d12459b648								syn64108766
file				HTA8_5002_006101_IGO_10299_8_S8_L002_R1_001.fastq.gz			1156112026	fc4291976e13f143f05464d225bea5ef								syn64108797
file				HTA8_5002_006101_IGO_10299_8_S8_L002_R2_001.fastq.gz			2576972895	2e9a7f117de7d0b0d73aab7449f2d95b								syn64108844
file				HTA8_5002_006201_IGO_10299_7_S7_L001_R1_001.fastq.gz			1121661056	cf65c0d49ad08a51972d2e47c08caa35								syn64108723
file				HTA8_5002_006201_IGO_10299_7_S7_L001_R2_001.fastq.gz			2492074823	a9b28d992409b29d789c6cef92826dbc								syn64108804
file				HTA8_5002_006201_IGO_10299_7_S7_L002_R1_001.fastq.gz			1122326298	bbabde0e1f25b9e67916cf4a46b1fd04								syn64108913
file				HTA8_5002_006201_IGO_10299_7_S7_L002_R2_001.fastq.gz			2496134984	6733c1328610858a59106fe8786ac6a2								syn64108768
file				HTA8_5002_007101_IGO_10299_10_S10_L001_R1_001.fastq.gz			1139007308	4c0e7b9fd17b9b2e98aa89a912f71f4d								syn64108755
file				HTA8_5002_007101_IGO_10299_10_S10_L001_R2_001.fastq.gz			2572978546	c39f24bfbd9fdab9576f9a3a078f0562								syn64108777
file				HTA8_5002_007101_IGO_10299_10_S10_L002_R1_001.fastq.gz			1144059528	8a3eb5c6c6907944f1badf1401842683								syn64108925
file				HTA8_5002_007101_IGO_10299_10_S10_L002_R2_001.fastq.gz			2586457561	8bebe31dfab90e9ee6be3d28c87f5c76								syn64108765
file				HTA8_5002_007201_IGO_10299_11_S11_L001_R1_001.fastq.gz			1119138866	9f04368e584bda7ad8ddef19fa17626e								syn64108922
file				HTA8_5002_007201_IGO_10299_11_S11_L001_R2_001.fastq.gz			2502937325	4d24527f133815f24a39c1c6c0b42687								syn64108870
file				HTA8_5002_007201_IGO_10299_11_S11_L002_R1_001.fastq.gz			1122037699	4b8a602c99bb64e01af237ffd1ead9fe								syn64108717
file				HTA8_5002_007201_IGO_10299_11_S11_L002_R2_001.fastq.gz			2511742074	33489d51de6c9c709b8218c79d7a0a28								syn64108780
file				HTA8_5002_007301_IGO_10299_9_S9_L001_R1_001.fastq.gz			1233185178	3619d734d2d8bd417e265c180e9b0fe8								syn64108731
file				HTA8_5002_007301_IGO_10299_9_S9_L001_R2_001.fastq.gz			2751883721	5f6c1cf04a489563ebd52911ef051a8a								syn64108832
file				HTA8_5002_007301_IGO_10299_9_S9_L002_R1_001.fastq.gz			1234981909	4c3d06fa5b4a8e92c2e429c18a4305fa								syn64108846
file				HTA8_5002_007301_IGO_10299_9_S9_L002_R2_001.fastq.gz			2758733252	d70d6ab9b6b76156ada24526829ad168								syn64108785
file				HTA8_5002_008101_IGO_10298_7_S7_L001_R1_001.fastq.gz			2634026551	7742190dce900561b39572337ae8f381								syn64108903
file				HTA8_5002_008101_IGO_10298_7_S7_L002_R1_001.fastq.gz			1188700442	b63bad5df002dd074fa1ba7926b7ad23								syn64108862
file				HTA8_5002_008101_IGO_10298_7_S7_L002_R2_001.fastq.gz			2659963433	15465b1ed46f22a8fc00a6486c520bd4								syn64108924
file				HTA8_5002_008201_IGO_10298_6_S6_L001_R1_001.fastq.gz			1099566623	c6adc663b28b8068a0fa11badbff2c34								syn64108805
file				HTA8_5002_008201_IGO_10298_6_S6_L001_R2_001.fastq.gz			2469647238	97bb2a3128ee96fa31ba8c8b381b5eaf								syn64108694
file				HTA8_5002_008201_IGO_10298_6_S6_L002_R1_001.fastq.gz			1110024593	270952cbb38fc7759cc8958cbf411eff								syn64108847
file				HTA8_5002_008201_IGO_10298_6_S6_L002_R2_001.fastq.gz			2488425327	93182cf2cf3b79ce697c54f50d494071								syn64108749
file				HTA8_5002_009101_IGO_10298_9_S9_L001_R1_001.fastq.gz			1168702123	bdf5491585da19e4659aa505f7d0fe78								syn64108795
file				HTA8_5002_009101_IGO_10298_9_S9_L001_R2_001.fastq.gz			2598719381	450902cbafca51b1ca0436d25ea4f248								syn64108908
file				HTA8_5002_009101_IGO_10298_9_S9_L002_R1_001.fastq.gz			1178045269	630b4036c6fb251dab414a4150f4d47e								syn64108936
file				HTA8_5002_009101_IGO_10298_9_S9_L002_R2_001.fastq.gz			2613939098	c0fd249db19d7370a38bf9768b82acfb								syn64108863
file				HTA8_5002_009201_IGO_10298_8_S8_L001_R1_001.fastq.gz			1129610755	057ef1da82c11141d7ebb26207d02e24								syn64108754
file				HTA8_5002_009201_IGO_10298_8_S8_L001_R2_001.fastq.gz			2507618536	833efd617cb2c879795a09fa6829bf0b								syn64108926
file				HTA8_5002_009201_IGO_10298_8_S8_L002_R1_001.fastq.gz			1140295442	4031476d3a4ac8b9df7e927e1e4d8bb3								syn64108699
file				HTA8_5002_009201_IGO_10298_8_S8_L002_R2_001.fastq.gz			2526149758	99dff19d1a5ddcfef131b1319d770062								syn64108799
file				HTA8_5002_010101_IGO_10298_10_S10_L001_R1_001.fastq.gz			1191167116	1fd316884ad262a96a814ef1c8443b00								syn64108822
file				HTA8_5002_010101_IGO_10298_10_S10_L001_R2_001.fastq.gz			2644247042	88679398dfa0a4854ffbb4d1e93f3e0b								syn64108752
file				HTA8_5002_010101_IGO_10298_10_S10_L002_R1_001.fastq.gz			1200242162	8490abf9cdf48abba54a77416a6045f1								syn64108811
file				HTA8_5002_010101_IGO_10298_10_S10_L002_R2_001.fastq.gz			2659602084	1e05f65ee4582615d59ad87506005fae								syn64108848
file				HTA8_5002_010201_IGO_10298_13_S13_L001_R1_001.fastq.gz			1193191155	1be3b55793eca82f0989815e1a4b1e7d								syn64108715
file				HTA8_5002_010201_IGO_10298_13_S13_L001_R2_001.fastq.gz			2646809628	7df390703856bc86917d65e28dfec5a1								syn64108711
file				HTA8_5002_010201_IGO_10298_13_S13_L002_R1_001.fastq.gz			1203924309	b71d95841d5db1b33caaab7820ed9f20								syn64108776
file				HTA8_5002_010201_IGO_10298_13_S13_L002_R2_001.fastq.gz			2665316270	03519f2a3df81cce0879212a75cfae83								syn64108708
file				HTA8_5002_011101_IGO_10298_12_S12_L001_R1_001.fastq.gz			1162639157	0d92491edf5bb925246f9db593b3bdf0								syn64108858
file				HTA8_5002_011101_IGO_10298_12_S12_L001_R2_001.fastq.gz			2566484480	a3f0d2c3ac898ad12910b37bdae5ce21								syn64108775
file				HTA8_5002_011101_IGO_10298_12_S12_L002_R1_001.fastq.gz			1174121571	a86d8b985b5c5c3f6894997186e47290								syn64108816
file				HTA8_5002_011101_IGO_10298_12_S12_L002_R2_001.fastq.gz			2586635141	944da440798111933ef502fbf927f094								syn64108810
file				HTA8_5002_011201_IGO_10298_11_S11_L001_R1_001.fastq.gz			1373571738	1c29ec0b85b00d09eed47cb0ccfdc290								syn64108736
file				HTA8_5002_011201_IGO_10298_11_S11_L001_R2_001.fastq.gz			2991758603	116f130968640de2770741f9a56422af								syn64108790
file				HTA8_5002_011201_IGO_10298_11_S11_L002_R1_001.fastq.gz			1383948639	3d8446e9e2646b4db46bd4c9a1bd1d04								syn64108919
file				HTA8_5002_011201_IGO_10298_11_S11_L002_R2_001.fastq.gz			3008301753	747de68345eeaceb5aefd7c5f61065be								syn64108701
file				HTA8_5002_012101_IGO_10299_3_S3_L001_R1_001.fastq.gz			1113095720	6ea3a73ac84b0f4d0076c5623c3b8021								syn64108748
file				HTA8_5002_012101_IGO_10299_3_S3_L001_R2_001.fastq.gz			2453438298	24277b5d30b9bc50c1dcd380b67d5ff9								syn64108787
file				HTA8_5002_012101_IGO_10299_3_S3_L002_R1_001.fastq.gz			1114997682	885729398e94b0d360f48658f6c84b14								syn64108702
file				HTA8_5002_012101_IGO_10299_3_S3_L002_R2_001.fastq.gz			2460381375	d5504a00c3f051c0c78141f6eadce5b9								syn64108813
file				HTA8_5002_012201_IGO_10299_4_S4_L001_R1_001.fastq.gz			1137329797	46de3b58b85e2593d26afd3602ca5b81								syn64108739
file				HTA8_5002_012201_IGO_10299_4_S4_L001_R2_001.fastq.gz			2517306488	0d4136e88f69cec912ab9d6e4e01af62								syn64108875
file				HTA8_5002_012201_IGO_10299_4_S4_L002_R1_001.fastq.gz			1139931538	f55d0f7d42abd9601ee152d7848dc18c								syn64108895
file				HTA8_5002_012201_IGO_10299_4_S4_L002_R2_001.fastq.gz			2526061226	9a22f2ac22c893ea83145e9465adf66e								syn64108796
file				1178_RU1171a_P95_IGO_09902_18_S18_L001_R1_001.fastq.gz			2215646837	a700ddf32ad24cf8c9219fff4b17f664								syn68204741
file				1178_RU1171a_P95_IGO_09902_18_S18_L001_R2_001.fastq.gz			4965682414	456cebaa413906ababfc4df4fb1584a3								syn68204742
file				1178_RU1171a_P95_IGO_09902_18_S18_L002_R1_001.fastq.gz			2242901690	697a26da04411059e50b5bbd5e1e2fd9								syn68204743
file				1178_RU1171a_P95_IGO_09902_18_S18_L002_R2_001.fastq.gz			5013405416	c95f738b3d24929d39bf2c4b7dd4eab9								syn68204744
file				1183_Ru1173_P96_IGO_09902_19_S19_L001_R1_001.fastq.gz			2237974157	2ab4bb0b3fec06eeca565ba1792da2f9								syn68204745
file				1183_Ru1173_P96_IGO_09902_19_S19_L001_R2_001.fastq.gz			4951180902	29029958df2b500bc1311e5ee9313e65								syn68204748
file				1183_Ru1173_P96_IGO_09902_19_S19_L002_R1_001.fastq.gz			2264058273	64c590d49238d6df3af223fe0fe90b0e								syn68204749
file				1183_Ru1173_P96_IGO_09902_19_S19_L002_R2_001.fastq.gz			4997483123	8802c1ffff1e3c2027b54c29f74f7b51								syn68204750
file				1184_Ru1173_bam_fresh_P96_IGO_09902_20_S20_L001_R1_001.fastq.gz			2389499369	def50cda1d9e92ee2c468d9c5de27462								syn68204751
file				1184_Ru1173_bam_fresh_P96_IGO_09902_20_S20_L001_R2_001.fastq.gz			5328324062	6b105949fb2fa7ec245951f4f2260b63								syn68204756
file				1184_Ru1173_bam_fresh_P96_IGO_09902_20_S20_L002_R1_001.fastq.gz			2415326546	0e8df1a0b4180a18b8b77303df4ddf8d								syn68204758
file				1184_Ru1173_bam_fresh_P96_IGO_09902_20_S20_L002_R2_001.fastq.gz			5374054204	b62105417855f27ba8737af80959d987								syn68204764
file				1327_Ru1202A_1SM_P96_IGO_10128_1_S1_L001_R1_001.fastq.gz			2348632239	f2a5aa1efd719f1d30869e00a0c15ce3								syn68204768
file				1327_Ru1202A_1SM_P96_IGO_10128_1_S1_L001_R2_001.fastq.gz			5191032697	d8b8a59df3dd4db26c2b4306ac05917a								syn68204769
file				1327_Ru1202A_1SM_P96_IGO_10128_1_S1_L002_R1_001.fastq.gz			2354924663	77a369353f604d5f15746ccddf68bd6c								syn68204770
file				1327_Ru1202A_1SM_P96_IGO_10128_1_S1_L002_R2_001.fastq.gz			5200060587	fce39579920edda22b9e3516c5648f8a								syn68204771
file				1561_1264_IGO_10317_20_S20_L001_R1_001.fastq.gz			2373131540	9029769a209d18233c2432ceed11c9be								syn68204772
file				1561_1264_IGO_10317_20_S20_L001_R2_001.fastq.gz			5427501445	3c227ff53ad7aef301c7525a4d70053a								syn68204774
file				1561_1264_IGO_10317_20_S20_L002_R1_001.fastq.gz			2367576874	a8b48a4c1b42a9c86f8825e0fc449772								syn68204775
file				1561_1264_IGO_10317_20_S20_L002_R2_001.fastq.gz			5416024414	ac41f3c74bfd4880d5a9041a77b7da4b								syn68204783
file				1575_Ru1281A_IGO_10414_12_S12_L001_R1_001.fastq.gz			2014040889	9ab2fd46bcfca0dce8b50752f2b0d406								syn68204788
file				1575_Ru1281A_IGO_10414_12_S12_L001_R2_001.fastq.gz			4532677862	4dd0c78bead7f4d1319d4d95ba301b44								syn68204792
file				1575_Ru1281A_IGO_10414_12_S12_L002_R1_001.fastq.gz			1970058052	60e5b0d95c20c815f24beea0c979f28d								syn68204793
file				1575_Ru1281A_IGO_10414_12_S12_L002_R2_001.fastq.gz			4444354050	73d51bd65f3aeade3658e502c9e90d99								syn68204796
file				1609_Ru581D_IGO_10414_17_S17_L001_R1_001.fastq.gz			2374019214	3624c6ee256a583132de3679d4ecf3c7								syn68204800
file				1609_Ru581D_IGO_10414_17_S17_L001_R2_001.fastq.gz			5379696847	0ec1f5e1031d4fb6c853a7c8ddf823a5								syn68204812
file				1609_Ru581D_IGO_10414_17_S17_L002_R1_001.fastq.gz			2313041823	daef73b683ec8f514bdb3cf0cfb5bf1e								syn68204813
file				1609_Ru581D_IGO_10414_17_S17_L002_R2_001.fastq.gz			5248682999	f308687ba5ab88bdd382b4acb4b474c4								syn68204816
file				1615_Ru1287A_IGO_10414_18_S18_L001_R1_001.fastq.gz			2242107318	13ff88c0b65548d31aa6feddc935465c								syn68204817
file				1615_Ru1287A_IGO_10414_18_S18_L001_R2_001.fastq.gz			5103219008	3395cd10ce296cf42d3cc81e9ebd1be0								syn68204818
file				1615_Ru1287A_IGO_10414_18_S18_L002_R1_001.fastq.gz			2173258143	5fd467152c32e6c268045d40c2a31955								syn68204819
file				1615_Ru1287A_IGO_10414_18_S18_L002_R2_001.fastq.gz			4959082575	4c3aa45a735088fb0b4d3be4ee58bb19								syn68204820
file				1637_Ru1250C_T_1_IGO_10298_B_35_S13_L001_R1_001.fastq.gz			2890093835	58487abc3edd8522cd84bfff5f580c72								syn68204821
file				1637_Ru1250C_T_1_IGO_10298_B_35_S13_L001_R2_001.fastq.gz			6645590049	34889a8869844ce7f7b5d5003f6181d4								syn68204822
file				1637_Ru1250C_T_1_IGO_10298_B_35_S13_L002_R1_001.fastq.gz			2891139818	f68751e4123640d8651f9ce067c6f8ae								syn68204823
file				1637_Ru1250C_T_1_IGO_10298_B_35_S13_L002_R2_001.fastq.gz			6648415343	922e7f0fc2917c02b984d62f580ea367								syn68204826
file				1665_Ru581B_Bam_IGO_10414_15_S15_L001_R1_001.fastq.gz			2180947680	49358675230345fe37898b73cc3629af								syn68204827
file				1665_Ru581B_Bam_IGO_10414_15_S15_L001_R2_001.fastq.gz			4904751956	1d992bd1e624c38bb6ecc3676e5d4fd3								syn68204828
file				1665_Ru581B_Bam_IGO_10414_15_S15_L002_R1_001.fastq.gz			2132543144	55dbe40e1bf847519a90a44b235ebda5								syn68204829
file				1665_Ru581B_Bam_IGO_10414_15_S15_L002_R2_001.fastq.gz			4801114963	4dbd648d7b39af031c5e82a6264c3ad5								syn68204830
file				1666_Ru581C_Bam_IGO_10414_16_S16_L001_R1_001.fastq.gz			2134505410	5c47d13d60cea2aa701e3453d2dd543d								syn68204831
file				1666_Ru581C_Bam_IGO_10414_16_S16_L001_R2_001.fastq.gz			4810049191	b9c400fe67d7b7d49dbe89e342f05903								syn68204832
file				1666_Ru581C_Bam_IGO_10414_16_S16_L002_R1_001.fastq.gz			2084683524	007fc1fd94143657e20af6112273f5c5								syn68204833
file				1666_Ru581C_Bam_IGO_10414_16_S16_L002_R2_001.fastq.gz			4702504758	659c93e071e13f71fea188885d3f582c								syn68204834
file				1675_Ru1303A_T_1_IGO_10506_2_S2_L001_R1_001.fastq.gz			2609299634	b54351c99e06f2edc04b5a69eabec7d2								syn68204835
file				1675_Ru1303A_T_1_IGO_10506_2_S2_L001_R2_001.fastq.gz			5884128997	48eebd30af913aaef19d7dfa2fb1bb2b								syn68204836
file				1675_Ru1303A_T_1_IGO_10506_2_S2_L002_R1_001.fastq.gz			2604917530	c632673c71d5858d26860ca8e2105d10								syn68204837
file				1675_Ru1303A_T_1_IGO_10506_2_S2_L002_R2_001.fastq.gz			5861044905	a94aebc3059cedf94490633ebbea997a								syn68204838
file				1682_Ru1304A_PL_1_IGO_10506_3_S3_L001_R1_001.fastq.gz			2838248234	1d853a83cc489f90ba64b25d33def31b								syn68204839
file				1682_Ru1304A_PL_1_IGO_10506_3_S3_L001_R2_001.fastq.gz			6475997896	764c811106b5479bfdb314c355b30d4e								syn68204841
file				1682_Ru1304A_PL_1_IGO_10506_3_S3_L002_R1_001.fastq.gz			2835756392	e7804117d2da8f717cfcec399abc7cb7								syn68204842
file				1682_Ru1304A_PL_1_IGO_10506_3_S3_L002_R2_001.fastq.gz			6456083593	8c4a877470956dc56da5218943ed1164								syn68204844
file				1683_Ru1305A_LI_1_IGO_10506_4_S4_L001_R1_001.fastq.gz			2910829296	d6906fe4318bbde45dedfc66ee6e6b41								syn68204845
file				1683_Ru1305A_LI_1_IGO_10506_4_S4_L001_R2_001.fastq.gz			6641765862	cf505af27bdec1821f20162a842676c5								syn68204850
file				1683_Ru1305A_LI_1_IGO_10506_4_S4_L002_R1_001.fastq.gz			2907129666	adc780d32dc8efc9bc4d84081dae02c3								syn68204856
file				1683_Ru1305A_LI_1_IGO_10506_4_S4_L002_R2_001.fastq.gz			6618201832	f4c262555a70dcdf62fad737d2b0c7f0								syn68204861
file				1714_Ru1304B_PL_t2_1_IGO_10519_1_S1_L001_R1_001.fastq.gz			2609695390	22e7ac37448d2acb73ead43a1312818d								syn68204863
file				1714_Ru1304B_PL_t2_1_IGO_10519_1_S1_L001_R2_001.fastq.gz			5940071291	4f1f8edd28abb58d689f1a50d14ae7fe								syn68204870
file				1714_Ru1304B_PL_t2_1_IGO_10519_1_S1_L002_R1_001.fastq.gz			2604876278	564f117020a796dba126c407f8f74388								syn68204874
file				1714_Ru1304B_PL_t2_1_IGO_10519_1_S1_L002_R2_001.fastq.gz			5932323619	37fad378bf23003904620b43dc9a32bb								syn68204875
file				1715_Ru1314A_T_1_IGO_10519_2_S2_L001_R1_001.fastq.gz			2476000301	ce6f72ae6c3abb1eb7f89acb25c607dc								syn68204876
file				1715_Ru1314A_T_1_IGO_10519_2_S2_L001_R2_001.fastq.gz			5647462677	24aa73682a25de5550e9c30c55dee8d7								syn68204877
file				1715_Ru1314A_T_1_IGO_10519_2_S2_L002_R1_001.fastq.gz			2475715193	27953047f4323b24bc180b205a4c3fae								syn68204879
file				1715_Ru1314A_T_1_IGO_10519_2_S2_L002_R2_001.fastq.gz			5650098757	970aee9d3b53ada38b03bcff44b3fd82								syn68204880
file				1717_Ru1303B_LN_t2_1_IGO_10519_4_S13_L001_R1_001.fastq.gz			2585722771	2084de94e71f30d32a81e0c484e411ed								syn68204881
file				1717_Ru1303B_LN_t2_1_IGO_10519_4_S13_L001_R2_001.fastq.gz			5976700800	41f3d9cd2236895becd26d2ddb196120								syn68204882
file				1717_Ru1303B_LN_t2_1_IGO_10519_4_S13_L002_R1_001.fastq.gz			2592926330	84ec5cae3f0cc17ea41e169810e2b80e								syn68204883
file				1717_Ru1303B_LN_t2_1_IGO_10519_4_S13_L002_R2_001.fastq.gz			5996426626	64ce8a5cfa67083eead143b79d2e2c03								syn68204886
file				1816_Ru1083_IGO_10837_11_S17_L001_R1_001.fastq.gz			2126525919	43684f5c0578ddc6c052fc74960edf36								syn68204887
file				1816_Ru1083_IGO_10837_11_S17_L001_R2_001.fastq.gz			4792828277	4b1676447437f74d3c6a1ee142802fc5								syn68204891
file				1816_Ru1083_IGO_10837_11_S17_L002_R1_001.fastq.gz			2124870288	d1c874decb97bb6c7cca0d0d865e0b04								syn68204893
file				1816_Ru1083_IGO_10837_11_S17_L002_R2_001.fastq.gz			4773408817	141d3c65b8fe966fd7c4a5c51095a360								syn68204894
file				1960_Ru831PDX_IGO_11175_23_S8_L001_R1_001.fastq.gz			3879983401	faf87bf45d1da0abc99b5b2b81adc6ef								syn68204897
file				1960_Ru831PDX_IGO_11175_23_S8_L001_R2_001.fastq.gz			9270925160	88545efad0a166af4cba9692f7acaed1								syn68204898
file				1961_Ru1042PDX_IGO_11247_5_S16_L001_R1_001.fastq.gz			2572009229	f8d3d71c7beea63883437e8174365173								syn68204899
file				1961_Ru1042PDX_IGO_11247_5_S16_L001_R2_001.fastq.gz			5833226052	498d8e37dcd5061593b2a680c9377e99								syn68204900
file				1961_Ru1042PDX_IGO_11247_5_S16_L002_R1_001.fastq.gz			2561697371	36d1620c588e7cc67b49c38be9fa296c								syn68204901
file				1961_Ru1042PDX_IGO_11247_5_S16_L002_R2_001.fastq.gz			5826228626	264f54ce882f280cdd3f82ee0158d434								syn68204904
file				1964_Ru1250D_T_1_IGO_11247_7_S5_L001_R1_001.fastq.gz			2288573131	6ca08a7e4669e9034dff31464bb039ee								syn68204905
file				1964_Ru1250D_T_1_IGO_11247_7_S5_L001_R2_001.fastq.gz			5143499007	7c68acd46e5d7f5cd3f470270f3613da								syn68204907
file				1964_Ru1250D_T_1_IGO_11247_7_S5_L002_R1_001.fastq.gz			2291153810	0e60390ac38a638fe3bddf38dc4f981f								syn68204908
file				1964_Ru1250D_T_1_IGO_11247_7_S5_L002_R2_001.fastq.gz			5160743397	45f7ceb3fbca9e12f4a030b5308ef40f								syn68204914
file				2211_Ru1444A_LN_1_IGO_11554_18_S18_L001_R1_001.fastq.gz			2024210327	4831a71659d6bc9a25e11b950a9281d9								syn68204917
file				2211_Ru1444A_LN_1_IGO_11554_18_S18_L001_R2_001.fastq.gz			4554093026	129781f8f97f142180a10289ae6335e8								syn68204919
file				2211_Ru1444A_LN_1_IGO_11554_18_S18_L002_R1_001.fastq.gz			2035123990	df77afb6c9d89e162b5337d24e214575								syn68204921
file				2211_Ru1444A_LN_1_IGO_11554_18_S18_L002_R2_001.fastq.gz			4568433035	81d254026fe4525a60f064af720370ea								syn68204922
file				2231_POSIE_101320_BM_1_re_IGO_11499_33_S20_L001_R1_001.fastq.gz			2994125051	53ddc7ed0074695376fb45707f2f9720								syn68204929
file				2231_POSIE_101320_BM_1_re_IGO_11499_33_S20_L001_R2_001.fastq.gz			5402057070	ff1b2dcefaab24f0fdb4478c0f145143								syn68204935
file				2231_POSIE_101320_BM_1_re_IGO_11499_33_S20_L002_R1_001.fastq.gz			3002793798	720a018b9389dd16da9facd76c558e09								syn68204937
file				2231_POSIE_101320_BM_1_re_IGO_11499_33_S20_L002_R2_001.fastq.gz			5433120252	d5461a18892f6e5106a3c04295c0b095								syn68204938
file				2253_Poise_101920_IGO_11588_11_S13_L001_R1_001.fastq.gz			553010192	fa98ed0cd76be602f31b08430ffc0d00								syn68204939
file				2253_Poise_101920_IGO_11588_11_S13_L001_R2_001.fastq.gz			1225808798	728c6320597899bd3b722162127dab58								syn68204940
file				2253_Poise_101920_IGO_11588_11_S13_L002_R1_001.fastq.gz			557520041	da19230c4efbcd949ea4e7ca98f59818								syn68204941
file				2253_Poise_101920_IGO_11588_11_S13_L002_R2_001.fastq.gz			1236098401	311996b3b799645bcc4eb23c6aed47d8								syn68204944
file				2265_Ru222b_T_1_IGO_11589_3_S15_L001_R1_001.fastq.gz			2833884200	164aef90ea22cde185c0e42185b06199								syn68204949
file				2265_Ru222b_T_1_IGO_11589_3_S15_L001_R2_001.fastq.gz			6399413223	008895c003d38232c19a791e9c9fe010								syn68204954
file				2265_Ru222b_T_1_IGO_11589_3_S15_L002_R1_001.fastq.gz			2818493374	49adc6d369f03aa2a57c4ecf5fe0d258								syn68204960
file				2265_Ru222b_T_1_IGO_11589_3_S15_L002_R2_001.fastq.gz			6369352776	636b7e3170cae9736e16e637e85849a9								syn68204962
file				2266_Ru1360b_CNS_2_IGO_11589_4_S16_L001_R1_001.fastq.gz			2567528276	7abd040968e8f90fe6b8c0fcca1f984b								syn68204963
file				2266_Ru1360b_CNS_2_IGO_11589_4_S16_L001_R2_001.fastq.gz			5835382451	de1b49bc7fa71ef67de251aa5f8838f4								syn68204965
file				2266_Ru1360b_CNS_2_IGO_11589_4_S16_L002_R1_001.fastq.gz			2553270030	f93614de958d30c5a8ddf760d5f3e26d								syn68204968
file				2266_Ru1360b_CNS_2_IGO_11589_4_S16_L002_R2_001.fastq.gz			5806679241	6de5be197fc0219b4431127dc6b04f4c								syn68204969
file				2520_Ru1518a_T_1_IGO_11874_47_S20_L003_R1_001.fastq.gz			2956777507	ed5ab97645c0df5444ea071fdbcb9d58								syn68204970
file				2520_Ru1518a_T_1_IGO_11874_47_S20_L003_R2_001.fastq.gz			6657886442	0548a44cacc409e7e9eedd9e869ca7ac								syn68204973
file				2520_Ru1518a_T_1_IGO_11874_47_S20_L004_R1_001.fastq.gz			3001303132	d5ae2527991821f42a958d5e8457b1e6								syn68204974
file				2520_Ru1518a_T_1_IGO_11874_47_S20_L004_R2_001.fastq.gz			6704419324	f651fd8286c2e777f62723138215bdb9								syn68204977
file				2597_Ru942B_IGO_12065_47_S40_L001_R1_001.fastq.gz			1407568911	5219628d5bdc73789b2b88fdc35a63b8								syn68204978
file				2597_Ru942B_IGO_12065_47_S40_L001_R2_001.fastq.gz			3248108519	e6af711b3bb123418dc9c4fc0965e721								syn68204979
file				2597_Ru942B_IGO_12065_47_S40_L002_R1_001.fastq.gz			1396555249	87910bed37663b28c4c4a897e1551f5c								syn68204981
file				2597_Ru942B_IGO_12065_47_S40_L002_R2_001.fastq.gz			3237886734	bea369a8df90f2c08c0a1e4684cdaf9f								syn68204984
file				2597_Ru942B_IGO_12065_47_S40_L003_R1_001.fastq.gz			1428533829	9846f8e07faff104e458c9e042d53507								syn68204985
file				2597_Ru942B_IGO_12065_47_S40_L003_R2_001.fastq.gz			3291436956	bad8bc7861ad5751eafe0356cb0e75da								syn68204987
file				2597_Ru942B_IGO_12065_47_S40_L004_R1_001.fastq.gz			1409032226	adce93f046c81ee28857f91486a28e40								syn68204989
file				2597_Ru942B_IGO_12065_47_S40_L004_R2_001.fastq.gz			3259967657	bf9ae591462b3813fd4d571fd5589f44								syn68204990
file				2615_Ru1173d_LN_2_IGO_12065_56_S28_L001_R1_001.fastq.gz			1227981643	a6317602ea0b5e5b36670d92a3603915								syn68204991
file				2615_Ru1173d_LN_2_IGO_12065_56_S28_L001_R2_001.fastq.gz			2764257345	f37b74bb5c115e85ccd51992f8998313								syn68204993
file				2615_Ru1173d_LN_2_IGO_12065_56_S28_L002_R1_001.fastq.gz			1193304173	bfb952d7302566152fb2814595664eb3								syn68204994
file				2615_Ru1173d_LN_2_IGO_12065_56_S28_L002_R2_001.fastq.gz			2705125063	2665917035d5c0b1f8e8db6583f1dfef								syn68204996
file				2615_Ru1173d_LN_2_IGO_12065_56_S28_L003_R1_001.fastq.gz			1244679152	749c3f22257bfabc3dc526290c9d0a7e								syn68204997
file				2615_Ru1173d_LN_2_IGO_12065_56_S28_L003_R2_001.fastq.gz			2799432051	8dc53ac43cdd0d42d037d51f19d72c07								syn68205001
file				2615_Ru1173d_LN_2_IGO_12065_56_S28_L004_R1_001.fastq.gz			1197239812	72f93d6a18b1dcd9898073ae89af9caa								syn68205004
file				2615_Ru1173d_LN_2_IGO_12065_56_S28_L004_R2_001.fastq.gz			2709178257	dc4abb2e2d7a686b00fabd5a94713826								syn68205012
file				2634_Ru1405B_IGO_12068_21_S18_L001_R1_001.fastq.gz			1212823976	53c6b447866f9ef50cf23be2c4d65bff								syn68205015
file				2634_Ru1405B_IGO_12068_21_S18_L001_R2_001.fastq.gz			2763160671	dfeff916e1413936be4ad8632d09e536								syn68205021
file				2634_Ru1405B_IGO_12068_21_S18_L002_R1_001.fastq.gz			1140995128	24984e83cfbc6ab71c4adf9d2c1c4e00								syn68205024
file				2634_Ru1405B_IGO_12068_21_S18_L002_R2_001.fastq.gz			2617762794	51936070b4df4b99bc842def59abcf2b								syn68205030
file				2634_Ru1405B_IGO_12068_21_S18_L003_R1_001.fastq.gz			1173113740	359f94207df71f9e0d23f5362e65ffc1								syn68205033
file				2634_Ru1405B_IGO_12068_21_S18_L003_R2_001.fastq.gz			2678412077	6d82fcaa6ef0af2f65d8baf17d4831da								syn68205038
file				2634_Ru1405B_IGO_12068_21_S18_L004_R1_001.fastq.gz			1102731876	d95a886834d76bf111b229b9d1748757								syn68205042
file				2634_Ru1405B_IGO_12068_21_S18_L004_R2_001.fastq.gz			2527743229	26448f7877af27007826ceac3660dae2								syn68205047
file				2830_MSK_LX_1250b_PM_1_IGO_12194_27_S15_L001_R1_001.fastq.gz			2791645348	52a13c5bfc4a75a3486151a91d2d5a00								syn68205052
file				2830_MSK_LX_1250b_PM_1_IGO_12194_27_S15_L001_R2_001.fastq.gz			6195076046	4242ec032c9d1ee8b6cb066e4eca3f0a								syn68205060
file				2830_MSK_LX_1250b_PM_1_IGO_12194_27_S15_L002_R1_001.fastq.gz			2792439116	bfb073befd8ed3c299dfe95868f3f964								syn68205064
file				2830_MSK_LX_1250b_PM_1_IGO_12194_27_S15_L002_R2_001.fastq.gz			6198308725	258b8ebaac27d9e959522ceea843477d								syn68205073
file				2839_MSK_LX_1083c_T_2_IGO_12194_36_S23_L003_R1_001.fastq.gz			4310312162	33b2ee8bc7564c33696d47a2b37e2f63								syn68205075
file				2839_MSK_LX_1083c_T_2_IGO_12194_36_S23_L003_R2_001.fastq.gz			9693820180	ba5aac2da79c02f62aa181885503b291								syn68205078
file				2839_MSK_LX_1083c_T_2_IGO_12194_36_S23_L004_R1_001.fastq.gz			4318669622	2a59a3bb95717da56af1d39e84360f7c								syn68205081
file				2839_MSK_LX_1083c_T_2_IGO_12194_36_S23_L004_R2_001.fastq.gz			9706055014	ae6fbc5df7d49e7d5475e6f1d16b674e								syn68205096
file				2892_MSK_LX_1414C_IGO_12253_45_S27_L003_R1_001.fastq.gz			2974717626	23e5d5c20be26d6e9b11edcab42f898f								syn68205111
file				2892_MSK_LX_1414C_IGO_12253_45_S27_L003_R2_001.fastq.gz			6580675333	87ea83b40f8a92715b974609190400eb								syn68205134
file				2892_MSK_LX_1414C_IGO_12253_45_S27_L004_R1_001.fastq.gz			2958318562	25f4808cf4037a3e2a31e0b0ccaa94b1								syn68205147
file				2892_MSK_LX_1414C_IGO_12253_45_S27_L004_R2_001.fastq.gz			6536069499	7f436291b3918052b3cd9ceef5a65452								syn68205178
file				2924_MSK_LX_222C_T_2_IGO_12317_44_S11_L001_R1_001.fastq.gz			1308148156	d36854f36313ca76151870f58781dbeb								syn68205184
file				2924_MSK_LX_222C_T_2_IGO_12317_44_S11_L001_R2_001.fastq.gz			2618134321	b3542f83ec8f462367ea9897811a5d66								syn68205194
file				2924_MSK_LX_222C_T_2_IGO_12317_44_S11_L002_R1_001.fastq.gz			1328463151	3bc84fc185184108735dc0f370e35887								syn68205202
file				2924_MSK_LX_222C_T_2_IGO_12317_44_S11_L002_R2_001.fastq.gz			2660763593	74ab565a2380d0abf4d155ad5b487b67								syn68205214
file				2924_MSK_LX_222C_T_2_IGO_12317_44_S11_L003_R1_001.fastq.gz			1308283247	a38277fae43fb73eae4ac235b5ea8e74								syn68205218
file				2924_MSK_LX_222C_T_2_IGO_12317_44_S11_L003_R2_001.fastq.gz			2613456491	690a4b41613170126c629d9b6c929f9e								syn68205227
file				2924_MSK_LX_222C_T_2_IGO_12317_44_S11_L004_R1_001.fastq.gz			1302403061	42c0509b5907d68f82c1680a485b0625								syn68205233
file				2924_MSK_LX_222C_T_2_IGO_12317_44_S11_L004_R2_001.fastq.gz			2599239769	5c41a046843c69bc08295ec32cbab774								syn68205243
file				3318_AV-1383_Ru942C_IGO_12437_J_5_S36_L002_R1_001.fastq.gz			1836260423	adac37836d619424b3f93234b64211f1								syn68205249
file				3318_AV-1383_Ru942C_IGO_12437_J_5_S36_L002_R2_001.fastq.gz			3983296410	01066aba18e0e97e0a6118724a48c5ba								syn68205264
file				3318_AV-1383_Ru942C_IGO_12437_J_5_S36_L003_R1_001.fastq.gz			1834100693	9f1ac9404fdc612d09165bdda5f16de2								syn68205272
file				3318_AV-1383_Ru942C_IGO_12437_J_5_S36_L003_R2_001.fastq.gz			3975955228	35e20effa46ff66607f6c71b60e43c98								syn68205287
file				3318_AV-1383_Ru942C_IGO_12437_J_5_S36_L004_R1_001.fastq.gz			1830903407	913c9b02d5623ba9abb2b8998cf8c95a								syn68205288
file				3318_AV-1383_Ru942C_IGO_12437_J_5_S36_L004_R2_001.fastq.gz			3967424669	57fe17d6d457155a456610c985b241a0								syn68205289
file				3323_AV-1382_Ru1676A_IGO_12437_J_6_S31_L002_R1_001.fastq.gz			1589808326	e1ea57f43cbf43142709244d4f17404f								syn68205290
file				3323_AV-1382_Ru1676A_IGO_12437_J_6_S31_L002_R2_001.fastq.gz			3469218904	380c75e3ba96cf82c76e6623e2335c1d								syn68205291
file				3323_AV-1382_Ru1676A_IGO_12437_J_6_S31_L003_R1_001.fastq.gz			1592156598	3da04adcc5de45cec9fce3a0314316a4								syn68205294
file				3323_AV-1382_Ru1676A_IGO_12437_J_6_S31_L003_R2_001.fastq.gz			3471722667	ef59e316e410d3fd1ec139502d5857ff								syn68205297
file				3323_AV-1382_Ru1676A_IGO_12437_J_6_S31_L004_R1_001.fastq.gz			1592103057	02604891841c087f126770543abb9136								syn68205298
file				3323_AV-1382_Ru1676A_IGO_12437_J_6_S31_L004_R2_001.fastq.gz			3468522363	5c83e6eba2b8fc62d9e2df5ec777ffbe								syn68205300
file				3601_PM-1538_Ru1250e_IGO_12437_AB_7_S17_L001_R1_001.fastq.gz			7667404119	c781d122833cb23ebf56faecfabebca9								syn68205302
file				3601_PM-1538_Ru1250e_IGO_12437_AB_7_S17_L001_R2_001.fastq.gz			18123811057	78357c0349c36cd2ba3b0697d8d743a8								syn68205307
file				3616_PM-1548_Ru1083d_IGO_12437_AC_12_S15_L001_R1_001.fastq.gz			2192004633	e9c17d1d88454b3d20ea88f9cec2d5ac								syn68205309
file				3616_PM-1548_Ru1083d_IGO_12437_AC_12_S15_L001_R2_001.fastq.gz			4682910422	516b9da2582bd4823325b88b6cd386e4								syn68205314
file				3616_PM-1548_Ru1083d_IGO_12437_AC_12_S15_L002_R1_001.fastq.gz			2204370354	63f925b7c2021e4be25a0585ffe4da3d								syn68205315
file				3616_PM-1548_Ru1083d_IGO_12437_AC_12_S15_L002_R2_001.fastq.gz			4701593825	4f4b73d6615fa399ab72afce668cce7b								syn68205317
file				3762_AV-1648_MSK_LX_1250f_IGO_12437_AJ_19_S12_L001_R1_001.fastq.gz			767058775	c82f22319331dde2c359894aaff6ab92								syn68205322
file				3762_AV-1648_MSK_LX_1250f_IGO_12437_AJ_19_S12_L001_R2_001.fastq.gz			1603941972	0b636f6ca62b4dd3b573efd3bce459db								syn68205403
file				3762_AV-1648_MSK_LX_1250f_IGO_12437_AJ_19_S12_L002_R1_001.fastq.gz			764080400	143645226fb371c6692cf8119de4844d								syn68205443
file				3762_AV-1648_MSK_LX_1250f_IGO_12437_AJ_19_S12_L002_R2_001.fastq.gz			1597136607	1aeaa6b58b76cb2e4ea9dd1943c44c5f								syn68205513
file				3762_AV-1648_MSK_LX_1250f_IGO_12437_AJ_19_S12_L003_R1_001.fastq.gz			756795805	fb4c16a80c58fa7cfd235d79293c7953								syn68205546
file				3762_AV-1648_MSK_LX_1250f_IGO_12437_AJ_19_S12_L003_R2_001.fastq.gz			1580781375	f235681799eeaf86635d29cccd2be7b0								syn68205578
file				3762_AV-1648_MSK_LX_1250f_IGO_12437_AJ_19_S12_L004_R1_001.fastq.gz			760396082	bb4a2084222d712f92fd6056d3b3a5d9								syn68205579
file				3762_AV-1648_MSK_LX_1250f_IGO_12437_AJ_19_S12_L004_R2_001.fastq.gz			1590494390	66c891702deb0f3c96184c8a51616933								syn68205581
file				3762_AV-1648_MSK_LX_1250f_IGO_12437_AJ_19_S44_L001_R1_001.fastq.gz			1570810287	c94cbb94a1633a58a72d3c2c0a3fd75d								syn68205582
file				3762_AV-1648_MSK_LX_1250f_IGO_12437_AJ_19_S44_L001_R2_001.fastq.gz			3258262662	dc13934bf525d60f500fc5d28a2cd5c8								syn68205585
file				3762_AV-1648_MSK_LX_1250f_IGO_12437_AJ_19_S44_L002_R1_001.fastq.gz			1545232568	9a3eb8f83f4930184280676307da8692								syn68205588
file				3762_AV-1648_MSK_LX_1250f_IGO_12437_AJ_19_S44_L002_R2_001.fastq.gz			3202545768	c777023f9c77f5a631042dd1a4ff7b92								syn68205589
file				3762_AV-1648_MSK_LX_1250f_IGO_12437_AJ_19_S44_L003_R1_001.fastq.gz			1443010695	28b91da4485e33f68babfeaa1904a12b								syn68205590
file				3762_AV-1648_MSK_LX_1250f_IGO_12437_AJ_19_S44_L003_R2_001.fastq.gz			3000239498	ee50cc677f5b99642ebf0ad91fd84fea								syn68205591
file				3762_AV-1648_MSK_LX_1250f_IGO_12437_AJ_19_S44_L004_R1_001.fastq.gz			1405527125	1f53b7868e231778e9a7ade0513e24b0								syn68205592
file				3762_AV-1648_MSK_LX_1250f_IGO_12437_AJ_19_S44_L004_R2_001.fastq.gz			2930098517	1746208a4f5177e7700da1b2eae726f5								syn68205595
file				3831_AV-1677_MSK_LX_1303j_IGO_12437_AO_30_S12_L001_R1_001.fastq.gz			3755693977	76e8c3ee65745a957104b90985981454								syn68205598
file				3831_AV-1677_MSK_LX_1303j_IGO_12437_AO_30_S12_L001_R2_001.fastq.gz			8161806516	3b9117dd85e2f7bdab82cf3946bc69bb								syn68205609
file				3831_AV-1677_MSK_LX_1303j_IGO_12437_AO_30_S12_L002_R1_001.fastq.gz			3765314280	a85c73cb6585d46d6e922f88f535eba8								syn68205614
file				3831_AV-1677_MSK_LX_1303j_IGO_12437_AO_30_S12_L002_R2_001.fastq.gz			8205390687	1961e6caa5452ffcb2ffec77e435df96								syn68205639
file				4329_AV-1969_Lx1518_IGO_12437_BN_36_S28_L003_R1_001.fastq.gz			3628242332	e5e1938119b6c74dfd2ab39f2cc9239c								syn68205842
file				4329_AV-1969_Lx1518_IGO_12437_BN_36_S28_L003_R2_001.fastq.gz			8152223502	7b79141e53f05e84047ad924377ada7a								syn68206192
file				4329_AV-1969_Lx1518_IGO_12437_BN_36_S28_L004_R1_001.fastq.gz			3627109593	31fbf632cf86c4fa9ea73aac07df547e								syn68206345
file				4329_AV-1969_Lx1518_IGO_12437_BN_36_S28_L004_R2_001.fastq.gz			8178679878	0fbae18bc1583d08c6a71a1dd3412bf9								syn68206664
file				4330_AV-1969_Lx1676_IGO_12437_BN_37_S10_L001_R1_001.fastq.gz			3582935891	fb08614866dd781b817602a2b1f2f11d								syn68206848
file				4330_AV-1969_Lx1676_IGO_12437_BN_37_S10_L001_R2_001.fastq.gz			7709587986	aa12660d2cb07927429f8d31f21f64cf								syn68207269
file				4330_AV-1969_Lx1676_IGO_12437_BN_37_S10_L002_R1_001.fastq.gz			3575878786	9f5f3db964ed1f98e47a88247741d136								syn68207430
file				4330_AV-1969_Lx1676_IGO_12437_BN_37_S10_L002_R2_001.fastq.gz			7694277823	97c0ab939cff5eccbf0b466be1cfb34e								syn68207733
file				4332_AV-1970_Lx226b_IGO_12437_BN_41_S6_L001_R1_001.fastq.gz			2142398523	217479d6794e71be27153e428d49afc8								syn68207843
file				4332_AV-1970_Lx226b_IGO_12437_BN_41_S6_L001_R2_001.fastq.gz			4573355173	8c12e82709646205e542a1d38d31c554								syn68208019
file				4332_AV-1970_Lx226b_IGO_12437_BN_41_S6_L002_R1_001.fastq.gz			2146848284	f1af86aa0479d04e070236ebd33ccc78								syn68208133
file				4332_AV-1970_Lx226b_IGO_12437_BN_41_S6_L002_R2_001.fastq.gz			4583269499	ba1a352cc6aafa676add1121a9c933c7								syn68208312
file				4332_AV-1970_Lx226b_IGO_12437_BN_41_S6_L003_R1_001.fastq.gz			2154119952	8abf94dd3001cfbf0a19e87ea8912490								syn68208316
file				4332_AV-1970_Lx226b_IGO_12437_BN_41_S6_L003_R2_001.fastq.gz			4589052843	81092a8a993a7b12df0e57a183afbb92								syn68208317
file				4332_AV-1970_Lx226b_IGO_12437_BN_41_S6_L004_R1_001.fastq.gz			2151188137	c283a5318fca1039bb893ffa08eeef05								syn68208318
file				4332_AV-1970_Lx226b_IGO_12437_BN_41_S6_L004_R2_001.fastq.gz			4581021820	084f56c20bb9719574e88a8c93a31fde								syn68208321
file				4334_AV-1970_Lx773c_IGO_12437_BN_40_S13_L001_R1_001.fastq.gz			3394815827	db603ea68adffce31e656c20083e3c66								syn68208323
file				4334_AV-1970_Lx773c_IGO_12437_BN_40_S13_L001_R2_001.fastq.gz			7363302385	87021129cbcbfd301efe66f527354cd6								syn68208326
file				4334_AV-1970_Lx773c_IGO_12437_BN_40_S13_L002_R1_001.fastq.gz			3387671374	93963e643db0886170535961b387230d								syn68208328
file				4334_AV-1970_Lx773c_IGO_12437_BN_40_S13_L002_R2_001.fastq.gz			7345117629	a09f86f6c85a3a8ab9430145f8c5a1e4								syn68208331
file				4335_AV-1973_Lx1305B_IGO_12437_BN_42_S7_L001_R1_001.fastq.gz			2419308030	87ed0ab8207aab9c9b9fc7c35112c081								syn68208332
file				4335_AV-1973_Lx1305B_IGO_12437_BN_42_S7_L001_R2_001.fastq.gz			5086629485	da9c6cdb77032014a6f2fec5d5d93c6d								syn68208333
file				4335_AV-1973_Lx1305B_IGO_12437_BN_42_S7_L002_R1_001.fastq.gz			2460019950	7ae723f365fdd8b03dfe68016c3dbcdd								syn68208335
file				4335_AV-1973_Lx1305B_IGO_12437_BN_42_S7_L002_R2_001.fastq.gz			5166979511	dd417f5af20eeeb24a90e0c6389e4ab8								syn68208340
file				4335_AV-1973_Lx1305B_IGO_12437_BN_42_S7_L003_R1_001.fastq.gz			2425166319	33d5f470e2166c5ca5d7bc266fa266d1								syn68208347
file				4335_AV-1973_Lx1305B_IGO_12437_BN_42_S7_L003_R2_001.fastq.gz			5087333738	bfaaa0a7e8337c79508bb780e79f5c60								syn68208352
file				4335_AV-1973_Lx1305B_IGO_12437_BN_42_S7_L004_R1_001.fastq.gz			2439181835	987bc5991c18e38fc35e3768a23e9939								syn68208358
file				4335_AV-1973_Lx1305B_IGO_12437_BN_42_S7_L004_R2_001.fastq.gz			5111373299	4d92cb03b126246d39068b0191f777d7								syn68208361
file				Pleural_fluid_CD45minus_plus_IGO_09277_17_S18_L001_R1_001.fastq.gz			2437889141	914f8a3e5da38dee23389b59cd084ec5								syn68208363
file				Pleural_fluid_CD45minus_plus_IGO_09277_17_S18_L001_R2_001.fastq.gz			6219408474	f4f20ce4ea1a2568fe712568dcb1d4e8								syn68208365
file				Pleural_fluid_CD45minus_plus_IGO_09277_17_S18_L002_R1_001.fastq.gz			2432880183	d6f39d6d860d7d4e55c81c0c7b7dbeb0								syn68208366
file				Pleural_fluid_CD45minus_plus_IGO_09277_17_S18_L002_R2_001.fastq.gz			6195849530	c2bd70dedf04997c6c0bc4912b44a07b								syn68208367
file				RU151_IGO_07734_B_21_S21_L001_R1_001.fastq.gz			1859387067	6bd63734e135101d3b281d360b0adaa1								syn68208368
file				RU151_IGO_07734_B_21_S21_L001_R2_001.fastq.gz			4662180397	ed8bbedc0c4474c923a84d9d5f4880f3								syn68208372
file				RU151_IGO_07734_B_21_S21_L002_R1_001.fastq.gz			1859713458	59b8155c59a18ac43bfc89a106423f97								syn68208373
file				RU151_IGO_07734_B_21_S21_L002_R2_001.fastq.gz			4653441865	0c760ec100372a5676fdc13e3dbfa064								syn68208374
file				Ru263_IGO_09507_10_S10_L001_R1_001.fastq.gz			2572462407	771ecee849072362932b0639ba0dda8c								syn68208409
file				Ru263_IGO_09507_10_S10_L001_R2_001.fastq.gz			6857698583	400a1287cd3a595aa26ec926bb42313c								syn68208411
file				Ru263_IGO_09507_10_S10_L002_R1_001.fastq.gz			2613089134	6b53ee5440b6bfe5f7057a908a987f83								syn68208412
file				Ru263_IGO_09507_10_S10_L002_R2_001.fastq.gz			6980908503	a9266a84111c592421d48b03fdbddd8a								syn68208413
file				Ru871_IGO_09507_9_S9_L001_R1_001.fastq.gz			2768940975	b99f4c29acb66b9419c92f21c9957595								syn68208414
file				Ru871_IGO_09507_9_S9_L001_R2_001.fastq.gz			7294106181	20232dec766028824c11f83b419279da								syn68208415
file				Ru871_IGO_09507_9_S9_L002_R1_001.fastq.gz			2803031451	ec30cb0e7b2cbaed19bf8a291740573c								syn68208416
file				Ru871_IGO_09507_9_S9_L002_R2_001.fastq.gz			7398660312	6565b5ada7f4284ae93b164dc344f770								syn68208418
file				Rus81b-tumor_1_IGO_09488_17_S17_L001_R1_001.fastq.gz			2523974355	ca49c6fc89391da7098ad33f9d592bf8								syn68208419
file				Rus81b-tumor_1_IGO_09488_17_S17_L001_R2_001.fastq.gz			6429156178	ed5cf7ae04c9b8cba1d9eb65df0e51b4								syn68208421
file				Rus81b-tumor_1_IGO_09488_17_S17_L002_R1_001.fastq.gz			2533346972	784ad37207883992d67dd610df3b10cc								syn68208422
file				Rus81b-tumor_1_IGO_09488_17_S17_L002_R2_001.fastq.gz			6451169504	df4ebc3872361ec56f044e206c3ddc6a								syn68208425
file				Rus81b-tumor_2_IGO_09488_18_S18_L001_R1_001.fastq.gz			2400509279	07af01c9d35f65212ff7c564e64d636d								syn68208426
file				Rus81b-tumor_2_IGO_09488_18_S18_L001_R2_001.fastq.gz			6150074296	60528d25a77e9ef0176a7e83b9e73d72								syn68208429
file				Rus81b-tumor_2_IGO_09488_18_S18_L002_R1_001.fastq.gz			2411653575	a838d974441830ae0b471c840cd585ab								syn68208431
file				Rus81b-tumor_2_IGO_09488_18_S18_L002_R2_001.fastq.gz			6177196558	0c9a2cb41207ce59747d7d27e87085fc								syn68208435
file				Rus81c-LN_1_IGO_09488_19_S19_L001_R1_001.fastq.gz			2595338465	cdfa53775d5eeeb2faa34da8ddd3b937								syn68208438
file				Rus81c-LN_1_IGO_09488_19_S19_L001_R2_001.fastq.gz			6597390366	5749d235b2aa307cafc5302e51db2cee								syn68208440
file				Rus81c-LN_1_IGO_09488_19_S19_L002_R1_001.fastq.gz			2605620004	d300bf4d274e29558c33111896ad35d4								syn68208442
file				Rus81c-LN_1_IGO_09488_19_S19_L002_R2_001.fastq.gz			6621246029	f9ef9b45c8668b0b1f94c95689d4174a								syn68208445
file				Rus81c-LN_2_IGO_09488_20_S20_L001_R1_001.fastq.gz			2689460473	68db263d11c8803f3669f82a1100f774								syn68208447
file				Rus81c-LN_2_IGO_09488_20_S20_L001_R2_001.fastq.gz			6821988926	98de586807bd66a37f81b6af2af65e43								syn68208448
file				Rus81c-LN_2_IGO_09488_20_S20_L002_R1_001.fastq.gz			2699793769	18e6bfc69df80a767e513b6897e05f2d								syn68208449
file				Rus81c-LN_2_IGO_09488_20_S20_L002_R2_001.fastq.gz			6845861040	03f7f742d4d5ba850312fa14603e892a								syn68208464
file				SM-L123H_S7_L001_I1_001.fastq.gz			1962695720	e43c753265709bf2c9f4b669ca973151								syn51271242
file				SM-L123H_S7_L001_I2_001.fastq.gz			2237660265	44de7f1012c1197edd4e7eeb1e495f9d								syn51271245
file				SM-L123H_S7_L001_R1_001.fastq.gz			7328197026	3f05cfefbf11f0cf41ce494c47a6b4e1								syn51271244
file				SM-L123H_S7_L001_R2_001.fastq.gz			16373582825	537a35ff0b8f8b6ca00353f6f12e7437								syn51271246
file				SM-L123H_S7_L002_I1_001.fastq.gz			1966380076	a98cbf4ee2b72c7e9e1fa9517691e386								syn51271247
file				SM-L123H_S7_L002_I2_001.fastq.gz			2283184246	bc637a9ff6d64264bde66a5ce89b29d1								syn51271251
file				SM-L123H_S7_L002_R1_001.fastq.gz			7328278243	42b249133d3ce6511c538ac3be54af78								syn51271249
file				SM-L123H_S7_L002_R2_001.fastq.gz			16409178340	6552963b49a9a830ae5f228ce400e6f9								syn51271250
file				SM-L123H_S7_L003_I1_001.fastq.gz			1962812173	ac7c3be2d5e2fa78a68aa549e86609d4								syn51271243
file				SM-L123H_S7_L003_I2_001.fastq.gz			2206261000	e717706f2f2cfbf6d95980e5acc19960								syn51271254
file				SM-L123H_S7_L003_R1_001.fastq.gz			7318624344	4457434776ed08209f838ea3c9704e8b								syn51271252
file				SM-L123H_S7_L003_R2_001.fastq.gz			16358689504	a9b63d9efe4aaff68bf60d27b4f125ba								syn51271256
file				SM-L123H_S7_L004_I1_001.fastq.gz			1963584416	da9182a7b6c6d22b7ecc706e5f0b86bc								syn51271259
file				SM-L123H_S7_L004_I2_001.fastq.gz			2237850709	32e9f09d78f48ddeb1b5feaf8814fcc0								syn51271248
file				SM-L123H_S7_L004_R1_001.fastq.gz			7286165314	6dab9245d8621a991162c6f6cbf9d591								syn51271253
file				SM-L123H_S7_L004_R2_001.fastq.gz			16290596312	1632a8885b3ddeeed947a51c50ee913b								syn51271258
file				SM-L123I_S5_L001_I1_001.fastq.gz			1542281131	1332ab903a15791b60f4a2baa008fabc								syn51271231
file				SM-L123I_S5_L001_I2_001.fastq.gz			1795842057	f84e00c82f2604a3183de68e5a308ab2								syn51271488
file				SM-L123I_S5_L001_R1_001.fastq.gz			5662232099	7c27139dc7b777cf62f3db7db548a44a								syn51271476
file				SM-L123I_S5_L001_R2_001.fastq.gz			12676584053	d312251e4583d10b9e5051bdf26d557b								syn51271477
file				SM-L123I_S5_L002_I1_001.fastq.gz			1532166918	4063e19d96e798fbf8dc309b5eb10704								syn51271505
file				SM-L123I_S5_L002_I2_001.fastq.gz			1810013359	ce0ac5afd86d78c75ce45eeb705251f2								syn51271492
file				SM-L123I_S5_L002_R1_001.fastq.gz			5646526285	e751bade41b019563d7a219e7872c841								syn51271478
file				SM-L123I_S5_L002_R2_001.fastq.gz			12676681903	291f2480ee16e5405b010ff295f4bf76								syn51271479
file				SM-L123I_S5_L003_I1_001.fastq.gz			1529780786	4f4c72d11eb77508d32cdf37a609cb2c								syn51271510
file				SM-L123I_S5_L003_I2_001.fastq.gz			1770376152	50bafe94ee5088c110b4e6ef65c816f0								syn51271490
file				SM-L123I_S5_L003_R1_001.fastq.gz			5640483663	25a02b79cdd110180639b112f9246bbb								syn51271480
file				SM-L123I_S5_L003_R2_001.fastq.gz			12624062938	765a0aba60950f75770cfeeebbb2aaaa								syn51271481
file				SM-L123I_S5_L004_I1_001.fastq.gz			1526676827	8dc12330c4dfefa0732bf55bcea7451f								syn51271520
file				SM-L123I_S5_L004_I2_001.fastq.gz			1783225177	7229ed21286fc7f6868149ad260f9f39								syn51271491
file				SM-L123I_S5_L004_R1_001.fastq.gz			5625458770	0b1b9cc32900543d7b8044344f69e0d5								syn51271483
file				SM-L123I_S5_L004_R2_001.fastq.gz			12603286661	fbfe1c9f04c3e9b8b167ebca8a787bae								syn51271482
file				SM-L123J_S4_L001_I1_001.fastq.gz			2088495495	3ae89c78ea57d55ed6a7e04c9a3bb477								syn51271287
file				SM-L123J_S4_L001_I2_001.fastq.gz			2036773411	9ea11b68da2a43849c87dfe5482ef922								syn51271288
file				SM-L123J_S4_L001_R1_001.fastq.gz			6678627674	3cb3a509c145fcfb6cd8963a0f23ef16								syn51271289
file				SM-L123J_S4_L001_R2_001.fastq.gz			14842014108	4aad17f692ed31f52c7a50da3b7ea4d3								syn51271292
file				SM-L123J_S4_L002_I1_001.fastq.gz			2083398449	0b1102818bbc5202c2ee6a1f0055ddb6								syn51271290
file				SM-L123J_S4_L002_I2_001.fastq.gz			2066361317	171b97af2fd802be5f88ead1c5ca2b7f								syn51271291
file				SM-L123J_S4_L002_R1_001.fastq.gz			6663505151	a9d6c701986239e3f6e5d4bf5648e804								syn51271300
file				SM-L123J_S4_L002_R2_001.fastq.gz			14850429030	0b54caf3613a98ef2d573604284c24df								syn51271293
file				SM-L123J_S4_L003_I1_001.fastq.gz			2079848815	d3b7b08fd04d20c162267ec22bd0c572								syn51271294
file				SM-L123J_S4_L003_I2_001.fastq.gz			2004002453	ecaec26e332ec8024e653e85963c3b5e								syn51271295
file				SM-L123J_S4_L003_R1_001.fastq.gz			6655620948	d255767c50d97866e28a2b8b8a66ef02								syn51271296
file				SM-L123J_S4_L003_R2_001.fastq.gz			14789958325	f1542f8a5ab9ccce092bb8e85215db39								syn51271297
file				SM-L123J_S4_L004_I1_001.fastq.gz			2072885981	1884bcb0c0a60ee2c05ae7594daac730								syn51271298
file				SM-L123J_S4_L004_I2_001.fastq.gz			2024666005	ad83b2b01b60fe71e1ccea89266fc6f1								syn51271302
file				SM-L123J_S4_L004_R1_001.fastq.gz			6633048605	b999e6530726d57b789593099d8b0f5e								syn51271299
file				SM-L123J_S4_L004_R2_001.fastq.gz			14752000396	81e71ec3993daf9e500f7791da84006f								syn51271301
file				SM-L123K_S3_L001_I1_001.fastq.gz			2178389669	01cd4b1fbaf75dcd14f102e485b55a26								syn51271438
file				SM-L123K_S3_L001_I2_001.fastq.gz			2569184971	9c808330d9f33e6e98c14d659bae26cd								syn51271441
file				SM-L123K_S3_L001_R1_001.fastq.gz			8178722469	a4e399b5b3f593114b4c5ad1635a56d0								syn51271439
file				SM-L123K_S3_L001_R2_001.fastq.gz			18473245162	b46d506b4b3aecb3e9e7f2bbc4a5b440								syn51271440
file				SM-L123K_S3_L002_I1_001.fastq.gz			2171999541	76cb2e5aa6ab9c886e8f8b4afc7b66a0								syn51271442
file				SM-L123K_S3_L002_I2_001.fastq.gz			2624105704	353dc47648739c9b2772f2816d061fe1								syn51271444
file				SM-L123K_S3_L002_R1_001.fastq.gz			8166724730	b8f64e7a0d6b1b1ba9a7e45a4de1538b								syn51271445
file				SM-L123K_S3_L002_R2_001.fastq.gz			18498147128	5dd1c99b6aca3088ae2f304358cc4c2e								syn51271446
file				SM-L123K_S3_L003_I1_001.fastq.gz			2173420957	b525c6092575886c5ad34bd805ac0bd9								syn51271447
file				SM-L123K_S3_L003_I2_001.fastq.gz			2539689717	ae3b292ee5f24fadda2b3f063f7ac065								syn51271451
file				SM-L123K_S3_L003_R1_001.fastq.gz			8155519783	b9b1448352fb19a87908718a1f1cc124								syn51271449
file				SM-L123K_S3_L003_R2_001.fastq.gz			18416295978	4ba7fdc80649d7e0d897ee4c8ccc7e8a								syn51271450
file				SM-L123K_S3_L004_I1_001.fastq.gz			2171618477	a8e2d3b9da414a22af43f456c98a8172								syn51271452
file				SM-L123K_S3_L004_I2_001.fastq.gz			2570134151	f9b25391074ddcdbcd0daf8ad8f55119								syn51271455
file				SM-L123K_S3_L004_R1_001.fastq.gz			8129931885	16e8dc8a52173331a93c0fd5b33ceea0								syn51271453
file				SM-L123K_S3_L004_R2_001.fastq.gz			18377350849	b826ae9cd3b289016f82b3a4e742ef52								syn51271454
file				SM-L123L_S1_L001_I1_001.fastq.gz			2382603862	c38ae03ba936a4a5ee5bc9bf77f3bb6a								syn51271382
file				SM-L123L_S1_L001_I2_001.fastq.gz			1913418890	e560dbaecd1e319e9481585c43872eda								syn51271383
file				SM-L123L_S1_L001_R1_001.fastq.gz			6393649715	520c9e5b06e0f3972fef47a99dfe2a5a								syn51271385
file				SM-L123L_S1_L001_R2_001.fastq.gz			14363477006	15e65eac3da961fa2b6175df80746770								syn51271384
file				SM-L123L_S1_L002_I1_001.fastq.gz			2376726723	68e9d573fc6e2b931c98927851852355								syn51271386
file				SM-L123L_S1_L002_I2_001.fastq.gz			1936174769	e112a503f34ba49e1fd002578eb8be3a								syn51271387
file				SM-L123L_S1_L002_R1_001.fastq.gz			6372060322	e1bcf191d2f44ef06756d1af12839260								syn51271388
file				SM-L123L_S1_L002_R2_001.fastq.gz			14351929958	f2937c1b156047e5acb3306728ea7b0d								syn51271389
file				SM-L123L_S1_L003_I1_001.fastq.gz			2380252798	95505eb38e11b4b2fdb0741d89f0ae40								syn51271390
file				SM-L123L_S1_L003_I2_001.fastq.gz			1895681359	0532ebd923496e78f13654eeabf190ae								syn51271391
file				SM-L123L_S1_L003_R1_001.fastq.gz			6371713829	56d911fe7ebc94308a3c1208c779b244								syn51271392
file				SM-L123L_S1_L003_R2_001.fastq.gz			14306836024	34d5709bec6ab7c9e22e6489efa1ed4a								syn51271393
file				SM-L123L_S1_L004_I1_001.fastq.gz			2374322442	f3efeaf63a61c4bc075858dcf1e53d86								syn51271394
file				SM-L123L_S1_L004_I2_001.fastq.gz			1907055635	a1fb7b47d60c2e176a935ec85fb8564d								syn51271395
file				SM-L123L_S1_L004_R1_001.fastq.gz			6352863889	529b6890dfadfcf1c6833af23e5b7307								syn51271396
file				SM-L123L_S1_L004_R2_001.fastq.gz			14281630697	fe98370ee67dc0551cd5e3f956313770								syn51271397
file				SM-L123M_S2_L001_I1_001.fastq.gz			1961263513	807575889a47ef2a2c5db1bfbc836cbd								syn51271361
file				SM-L123M_S2_L001_I2_001.fastq.gz			2046464197	084e0fd6c94a07c1d4a045816d137d5d								syn51271362
file				SM-L123M_S2_L001_R1_001.fastq.gz			6790997822	97839e2f2c90e4417af70f4f99f7fb2f								syn51271363
file				SM-L123M_S2_L001_R2_001.fastq.gz			15491773690	c9dec741682ee1eb91256de6c2f17ac6								syn51271364
file				SM-L123M_S2_L002_I1_001.fastq.gz			1954558956	368936f0c3da5f370a74853203a999fa								syn51271365
file				SM-L123M_S2_L002_I2_001.fastq.gz			2083804515	60c37d102932616b8e9782d5adfcdb9a								syn51271366
file				SM-L123M_S2_L002_R1_001.fastq.gz			6783532801	aeb556c427fdf7bfd531690091d7d0ec								syn51271367
file				SM-L123M_S2_L002_R2_001.fastq.gz			15526283912	1f26165e834ddf3d70adbb4fff11043c								syn51271368
file				SM-L123M_S2_L003_I1_001.fastq.gz			1950324250	9033348e72a6e6cfa8497d314ac02cb4								syn51271369
file				SM-L123M_S2_L003_I2_001.fastq.gz			2015700552	177e2065f6473f3d60c5e9b8c77a7a44								syn51271370
file				SM-L123M_S2_L003_R1_001.fastq.gz			6773728658	07b75bac38af22b9a8fcc36f5472287d								syn51271371
file				SM-L123M_S2_L003_R2_001.fastq.gz			15442703779	19a0cbe93c2c1a68ffd241313a36ebbb								syn51271372
file				SM-L123M_S2_L004_I1_001.fastq.gz			1951798200	c1e61edabe1a21948e16d8eae2013852								syn51271373
file				SM-L123M_S2_L004_I2_001.fastq.gz			2042772716	8290e3b321f97ff3a17033fe8e101bbe								syn51271374
file				SM-L123M_S2_L004_R1_001.fastq.gz			6753238009	7ba15cb9705e0939da2b1161e4e25f63								syn51271375
file				SM-L123M_S2_L004_R2_001.fastq.gz			15420228626	1f8d9b02ed4b0be1f15970a76846d556								syn51271376
file				SM-L123N_S9_L001_I1_001.fastq.gz			1896741712	f62f4330f9124bbc0a0c3967db0beb31								syn51271272
file				SM-L123N_S9_L001_I2_001.fastq.gz			1718718111	ea0ecdece7718215a5b91713fdc3a7a8								syn51271269
file				SM-L123N_S9_L001_R1_001.fastq.gz			5834678530	f25b9121389399d745640b21b590fda4								syn51271270
file				SM-L123N_S9_L001_R2_001.fastq.gz			13191512555	0b210d3f7f64ab5d8e5b00a8f7c65fca								syn51271271
file				SM-L123N_S9_L002_I1_001.fastq.gz			1892153881	d677cd4cb291aee98715ea6893bbbbe6								syn51271279
file				SM-L123N_S9_L002_I2_001.fastq.gz			1740403555	d9fb4738a8ffb12a7de47d1818da1f8c								syn51271273
file				SM-L123N_S9_L002_R1_001.fastq.gz			5817792176	4eb40221a275386770f3b935cf0e626d								syn51271275
file				SM-L123N_S9_L002_R2_001.fastq.gz			13188472713	1a59b5fed9b0396c0417c09fdfab70b8								syn51271280
file				SM-L123N_S9_L003_I1_001.fastq.gz			1892822694	28486dcbcdefc2cc574b33009780c7b3								syn51271274
file				SM-L123N_S9_L003_I2_001.fastq.gz			1698894317	dd66dbd3d091c6f5a8b65a2642194693								syn51271276
file				SM-L123N_S9_L003_R1_001.fastq.gz			5812008516	6bca87a9a759e83badf0f9b7debb1d98								syn51271278
file				SM-L123N_S9_L003_R2_001.fastq.gz			13136943362	a42475db49d1af60ab0e2a5e8d80f37a								syn51271277
file				SM-L123N_S9_L004_I1_001.fastq.gz			1888451512	bd8b6455321096a6669159f4ad9a328a								syn51271281
file				SM-L123N_S9_L004_I2_001.fastq.gz			1715241841	d2b826e595967021bf7630b89b7f5ca7								syn51271283
file				SM-L123N_S9_L004_R1_001.fastq.gz			5805788307	4bfed2fec6b64af8939b02587243403a								syn51271284
file				SM-L123N_S9_L004_R2_001.fastq.gz			13135051332	acc875be8cd146ad946f634ed87bd7d8								syn51271282
file				SM-L123O_S6_L001_I1_001.fastq.gz			2319565098	8d8e0e6567bf3ff9e5963ae4a788fc50								syn51271323
file				SM-L123O_S6_L001_I2_001.fastq.gz			2359105488	04955f99147ff112eff8eb8af1277453								syn51271324
file				SM-L123O_S6_L001_R1_001.fastq.gz			7527532033	6212d83e8bfe9050c3ce4382f300fd7c								syn51271325
file				SM-L123O_S6_L001_R2_001.fastq.gz			17352189464	17d241be869c1b5f9613bdee9b3ad3fd								syn51271326
file				SM-L123O_S6_L002_I1_001.fastq.gz			2316576334	33836a62515e3f8183dee2e6617f7667								syn51271327
file				SM-L123O_S6_L002_I2_001.fastq.gz			2400865676	22d2cfd37390ee9869dde36360fa288a								syn51271328
file				SM-L123O_S6_L002_R1_001.fastq.gz			7504408541	76c32e65268d533964af7cd94f960cde								syn51271329
file				SM-L123O_S6_L002_R2_001.fastq.gz			17354061051	f39cf2dbdad77f60355681f48d075dcc								syn51271331
file				SM-L123O_S6_L003_I1_001.fastq.gz			2324336442	e52555b5521f516bc268df58d28aafd8								syn51271330
file				SM-L123O_S6_L003_I2_001.fastq.gz			2333105993	378df8f46c9fe5ba8c669a310a9ed14b								syn51271332
file				SM-L123O_S6_L003_R1_001.fastq.gz			7501656272	ca441ee07c78ebf8ea10bcb7bd505090								syn51271333
file				SM-L123O_S6_L003_R2_001.fastq.gz			17281344688	79be5f42ca8ca7ed0d96dbe28778dca0								syn51271338
file				SM-L123O_S6_L004_I1_001.fastq.gz			2312826595	b9ad5a5a440b1d6af205c85c3a6282a6								syn51271334
file				SM-L123O_S6_L004_I2_001.fastq.gz			2361920219	e07bfe75a3cad99fe1e5222653854ecf								syn51271335
file				SM-L123O_S6_L004_R1_001.fastq.gz			7480265652	c710e6ca468de1de14396aafc3e78e83								syn51271336
file				SM-L123O_S6_L004_R2_001.fastq.gz			17256204823	9da0c2d84e2602965d7e5ed1faa572b0								syn51271337
file				SM-L1287_S8_L001_I1_001.fastq.gz			1145223232	8b3a0217daeb75c25eb14f53ed274099								syn51271420
file				SM-L1287_S8_L001_I2_001.fastq.gz			1131530527	f24eddec1a68d56d58d492ed434ba116								syn51271421
file				SM-L1287_S8_L001_R1_001.fastq.gz			3581817617	76a5bd9202b1f9553773fca04b560389								syn51271422
file				SM-L1287_S8_L001_R2_001.fastq.gz			8047030614	4b347565ae69dafb325955cb3ac611ec								syn51271423
file				SM-L1287_S8_L002_I1_001.fastq.gz			1141499756	de47cf2e144d368134040399f95a8f16								syn51271429
file				SM-L1287_S8_L002_I2_001.fastq.gz			1152162321	1db4ac99a61cf186b6b820fef3ac663c								syn51271424
file				SM-L1287_S8_L002_R1_001.fastq.gz			3581359060	2840384ac4904ae127eb8783492415dc								syn51271425
file				SM-L1287_S8_L002_R2_001.fastq.gz			8069843585	3bc03f02eda0263aca9d560f1036ed2a								syn51271426
file				SM-L1287_S8_L003_I1_001.fastq.gz			1140550143	10c75407d7e92cd698dc56ead6deed04								syn51271428
file				SM-L1287_S8_L003_I2_001.fastq.gz			1116382952	647fc58305febc6c0404ae045c07be74								syn51271427
file				SM-L1287_S8_L003_R1_001.fastq.gz			3577660985	a345875d7493425ea6b953a80a197635								syn51271430
file				SM-L1287_S8_L003_R2_001.fastq.gz			8036024539	077b17aa2be56c4e8e31e392a38ac323								syn51271431
file				SM-L1287_S8_L004_I1_001.fastq.gz			1138362349	b1a120d736355e73e3248dd9b1b71ebe								syn51271432
file				SM-L1287_S8_L004_I2_001.fastq.gz			1128067380	6b70dc6c4a4eb61a5bbd0d22aebeaddc								syn51271433
file				SM-L1287_S8_L004_R1_001.fastq.gz			3564401666	eefff0f8583719b054a4624532af251f								syn51271434
file				SM-L1287_S8_L004_R2_001.fastq.gz			8015681802	6197260f96950897e0b942b84f9a378b								syn51271435
file				HTA6_2494_1-L001_I1_001-190919_A00257_0187_BHG2GCDRXX.fastq.gz			2483392296	61afb4d3d5edf7f84e2d4a59adeaae6e								syn64367429
file				HTA6_2494_1-L001_R1_001-190919_A00257_0187_BHG2GCDRXX.fastq.gz			8923853043	9b6eac3b61499b35c817b1d80aa97225								syn64367453
file				HTA6_2494_1-L001_R2_001-190919_A00257_0187_BHG2GCDRXX.fastq.gz			21314510360	6bec8c0ab549e8e228d7e68b7fef92a9								syn64367507
file				HTA6_2494_1-L002_I1_001-190919_A00257_0187_BHG2GCDRXX.fastq.gz			2540359695	043171213dbbb128f956028e30ea7018								syn64367514
file				HTA6_2494_1-L002_R1_001-190919_A00257_0187_BHG2GCDRXX.fastq.gz			9302852531	c3f4eb9a43b2249be0588fe4dcd4a8ad								syn64367536
file				HTA6_2494_1-L002_R2_001-190919_A00257_0187_BHG2GCDRXX.fastq.gz			22264008570	f0886161150659c993e2070ea310a15d								syn64367602
file				HTA6_2494_2-L001_I1_001-190919_A00257_0187_BHG2GCDRXX.fastq.gz			2899302578	9bd5d5d8fe873763a35a070545c39b0f								syn64367617
file				HTA6_2494_2-L001_R1_001-190919_A00257_0187_BHG2GCDRXX.fastq.gz			10134056128	2c5a060f9cdd7503723bd31204ba363b								syn64367653
file				HTA6_2494_2-L001_R2_001-190919_A00257_0187_BHG2GCDRXX.fastq.gz			24355845849	2d52a51239867c8ca0c7b0b909991f80								syn64367668
file				HTA6_2494_2-L002_I1_001-190919_A00257_0187_BHG2GCDRXX.fastq.gz			2962976418	8a1b098b8dd590f67b5b1c6778724316								syn64367672
file				HTA6_2494_2-L002_R1_001-190919_A00257_0187_BHG2GCDRXX.fastq.gz			10547013034	354ab0f5b07ef353055a40458ce416dc								syn64367680
file				HTA6_2494_2-L002_R2_001-190919_A00257_0187_BHG2GCDRXX.fastq.gz			25406602841	c990ba0d2262067eefb5163fea381308								syn64367689
file				HTA6_2495_1-L001_I1_001-200612_A00257_0392_AHLMCCDRXX.fastq.gz			2345482903	791571f1324edde853f6e35f29350cbd								syn64367694
file				HTA6_2495_1-L001_R1_001-200612_A00257_0392_AHLMCCDRXX.fastq.gz			8196902171	7d4563c161a510c4ee317141a57bbd54								syn64367698
file				HTA6_2495_1-L001_R2_001-200612_A00257_0392_AHLMCCDRXX.fastq.gz			19365948178	f04a8213d35628a297af40d704bf74c4								syn64367736
file				HTA6_2495_1-L002_I1_001-200612_A00257_0392_AHLMCCDRXX.fastq.gz			2338334235	8a00616c886b4cbde01282f66c7219c9								syn64367737
file				HTA6_2495_1-L002_R1_001-200612_A00257_0392_AHLMCCDRXX.fastq.gz			8200973524	3d90edc8bf277a300012841c14da1115								syn64367747
file				HTA6_2495_1-L002_R2_001-200612_A00257_0392_AHLMCCDRXX.fastq.gz			19383834973	e1e4144510fd7a56956738dad1848909								syn64367750
file				HTA6_2496_1-L001_I1_001-200612_A00257_0392_AHLMCCDRXX.fastq.gz			2008430424	ad0c619e6d6954f27e1c4a0944e890cb								syn64367751
file				HTA6_2496_1-L001_R1_001-200612_A00257_0392_AHLMCCDRXX.fastq.gz			7229207119	63c7d04ea982c06d866f4413c10decbe								syn64367766
file				HTA6_2496_1-L001_R2_001-200612_A00257_0392_AHLMCCDRXX.fastq.gz			17316068431	7ba825053ac691ee5ccd359d1cfd4e0b								syn64367767
file				HTA6_2496_1-L002_I1_001-200612_A00257_0392_AHLMCCDRXX.fastq.gz			2001490899	0d5f78d81d9956d81c5e2c64cf44efff								syn64367768
file				HTA6_2496_1-L002_R1_001-200612_A00257_0392_AHLMCCDRXX.fastq.gz			7226851652	9d2f48ed496bd413aeb94abb43dcd24e								syn64367771
file				HTA6_2496_1-L002_R2_001-200612_A00257_0392_AHLMCCDRXX.fastq.gz			17323057564	384b465c8475c01b9d827afa0a799879								syn64367776
file				HTA6_2497_1-L001_I1_001-200612_A00257_0392_AHLMCCDRXX.fastq.gz			1581607030	85247246548cc3762e59fb1d5b9c7efc								syn64367777
file				HTA6_2497_1-L001_R1_001-200612_A00257_0392_AHLMCCDRXX.fastq.gz			5262932707	a9c2dbe584c864728a2fc41e8ede0393								syn64367780
file				HTA6_2497_1-L001_R2_001-200612_A00257_0392_AHLMCCDRXX.fastq.gz			12328871882	ad554599561e1980671935d19913ffde								syn64367782
file				HTA6_2497_1-L002_I1_001-200612_A00257_0392_AHLMCCDRXX.fastq.gz			1579110064	5e2fa704f8a24f0a610b0b7ff85e8d22								syn64367783
file				HTA6_2497_1-L002_R1_001-200612_A00257_0392_AHLMCCDRXX.fastq.gz			5268882830	a93f78b21b2a7346826926264ad5a0db								syn64367784
file				HTA6_2497_1-L002_R2_001-200612_A00257_0392_AHLMCCDRXX.fastq.gz			12351994248	bf271db926a45db01414630910170619								syn64367786
file				HTA6_2498_1-L001_I1_001-201024_A00257_0483_BHVCJFDRXX.fastq.gz			928962943	917ca1c155d012ad615f20ae5e942eb8								syn64367787
file				HTA6_2498_1-L001_I1_001-201107_A00201R_0290_AHW2WNDRXX.fastq.gz			77329	c014cb401743af93409972bf236c4525								syn64367788
file				HTA6_2498_1-L001_R1_001-201024_A00257_0483_BHVCJFDRXX.fastq.gz			3246561856	f13e888d65c4b7c000559c701d80f3a2								syn64367789
file				HTA6_2498_1-L001_R1_001-201107_A00201R_0290_AHW2WNDRXX.fastq.gz			139156	c36801ffcad878c84caf12ea8dd0ce63								syn64367790
file				HTA6_2498_1-L001_R2_001-201024_A00257_0483_BHVCJFDRXX.fastq.gz			7650958762	3d7799d4ec53312b1a39c9406dbc22bf								syn64367791
file				HTA6_2498_1-L001_R2_001-201107_A00201R_0290_AHW2WNDRXX.fastq.gz			270745	e6ecf229698ec9ea9354fc9fad07e242								syn64367792
file				HTA6_2498_1-L002_I1_001-201024_A00257_0483_BHVCJFDRXX.fastq.gz			934656924	bbceedaf630912f27489289e2148c432								syn64367793
file				HTA6_2498_1-L002_I1_001-201107_A00201R_0290_AHW2WNDRXX.fastq.gz			75338	3cc03506dd70f1e67f045d455d7a266b								syn64367794
file				HTA6_2498_1-L002_R1_001-201024_A00257_0483_BHVCJFDRXX.fastq.gz			3272008557	cf317c77541117a951cbe9ed6b21c54f								syn64367795
file				HTA6_2498_1-L002_R1_001-201107_A00201R_0290_AHW2WNDRXX.fastq.gz			135923	147e7c1d795ea120e764f54f5f39f584								syn64367796
file				HTA6_2498_1-L002_R2_001-201024_A00257_0483_BHVCJFDRXX.fastq.gz			7731459548	a3841f4079a2821153e72dd23ad224d0								syn64367803
file				HTA6_2498_1-L002_R2_001-201107_A00201R_0290_AHW2WNDRXX.fastq.gz			264908	4e41dc51e9a29578dec4ab0be33a293a								syn64367804
file				HTA6_2498_2-L001_I1_001-201024_A00257_0483_BHVCJFDRXX.fastq.gz			1001293226	dcead447059ef1c8e46c61a5d5e672d2								syn64367805
file				HTA6_2498_2-L001_I1_001-201107_A00201R_0290_AHW2WNDRXX.fastq.gz			1489727577	4dc9281a0b5e391bbf377aec575b4922								syn64367806
file				HTA6_2498_2-L001_R1_001-201024_A00257_0483_BHVCJFDRXX.fastq.gz			3404905803	23c4bcf16c1ec7c6aa9ee31862220d01								syn64367807
file				HTA6_2498_2-L001_R1_001-201107_A00201R_0290_AHW2WNDRXX.fastq.gz			5341358930	eab4f9410397703e7f44f1dba1c0860c								syn64367811
file				HTA6_2498_2-L001_R2_001-201024_A00257_0483_BHVCJFDRXX.fastq.gz			7948343376	ca6e66f03c9c2dfa856a1f4736fd8a45								syn64367821
file				HTA6_2498_2-L001_R2_001-201107_A00201R_0290_AHW2WNDRXX.fastq.gz			12438644868	54e3735d45ab1d5048152d34d329bd8e								syn64367827
file				HTA6_2498_2-L002_I1_001-201024_A00257_0483_BHVCJFDRXX.fastq.gz			1007624501	d8b55249c732229b9e92b6d8d287267a								syn64367828
file				HTA6_2498_2-L002_I1_001-201107_A00201R_0290_AHW2WNDRXX.fastq.gz			1464228761	6607caf1b2cbfe093b4dac82ce98ca2b								syn64367838
file				HTA6_2498_2-L002_R1_001-201024_A00257_0483_BHVCJFDRXX.fastq.gz			3432902458	6a4b9ea7634579cf329ae12b89e3be8a								syn64367839
file				HTA6_2498_2-L002_R1_001-201107_A00201R_0290_AHW2WNDRXX.fastq.gz			5246166837	e409d82818fd66ffb35ad732eeae7e98								syn64367840
file				HTA6_2498_2-L002_R2_001-201024_A00257_0483_BHVCJFDRXX.fastq.gz			8034255798	41f8d482f8a2faf278df7da1472fa2a0								syn64367869
file				HTA6_2498_2-L002_R2_001-201107_A00201R_0290_AHW2WNDRXX.fastq.gz			12221004688	c881d72dde154c12f97f1a8a1f4b8679								syn64367950
file				HTA6_2499_1-L001_I1_001-201024_A00257_0483_BHVCJFDRXX.fastq.gz			919627576	256de693616f174349fd70812bbde844								syn64367961
file				HTA6_2499_1-L001_I1_001-201107_A00201R_0290_AHW2WNDRXX.fastq.gz			1316461319	139604808f693081a4581e950c6c1852								syn64367971
file				HTA6_2499_1-L001_R1_001-201024_A00257_0483_BHVCJFDRXX.fastq.gz			3216319011	e54ae4c23b1739ca057ccb8de61b220b								syn64367995
file				HTA6_2499_1-L001_R1_001-201107_A00201R_0290_AHW2WNDRXX.fastq.gz			4885927055	564d8d1e313a0f2a7ad2ac100ddde46e								syn64368029
file				HTA6_2499_1-L001_R2_001-201024_A00257_0483_BHVCJFDRXX.fastq.gz			7626183930	d78f3d93555180bc17e98e9a3eff7296								syn64368038
file				HTA6_2499_1-L001_R2_001-201107_A00201R_0290_AHW2WNDRXX.fastq.gz			11547834770	b97479a817b14dcfaa95cf9129fcf477								syn64368050
file				HTA6_2499_1-L002_I1_001-201024_A00257_0483_BHVCJFDRXX.fastq.gz			924063300	e428b3abcc4ffe4b1b90259ac98781c5								syn64368051
file				HTA6_2499_1-L002_I1_001-201107_A00201R_0290_AHW2WNDRXX.fastq.gz			1292063486	8a9c69c28f1e5c0713574b47e5b81bb1								syn64368053
file				HTA6_2499_1-L002_R1_001-201024_A00257_0483_BHVCJFDRXX.fastq.gz			3240106947	42f66f624eb32e395eed54a22c3ca817								syn64368057
file				HTA6_2499_1-L002_R1_001-201107_A00201R_0290_AHW2WNDRXX.fastq.gz			4795623419	e8b3d4ac004be3f6d10f5681f54db3d6								syn64368070
file				HTA6_2499_1-L002_R2_001-201024_A00257_0483_BHVCJFDRXX.fastq.gz			7703907443	e227f070e49c26da1629d3cfa02b59db								syn64368080
file				HTA6_2499_1-L002_R2_001-201107_A00201R_0290_AHW2WNDRXX.fastq.gz			11344256865	1c15d42b7c7710d5ee10222039e07089								syn64368088
file				HTA6_2500_1-L001_I1_001-191203_A00509_0061_AHFT2JDRXX.fastq.gz			1869341950	60abf2cf93d80c596a00208c2b70091c								syn64368089
file				HTA6_2500_1-L001_R1_001-191203_A00509_0061_AHFT2JDRXX.fastq.gz			6459871780	35d2ab3a56bb5d158a01fa1b7d3b857f								syn64368090
file				HTA6_2500_1-L001_R2_001-191203_A00509_0061_AHFT2JDRXX.fastq.gz			15395012673	32cbd58bf789467438b3306876ce7af9								syn64368101
file				HTA6_2500_1-L002_I1_001-191011_COOPER_0294_BH7NF5BBXY.fastq.gz			472751792	9027383075852b1ac716011c0d485ce9								syn64368102
file				HTA6_2500_1-L002_I1_001-191203_A00509_0061_AHFT2JDRXX.fastq.gz			1870164702	2bd3161951477a0eb006d514219f74b0								syn64368103
file				HTA6_2500_1-L002_R1_001-191011_COOPER_0294_BH7NF5BBXY.fastq.gz			3847532048	2aa6c1011570b8585b4fd569bdfa7550								syn64368106
file				HTA6_2500_1-L002_R1_001-191203_A00509_0061_AHFT2JDRXX.fastq.gz			6456030185	6387198bb89e103ad148accbef1c2f14								syn64368110
file				HTA6_2500_1-L002_R2_001-191011_COOPER_0294_BH7NF5BBXY.fastq.gz			5404051556	3557f69564ab81a1eeda49269f281007								syn64368189
file				HTA6_2500_1-L002_R2_001-191203_A00509_0061_AHFT2JDRXX.fastq.gz			15368232245	0ee318cb7bb0e2a009eb3d388d580c27								syn64368439
file				HTA6_2500_2-L001_I1_001-191203_A00509_0061_AHFT2JDRXX.fastq.gz			1890345860	ed005c2a95209a2561be8ddf0d760f46								syn64368442
file				HTA6_2500_2-L001_R1_001-191203_A00509_0061_AHFT2JDRXX.fastq.gz			6383632256	67b57e09f9ecac51adad9d76067c826f								syn64368449
file				HTA6_2500_2-L001_R2_001-191203_A00509_0061_AHFT2JDRXX.fastq.gz			14663211279	316011107c6ca849de0adb6ed76d08c3								syn64368503
file				HTA6_2500_2-L002_I1_001-191011_COOPER_0294_BH7NF5BBXY.fastq.gz			462332744	055fa6c0fe4fa8392f61204cfe7ae0eb								syn64368549
file				HTA6_2500_2-L002_I1_001-191203_A00509_0061_AHFT2JDRXX.fastq.gz			1883025632	c59c87bf2b1d8d4fa512319b3cdd9b88								syn64368553
file				HTA6_2500_2-L002_R1_001-191011_COOPER_0294_BH7NF5BBXY.fastq.gz			3624990099	146f546e48c2618955e2aeb6338493ed								syn64368622
file				HTA6_2500_2-L002_R1_001-191203_A00509_0061_AHFT2JDRXX.fastq.gz			6377528381	554157173ab10c3c3cd302195d200050								syn64368873
file				HTA6_2500_2-L002_R2_001-191011_COOPER_0294_BH7NF5BBXY.fastq.gz			5020569946	542c310a695cab7844e7629df3634e2a								syn64369066
file				HTA6_2500_2-L002_R2_001-191203_A00509_0061_AHFT2JDRXX.fastq.gz			14630744032	cbc40805ae66a0d6db32f3759f7318db								syn64369084
file				HTA6_2500_3-L001_I1_001-191203_A00509_0061_AHFT2JDRXX.fastq.gz			1781749871	a0f9f6a92b0c6b87a930d2b78fb188b3								syn64369085
file				HTA6_2500_3-L001_R1_001-191203_A00509_0061_AHFT2JDRXX.fastq.gz			6139094484	bfe23528dfb2043f1f40802eb71e4228								syn64369094
file				HTA6_2500_3-L001_R2_001-191203_A00509_0061_AHFT2JDRXX.fastq.gz			14618200375	ce2017a2c9dfe0c51ac6787814cf7f10								syn64369110
file				HTA6_2500_3-L002_I1_001-191011_COOPER_0294_BH7NF5BBXY.fastq.gz			436398342	dda0ee28c6c79b35914098f50eaca959								syn64369111
file				HTA6_2500_3-L002_I1_001-191203_A00509_0061_AHFT2JDRXX.fastq.gz			1775994724	87b65d892403f529a653373309e74617								syn64369113
file				HTA6_2500_3-L002_R1_001-191011_COOPER_0294_BH7NF5BBXY.fastq.gz			3555619898	72b08c8bedca140d04b7bc0c78eca8c9								syn64369114
file				HTA6_2500_3-L002_R1_001-191203_A00509_0061_AHFT2JDRXX.fastq.gz			6134473235	8f03e6859c60074067eede5dc1d92aae								syn64369115
file				HTA6_2500_3-L002_R2_001-191011_COOPER_0294_BH7NF5BBXY.fastq.gz			5046585557	6735cf5222ebfeee483a3a501ebdb891								syn64369118
file				HTA6_2500_3-L002_R2_001-191203_A00509_0061_AHFT2JDRXX.fastq.gz			14592439423	d5a5835e21683dc0b3e6aad1811de6c5								syn64369120
file				HTA6_2501_1-L001_I1_001-201112_J00118_0619_AHK5HGBBXY.fastq.gz			172531596	b7410a7d287c95939e5924d3880c35ce								syn64369121
file				HTA6_2501_1-L001_I1_001-210222_A00509_0201_AH2LJFDRXY-SFGF-West-SS-16701.fastq.gz			97838805	44be3a659e37c43c614fbcc40c1d5f1e								syn64369122
file				HTA6_2501_1-L001_R1_001-201112_J00118_0619_AHK5HGBBXY.fastq.gz			499847350	96ff590042cd109b911588002ceb1ac2								syn64369123
file				HTA6_2501_1-L001_R1_001-210222_A00509_0201_AH2LJFDRXY-SFGF-West-SS-16701.fastq.gz			290512182	aa5c82656ef3dbc9d72d1515bc6e3e4b								syn64369124
file				HTA6_2501_1-L001_R2_001-201112_J00118_0619_AHK5HGBBXY.fastq.gz			1649513128	3af5296c93b223a18795a48a6c316dd9								syn64369125
file				HTA6_2501_1-L001_R2_001-210222_A00509_0201_AH2LJFDRXY-SFGF-West-SS-16701.fastq.gz			651771115	e993b94c8cfb79272e2055fb778c5ee9								syn64369126
file				HTA6_2501_1-L002_I1_001-201112_J00118_0619_AHK5HGBBXY.fastq.gz			170810381	ff132171dc9eb67e339a18e11edaf26b								syn64369127
file				HTA6_2501_1-L002_I1_001-210202_A00509_0195_AHWW3GDMXX-Genomics-West-SS-00000.fastq.gz			263248761	1f1cfc28a7ea2cc9f5dc03bdbf68ffff								syn64369128
file				HTA6_2501_1-L002_I1_001-210222_A00509_0201_AH2LJFDRXY-SFGF-West-SS-16701.fastq.gz			98589621	e3ae8c4a5981a4ccd4e2a247bb580712								syn64369129
file				HTA6_2501_1-L002_R1_001-201112_J00118_0619_AHK5HGBBXY.fastq.gz			514640413	d4da763458d585c734e2456f095c563d								syn64369130
file				HTA6_2501_1-L002_R1_001-210202_A00509_0195_AHWW3GDMXX-Genomics-West-SS-00000.fastq.gz			748030551	681601df25be38af5c4ee116987cf7d3								syn64369132
file				HTA6_2501_1-L002_R1_001-210222_A00509_0201_AH2LJFDRXY-SFGF-West-SS-16701.fastq.gz			293882975	14c9abb51225845864c3ebe9e41eb15d								syn64369133
file				HTA6_2501_1-L002_R2_001-201112_J00118_0619_AHK5HGBBXY.fastq.gz			1646136589	1631473204cb7aaa7a77f355cb077809								syn64369134
file				HTA6_2501_1-L002_R2_001-210202_A00509_0195_AHWW3GDMXX-Genomics-West-SS-00000.fastq.gz			1616120380	82e9424966177e19ec2ee240d621e933								syn64369135
file				HTA6_2501_1-L002_R2_001-210222_A00509_0201_AH2LJFDRXY-SFGF-West-SS-16701.fastq.gz			659418237	6abd059e35ad800134a7651117d0de96								syn64369136
file				HTA6_2501_2-L001_I1_001-201112_J00118_0619_AHK5HGBBXY.fastq.gz			226568171	59ab3f5d8cbb97fde9c91edf52312207								syn64369137
file				HTA6_2501_2-L001_I1_001-210222_A00509_0201_AH2LJFDRXY-SFGF-West-SS-16701.fastq.gz			92865347	bfe98ee7f8c3881855edf5cecc69f3ca								syn64369138
file				HTA6_2501_2-L001_R1_001-201112_J00118_0619_AHK5HGBBXY.fastq.gz			662213575	ad816e5b94633f7ae59740ddb888a157								syn64369139
file				HTA6_2501_2-L001_R1_001-210222_A00509_0201_AH2LJFDRXY-SFGF-West-SS-16701.fastq.gz			260469025	b3d2714c1b598860c179c883f7ea202b								syn64369140
file				HTA6_2501_2-L001_R2_001-201112_J00118_0619_AHK5HGBBXY.fastq.gz			2093813140	681f8ddbde01c32434b5f27ee9fc32cf								syn64369142
file				HTA6_2501_2-L001_R2_001-210222_A00509_0201_AH2LJFDRXY-SFGF-West-SS-16701.fastq.gz			569170359	924134bb40d30d6c80fedf711e137c11								syn64369143
file				HTA6_2501_2-L002_I1_001-201112_J00118_0619_AHK5HGBBXY.fastq.gz			220949192	f7fc86d7b47bbdf021e4aab3d023a9df								syn64369144
file				HTA6_2501_2-L002_I1_001-210202_A00509_0195_AHWW3GDMXX-Genomics-West-SS-00000.fastq.gz			335959584	3f0d42aa43e7142f696f5f2d1d353976								syn64369145
file				HTA6_2501_2-L002_I1_001-210222_A00509_0201_AH2LJFDRXY-SFGF-West-SS-16701.fastq.gz			93949978	07f54a42b2462411b8daead89be6db3a								syn64369146
file				HTA6_2501_2-L002_R1_001-201112_J00118_0619_AHK5HGBBXY.fastq.gz			667031643	7b6946230041dedd37e3fe3373c1fc59								syn64369147
file				HTA6_2501_2-L002_R1_001-210202_A00509_0195_AHWW3GDMXX-Genomics-West-SS-00000.fastq.gz			935276310	73dc9872f4280b699bb9bcaefb647d6d								syn64369149
file				HTA6_2501_2-L002_R1_001-210222_A00509_0201_AH2LJFDRXY-SFGF-West-SS-16701.fastq.gz			264266435	9e1174e3ebeb6ae43b97a18ef80e01e8								syn64369150
file				HTA6_2501_2-L002_R2_001-201112_J00118_0619_AHK5HGBBXY.fastq.gz			2052633842	0da063e26f45a8d393bc1a27b81f9004								syn64369151
file				HTA6_2501_2-L002_R2_001-210202_A00509_0195_AHWW3GDMXX-Genomics-West-SS-00000.fastq.gz			1957865106	e113941da9ff1517be18a857a228e9c6								syn64369152
file				HTA6_2501_2-L002_R2_001-210222_A00509_0201_AH2LJFDRXY-SFGF-West-SS-16701.fastq.gz			577364249	335ec2fc191120ed8e564eec1d725dad								syn64369153
file				HTA6_2501_3-L001_I1_001-201112_J00118_0619_AHK5HGBBXY.fastq.gz			200726432	1c533bf5d2ca7bade12e1f2187a3cf94								syn64369154
file				HTA6_2501_3-L001_I1_001-210222_A00509_0201_AH2LJFDRXY-SFGF-West-SS-16701.fastq.gz			141252475	f727a74e3d6fe3b8230bb029b15aeefe								syn64369155
file				HTA6_2501_3-L001_R1_001-201112_J00118_0619_AHK5HGBBXY.fastq.gz			606499794	696af8a9212d41be3a6094040f31f114								syn64369156
file				HTA6_2501_3-L001_R1_001-210222_A00509_0201_AH2LJFDRXY-SFGF-West-SS-16701.fastq.gz			413630587	e83337ebd2d7fb67862f59ce6a31ca68								syn64369157
file				HTA6_2501_3-L001_R2_001-201112_J00118_0619_AHK5HGBBXY.fastq.gz			1965366374	dac7bfa6e812935400af669365062d91								syn64369158
file				HTA6_2501_3-L001_R2_001-210222_A00509_0201_AH2LJFDRXY-SFGF-West-SS-16701.fastq.gz			918218099	85378cdaa3a75133811644b27c171c08								syn64369159
file				HTA6_2501_3-L002_I1_001-201112_J00118_0619_AHK5HGBBXY.fastq.gz			197895328	6ff387f4b45b5326046d1c86e01f1433								syn64369160
file				HTA6_2501_3-L002_I1_001-210202_A00509_0195_AHWW3GDMXX-Genomics-West-SS-00000.fastq.gz			486973306	efbfd279cf58445e872632e7dc98c5b7								syn64369161
file				HTA6_2501_3-L002_I1_001-210222_A00509_0201_AH2LJFDRXY-SFGF-West-SS-16701.fastq.gz			142394547	c2e15c8c496fee5284a7b48d08dfe8f7								syn64369162
file				HTA6_2501_3-L002_R1_001-201112_J00118_0619_AHK5HGBBXY.fastq.gz			615712961	e1dde9d13e6794851ee0f5d97198add0								syn64369163
file				HTA6_2501_3-L002_R1_001-210202_A00509_0195_AHWW3GDMXX-Genomics-West-SS-00000.fastq.gz			1384712500	68e07a4c20c67abe4065fb41bb7c5eac								syn64369164
file				HTA6_2501_3-L002_R1_001-210222_A00509_0201_AH2LJFDRXY-SFGF-West-SS-16701.fastq.gz			419427068	7d9defeb92af23506ce1ffc0f2cd68e5								syn64369165
file				HTA6_2501_3-L002_R2_001-201112_J00118_0619_AHK5HGBBXY.fastq.gz			1930382595	e9846fa2fb2006eee0d8ee724f26dbe8								syn64369166
file				HTA6_2501_3-L002_R2_001-210202_A00509_0195_AHWW3GDMXX-Genomics-West-SS-00000.fastq.gz			2961708213	3ade9e5dba28a4c8cc11b8a46a3dab7d								syn64369167
file				HTA6_2501_3-L002_R2_001-210222_A00509_0201_AH2LJFDRXY-SFGF-West-SS-16701.fastq.gz			931661508	ae7af5f61e1bbf4cfc8b79acb8ae6e44								syn64369168
file				HTA6_2502_1-L001_I1_001-201112_J00118_0619_AHK5HGBBXY.fastq.gz			177974723	5d50dd04b74103f60c9f9932ed61b0a6								syn64369169
file				HTA6_2502_1-L001_I1_001-210222_A00509_0201_AH2LJFDRXY-SFGF-West-SS-16701.fastq.gz			282966736	ef6c0bd545dc3cecc070f4877643e808								syn64369170
file				HTA6_2502_1-L001_R1_001-201112_J00118_0619_AHK5HGBBXY.fastq.gz			515290659	c4fec1205710dd1f13071c9a82bfec52								syn64369171
file				HTA6_2502_1-L001_R1_001-210222_A00509_0201_AH2LJFDRXY-SFGF-West-SS-16701.fastq.gz			882911339	2407044dbdd3a1a03059f229d14162e8								syn64369172
file				HTA6_2502_1-L001_R2_001-201112_J00118_0619_AHK5HGBBXY.fastq.gz			1735397233	5035c84700d98c08c26cd410680421ab								syn64369174
file				HTA6_2502_1-L001_R2_001-210222_A00509_0201_AH2LJFDRXY-SFGF-West-SS-16701.fastq.gz			1985033281	b0a4011ecc81db35354d5bbcb3cf21a7								syn64369175
file				HTA6_2502_1-L002_I1_001-201112_J00118_0619_AHK5HGBBXY.fastq.gz			178764154	bab70184de8124d51288ecfed1d3ecca								syn64369176
file				HTA6_2502_1-L002_I1_001-210202_A00509_0195_AHWW3GDMXX-Genomics-West-SS-00000.fastq.gz			587090047	514f966878797aafab7c3cbc65960ca0								syn64369177
file				HTA6_2502_1-L002_I1_001-210222_A00509_0201_AH2LJFDRXY-SFGF-West-SS-16701.fastq.gz			283409363	77ea37f3fc22ec0191c481baa355be8c								syn64369179
file				HTA6_2502_1-L002_R1_001-201112_J00118_0619_AHK5HGBBXY.fastq.gz			547918764	2592ad6624367699fe9131e6bd26879d								syn64369180
file				HTA6_2502_1-L002_R1_001-210202_A00509_0195_AHWW3GDMXX-Genomics-West-SS-00000.fastq.gz			1705258328	7357e1e4efcb37f44386102eacb345d4								syn64369181
file				HTA6_2502_1-L002_R1_001-210222_A00509_0201_AH2LJFDRXY-SFGF-West-SS-16701.fastq.gz			886799894	a0e843f83cc81bbaaa0582d5266222f8								syn64369182
file				HTA6_2502_1-L002_R2_001-201112_J00118_0619_AHK5HGBBXY.fastq.gz			1783004635	e7473ad0fe2519ea56cad629671c08fd								syn64369183
file				HTA6_2502_1-L002_R2_001-210202_A00509_0195_AHWW3GDMXX-Genomics-West-SS-00000.fastq.gz			3702446379	fb63eddf58e1588aa7ceeefecffa4d52								syn64369184
file				HTA6_2502_1-L002_R2_001-210222_A00509_0201_AH2LJFDRXY-SFGF-West-SS-16701.fastq.gz			1993463049	19a561fd801df600a5db8619412522a3								syn64369185
file				HTA6_2502_2-L001_I1_001-201112_J00118_0619_AHK5HGBBXY.fastq.gz			230135578	7a77ffa266400fb5236d77673d93a4cf								syn64369186
file				HTA6_2502_2-L001_I1_001-210222_A00509_0201_AH2LJFDRXY-SFGF-West-SS-16701.fastq.gz			216190160	37e2af06f8cbedb2bf94d09509ed0707								syn64369187
file				HTA6_2502_2-L001_R1_001-201112_J00118_0619_AHK5HGBBXY.fastq.gz			658218418	c0c78bec650f4ab2ce0391cefaa5ce1c								syn64369188
file				HTA6_2502_2-L001_R1_001-210222_A00509_0201_AH2LJFDRXY-SFGF-West-SS-16701.fastq.gz			650539987	9c0c20698f50e6e80ba0a682a1862e89								syn64369189
file				HTA6_2502_2-L001_R2_001-201112_J00118_0619_AHK5HGBBXY.fastq.gz			2272563483	b8e01b191acf294177259382edadc93f								syn64369190
file				HTA6_2502_2-L001_R2_001-210222_A00509_0201_AH2LJFDRXY-SFGF-West-SS-16701.fastq.gz			1513236790	c352538a3757e61d24e0cbb76b9e1ba8								syn64369191
file				HTA6_2502_2-L002_I1_001-201112_J00118_0619_AHK5HGBBXY.fastq.gz			230940119	8d2db3a1cf3d9e3e850ab62c37fa1c39								syn64369192
file				HTA6_2502_2-L002_I1_001-210202_A00509_0195_AHWW3GDMXX-Genomics-West-SS-00000.fastq.gz			578225049	f7267ae1d6f864bb388bbe8979ae66a6								syn64369193
file				HTA6_2502_2-L002_I1_001-210222_A00509_0201_AH2LJFDRXY-SFGF-West-SS-16701.fastq.gz			216626718	c1ffed8984ab5f906bb09d718fda64a2								syn64369194
file				HTA6_2502_2-L002_R1_001-201112_J00118_0619_AHK5HGBBXY.fastq.gz			700418809	3ed37568e431fd410fbce0f901888189								syn64369195
file				HTA6_2502_2-L002_R1_001-210202_A00509_0195_AHWW3GDMXX-Genomics-West-SS-00000.fastq.gz			1693874535	22d7c99e462ab431759ce7c38ecf0fc2								syn64369196
file				HTA6_2502_2-L002_R1_001-210222_A00509_0201_AH2LJFDRXY-SFGF-West-SS-16701.fastq.gz			652896030	d91c97b62e75463134c1e52d078c56ce								syn64369197
file				HTA6_2502_2-L002_R2_001-201112_J00118_0619_AHK5HGBBXY.fastq.gz			2337612104	2c7915125bd6ba724f547e422f8a0502								syn64369198
file				HTA6_2502_2-L002_R2_001-210202_A00509_0195_AHWW3GDMXX-Genomics-West-SS-00000.fastq.gz			3810884093	1f6ab94a167dae42a369d04b5f19c7f3								syn64369199
file				HTA6_2502_2-L002_R2_001-210222_A00509_0201_AH2LJFDRXY-SFGF-West-SS-16701.fastq.gz			1518265435	8642d8ed9fd8dd8f7f91b998ef0ee1b2								syn64369200
file				HTA6_2502_3-L001_I1_001-201112_J00118_0619_AHK5HGBBXY.fastq.gz			254028725	465a6abae2d7d3ac76cdb798279c9b8a								syn64369201
file				HTA6_2502_3-L001_I1_001-210222_A00509_0201_AH2LJFDRXY-SFGF-West-SS-16701.fastq.gz			748169434	7f8a86dd5b94e003657812b6d2fd15da								syn64369202
file				HTA6_2502_3-L001_R1_001-201112_J00118_0619_AHK5HGBBXY.fastq.gz			730323271	9f381707db612e9e4eda9c4a42fcb9ef								syn64369203
file				HTA6_2502_3-L001_R1_001-210222_A00509_0201_AH2LJFDRXY-SFGF-West-SS-16701.fastq.gz			2506640175	dc95331decb9dbb26b1a5ff6eb2bd0ef								syn64369204
file				HTA6_2502_3-L001_R2_001-201112_J00118_0619_AHK5HGBBXY.fastq.gz			2552471304	c95b0cf7c17176da808ad65e9ad97de2								syn64369205
file				HTA6_2502_3-L001_R2_001-210222_A00509_0201_AH2LJFDRXY-SFGF-West-SS-16701.fastq.gz			5917004735	7b906a166e20f5e68d833a5e716d78f2								syn64369206
file				HTA6_2502_3-L002_I1_001-201112_J00118_0619_AHK5HGBBXY.fastq.gz			255344921	e8e38cb30a5e39c6c9e474f76492a35d								syn64369207
file				HTA6_2502_3-L002_I1_001-210202_A00509_0195_AHWW3GDMXX-Genomics-West-SS-00000.fastq.gz			2058265988	f309adbc77596b303b00226389d793fc								syn64369208
file				HTA6_2502_3-L002_I1_001-210222_A00509_0201_AH2LJFDRXY-SFGF-West-SS-16701.fastq.gz			747010729	32c13ab4378e4336299ffc0fd593a2ef								syn64369209
file				HTA6_2502_3-L002_R1_001-201112_J00118_0619_AHK5HGBBXY.fastq.gz			777422198	dc98fa0abe2176ddb721bdaebb384653								syn64369210
file				HTA6_2502_3-L002_R1_001-210202_A00509_0195_AHWW3GDMXX-Genomics-West-SS-00000.fastq.gz			6342933529	5fcaa15d8076acfac7abf892cfe3c2b7								syn64369211
file				HTA6_2502_3-L002_R1_001-210222_A00509_0201_AH2LJFDRXY-SFGF-West-SS-16701.fastq.gz			2512880087	5227bb3cf6296965ba00c3047300e319								syn64369213
file				HTA6_2502_3-L002_R2_001-201112_J00118_0619_AHK5HGBBXY.fastq.gz			2629731495	e09c05d6abf9b374642cdc3c5c994e1b								syn64369214
file				HTA6_2502_3-L002_R2_001-210202_A00509_0195_AHWW3GDMXX-Genomics-West-SS-00000.fastq.gz			14535800619	9e553e36e89994933e00fb5377a9552a								syn64369215
file				HTA6_2502_3-L002_R2_001-210222_A00509_0201_AH2LJFDRXY-SFGF-West-SS-16701.fastq.gz			5932238360	79f5c03c00cd176bbee8cddd4a6f63dc								syn64369216
file				HTA6_2502_4-L001_I1_001-201112_J00118_0619_AHK5HGBBXY.fastq.gz			244756049	77a66737b266fc1bfcd9d807a981a715								syn64369217
file				HTA6_2502_4-L001_I1_001-210222_A00509_0201_AH2LJFDRXY-SFGF-West-SS-16701.fastq.gz			124814450	f46e397fe85774ed5c72a93df5017d2e								syn64369218
file				HTA6_2502_4-L001_R1_001-201112_J00118_0619_AHK5HGBBXY.fastq.gz			685532869	d6cb9ed9441bd09f82c87273c1c29032								syn64369219
file				HTA6_2502_4-L001_R1_001-210222_A00509_0201_AH2LJFDRXY-SFGF-West-SS-16701.fastq.gz			367299382	f294af41014f5f6b018edb4a00120af5								syn64369222
file				HTA6_2502_4-L001_R2_001-201112_J00118_0619_AHK5HGBBXY.fastq.gz			2270268066	ddd3305839c7845e1c0e9036363a579e								syn64369223
file				HTA6_2502_4-L001_R2_001-210222_A00509_0201_AH2LJFDRXY-SFGF-West-SS-16701.fastq.gz			800556937	f229c3eb02b31e5fe67eb49942aef2eb								syn64369224
file				HTA6_2502_4-L002_I1_001-201112_J00118_0619_AHK5HGBBXY.fastq.gz			248448212	f04e517751ddffbfd3f2ae2c4b2496b7								syn64369225
file				HTA6_2502_4-L002_I1_001-210202_A00509_0195_AHWW3GDMXX-Genomics-West-SS-00000.fastq.gz			290485127	302c109d19f0fe3eb5b8a6ecec69611d								syn64369226
file				HTA6_2502_4-L002_I1_001-210222_A00509_0201_AH2LJFDRXY-SFGF-West-SS-16701.fastq.gz			124956867	e29fe2efdb23fde20649060c828d82cb								syn64369227
file				HTA6_2502_4-L002_R1_001-201112_J00118_0619_AHK5HGBBXY.fastq.gz			732931643	8c0e5a8b38e803ff593b9f90ec0a5b6f								syn64369230
file				HTA6_2502_4-L002_R1_001-210202_A00509_0195_AHWW3GDMXX-Genomics-West-SS-00000.fastq.gz			831114445	90b73ce66d5116d91bba32bc210dd729								syn64369231
file				HTA6_2502_4-L002_R1_001-210222_A00509_0201_AH2LJFDRXY-SFGF-West-SS-16701.fastq.gz			368902076	625cb3335555436a0d13698a2172c3fe								syn64369232
file				HTA6_2502_4-L002_R2_001-201112_J00118_0619_AHK5HGBBXY.fastq.gz			2359092057	17f94633d2c3e435353b94cf8e953266								syn64369235
file				HTA6_2502_4-L002_R2_001-210202_A00509_0195_AHWW3GDMXX-Genomics-West-SS-00000.fastq.gz			1752020986	9ef66b31709648c670c31d52f44da57e								syn64369236
file				HTA6_2502_4-L002_R2_001-210222_A00509_0201_AH2LJFDRXY-SFGF-West-SS-16701.fastq.gz			803614380	d8999cd2d9562a6b9bb8b8bba6871c6b								syn64369237
file				HTA6_2503_1-L001_I1_001-201112_J00118_0619_AHK5HGBBXY.fastq.gz			241367048	1cbb4828aa97faf653d7c5b950976321								syn64369238
file				HTA6_2503_1-L001_I1_001-210222_A00509_0201_AH2LJFDRXY-SFGF-West-SS-16701.fastq.gz			271349018	f523fd5e4f28a02dc7b9e6ba4ecac119								syn64369239
file				HTA6_2503_1-L001_R1_001-201112_J00118_0619_AHK5HGBBXY.fastq.gz			700864569	49ef254b652b33f008639b6d18cbd005								syn64369241
file				HTA6_2503_1-L001_R1_001-210222_A00509_0201_AH2LJFDRXY-SFGF-West-SS-16701.fastq.gz			827563615	792859d5dae6df42c078710f7db2055e								syn64369242
file				HTA6_2503_1-L001_R2_001-201112_J00118_0619_AHK5HGBBXY.fastq.gz			2366491893	c9c46943e2e7cd1df95d252281e857f7								syn64369245
file				HTA6_2503_1-L001_R2_001-210222_A00509_0201_AH2LJFDRXY-SFGF-West-SS-16701.fastq.gz			1870383626	4df8c85085fded619e02072ca89c53cc								syn64369246
file				HTA6_2503_1-L002_I1_001-201112_J00118_0619_AHK5HGBBXY.fastq.gz			245579182	49151bce5a63af9cd65392f237e66a88								syn64369247
file				HTA6_2503_1-L002_I1_001-210202_A00509_0195_AHWW3GDMXX-Genomics-West-SS-00000.fastq.gz			848815181	8571fb3088de2c61cb1e60c0e88bade2								syn64369250
file				HTA6_2503_1-L002_I1_001-210222_A00509_0201_AH2LJFDRXY-SFGF-West-SS-16701.fastq.gz			271765386	657faffb02d306450c585ddc8fe8a260								syn64369251
file				HTA6_2503_1-L002_R1_001-201112_J00118_0619_AHK5HGBBXY.fastq.gz			746876921	94aef629db3fca715860b4d98d516332								syn64369252
file				HTA6_2503_1-L002_R1_001-210202_A00509_0195_AHWW3GDMXX-Genomics-West-SS-00000.fastq.gz			2464117186	38b24bfb4444c48e541dc4045027dc81								syn64369255
file				HTA6_2503_1-L002_R1_001-210222_A00509_0201_AH2LJFDRXY-SFGF-West-SS-16701.fastq.gz			831272667	7bc71be38191dd02eb928e79afaced3a								syn64369256
file				HTA6_2503_1-L002_R2_001-201112_J00118_0619_AHK5HGBBXY.fastq.gz			2449088564	50c9342024d7abd344dbc525e478c465								syn64369258
file				HTA6_2503_1-L002_R2_001-210202_A00509_0195_AHWW3GDMXX-Genomics-West-SS-00000.fastq.gz			5407747920	5f754e3e7f5b6c50634ff1d0df49d763								syn64369269
file				HTA6_2503_1-L002_R2_001-210222_A00509_0201_AH2LJFDRXY-SFGF-West-SS-16701.fastq.gz			1878084310	2ed0bac91c604f1e680b694b896c3efd								syn64369272
file				HTA6_2503_2-L001_I1_001-201112_J00118_0619_AHK5HGBBXY.fastq.gz			255794918	90ab37fdf34078888d0742d03a36b2b5								syn64369273
file				HTA6_2503_2-L001_I1_001-210222_A00509_0201_AH2LJFDRXY-SFGF-West-SS-16701.fastq.gz			2453812556	76ff50021905eb01af975bb4b06b4fe6								syn64369274
file				HTA6_2503_2-L001_R1_001-201112_J00118_0619_AHK5HGBBXY.fastq.gz			750240546	1f50ce5b75d84dfdf0f773b3e6a9a38a								syn64369275
file				HTA6_2503_2-L001_R1_001-210222_A00509_0201_AH2LJFDRXY-SFGF-West-SS-16701.fastq.gz			8951169093	00d3e8f8655f5b0d2f2440eee5f51312								syn64369276
file				HTA6_2503_2-L001_R2_001-201112_J00118_0619_AHK5HGBBXY.fastq.gz			2584741408	4147351323ca346b173f817c474f8782								syn64369277
file				HTA6_2503_2-L001_R2_001-210222_A00509_0201_AH2LJFDRXY-SFGF-West-SS-16701.fastq.gz			21144072016	3e4c186045bbcaa4784960fa811edf4d								syn64369300
file				HTA6_2503_2-L002_I1_001-201112_J00118_0619_AHK5HGBBXY.fastq.gz			258829753	16c4990fd29e58caed40bee4a2315fcd								syn64369301
file				HTA6_2503_2-L002_I1_001-210202_A00509_0195_AHWW3GDMXX-Genomics-West-SS-00000.fastq.gz			2926264742	172385c249aedbb8da13890c2b996c31								syn64369304
file				HTA6_2503_2-L002_I1_001-210222_A00509_0201_AH2LJFDRXY-SFGF-West-SS-16701.fastq.gz			2452189262	364ccb516bff4da3876ce0a455286477								syn64369305
file				HTA6_2503_2-L002_R1_001-201112_J00118_0619_AHK5HGBBXY.fastq.gz			806122270	f15a70997d79bc131a213a1ede08678d								syn64369306
file				HTA6_2503_2-L002_R1_001-210202_A00509_0195_AHWW3GDMXX-Genomics-West-SS-00000.fastq.gz			9248343198	b0061c82a83c65b75646d6fbe62c393c								syn64369312
file				HTA6_2503_2-L002_R1_001-210222_A00509_0201_AH2LJFDRXY-SFGF-West-SS-16701.fastq.gz			8986180092	e725709d64d48ea42e3871f067d7913c								syn64369315
file				HTA6_2503_2-L002_R2_001-201112_J00118_0619_AHK5HGBBXY.fastq.gz			2687132182	ece2d73dfe05cd10d402087e1ff665e1								syn64369316
file				HTA6_2503_2-L002_R2_001-210202_A00509_0195_AHWW3GDMXX-Genomics-West-SS-00000.fastq.gz			20973270047	1008b340d46a8bf1bf93a112ca98ea8b								syn64369324
file				HTA6_2503_2-L002_R2_001-210222_A00509_0201_AH2LJFDRXY-SFGF-West-SS-16701.fastq.gz			21231763580	af29aa3ef825c0650e5729eb56ee337f								syn64369328
file				HTA6_2504_1-L001_I1_001-201112_J00118_0619_AHK5HGBBXY.fastq.gz			270375242	e0e613ee887c24ca658d190615bcf18c								syn64369331
file				HTA6_2504_1-L001_I1_001-210222_A00509_0201_AH2LJFDRXY-SFGF-West-SS-16701.fastq.gz			470070185	ea9fb5094287f14c402f884876058d2f								syn64369332
file				HTA6_2504_1-L001_R1_001-201112_J00118_0619_AHK5HGBBXY.fastq.gz			735988114	e2fa0720c13d53e6adbb3222332705c0								syn64369333
file				HTA6_2504_1-L001_R1_001-210222_A00509_0201_AH2LJFDRXY-SFGF-West-SS-16701.fastq.gz			1518220958	6ef73dbcc8dd8addff167e1cfe015f6e								syn64369334
file				HTA6_2504_1-L001_R2_001-201112_J00118_0619_AHK5HGBBXY.fastq.gz			2470863047	f920f1fdacb70a1b4aa5b9ef836613bc								syn64369335
file				HTA6_2504_1-L001_R2_001-210222_A00509_0201_AH2LJFDRXY-SFGF-West-SS-16701.fastq.gz			3365138436	dd845cb6f632c6206411fd2bc8ac3d3e								syn64369336
file				HTA6_2504_1-L002_I1_001-201112_J00118_0619_AHK5HGBBXY.fastq.gz			269902115	6c0819ad6f75fe20007c39a5c447d897								syn64369337
file				HTA6_2504_1-L002_I1_001-210202_A00509_0195_AHWW3GDMXX-Genomics-West-SS-00000.fastq.gz			943485428	e3ecccd27a5cbed11191ef0505976913								syn64369338
file				HTA6_2504_1-L002_I1_001-210222_A00509_0201_AH2LJFDRXY-SFGF-West-SS-16701.fastq.gz			470308574	f822e0588e173203d4fa485164f5e9b2								syn64369339
file				HTA6_2504_1-L002_R1_001-201112_J00118_0619_AHK5HGBBXY.fastq.gz			794001051	4cef67963f002ab49a7260b6bc3f487a								syn64369340
file				HTA6_2504_1-L002_R1_001-210202_A00509_0195_AHWW3GDMXX-Genomics-West-SS-00000.fastq.gz			2846380417	ff8fb5b765741492c3ebf401771ab39e								syn64369341
file				HTA6_2504_1-L002_R1_001-210222_A00509_0201_AH2LJFDRXY-SFGF-West-SS-16701.fastq.gz			1523353818	33d2f835d2728c15ee1da170ebab63ee								syn64369342
file				HTA6_2504_1-L002_R2_001-201112_J00118_0619_AHK5HGBBXY.fastq.gz			2600982997	c3fbfb53be568ab308dde2288f03d48d								syn64369343
file				HTA6_2504_1-L002_R2_001-210202_A00509_0195_AHWW3GDMXX-Genomics-West-SS-00000.fastq.gz			6115754332	f63cbb137af1e13627e270f7506a8d6b								syn64369344
file				HTA6_2504_1-L002_R2_001-210222_A00509_0201_AH2LJFDRXY-SFGF-West-SS-16701.fastq.gz			3375613275	73ae9ae44664d23b6cb19c2df1694615								syn64369345
file				HTA6_2504_2-L001_I1_001-201112_J00118_0619_AHK5HGBBXY.fastq.gz			241989775	2ec5eeffc25aae44b8ac2e731cde0ca9								syn64369346
file				HTA6_2504_2-L001_I1_001-210222_A00509_0201_AH2LJFDRXY-SFGF-West-SS-16701.fastq.gz			998731855	54fe4a9a436618e2ba49c9907bacdecb								syn64369347
file				HTA6_2504_2-L001_R1_001-201112_J00118_0619_AHK5HGBBXY.fastq.gz			720455564	9c573e90f32856f21b7fede53e713e3a								syn64369348
file				HTA6_2504_2-L001_R1_001-210222_A00509_0201_AH2LJFDRXY-SFGF-West-SS-16701.fastq.gz			3410821898	6e37b9bb3b45a27f08437ef9177776c0								syn64369349
file				HTA6_2504_2-L001_R2_001-201112_J00118_0619_AHK5HGBBXY.fastq.gz			2469409447	62f4b3c1277bb393ce0bd3ba7154e035								syn64369350
file				HTA6_2504_2-L001_R2_001-210222_A00509_0201_AH2LJFDRXY-SFGF-West-SS-16701.fastq.gz			7919431688	0b1045ddf7a30e3d0006e2c874e1e373								syn64369351
file				HTA6_2504_2-L002_I1_001-201112_J00118_0619_AHK5HGBBXY.fastq.gz			247334091	7bfeb3116919796472d188bc1360c016								syn64369352
file				HTA6_2504_2-L002_I1_001-210202_A00509_0195_AHWW3GDMXX-Genomics-West-SS-00000.fastq.gz			1636458235	37c276097418a818376a42208c646ce0								syn64369353
file				HTA6_2504_2-L002_I1_001-210222_A00509_0201_AH2LJFDRXY-SFGF-West-SS-16701.fastq.gz			996123464	ccfeb28a655f68afbd5280726abb8894								syn64369354
file				HTA6_2504_2-L002_R1_001-201112_J00118_0619_AHK5HGBBXY.fastq.gz			770144786	7e07143ec7b7e010c12386c3c8191991								syn64369355
file				HTA6_2504_2-L002_R1_001-210202_A00509_0195_AHWW3GDMXX-Genomics-West-SS-00000.fastq.gz			5006515824	9b1e31d439bf121a3631aef2c0eae405								syn64369356
file				HTA6_2504_2-L002_R1_001-210222_A00509_0201_AH2LJFDRXY-SFGF-West-SS-16701.fastq.gz			3422073383	d0411ec6461cfbcb5df90449e131d0a9								syn64369357
file				HTA6_2504_2-L002_R2_001-201112_J00118_0619_AHK5HGBBXY.fastq.gz			2556062284	927da66ae0be41b6f629ab0470ab0159								syn64369360
file				HTA6_2504_2-L002_R2_001-210202_A00509_0195_AHWW3GDMXX-Genomics-West-SS-00000.fastq.gz			11215790328	407ce496f2d8087f4857083a8c094de9								syn64369363
file				HTA6_2504_2-L002_R2_001-210222_A00509_0201_AH2LJFDRXY-SFGF-West-SS-16701.fastq.gz			7945973092	04289121a0109572c8a862a02b35b47d								syn64369367
file				HTA6_2505_1-L001_I1_001-210327_A00257_0566_BH7FMYDRXY.fastq.gz			1029919341	0f2f2627676ade92509648f4fd3f5ed2								syn64369368
file				HTA6_2505_1-L001_I2_001-210327_A00257_0566_BH7FMYDRXY.fastq.gz			1222504023	cec1d5def7afa823b1c8f76594c9f978								syn64369370
file				HTA6_2505_1-L001_R1_001-210327_A00257_0566_BH7FMYDRXY.fastq.gz			4044498142	0d8a845ba2f47c82b57f488bc3ab6a46								syn64369374
file				HTA6_2505_1-L001_R2_001-210327_A00257_0566_BH7FMYDRXY.fastq.gz			9485699787	a08ed4507423c24a63402ff3b61ed3d4								syn64369375
file				HTA6_2505_1-L002_I1_001-210327_A00257_0566_BH7FMYDRXY.fastq.gz			1086715595	0ef5f2e45ef3aa42612c4d6b21945294								syn64369376
file				HTA6_2505_1-L002_I2_001-210327_A00257_0566_BH7FMYDRXY.fastq.gz			1284335163	b4c56fcdd985f757b8367c10429a4b47								syn64369377
file				HTA6_2505_1-L002_R1_001-210327_A00257_0566_BH7FMYDRXY.fastq.gz			4328668826	f8157e51b91560dcac74237364678555								syn64369378
file				HTA6_2505_1-L002_R2_001-210327_A00257_0566_BH7FMYDRXY.fastq.gz			10162635570	396f596ca5689bad5ff800e16c496e58								syn64369386
file				HTA6_2505_2-L001_I1_001-210327_A00257_0566_BH7FMYDRXY.fastq.gz			1475344178	27852d2e9434d780de34642262d9fddc								syn64369387
file				HTA6_2505_2-L001_I2_001-210327_A00257_0566_BH7FMYDRXY.fastq.gz			1356669713	a313b7ba566ad87b1d8c35ac0699db64								syn64369388
file				HTA6_2505_2-L001_R1_001-210327_A00257_0566_BH7FMYDRXY.fastq.gz			4778212046	a6a1e51189b3dea5e19db088a1d1fc36								syn64369394
file				HTA6_2505_2-L001_R2_001-210327_A00257_0566_BH7FMYDRXY.fastq.gz			11074604654	12ae21f43e611b2df06637cc166e0438								syn64369397
file				HTA6_2505_2-L002_I1_001-210327_A00257_0566_BH7FMYDRXY.fastq.gz			1480437752	d1165392c8cd62afa93ce1d3fdb5353c								syn64369398
file				HTA6_2505_2-L002_I2_001-210327_A00257_0566_BH7FMYDRXY.fastq.gz			1368853726	ccab7c4e6beae9156671a91dee260897								syn64369401
file				HTA6_2505_2-L002_R1_001-210327_A00257_0566_BH7FMYDRXY.fastq.gz			4859353199	e1614a6f06a45d50307d44774a34eb00								syn64369402
file				HTA6_2505_2-L002_R2_001-210327_A00257_0566_BH7FMYDRXY.fastq.gz			11272808525	6fb1db22702198d82a148ad49a8777d5								syn64369404
file				HTA6_2506_1-L001_I1_001-210327_A00257_0566_BH7FMYDRXY.fastq.gz			1246255968	427cf340a4d6c78b9d0c2a90b3dbf735								syn64369405
file				HTA6_2506_1-L001_I2_001-210327_A00257_0566_BH7FMYDRXY.fastq.gz			1393099084	c8747a0acc5a0cd49a15c948ecd11fc8								syn64369408
file				HTA6_2506_1-L001_R1_001-210327_A00257_0566_BH7FMYDRXY.fastq.gz			4434797984	cbb9d4083de569623334790568148e8c								syn64369411
file				HTA6_2506_1-L001_R2_001-210327_A00257_0566_BH7FMYDRXY.fastq.gz			10451406427	fc15995dbf52545b06daf51ef3861bbe								syn64369415
file				HTA6_2506_1-L002_I1_001-210327_A00257_0566_BH7FMYDRXY.fastq.gz			1338307201	f5cd999f92a32e0ffd15b4fd9a838540								syn64369416
file				HTA6_2506_1-L002_I2_001-210327_A00257_0566_BH7FMYDRXY.fastq.gz			1484441177	cec8558ddee7b2142bd212759be05ba2								syn64369417
file				HTA6_2506_1-L002_R1_001-210327_A00257_0566_BH7FMYDRXY.fastq.gz			4789098492	d57f3e7336a14d1a82a39550c55889ee								syn64369419
file				HTA6_2506_1-L002_R2_001-210327_A00257_0566_BH7FMYDRXY.fastq.gz			11307124744	4294d316354bb7f06af8be3b7ce94856								syn64369420
file				HTA6_2506_2-L001_I1_001-210327_A00257_0566_BH7FMYDRXY.fastq.gz			1221153507	3b65bf4ac0d6611fb8d7ad8cb6f2bdaf								syn64369421
file				HTA6_2506_2-L001_I2_001-210327_A00257_0566_BH7FMYDRXY.fastq.gz			1438154250	6b5fc14dcf9366092b3ce78d1fd5556a								syn64369422
file				HTA6_2506_2-L001_R1_001-210327_A00257_0566_BH7FMYDRXY.fastq.gz			4815211412	373b41c153040d604bce78477d422480								syn64369424
file				HTA6_2506_2-L001_R2_001-210327_A00257_0566_BH7FMYDRXY.fastq.gz			11422173418	ff440a8fdefb23f94867239f0ff9de73								syn64369425
file				HTA6_2506_2-L002_I1_001-210327_A00257_0566_BH7FMYDRXY.fastq.gz			1228832324	9f4d10171df3ba93795a4a84bc0a5837								syn64369426
file				HTA6_2506_2-L002_I2_001-210327_A00257_0566_BH7FMYDRXY.fastq.gz			1436340493	4345046172e777dcecf123bccaae02cd								syn64369429
file				HTA6_2506_2-L002_R1_001-210327_A00257_0566_BH7FMYDRXY.fastq.gz			4898088603	86963070fac4dda009658ecc54c11eb7								syn64369431
file				HTA6_2506_2-L002_R2_001-210327_A00257_0566_BH7FMYDRXY.fastq.gz			11631528561	a43f348b14ac34bbdb24863efd03d682								syn64369437
file				HTA6_2507_1-L001_I1_001-220221_A00201R_0593_BH7G7FDMXY.fastq.gz			3164399265	96cbbd7d41f1627f36aa1783feacb34d								syn64369438
file				HTA6_2507_1-L001_I2_001-220221_A00201R_0593_BH7G7FDMXY.fastq.gz			3504756787	2d11f01ee45f4fc0a1b32b1deed394a3								syn64369439
file				HTA6_2507_1-L001_R1_001-220221_A00201R_0593_BH7G7FDMXY.fastq.gz			11882462593	3cec59ec9f700e5c8ea636bc71c90885								syn64369445
file				HTA6_2507_1-L001_R2_001-220221_A00201R_0593_BH7G7FDMXY.fastq.gz			26744673090	d50d1875db6330179b14549cbd817874								syn64369455
file				HTA6_2507_1-L002_I1_001-220221_A00201R_0593_BH7G7FDMXY.fastq.gz			3194593901	1fb980bc53eb0a8ba3123ff42ee357e7								syn64369456
file				HTA6_2507_1-L002_I2_001-220221_A00201R_0593_BH7G7FDMXY.fastq.gz			3602302379	3d76b3098ef619b949ea6d31c93f7c9a								syn64369457
file				HTA6_2507_1-L002_R1_001-220221_A00201R_0593_BH7G7FDMXY.fastq.gz			12172950377	cc06656f1c2b16da2011023cb54b360c								syn64369458
file				HTA6_2507_1-L002_R2_001-220221_A00201R_0593_BH7G7FDMXY.fastq.gz			27431848606	9d3d9088eb02f92f37ac34897699f37f								syn64369473
file				HTA6_2508_1-L001_I1_001-220221_A00201R_0593_BH7G7FDMXY.fastq.gz			4298771087	fdc5adb3cf4bde44b5a5a18eca6c14c6								syn64369476
file				HTA6_2508_1-L001_I2_001-220221_A00201R_0593_BH7G7FDMXY.fastq.gz			4022146890	3cbc39a3f84280069ab63287e24ef9a3								syn64369479
file				HTA6_2508_1-L001_R1_001-220221_A00201R_0593_BH7G7FDMXY.fastq.gz			14411498505	cc8aa77fec13c8cba3b1e0c24e629f4c								syn64369480
file				HTA6_2508_1-L001_R2_001-220221_A00201R_0593_BH7G7FDMXY.fastq.gz			33770396028	3ef53b8d2fac9a3ba1439e35cbca0133								syn64369486
file				HTA6_2508_1-L002_I1_001-220221_A00201R_0593_BH7G7FDMXY.fastq.gz			4366195934	e87f262627c13fdb7dc0e777f42ac0cd								syn64369489
file				HTA6_2508_1-L002_I2_001-220221_A00201R_0593_BH7G7FDMXY.fastq.gz			4141681604	2e0dfda4bdc9c41ed373d0906bc8bfbf								syn64369490
file				HTA6_2508_1-L002_R1_001-220221_A00201R_0593_BH7G7FDMXY.fastq.gz			14773394410	3df40e32d77064093fd272d14bf03bb9								syn64369492
file				HTA6_2508_1-L002_R2_001-220221_A00201R_0593_BH7G7FDMXY.fastq.gz			34665304083	0737b8bd2eefcc1cd77d86cdd7660bb6								syn64369499
file				HTA6_2508_2-L001_I1_001-220221_A00201R_0593_BH7G7FDMXY.fastq.gz			3139156542	354688f1deb02132ebff9e81ba47c6a4								syn64369500
file				HTA6_2508_2-L001_I2_001-220221_A00201R_0593_BH7G7FDMXY.fastq.gz			3247279590	dae19c8bbae920fe6365176a4d10158b								syn64369501
file				HTA6_2508_2-L001_R1_001-220221_A00201R_0593_BH7G7FDMXY.fastq.gz			12316546633	f8dd9f66ceafab92c8a8e27487401b12								syn64369502
file				HTA6_2508_2-L001_R2_001-220221_A00201R_0593_BH7G7FDMXY.fastq.gz			27947679506	9a2f236c444013e33309de1c7602c973								syn64369509
file				HTA6_2508_2-L002_I1_001-220221_A00201R_0593_BH7G7FDMXY.fastq.gz			3197002068	caba93fcea247c4b3761b3cc2704df19								syn64369510
file				HTA6_2508_2-L002_I2_001-220221_A00201R_0593_BH7G7FDMXY.fastq.gz			3351573445	474ba74870f86986e843fe3b72de0b6a								syn64369511
file				HTA6_2508_2-L002_R1_001-220221_A00201R_0593_BH7G7FDMXY.fastq.gz			12661173510	914c5e6f4fc26e460890044f15f51452								syn64369513
file				HTA6_2508_2-L002_R2_001-220221_A00201R_0593_BH7G7FDMXY.fastq.gz			28755667386	55971ebea9355f01198d387f44f2cd18								syn64369515
file				HTA6_2509_1-L001_I1_001-220406_A00257_0807_AH3TJ3DRX2.fastq.gz			1721665887	0d74b1035ebd6cc080e972cc0f5aa577								syn64369516
file				HTA6_2509_1-L001_I2_001-220406_A00257_0807_AH3TJ3DRX2.fastq.gz			1885693361	78ccb2576f4e19d6e77c8d6a5ce869ef								syn64369517
file				HTA6_2509_1-L001_R1_001-220406_A00257_0807_AH3TJ3DRX2.fastq.gz			8295505163	42e79313fc6780b966653af293ce6362								syn64369518
file				HTA6_2509_1-L001_R2_001-220406_A00257_0807_AH3TJ3DRX2.fastq.gz			18442613808	50f62236e9386942ce3ade6535a604cb								syn64369520
file				HTA6_2509_1-L002_I1_001-220406_A00257_0807_AH3TJ3DRX2.fastq.gz			1733477799	3d8904922a55c18a2296e7ca87be8570								syn64369521
file				HTA6_2509_1-L002_I2_001-220406_A00257_0807_AH3TJ3DRX2.fastq.gz			1886447845	3b3d63c36386b6ecdf30ec2db0ec8d47								syn64369522
file				HTA6_2509_1-L002_R1_001-220406_A00257_0807_AH3TJ3DRX2.fastq.gz			8361024784	b9386c89029ee0ab37977ff388dad0c6								syn64369523
file				HTA6_2509_1-L002_R2_001-220406_A00257_0807_AH3TJ3DRX2.fastq.gz			18554585305	5cf70c304436a6b8e6478e299ff59b93								syn64369540
file				Lau10096_S1_sample_alignments.bam			21524272616	78ed51c52bd8f0144b370dffe61c5b4c								syn52579000
file				Lau10096_S2_sample_alignments.bam			1208981960	8abe1ba95c65f03ca2d56f24bfc921b8								syn52579001
file				Lau10096_S3_sample_alignments.bam			13091954900	ce0d50fe888fba6b84ab7d782174ccd8								syn52579005
file				Lau10096_S4_sample_alignments.bam			15238965312	c8a7b5dd74954a14b1b8c5607e1924ea								syn52579008
file				Lau10180_0001_S1_sample_alignments.bam			13162201156	9a08432fe231182a0cc20d43710879fc								syn52579011
file				Lau10180_0001_S2_sample_alignments.bam			1803623249	9c0ea728fa9bd59ac65148fe6558ab51								syn52579012
file				Lau10180_0001_S3_sample_alignments.bam			2636010369	829afc1c95a0478c9b12a7f1d5f1c0db								syn52579014
file				Lau10180_0001_S4_sample_alignments.bam			10227201685	68d1e7f932cfa9b013fe6adf3ed5be18								syn52579016
file				Lau10180_0002_S1_sample_alignments.bam			7850067562	2dcaf58f33e962e85bfa8f818e5fa509								syn52579018
file				Lau10180_0002_S2_sample_alignments.bam			2927921279	bb547fd4e954cb76c8f9d5f94a9e1fb2								syn52579020
file				Lau10180_0002_S3_sample_alignments.bam			12094827589	0d90d33b58a565504a525261303268c7								syn52579028
file				Lau10180_0002_S4_sample_alignments.bam			7757895551	0d322482c5beec4e9990c3f72839d5b3								syn52579060
file				Lau10284_S1_sample_alignments.bam			829780708	ad72d6082defce6fbba6211b1ad6d453								syn52579069
file				Lau10284_S2_sample_alignments.bam			1879956302	28896977a152758cc8ff7a2de3b7901b								syn52579079
file				Lau10284_S3_sample_alignments.bam			3297393360	9ca7f97a342414a425572c74e25a57ac								syn52579095
file				Lau10284_S4_sample_alignments.bam			4915750869	cec4dc18f32c9abc3d8514f0f74de0ce								syn52579114
file				4139-SR-1_S44_L001.bam			16036070935	62cabffa6cca7a84b81cdd75272c5773								syn64773054
file				4139-SR-3_S46_L001.bam			15831636054	6a4027fc7e71c4652c1181a3d61a4db5								syn64773062
file				4720-SR-1_S14_L005.bam			25893825372	a213bce80cd6211fc046f1c9bd22eb9e								syn64773083
file				4954-SR-1_S01_L005.bam			33516298049	7c7f9c0bd6b3abc00e3df56c725a6e10								syn64773084
file				4991-SR-1_S01_L005.bam			34260792427	4f45098efb5f2f2bcbf96ef8eedebaf7								syn64773105
file				5091-SR-1_S01_L005.bam			12635601555	74f4ac9adf8beaf352695b1e5bcab3d2								syn64773110
file				5179-SR-1_S01_L005.bam			8033398867	c3e43b933f4934234b4574d789e29aca								syn64773112
file				5179-SR-2_S01_L005.bam			9331997241	c325a690da378b25c9b15a3fc2a18b2f								syn64773113
file				5385-SR-1_S01_L005.bam			12321714787	22f5d007a2990a0a1b75cde74c1fb814								syn64773114
file				5385-SR-3_S01_L005.bam			13560535281	a451b13c779664bf83d21320dd6dce82								syn64773119
file				5474-SR-1_S1_L003.bam			14392446510	fa9cb7203b5e8efc470ac447fedfecd9								syn64773120
file				5474-SR-2_S1_L003.bam			11155911373	d5c8dc66959bc5c381ebbbd9e9202cb5								syn64773121
file				6011-SR-10_S1_L005.bam			9785940553	46981570d7a47f0fab22473a9abfef0e								syn64773126
file				6011-SR-11_S1_L005.bam			14048181320	68abd52ade10cd08e510a806678acecf								syn64773127
file				6011-SR-12_S1_L005.bam			17482580239	56057689bc6d945d0f5b27b163b2d7f0								syn64773128
file				6011-SR-1_S1_L005.bam			21616296460	7deb5a495ba1ed7560871b23516ae1fa								syn64773129
file				6011-SR-2_S1_L005.bam			20231640449	2df511c7bd87cada87b6220c309c092e								syn64773137
file				6011-SR-6_S1_L005.bam			19571367658	a35a2dda65e2b7b9ad15379334d88fa1								syn64773138
file				6011-SR-9_S1_L005.bam			22110765359	95f1c02c7792559cb717ec20050e9d2b								syn64773141
file				6091-SR-1_S1_L005.bam			18859077832	7d14750cc225efe0db5ac90ea8526a91								syn64773146
file				6091-SR-2_S1_L005.bam			20577084550	210cbdc5b53d77b36611dd2645b5549d								syn64773147
file				6091-SR-3_S1_L005.bam			17998287321	5aa0d8c6cd4cda306ec6752b9b3301ff								syn64773150
file				6091-SR-4_S1_L005.bam			30228651766	55f69f27312a8f462893eec93ade19a5								syn64773151
file				6091-SR-5_S1_L005.bam			12498321085	ea15a5d0595391caaaee44ce28d314c1								syn64773152
file				43140_CRC-PM1_S0_L002.bam			21713367588	92891e1bdad2b35cf4d39dd3cef16982								syn64774568
file				0000368073.bam			32735290376	e61dcc5efba57ffb13edad25bb4633e9								syn68502402
file				0000368115.bam			14569718583	c9e0351856942c21a0357094e4ed1c17								syn68502536
file				0000382508.bam			3084462752	cf400da14c62202dbd8dd04eae76132a								syn68502541
file				0000382613.bam			24291867941	95c301a36929e8eb158b95807be43757								syn68502566
file				0000382750.bam			33451287297	05917d3e94de9afc5398a356cf5d843d								syn68502613
file				0000382840.bam			23044641465	221f758b59a860944e731a5cdb256e03								syn68502666
file				0000382864.bam			6763616139	c73d3c9eb1a1008589382786307074e8								syn68502787
file				0000382888.bam			20514916425	c1f2642acf5aac29a4109f03b9784959								syn68502879
file				0000394766.bam			14115862393	b11a9cde3f6a1d70dd5f8788a5dbd86a								syn68502891
file				0000399184.bam			27214104461	a8f01383565b80cfc755f3820d1ee008								syn68502926
file				0000434407.bam			28164482692	eeb73febdcbdbd72c5262d377eab82c9								syn68502981
file				0000446973.bam			27441512024	34994801a06edb2b297bf8d718778773								syn68503040
file				0000447034.bam			27359061858	ffe13dd25e93574d26a9efefa149b278								syn68503060
file				PCGA02_20133_3600070.sortedByCoord.bam			918384363	73b7d21fae9f04f186ddbf3c3e6ebcf8								syn53284032
file				HTA8_6001_001101_Aligned.out.bam			19583991127	4f47bf4a0294b195e05c5ad06687fb44								syn61905341
file				HTA8_6001_002101_Aligned.out.bam			23757398781	795d131ce91c9823a26550c8f73dbe3f								syn61905446
file				HTA8_6001_003101_Aligned.out.bam			22887863446	e932cb3a70cb42ba5b0dcceee946d1fa								syn61905554
file				HTA8_6002_001101_Aligned.out.bam			18448799183	ba0c463c9ded94835e90ab095d4c2177								syn61905614
file				HTA8_6002_002101_Aligned.out.bam			17254032490	2e6de23eaee87129aad4ce921e4e52ec								syn61905669
file				HTA8_6002_003101_Aligned.out.bam			18110266995	a610de13a0ad1754f119be4dfe311855								syn61905717
file				HTA8_6003_001101_Aligned.out.bam			19272090317	62459df80afa44965fb3d1403dfe0726								syn61905778
file				HTA8_6003_002101_Aligned.out.bam			17955197659	28ba75bb4af4ed73f18b450ca9afd6d7								syn61905834
file				HTA8_6004_001101_Aligned.out.bam			23443803618	556f797f5b97a6674d1cc3f2e31e7ece								syn61905901
file				HTA8_6005_001101_Aligned.out.bam			21858212315	5081bde0fcddc2001401abfc0c2e5400								syn61905963
file				HTA8_6005_002101_Aligned.out.bam			14343702097	c98040a625a6dbf5ab20470711c0a5dd								syn61905998
file				HTA8_6006_001101_Aligned.out.bam			19759088945	84713f8ce5e4ca1e2f0cbb345321e8b7								syn61906058
file				HTA8_6006_002101_Aligned.out.bam			21829939726	bfc03682a10523f850dc84815299ce3d								syn61906123
file				HTA8_6006_003101_Aligned.out.bam			19615434320	21605669a9444d3346f61fa67c927760								syn61906205
file				HTA8_6006_004101_Aligned.out.bam			17073148058	a9e579006ea3dedfec0ecbd524d216fc								syn61906283
file				HTA8_6007_001101_Aligned.out.bam			20681605773	0c231cef270e89c77e0dc3f0d838b96f								syn61906357
file				HTA8_6007_002101_Aligned.out.bam			16295383466	97b9e30290eb42688b8950fd5ee639da								syn61906397
file				HTA8_6007_003101_Aligned.out.bam			18537292666	9474518214e38d7106c17d585af61d6a								syn61906480
file				HTA8_6008_001101_Aligned.out.bam			20332237496	a28e7dfc6b6dbf739ff5d37849bcc8b8								syn61906550
file				HTA8_6008_002101_Aligned.out.bam			19463163715	edbc9f171b55319ac6505b7b6e2e1f28								syn61906618
file				HTA8_6009_001101_Aligned.out.bam			5320344551	7e80e9095910c5da50a6abfccb21c68d								syn61906635
file				HTA8_6009_002101_Aligned.out.bam			4049538217	b4334e0b2d61081e1c01198c171459d9								syn61906647
file				HTA8_6009_003101_Aligned.out.bam			7695998619	9d4d942bf2a424c494398b3dc535aaa5								syn61906697
file				HTA8_6010_001101_Aligned.out.bam			9407701680	463ca5bab36c41834e12799daeb0a97a								syn61906718
file				HTA8_6010_002101_Aligned.out.bam			6100815847	d55da5acccb484053a11d6346aa1b791								syn61906730
file				HTA8_6010_003101_Aligned.out.bam			4042794384	01e655812cb1c5488a2ec1a1ec53b8f8								syn63384455
file				HTA8_6010_004101_Aligned.out.bam			26231393184	03ccbd1734f7201876eb9ab95fa2c972								syn61907001
file				HTA8_6011_001101_Aligned.out.bam			19924645626	f589df42bdc4fc2f892b53dedb27e2af								syn61907125
file				HTA8_6011_002101_Aligned.out.bam			17773362832	4c536a7ebcbded278f2537a64e13d051								syn61907192
file				HTA8_6011_003101_Aligned.out.bam			13723967854	e8779f0c08b0b8cc441b75bbb7941d89								syn61907246
file				HTA8_6012_001101_Aligned.out.bam			21994498464	2f06611685d91d967448dbc272c6b9bb								syn61907365
file				HTA8_6012_002101_Aligned.out.bam			19751744070	a8c06c2a0d467021e2e6d8f38f5e0762								syn61907443
file				HTA8_6012_003101_Aligned.out.bam			22455991593	5a0002b89119bbcea851b8db43cea637								syn61907522
file				HTA8_6013_001101_Aligned.out.bam			17578888922	49eb7eaf7c0119cadaf4fd714fbfde3f								syn61907592
file				HTA8_6013_002101_Aligned.out.bam			18004143999	b26f00137db1bf60a806cee699269f7e								syn61907685
file				HTA8_6013_003101_Aligned.out.bam			18599791636	c8bfecde2b761ec26a66f5352880124c								syn61907744
file				HTA8_6014_001101_Aligned.out.bam			16716496368	a0904659099ffabf6f88c19395b5fcca								syn61907795
file				HTA8_6014_002101_Aligned.out.bam			16880079491	6a6dd7c57cbee4a572e931811ffe4110								syn61907858
file				HTA8_6015_001101_Aligned.out.bam			20646045258	0e7e9ceb803c88be56441b6c9c9d950b								syn61907941
file				HTA8_6015_002101_Aligned.out.bam			18457969023	ddedeecc5196a30b9c27865dd77d04ca								syn61908034
file				HTA8_6016_001101_Aligned.out.bam			22200197898	a0230ba0182d023ee02367a19cf16379								syn61908126
file				HTA8_6016_002101_Aligned.out.bam			22911591056	13f863bfe153ec53e57c956a8ef1e95e								syn61908176
file				HTA8_6016_003101_Aligned.out.bam			24491587999	e5d50d81ef83cf9db7104dbc047122ff								syn61908246
file				HTA8_6017_001101_Aligned.out.bam			20351445928	ef797d1e180ac6cdf7f806867e95f1bf								syn61908316
file				HTA8_6017_002101_Aligned.out.bam			19971256550	ac1049c8ffa24984e63d51ef619d5092								syn61908393
file				HTA8_6017_003101_Aligned.out.bam			18882197724	6e8741d5c19e680ce6fbf0776d1fda96								syn61908439
file				HTA8_6017_004101_Aligned.out.bam			25325541095	e1db472842af826a96e510914684f963								syn61908518
file				HTA8_6018_001101_Aligned.out.bam			23183660386	c54a84a960db2cac8920406340f789df								syn61908593
file				HTA8_6018_002101_Aligned.out.bam			23489664889	0fed9f21c5af2f5e17d0a90105e1f5e5								syn61908688
file				HTA8_6018_003101_Aligned.out.bam			22938275857	ab2e5ef65070aff1ca9fd0b0849d00a1								syn61908800
file				HTA8_6019_001101_Aligned.out.bam			21065107339	65f7ea524fc58184104be67c2ca899ad								syn61908861
file				HTA8_6019_002101_Aligned.out.bam			19027173011	1c892afaf1a6d54ebf12e36f5285460e								syn61908929
file				HTA8_6019_003101_Aligned.out.bam			19117484004	3834d7d10f0e1ae3bbd46d926b3abd4f								syn61909018
file				HTA8_6020_001101_Aligned.out.bam			21851902563	48b40d2290c07f3b102cf8230c1fa4aa								syn61909092
file				HTA8_6020_002101_Aligned.out.bam			24292570988	322188101b4690fd19c7b1771a486e05								syn61909150
file				HTA8_6020_003101_Aligned.out.bam			19298124603	9c7c485cfeb9caf688eff8ee8bbfe537								syn61909206
file				HTA8_6021_001101_Aligned.out.bam			26003266566	80516f13546faab516f40cca8a600fc1								syn61909262
file				HTA8_6021_002101_Aligned.out.bam			31697039360	6c83828febfe9be27cc6c93579a998f2								syn61909352
file				HTA8_6022_001101_Aligned.out.bam			18720142053	1c1f45484d84a507b99eb4ba00cd9a6e								syn61909398
file				HTA8_6022_002101_Aligned.out.bam			20824075671	2f2289b3ccb5352574ac74ed039dae39								syn61909478
file				HTA8_6022_003101_Aligned.out.bam			22743234956	22a4ea258abe81ec6ef9780aca17ce94								syn61909542
file				HTA8_6022_004101_Aligned.out.bam			18132317287	761155cdf0b8e74c16f92e03e204eee8								syn61909586
file				HTA8_6023_001101_Aligned.out.bam			20278163469	ae082793f92a2d8800f7c1a045e8fa79								syn61909623
file				HTA8_6023_002101_Aligned.out.bam			21389020437	3486a33b98933d185451977d09be2852								syn61909681
file				HTA8_6023_003101_Aligned.out.bam			21548497310	d6ed466f335cfb1dbc902ef3f3c04edc								syn61909757
file				HTA8_6023_004101_Aligned.out.bam			24255448270	3c6db4e948206d973874d03e3db97519								syn61909867
file				HTA8_6024_001101_Aligned.out.bam			18317417600	a493f99e2e4f7b32eefc708eddb36c05								syn61909922
file				HTA8_6024_002101_Aligned.out.bam			22583802467	17b5596b23f1f5d5e289a09edc436174								syn61909965
file				HTA8_6024_003101_Aligned.out.bam			22842458005	b58f8a1e073412302b067ea8e48d3720								syn61910012
file				HTA8_6025_001101_Aligned.out.bam			24529700795	704dd49553191278715958fc114863d5								syn61910051
file				HTA8_6025_002101_Aligned.out.bam			23399243181	6a2882a82e20c364c196be9e55c22dba								syn61910095
file				HTA8_6025_003101_Aligned.out.bam			23526571963	78e074df7fd16d7f8ee2b56202abe33c								syn61910129
file				HTA8_6026_001101_Aligned.out.bam			24421701319	7dfd4ceb1421e0b5ed2feaf1c53ee9b7								syn61910178
file				HTA8_6026_002101_Aligned.out.bam			23294700665	900e4ce0adde135da0199a2f9d09b219								syn61910227
file				HTA8_6026_003101_Aligned.out.bam			21762664610	d3e5b8b3732c1be3d1995476b24ca38a								syn61910271
file				HTA8_6027_001101_Aligned.out.bam			19412394024	7f03e2f60884ca082f7edbdb9c4485d6								syn61910309
file				HTA8_6027_002101_Aligned.out.bam			20561558431	eb3f3d174a1585348719ef732a699400								syn61910347
file				HTA8_6027_003101_Aligned.out.bam			23881187734	81813ff349744f4c847c34e09bdedd38								syn61910396
file				HTA8_6028_001101_Aligned.out.bam			18176947259	9da7c6a8c0cf5067b791f6656f1bd5d6								syn61910440
file				HTA8_6028_002101_Aligned.out.bam			21756344934	d100234cfec882732262186089d770f6								syn61910481
file				HTA8_6028_003101_Aligned.out.bam			20825899003	5fc53524c1f82949a3057ea86c9109b3								syn61910512
file				HTA8_6029_001101_Aligned.out.bam			23134098676	f02f59d07bcf07776cc3b0d1168e4ba8								syn61910586
file				HTA8_6029_002101_Aligned.out.bam			33325295388	7947780b6072d87556d8f3fc4a22fe2c								syn61910628
file				HTA8_5001_001101_IGO_10299_27_Aligned.out.bam			10111694140	bd0adcc24de65306f85e84d70d5855f1								syn64109231
file				HTA8_5001_001201_IGO_10299_26_Aligned.out.bam			9976241550	edae5202a49b3dc673f4226cdaaf41c2								syn64109357
file				HTA8_5001_002101_IGO_10299_31_Aligned.out.bam			9706173597	6d5970fbee305265c0deef559e76eb8c								syn64109616
file				HTA8_5001_002201_IGO_10299_30_Aligned.out.bam			10202187834	8e7893ca98356efa2f1df9e2c667cd7f								syn64109303
file				HTA8_5001_002301_IGO_10128_18_Aligned.out.bam			8958069608	518afd39221c6b66174dcf56e3c336d0								syn64109628
file				HTA8_5001_003101_IGO_10299_21_Aligned.out.bam			12222997674	0831c2c4914728d7fd9a323e180ca525								syn64109676
file				HTA8_5001_003201_IGO_10299_20_Aligned.out.bam			12504804569	968d8d34d27b6faa2c73fcd8e69cc6d4								syn64109308
file				HTA8_5001_004101_IGO_10299_23_Aligned.out.bam			12065820056	f9c96bfb5bfc2fa2a885954f6290096e								syn64109224
file				HTA8_5001_004201_IGO_10299_22_Aligned.out.bam			12694945879	d1f56b952ed8bf4d089a917ff66f3c6f								syn64109579
file				HTA8_5001_005101_IGO_10299_19_Aligned.out.bam			10577144642	6499c64938ebd0de9bcc9ebe5cd8a7ec								syn64109228
file				HTA8_5001_005201_IGO_10299_18_Aligned.out.bam			10981894561	5a7c93fb176f1213593a891b298f0d1a								syn64109235
file				HTA8_5001_006101_IGO_10299_17_Aligned.out.bam			9279775257	5e4a1db11755f9d09222b3c2214d104f								syn64109527
file				HTA8_5001_006201_IGO_10299_16_Aligned.out.bam			9687238070	9bcdf347321b9bd6e8ad6bb75a9356ae								syn64109253
file				HTA8_5001_007101_IGO_10218_13_Aligned.out.bam			12333137871	d85b19b560cc7839eef4cc0f7a4114a7								syn64109638
file				HTA8_5001_007201_IGO_10299_33_Aligned.out.bam			10164626696	d2a3a60000bf2cab9abb029557e2771d								syn64109350
file				HTA8_5001_007301_IGO_10299_34_Aligned.out.bam			9853221146	3538966a61937c96985f5c53d1083ab9								syn64109410
file				HTA8_5001_007401_IGO_10218_12_Aligned.out.bam			13702429396	f35673c668b2f1b2387c033eaddfacf4								syn64109403
file				HTA8_5001_007501_IGO_10299_32_Aligned.out.bam			9781222407	a5706dfc91dab161b44758c11e39cb13								syn64109219
file				HTA8_5001_007601_IGO_10128_16_Aligned.out.bam			10893580251	1cdc6f7b576c1f4653bc470efe6e8574								syn64109415
file				HTA8_5001_007701_IGO_10128_17_Aligned.out.bam			9689015540	edce51c510bf220ce38d33222b20f410								syn64109300
file				HTA8_5001_008101_IGO_10299_25_Aligned.out.bam			9096321124	92bd6670790cdd59679841b343d9fa4c								syn64109708
file				HTA8_5001_008201_IGO_10299_24_Aligned.out.bam			10529881296	6b229e9b55c2b438efed9797226df884								syn64109656
file				HTA8_5001_009101_IGO_10682_13_Aligned.out.bam			17350215356	43f7c193f7fdaa1fd4cbc41ca8c2bd4f								syn64109286
file				HTA8_5001_009201_IGO_10682_14_Aligned.out.bam			17126233807	2347f639a028418d0f37bb3269f563ce								syn64109327
file				HTA8_5001_009301_IGO_10299_15_Aligned.out.bam			9179903335	7ceb914946a5f5f7fa2f2dfa02184b3c								syn64109707
file				HTA8_5001_009401_IGO_10587_22_Aligned.out.bam			13255531185	f2203699159fe6ffe4fe0f7c1ef608c0								syn64109684
file				HTA8_5001_009501_IGO_10299_14_Aligned.out.bam			9128693872	474cdf19521d08e5856b352f14ebe041								syn64109382
file				HTA8_5001_010101_IGO_10299_13_Aligned.out.bam			11557546230	39f0331bea5f01ea27e7f2838e32dc9e								syn64109378
file				HTA8_5001_010201_IGO_10299_12_Aligned.out.bam			12676937286	d5a63ac35d2fa93ba153e668dee8058d								syn64109523
file				HTA8_5001_011101_IGO_10299_29_Aligned.out.bam			8818840181	ae9cd72543abe8983f5b36b010c40975								syn64109662
file				HTA8_5001_011201_IGO_10299_28_Aligned.out.bam			8631240585	3eb59f12f609f6d8b0d52004b96df936								syn64109373
file				HTA8_5002_001101_IGO_10218_15_Aligned.out.bam			12808013381	ff323668b3dd19ceec9806d512f2eb53								syn64109290
file				HTA8_5002_001201_IGO_10218_14_Aligned.out.bam			12980289306	f20c46c0718a3968fe02a54deec756f1								syn64109319
file				HTA8_5002_002101_IGO_10218_16_Aligned.out.bam			11737055667	b7df72f00b7bd66316784fdea17fb660								syn64109264
file				HTA8_5002_003101_IGO_10218_18_Aligned.out.bam			10979592305	d253c631ea66d88160cfb33dd821bc30								syn64109424
file				HTA8_5002_003201_IGO_10218_17_Aligned.out.bam			12282506486	0c6aad4949b4cbb71bbe0b3953de0a2b								syn64109624
file				HTA8_5002_004101_IGO_10218_19_Aligned.out.bam			11210357994	18cdcbae7577676f5e8b8aeaca6cdc2a								syn64109278
file				HTA8_5002_005101_IGO_10299_5_Aligned.out.bam			8768559359	b1d42c414dcafa95ec759491d538aad3								syn64109363
file				HTA8_5002_005201_IGO_10299_6_Aligned.out.bam			7967826805	f0009fda788ad14847a72b1d4c3295ec								syn64109590
file				HTA8_5002_006101_IGO_10299_8_Aligned.out.bam			8902498765	f31db8bef50fe1839c7a668ce7bbd51b								syn64109248
file				HTA8_5002_006201_IGO_10299_7_Aligned.out.bam			8802472449	0d660ec7abd4efc67b0117bef8d76e23								syn64109273
file				HTA8_5002_007101_IGO_10299_10_Aligned.out.bam			8788558406	b77cb5930c6890f759550b745a627f98								syn64109685
file				HTA8_5002_007201_IGO_10299_11_Aligned.out.bam			8570811684	503c19b87ea02a64df8ae93691d37e24								syn64109688
file				HTA8_5002_007301_IGO_10299_9_Aligned.out.bam			9906487367	e38f66a6daf458daa393bde9902363df								syn64109314
file				HTA8_5002_008101_IGO_10298_7_Aligned.out.bam			9204080949	2bba1d622a4e315a9e99d4024d6d1baa								syn64109406
file				HTA8_5002_008201_IGO_10298_6_Aligned.out.bam			8687874606	d44e3fe2740f601fa1c9963745faab95								syn64109215
file				HTA8_5002_009101_IGO_10298_9_Aligned.out.bam			9077076724	0a8027531dcec4359c1251284b1af2cd								syn64109244
file				HTA8_5002_009201_IGO_10298_8_Aligned.out.bam			9241704137	7f091d561f8334bfe89deb438353321d								syn64109269
file				HTA8_5002_010101_IGO_10298_10_Aligned.out.bam			9084891666	4ad0b5e460552ecb837d59f41dbe45b4								syn64109210
file				HTA8_5002_010201_IGO_10298_13_Aligned.out.bam			9550322292	9eb6e80fadd091c4f248a38e067e1e78								syn64109368
file				HTA8_5002_011101_IGO_10298_12_Aligned.out.bam			9042415228	440c68a3dda20e744902d2bcc63dc1f1								syn64109239
file				HTA8_5002_011201_IGO_10298_11_Aligned.out.bam			11983377994	ea6a2990dbbfce945f4913c9f56d150d								syn64109338
file				HTA8_5002_012101_IGO_10299_3_Aligned.out.bam			8534227081	43f0065f56fbcee78ae981cc7735737e								syn64109258
file				HTA8_5002_012201_IGO_10299_4_Aligned.out.bam			8584655177	a3910cb6c6197bc35674fe249364f140								syn64109311
file				1178_RU1171a_P95_IGO_09902_18_Aligned.out.bam			18552767881	dbe44b7629686a770eb0e1abc068ced9								syn68204983
file				1183_Ru1173_P96_IGO_09902_19_Aligned.out.bam			18564121739	62bbd659b9b8c2a47dc7c8a416da9b9a								syn68204992
file				1184_Ru1173_bam_fresh_P96_IGO_09902_20_Aligned.out.bam			19350601536	c74345ded8850dbdece44d4ab4ec8b91								syn68205018
file				1327_Ru1202A_1SM_P96_IGO_10128_1_Aligned.out.bam			18072713427	8a4d1717b014ef52fe7f0e0856dc38c4								syn68205049
file				1561_1264_P96_IGO_10317_20_Aligned.out.bam			18891683473	265237d9a913f97fde78981914c25841								syn68205071
file				1575_Ru1281A_IGO_10414_12_Aligned.out.bam			14940884097	ac7161f554af406af7a72f30a27c0f36								syn68205077
file				1609_Ru581D_IGO_10414_17_Aligned.out.bam			17898848381	d92544cc0dd1616b3f194c0ec34fef77								syn68205098
file				1615_Ru1287A_IGO_10414_18_Aligned.out.bam			16462325462	806e9b946453e36153b6856eb1d1fcef								syn68205158
file				1637_Ru1250C_T_1_IGO_10298_B_35_Aligned.out.bam			22377372255	6270a58670678c27b6bac54d52e646cc								syn68205230
file				1665_Ru581B_Bam_IGO_10414_15_Aligned.out.bam			15899446068	17456d8302e7592d723c1bda528a9b23								syn68205286
file				1666_Ru581C_Bam_IGO_10414_16_Aligned.out.bam			14520528892	31b2d233f44d413890d981dc851248e1								syn68205292
file				1675_Ru1303A_T_1_IGO_10506_2_Aligned.out.bam			19496705483	3db3eeed8c5c2cc51509f23f07cab234								syn68205303
file				1682_Ru1304A_PL_1_IGO_10506_3_Aligned.out.bam			22540724974	c846616e3572c5f60c285fd3b0ac0d03								syn68205313
file				1683_Ru1305A_LI_1_IGO_10506_4_Aligned.out.bam			22756120296	c97dcb8febf86a5b33a51bbd97bad93d								syn68205586
file				1714_Ru1304B_PL_t2_1_IGO_10519_1_Aligned.out.bam			20912490328	d30132237b0c2c156f58f8732583cc09								syn68205601
file				1715_Ru1314A_T_1_IGO_10519_2_Aligned.out.bam			19857523598	eb7d1bccb86edefd667111daeccbdb84								syn68205735
file				1717_Ru1303B_LN_t2_1_IGO_10519_4_Aligned.out.bam			20412033974	f2d79faf61f4dff9f30fbbe9bbcf8a1b								syn68206625
file				1816_Ru1083_IGO_10837_11_Aligned.out.bam			17083207266	59646d2eb34d073c270b92f339c96f96								syn68207414
file				1960_Ru831PDX_IGO_11175_23_Aligned.out.bam			15820711514	2bebe8c83dcc1151fadf12ae377947e2								syn68208017
file				1961_Ru1042PDX_IGO_11247_5_Aligned.out.bam			20761126853	e945dec799bf04166c17ea2546e10e31								syn68208320
file				1964_Ru1250D_T_1_IGO_11247_7_Aligned.out.bam			17634166829	770eca5212c62f911ff74e0b1dd41021								syn68208329
file				2211_Ru1444A_LN_1_IGO_11554_18_Aligned.out.bam			12765260215	a9fb87882441983612f7acbcccb75e23								syn68208334
file				2231_POSIE_101320_BM_1_re_IGO_11499_33_Aligned.out.bam			21839289062	e63b8dbc40db2912d4df8d254ba9e009								syn68208360
file				2253_Poise_101920_IGO_11588_11_Aligned.out.bam			4102589630	7cb79161f4c83cae8f1aec4af5fd5504								syn68208362
file				2265_Ru222b_T_1_IGO_11589_3_Aligned.out.bam			21052757505	5648aba3b6736e413b410ed8e4e90f81								syn68208370
file				2266_Ru1360b_CNS_2_IGO_11589_4_Aligned.out.bam			20942743686	1b4a1192f333987d77ac04d552b2004d								syn68208378
file				2520_Ru1518a_T_1_IGO_11874_47_Aligned.out.bam			24226305919	b15cfc5625076920d17eebe5385cafe0								syn68208386
file				2597_Ru942B_IGO_12065_47_Aligned.out.bam			23532803196	90e92d60e0fda50bf4a0f8f88cb7c1ab								syn68208396
file				2615_Ru1173d_LN_2_IGO_12065_56_Aligned.out.bam			21383448873	5a9a8bacd13e3d0b9b4e9a8bd7ce2ffd								syn68208399
file				2634_Ru1405B_IGO_12068_21_Aligned.out.bam			18431150809	405cdb77fd2ec029f41847006a359198								syn68208404
file				2830_MSK_LX_1250b_PM_1_IGO_12194_27_Aligned.out.bam			23864676793	50fd3e1f03439b2bd48bc1eeb5f9c268								syn68208408
file				2839_MSK_LX_1083c_T_2_IGO_12194_36_Aligned.out.bam			18747396708	e187da864fea87b68fae6cb54ec6e24e								syn68208410
file				2892_MSK_LX_1414C_IGO_12253_45_Aligned.out.bam			24423985095	0e84332c2d113aa278c78744e500532a								syn68208417
file				2924_MSK_LX_222C_T_2_IGO_12317_44_Aligned.out.bam			12716272443	1251c200653690e92602cfdc01e23c2f								syn68208420
file				3318_AV-1383_Ru942C_IGO_12437_J_5_Aligned.out.bam			22780618875	98517d7c4e05f669efa5360254023590								syn68208430
file				3323_AV-1382_Ru1676A_IGO_12437_J_6_Aligned.out.bam			19580084707	5cd5d9686332e34dd615f646df9c1e57								syn68208441
file				3601_PM-1538_Ru1250e_IGO_12437_AB_7_Aligned.out.bam			30820724110	3423f6eae7847abfc4bc5ff0152a3295								syn68208472
file				3616_PM-1548_Ru1083d_IGO_12437_AC_12_Aligned.out.bam			14511194442	205681040bb1daa7ec5351b2ebe65e4b								syn68208482
file				3762_AV-1648_MSK_LX_1250f_IGO_12437_AJ_19_Aligned.out.bam			32413496777	5c8a310a7e92043296878801d4a391b7								syn68208529
file				3831_AV-1677_MSK_LX_1303j_IGO_12437_AO_30_Aligned.out.bam			29139631384	e261f486ccd39cad09f45b96a8839a35								syn68208535
file				4329_AV-1969_Lx1518_IGO_12437_BN_36_Aligned.out.bam			25503318502	9d8cce87b241209e291451cdf26b5096								syn68208562
file				4330_AV-1969_Lx1676_IGO_12437_BN_37_Aligned.out.bam			24897216494	0a9440f36341f477bddeba84850e0960								syn68208572
file				4332_AV-1970_Lx226b_IGO_12437_BN_41_Aligned.out.bam			27862789755	0b8b1e67359ad08616f68ab173a8c27d								syn68208581
file				4334_AV-1970_Lx773c_IGO_12437_BN_40_Aligned.out.bam			24355315542	eee4be9b544bb3a66087f4e7d5fa8f8c								syn68208591
file				4335_AV-1973_Lx1305B_IGO_12437_BN_42_Aligned.out.bam			31293525592	a9f1ec68b7e79351d0086cce9144a347								syn68208611
file				Pleural_fluid_CD45minus_plus_Aligned.out.bam			21009177049	a8d5960c171a3be3f7ebe080e7d14dba								syn68208616
file				RU151_Aligned.out.bam			15869444107	552a5e4497bdd8a215c67847a2ed6dee								syn68208623
file				Ru263_Aligned.out.bam			23160711371	5946f2d04d4e09ad57612c53b64eea1e								syn68208631
file				Ru871_Aligned.out.bam			25188674878	67ba1e4b02c3b6f0f865889aca815c16								syn68208636
file				Rus81b-tumor_1_Aligned.out.bam			21646812851	d8fb6623d92a51fa0408a4d7c50f5614								syn68208644
file				Rus81b-tumor_2_Aligned.out.bam			20596235580	7b837172a6dfb3bbfdb4de330df482ea								syn68208648
file				Rus81c-LN_1_Aligned.out.bam			22317646691	f826a5666c6591a792f371996a41990e								syn68208652
file				Rus81c-LN_2_Aligned.out.bam			23204560995	2df20ed7461d1611c9a3ec8412cdb46f								syn68208659
file				SM-L128J_possorted_genome_bam.bam			17752988645	2a6f68f51a24b90e88e43643a454adb0								syn68646388
file				SM-L123O_possorted_genome_bam.bam			81297365329	3089f4ca148c754148924a8ec8f293fa								syn68646571
file				SM-L123P_possorted_genome_bam.bam			24950596722	ef9f0f68b67d4fbf10c1d2536d8bb880								syn68647625
file				SM-L1287_possorted_genome_bam.bam			40064102885	9c3a01dc2faf6723b76165b8f4a17429								syn68689732
file				HTA6_2494_1-possorted_genome_bam.bam			50902946916	b4224d3ccba4d7334886c920ea447f08								syn64371547
file				HTA6_2494_2-possorted_genome_bam.bam			57533563777	f610d4a4bfb9295400f110ea4e544191								syn64371552
file				HTA6_2495_1-possorted_genome_bam.bam			46824750047	9f2d38764c7d126059e5d2568c9910dc								syn64371553
file				HTA6_2496_1-possorted_genome_bam.bam			40138458934	46228726354d7a82d1003a0825be7be1								syn64371557
file				HTA6_2497_1-possorted_genome_bam.bam			28882115740	abca6943e96a01c934da12c043266040								syn64371558
file				HTA6_2498_1-possorted_genome_bam.bam			18587157605	794d11f3820e2eaa416465dfaa391974								syn64371559
file				HTA6_2498_2-possorted_genome_bam.bam			47926418401	f317c57940a0591804a58d94a453620d								syn64371560
file				HTA6_2499_1-possorted_genome_bam.bam			43986991046	4fe662e90697d23535eb55fba743d94d								syn64371585
file				HTA6_2500_1-possorted_genome_bam.bam			43027171844	a77cea5aa12eb0093c517b97d42aa750								syn64371586
file				HTA6_2500_2-possorted_genome_bam.bam			42101286705	ba7a0421be1a117d112e8abc673c5440								syn64371587
file				HTA6_2500_3-possorted_genome_bam.bam			41044440093	11bbb83db61dbbc8794427033e82650b								syn64371598
file				HTA6_2501_1-possorted_genome_bam.bam			8030660846	a744bf8115dd9241c87eca17937f31dd								syn64371599
file				HTA6_2501_2-possorted_genome_bam.bam			9630793338	1dd743cbef9ad39107eabd0367e2da78								syn64371600
file				HTA6_2501_3-possorted_genome_bam.bam			11241324411	28d063d062d7c9595c579f73d953700f								syn64371601
file				HTA6_2502_1-possorted_genome_bam.bam			13951353404	297b46af44a1d101646ab0b9d1967007								syn64371603
file				HTA6_2502_2-possorted_genome_bam.bam			14450465965	c3a593759222ff52f97a67b728255b4d								syn64371604
file				HTA6_2502_3-possorted_genome_bam.bam			37128739674	4fa12bcefd435b0f29c9845889850a36								syn64371608
file				HTA6_2502_4-possorted_genome_bam.bam			10221131386	3e230b6723c2d084a88e12a06ad2e737								syn64371609
file				HTA6_2503_1-possorted_genome_bam.bam			17659083814	1607a0b5087821ff8c65027564d948fa								syn64371610
file				HTA6_2503_2-possorted_genome_bam.bam			79216198420	4be8c6bed1012008acef994c43a14be9								syn64371629
file				HTA6_2504_1-possorted_genome_bam.bam			23038271191	ec6d1ecae7303f881a508f8fea1c872a								syn64371632
file				HTA6_2504_2-possorted_genome_bam.bam			39058240466	3a2ecdae15cb83a91391c5f873d6cd5d								syn64371636
file				HTA6_2505_1-possorted_genome_bam.bam			24442386359	456ab09d402c435647e40ef4b6356642								syn64371638
file				HTA6_2505_2-possorted_genome_bam.bam			27430088785	f2709eeb97e939381a23ad73cbcd8cd2								syn64371639
file				HTA6_2506_1-possorted_genome_bam.bam			27684520245	2f7f6ca8a4542ef4e2ee123e63fe9356								syn64371644
file				HTA6_2506_2-possorted_genome_bam.bam			28237536371	d78d349e40789cf85b40239bc66c377b								syn64371654
file				HTA6_2507_1-possorted_genome_bam.bam			66317778044	a4efede8b452a1cb085817b83da6a70d								syn64371662
file				HTA6_2508_1-possorted_genome_bam.bam			82018602726	b1906a6189d5ba210e63b3ee19bba046								syn64371671
file				HTA6_2508_2-possorted_genome_bam.bam			68312126590	2bc6380c3d9e591d2cdbcff27585d30c								syn64371679
file				HTA6_2509_1-possorted_genome_bam.bam			48288316980	851cd7ffc447cbfee740a745e2d8e075								syn64371688
file				A1_S1_L001_I2_001.fastq.gz			1326089014	2a1efafca9aee32314ded6db3762b837								syn64759348
file				D1_S1_L001_I2_001.fastq.gz			1297281766	db255456542f722ad59cb3bc75da4e62								syn64759349
file				D1_S1_L001_I1_001.fastq.gz			1213368838	a73061e35d5b3d3fa3f68bf71a49b195								syn64759350
file				A1_S1_L001_I1_001.fastq.gz			1364960334	d8d5089d6b525bd682f92b55dbf7460e								syn64759352
file				A1_S1_L001_R1_001.fastq.gz			3722739138	c7c1e9dbdd0162f086891abec4169867								syn64759381
file				D1_S1_L001_R1_001.fastq.gz			3774522957	72dc75a36cf8ed77d8af1b33797eb3b7								syn64759382
file				D1_S1_L001_R2_001.fastq.gz			7677695353	05a3dc33a2a72e9f436aaa1a668c139e								syn64759409
file				A1_S1_L001_R2_001.fastq.gz			7520339057	8918212590e9c0252ba5875b0de9004b								syn64759541
file				D1_possorted_genome_bam.bam			7668446815	67d5c6a173c1b47b14dd7eccead8639e								syn64759334
file				A1_possorted_genome_bam.bam			7986623011	d1f19c6e2910ca43ad31e5b38488df6f								syn64759335
file				HTA9_14_068_LCM_C17_S401_L001_R1_001.fastq.gz			18676453	a26889fd32623770689a98a3e0a5e198								syn31547968
file				HTA9_14_068_LCM_C18_S402_L001_R1_001.fastq.gz			32902806	c2848765424ed13e3326d38bd4789c7c								syn31547970
file				HTA9_14_068_LCM_C19_S403_L001_R1_001.fastq.gz			20921290	83cf02ecb0ac583225e0fa970f0570c2								syn31547969
file				HTA9_14_068_LCM_C1_S385_L001_R1_001.fastq.gz			19537517	7bb0d839dc111063e6c0a3eb436c2f11								syn31547971
file				HTA9_14_068_LCM_C20_S404_L001_R1_001.fastq.gz			26957708	9fdc0cfe35b54ef6e1eae4604c417358								syn31547973
file				HTA9_14_068_LCM_C21_S405_L001_R1_001.fastq.gz			35257950	5ae015f5d27115fde4d005b47f1b329b								syn31547975
file				HTA9_14_068_LCM_C22_S406_L001_R1_001.fastq.gz			21182499	71051da8a8007286ff3e4fd03a97eb41								syn31547974
file				HTA9_14_068_LCM_C23_S407_L001_R1_001.fastq.gz			24517199	c61a32896759a0710f3f32e20aa864d3								syn31547980
file				HTA9_14_068_LCM_C24_S408_L001_R1_001.fastq.gz			16145145	dae444dda3d1ca5b203d2ce434a8db45								syn31547979
file				HTA9_14_068_LCM_C2_S386_L001_R1_001.fastq.gz			23692496	58bc10d810862d080130a2efd3e2c194								syn31547981
file				HTA9_14_068_LCM_C3_S387_L001_R1_001.fastq.gz			26215971	6b4204fad73557ac0651038b66b56d5a								syn31547982
file				HTA9_14_068_LCM_C4_S388_L001_R1_001.fastq.gz			43378020	b5822059ef6b56d4ef3921bc150dbde5								syn31547988
file				HTA9_14_068_LCM_C5_S389_L001_R1_001.fastq.gz			26787672	373d47ceec64588975111c94475699e1								syn31547985
file				HTA9_14_068_LCM_C6_S390_L001_R1_001.fastq.gz			46226905	01e9512bf3b14738bf8d71fbcb471067								syn31547991
file				HTA9_14_068_LCM_C7_S391_L001_R1_001.fastq.gz			27495427	e5791f64de8bec3555a76299ee91c877								syn31547995
file				HTA9_14_068_LCM_C8_S392_L001_R1_001.fastq.gz			18456592	add75cd13ea15f8a65769226fe4f40d6								syn31547990
file				HTA9_14_070_A_C101_S1253_L004_R1_001.fastq.gz			4805804	f9ba13420064e6db8be5c34e4eb693d3								syn31547989
file				HTA9_14_070_A_C102_S1254_L004_R1_001.fastq.gz			10219729	20d2566238fa6f37587d7e6577b3f53d								syn31547993
file				HTA9_14_070_A_C103_S1255_L004_R1_001.fastq.gz			59540663	d17c4f1585ed1520dbb8f671fe98ee26								syn31548003
file				HTA9_14_070_A_C104_S1256_L004_R1_001.fastq.gz			53042914	60998add1fc7aeb60518c4e289eacf63								syn31548004
file				HTA9_14_070_A_C106_S1258_L004_R1_001.fastq.gz			44818954	9a5f713d119d1cc68715fb7bb43d4a31								syn31548005
file				HTA9_14_070_A_C107_S1259_L004_R1_001.fastq.gz			36052667	518fc871e6c32c74cfda8efb6c8dace9								syn31548006
file				HTA9_14_070_A_C108_S1260_L004_R1_001.fastq.gz			56307600	b2b6a0e5b1de552393789ec0e5aa472b								syn31548009
file				HTA9_14_070_A_C109_S1261_L004_R1_001.fastq.gz			30137710	a8532a4332082d1b4e2410203ca1fa65								syn31548008
file				HTA9_14_070_A_C10_S1162_L004_R1_001.fastq.gz			53097737	693edb74293018a2ad1259debfdfdccd								syn31548013
file				HTA9_14_070_A_C112_S1264_L004_R1_001.fastq.gz			65534861	88f6fb4983e1cff7cc650c5e2e8f4cee								syn31548017
file				HTA9_14_070_A_C115_S1267_L004_R1_001.fastq.gz			7132754	d9d0c001bf70bbea3ffe185bc1ef1397								syn31548014
file				HTA9_14_070_A_C118_S1270_L004_R1_001.fastq.gz			9513541	7672572f9605da73ec7b2d289efaf76d								syn31548016
file				HTA9_14_070_A_C119_S1271_L004_R1_001.fastq.gz			59520059	2c02b60aa75544dd7c868405f1ff903f								syn31548018
file				HTA9_14_070_A_C11_S1163_L004_R1_001.fastq.gz			42775067	4d0876ebde90017e0781e80a1abc4b88								syn31548021
file				HTA9_14_070_A_C120_S1272_L004_R1_001.fastq.gz			45367115	a215ba7741c78e8f1e8c97416fc1e6b4								syn31548024
file				HTA9_14_070_A_C121_S1273_L004_R1_001.fastq.gz			60840661	e2d408c6d79b19c2e2096924524bf3a8								syn31548027
file				HTA9_14_070_A_C122_S1274_L004_R1_001.fastq.gz			64784232	0657b3953d9143c36e35de04f4ca927b								syn31548030
file				HTA9_14_070_A_C124_S1276_L004_R1_001.fastq.gz			54673843	b6a3c41c82d16fe7bca9a2f930bc8121								syn31548034
file				HTA9_14_070_A_C125_S1277_L004_R1_001.fastq.gz			44066513	c3e1a4662fbb286e47489b4552d09aee								syn31548033
file				HTA9_14_070_A_C128_S1280_L004_R1_001.fastq.gz			58036271	05d58d2a052d60ff035044ad7499d2ca								syn31548036
file				HTA9_14_070_A_C12_S1164_L004_R1_001.fastq.gz			58580822	b125e11d3d58fda518cc9c9a13a68876								syn31548057
file				HTA9_14_070_A_C135_S1287_L004_R1_001.fastq.gz			48293726	49b6f373b2dd0b10c8c383349e86a150								syn31548046
file				HTA9_14_070_A_C136_S1288_L004_R1_001.fastq.gz			43925190	ba2bd83d9d8438c8c64c3d80093dda27								syn31548045
file				HTA9_14_070_A_C137_S1289_L004_R1_001.fastq.gz			55989266	2fe514d9dfe32993816c121dadf68565								syn31548054
file				HTA9_14_070_A_C139_S1291_L004_R1_001.fastq.gz			48812759	0ae811b43b89b8a6147552860f2f894f								syn31548058
file				HTA9_14_070_A_C142_S1294_L004_R1_001.fastq.gz			53908141	6e0a8e03d666bb5a15518ea3a9fdb3db								syn31548063
file				HTA9_14_070_A_C143_S1295_L004_R1_001.fastq.gz			50396124	72e76cd2c1068ad6b83f20c2940d8f32								syn31548061
file				HTA9_14_070_A_C145_S1297_L004_R1_001.fastq.gz			7965269	6c99c709a9ce0a53b3fe75bc3fe3e6b1								syn31548059
file				HTA9_14_070_A_C147_S1299_L004_R1_001.fastq.gz			8136073	c97f43e0e9bb32b3a8bd8f386212b1a8								syn31548060
file				HTA9_14_070_A_C148_S1300_L004_R1_001.fastq.gz			13412445	2f542e7c6d5663908c317e632cb94baa								syn31548062
file				HTA9_14_070_A_C149_S1301_L004_R1_001.fastq.gz			18287655	f82ad36be450d123c80c3b9f346438af								syn31548066
file				HTA9_14_070_A_C14_S1166_L004_R1_001.fastq.gz			59023778	fc87e163dc61cb1d95921e57f244d0df								syn31548068
file				HTA9_14_070_A_C151_S1303_L004_R1_001.fastq.gz			58174599	30a7825df52d67a2bdac15c69a77b81f								syn31548071
file				HTA9_14_070_A_C152_S1304_L004_R1_001.fastq.gz			52994950	62c0f52f0e86d471c37686733f197499								syn31548072
file				HTA9_14_070_A_C153_S1305_L004_R1_001.fastq.gz			64983690	337b24cd90c9e6b4d525a4c626d19e07								syn31548084
file				HTA9_14_070_A_C155_S1307_L004_R1_001.fastq.gz			58492638	d160970a4ba8ffbcb86239d2b66c5967								syn31548080
file				HTA9_14_070_A_C156_S1308_L004_R1_001.fastq.gz			38591138	7a53591b8b984e8a208a23810673aed4								syn31548083
file				HTA9_14_070_A_C157_S1309_L004_R1_001.fastq.gz			48252528	7c99de424292b4d4d699706e7389ccc5								syn31548085
file				HTA9_14_070_A_C158_S1310_L004_R1_001.fastq.gz			56373879	11b47a91bb3985e49e7e8b542789ff8b								syn31548087
file				HTA9_14_070_A_C159_S1311_L004_R1_001.fastq.gz			57010071	c70b0997d2553290f8f63139fe115e59								syn31548090
file				HTA9_14_070_A_C160_S1312_L004_R1_001.fastq.gz			58663410	c79992464aa0e4c7b41ca9abad79ba67								syn31548093
file				HTA9_14_070_A_C165_S1317_L004_R1_001.fastq.gz			11932477	9fef602f512bfa97121ad2a9ba127190								syn31548092
file				HTA9_14_070_A_C168_S1320_L004_R1_001.fastq.gz			47084277	e16b9efb087b7b70c59ed5d743f306e5								syn31548096
file				HTA9_14_070_A_C169_S1321_L004_R1_001.fastq.gz			44593366	4b8fb0afd40789179227c0bdeb4aaec6								syn31548098
file				HTA9_14_070_A_C170_S1322_L004_R1_001.fastq.gz			17799617	554e5944c88e261df5fe154edfbf16e9								syn31548099
file				HTA9_14_070_A_C171_S1323_L004_R1_001.fastq.gz			50276934	19043c646c7da22f3e3b2df9ebe46a30								syn31548102
file				HTA9_14_070_A_C172_S1324_L004_R1_001.fastq.gz			52261167	5a1474e8705da37b952eec0c1982c02b								syn31548103
file				HTA9_14_070_A_C174_S1326_L004_R1_001.fastq.gz			49463523	c2629f9ca4622f67d24a6f8b58ba30b9								syn31548107
file				HTA9_14_070_A_C175_S1327_L004_R1_001.fastq.gz			39132066	ccc556ad582d1d921be972eff1ee7213								syn31548105
file				HTA9_14_070_A_C176_S1328_L004_R1_001.fastq.gz			38621200	76021fb3ac621392b6f8d98397e4dae5								syn31548106
file				HTA9_14_070_A_C180_S1332_L004_R1_001.fastq.gz			8303322	fa5637bc6e3509c65411437f0399a9bf								syn31548108
file				HTA9_14_070_A_C181_S1333_L004_R1_001.fastq.gz			15257638	a45b6c7232a3849eb4c862d7f4574d79								syn31548113
file				HTA9_14_070_A_C182_S1334_L004_R1_001.fastq.gz			45456193	472823d4718c70b5cff3f369de92856e								syn31548114
file				HTA9_14_070_A_C184_S1336_L004_R1_001.fastq.gz			50383922	85cee26d502181cbbbdc3650138c0c89								syn31548120
file				HTA9_14_070_A_C186_S1338_L004_R1_001.fastq.gz			66537922	8fc51176e2414d7f5bf5bd1b84b8bb9b								syn31548122
file				HTA9_14_070_A_C187_S1339_L004_R1_001.fastq.gz			54836454	cb9b1895e382e5ac0ecf13b6d13f8e6e								syn31548123
file				HTA9_14_070_A_C190_S1342_L004_R1_001.fastq.gz			54067458	b9b28459cd9567e81385796e90380c83								syn31548126
file				HTA9_14_070_A_C192_S1344_L004_R1_001.fastq.gz			57450891	0b41e110e8616636127f23cb0a5f9af0								syn31548132
file				HTA9_14_070_A_C195_S1347_L004_R1_001.fastq.gz			6483590	7f95b1812d3af403f468ea3c5930a387								syn31548127
file				HTA9_14_070_A_C196_S1348_L004_R1_001.fastq.gz			14149878	bc961c8e97e17fd8099cc89c1fbbe7b0								syn31548130
file				HTA9_14_070_A_C198_S1350_L004_R1_001.fastq.gz			9409438	67a9609bf972d07eb8e33a69ccacb619								syn31548131
file				HTA9_14_070_A_C200_S1352_L004_R1_001.fastq.gz			51685066	68abe38d7d6aa81fbf4f07bda8191517								syn31548136
file				HTA9_14_070_A_C201_S1353_L004_R1_001.fastq.gz			64060594	359d5769f7937fb9a2f8dc3931285817								syn31548139
file				HTA9_14_070_A_C204_S1356_L004_R1_001.fastq.gz			54926462	7e9c1e1a5f24d2ae651fc2a831321e89								syn31548141
file				HTA9_14_070_A_C205_S1357_L004_R1_001.fastq.gz			63526901	961688cd381162d0814e868df27fd2ed								syn31548145
file				HTA9_14_070_A_C206_S1358_L004_R1_001.fastq.gz			55851296	cfeb964ccdae00a1db9f7f3966006dda								syn31548146
file				HTA9_14_070_A_C214_S1366_L004_R1_001.fastq.gz			7828691	41a79f97b111f4266d8b9eaff5c0a4ff								syn31548144
file				HTA9_14_070_A_C215_S1367_L004_R1_001.fastq.gz			60892988	4757186d68a60c23a44459bc21d9334f								syn31548148
file				HTA9_14_070_A_C216_S1368_L004_R1_001.fastq.gz			50068221	0d097114e27ec176d59dded9b3c80e60								syn31548150
file				HTA9_14_070_A_C219_S1371_L004_R1_001.fastq.gz			54122802	30f63389fedb1d2eab788620192b8fe1								syn31548153
file				HTA9_14_070_A_C21_S1173_L004_R1_001.fastq.gz			17135635	122e28b36cc234d834e93a0368f3c9a8								syn31548154
file				HTA9_14_070_A_C220_S1372_L004_R1_001.fastq.gz			59471772	a923905defdf64c0f0b397cfd3301309								syn31548157
file				HTA9_14_070_A_C221_S1373_L004_R1_001.fastq.gz			62074899	d59f0b87356410ea21cf749f310c7ff3								syn31548158
file				HTA9_14_070_A_C224_S1376_L004_R1_001.fastq.gz			56913593	4cb0450adf13735f0bcf8569bd055237								syn31548163
file				HTA9_14_070_A_C22_S1174_L004_R1_001.fastq.gz			10334818	3642293d1a2e7fb27189fa6eb3c59dd6								syn31548159
file				HTA9_14_070_A_C230_S1382_L004_R1_001.fastq.gz			8639978	cb6b953e559a71386b50dddeec9b973d								syn31548166
file				HTA9_14_070_A_C231_S1383_L004_R1_001.fastq.gz			60626737	ae83fb593a775b35d7381d43cc07807d								syn31548172
file				HTA9_14_070_A_C232_S1384_L004_R1_001.fastq.gz			54434442	85fe7bd00ab0651afe22fbae86860a54								syn31548174
file				HTA9_14_070_A_C233_S1385_L004_R1_001.fastq.gz			60031955	5a2922300df21d8e77e18debd6f4b427								syn31548176
file				HTA9_14_070_A_C234_S1386_L004_R1_001.fastq.gz			53638461	a86c980ddddeaa845c24087890b770b4								syn31548177
file				HTA9_14_070_A_C235_S1387_L004_R1_001.fastq.gz			56981193	0fcc6d49368d05f7621b151afdd99ca5								syn31548180
file				HTA9_14_070_A_C236_S1388_L004_R1_001.fastq.gz			57983216	df7e8c41692a2e23335c9d223ba3357b								syn31548183
file				HTA9_14_070_A_C238_S1390_L004_R1_001.fastq.gz			45660770	b2d8fa492725b37a7d8e4324f9f28d36								syn31548184
file				HTA9_14_070_A_C239_S1391_L004_R1_001.fastq.gz			59333263	f2a37a940a5bc15f0db60adf7cb4eda2								syn31548186
file				HTA9_14_070_A_C23_S1175_L004_R1_001.fastq.gz			9805331	0827eb2d6fea3c76e468fe6f67f5fa30								syn31548187
file				HTA9_14_070_A_C240_S1392_L004_R1_001.fastq.gz			58600523	713fbbd506ea8ff86f7dd6207b317966								syn31548193
file				HTA9_14_070_A_C243_S1395_L004_R1_001.fastq.gz			7803792	881e93fbcd6e73d466d46f2538721888								syn31548188
file				HTA9_14_070_A_C244_S1396_L004_R1_001.fastq.gz			10357861	3d236b587f96ac6b31b5f27ef8fa1d1e								syn31548192
file				HTA9_14_070_A_C245_S1397_L004_R1_001.fastq.gz			5466941	026381ca40679ef32d4fa0c844508f39								syn31548191
file				HTA9_14_070_A_C247_S1399_L004_R1_001.fastq.gz			57466977	34a41b6494a28814202fc53879d48904								syn31548199
file				HTA9_14_070_A_C248_S1400_L004_R1_001.fastq.gz			50229241	c1757d4bcb66f9b8b2072456f6211c9e								syn31548200
file				HTA9_14_070_A_C24_S1176_L004_R1_001.fastq.gz			53299493	28ecae0e0c59f2409d5de7ddd97fb028								syn31548201
file				HTA9_14_070_A_C250_S1402_L004_R1_001.fastq.gz			65435531	2afbee7d62d1044b1f73164a0058ea71								syn31548205
file				HTA9_14_070_A_C255_S1407_L004_R1_001.fastq.gz			58907581	ff45961f12894351dfeedd7b0d5dad92								syn31548208
file				HTA9_14_070_A_C25_S1177_L004_R1_001.fastq.gz			11324498	cf453d13b885570d5fc50c926f0240d1								syn31548207
file				HTA9_14_070_A_C260_S1412_L004_R1_001.fastq.gz			6978525	225829e9d5f03212cb1535d8eb3ad356								syn31548203
file				HTA9_14_070_A_C261_S1413_L004_R1_001.fastq.gz			10563498	4478168c308070dad4cb0135a1b19e76								syn31548209
file				HTA9_14_070_A_C262_S1414_L004_R1_001.fastq.gz			16033178	5663c19a62390085bcfa0e30f7e657ed								syn31548212
file				HTA9_14_070_A_C264_S1416_L004_R1_001.fastq.gz			49420995	f6f402ec137200eeebbff4ff506f50e4								syn31548215
file				HTA9_14_070_A_C265_S1417_L004_R1_001.fastq.gz			40706614	01898b6553938a0dbfe99855a76a28ca								syn31548216
file				HTA9_14_070_A_C266_S1418_L004_R1_001.fastq.gz			55234873	3c0d2a3c5ad9c0e6050f0536c99d4ccd								syn31548218
file				HTA9_14_070_A_C267_S1419_L004_R1_001.fastq.gz			55983775	887798a7dec80e53e850374e063e9b0f								syn31548223
file				HTA9_14_070_A_C268_S1420_L004_R1_001.fastq.gz			57141124	e8440f31c03521179eda9f8652b9e2dc								syn31548228
file				HTA9_14_070_A_C26_S1178_L004_R1_001.fastq.gz			59154798	24f5608f848236003454733494e94a35								syn31548232
file				HTA9_14_070_A_C272_S1424_L004_R1_001.fastq.gz			62412410	a4e225458a90de2c82f369551de85b31								syn31548234
file				HTA9_14_070_A_C274_S1426_L004_R1_001.fastq.gz			12939176	0527b72ae8a99277aedb31319867c550								syn31548235
file				HTA9_14_070_A_C275_S1427_L004_R1_001.fastq.gz			16773469	6de932e683d82e63b2c234366abdf5f3								syn31548236
file				HTA9_14_070_A_C276_S1428_L004_R1_001.fastq.gz			18663010	3125ab014294acc9fe636f0337f7fab5								syn31548238
file				HTA9_14_070_A_C278_S1430_L004_R1_001.fastq.gz			8098784	6d3d7a71a7e51b838121b1b713f3fc2b								syn31548237
file				HTA9_14_070_A_C279_S1431_L004_R1_001.fastq.gz			61157805	5fce2f30288654df10e92776b5b096fa								syn31548239
file				HTA9_14_070_A_C27_S1179_L004_R1_001.fastq.gz			42169091	45843baa8089cfe8d0e9f997021ba7e0								syn31548240
file				HTA9_14_070_A_C280_S1432_L004_R1_001.fastq.gz			52338095	cb70785812778fd78ae1c3b47b34f790								syn31548245
file				HTA9_14_070_A_C281_S1433_L004_R1_001.fastq.gz			60770294	679eddcdfac4fca3f5f88b4c0c1dc6c4								syn31548249
file				HTA9_14_070_A_C283_S1435_L004_R1_001.fastq.gz			53691216	e0ae69b7e8342f276eb39f06e7e581b7								syn31548253
file				HTA9_14_070_A_C285_S1437_L004_R1_001.fastq.gz			46476711	f509c131e88b610d6e1eb188826849c0								syn31548252
file				HTA9_14_070_A_C286_S1438_L004_R1_001.fastq.gz			61992475	b85d7b04baf73e190a91c186c8a54745								syn31548259
file				HTA9_14_070_A_C287_S1439_L004_R1_001.fastq.gz			62422462	9fd40d21377161d491effd04ef8fd5f7								syn31548260
file				HTA9_14_070_A_C288_S1440_L004_R1_001.fastq.gz			62862443	2bfa0eee95cd5de0ed514bdc884436e4								syn31548264
file				HTA9_14_070_A_C28_S1180_L004_R1_001.fastq.gz			48307852	d3949df9fdb2e9f0ec328f1a9a39aef0								syn31548266
file				HTA9_14_070_A_C292_S1444_L004_R1_001.fastq.gz			7918755	c97a5523e580af07fe0964720b1ce271								syn31548261
file				HTA9_14_070_A_C293_S1445_L004_R1_001.fastq.gz			7304240	394195cef02e1449e965755d7620031b								syn31548262
file				HTA9_14_070_A_C295_S1447_L004_R1_001.fastq.gz			51803529	b614fb75673bafb2cfff57d519290092								syn31548271
file				HTA9_14_070_A_C296_S1448_L004_R1_001.fastq.gz			49495391	45e68ae4c74b937d4a5bd77cf23c7f5c								syn31548275
file				HTA9_14_070_A_C297_S1449_L004_R1_001.fastq.gz			56884929	a0bf37470d697a25d721bc487f5feb9b								syn31548277
file				HTA9_14_070_A_C298_S1450_L004_R1_001.fastq.gz			57927130	0b192a795123c815be7e01f4697bda5a								syn31548278
file				HTA9_14_070_A_C299_S1451_L004_R1_001.fastq.gz			54349234	b88ab796c2218c5b68c797bec0c8ec4d								syn31548279
file				HTA9_14_070_A_C29_S1181_L004_R1_001.fastq.gz			60973979	616cbd787e1d5eefdc97d1b11c240d73								syn31548286
file				HTA9_14_070_A_C300_S1452_L004_R1_001.fastq.gz			58849819	82bd5d2828059af3bc5ba54aae3ce23d								syn31548287
file				HTA9_14_070_A_C301_S1453_L004_R1_001.fastq.gz			64367131	87d3de1f42e3fb7860fbe83119e31dd9								syn31548292
file				HTA9_14_070_A_C30_S1182_L004_R1_001.fastq.gz			62070824	8e5b90acedf4997a9ea35cfaffb413bf								syn31548295
file				HTA9_14_070_A_C311_S1463_L004_R1_001.fastq.gz			24181406	794166db791d3f6bedaa06a4ef4ae91f								syn31548296
file				HTA9_14_070_A_C312_S1464_L004_R1_001.fastq.gz			47669478	37899a45cb0f497b032b00ea607e1008								syn31548297
file				HTA9_14_070_A_C313_S1465_L004_R1_001.fastq.gz			64876310	6945640548d1cf0787a00645ca2123a3								syn31548304
file				HTA9_14_070_A_C314_S1466_L004_R1_001.fastq.gz			57556094	3a49b0bd8c3c4b86446f17b01b5a3f94								syn31548302
file				HTA9_14_070_A_C315_S1467_L004_R1_001.fastq.gz			58029010	1c2380638c299d28301de0991d4f515e								syn31548303
file				HTA9_14_070_A_C317_S1469_L004_R1_001.fastq.gz			52659971	5e865b9fb4a40d2a629a62e9b2048640								syn31548305
file				HTA9_14_070_A_C319_S1471_L004_R1_001.fastq.gz			63095459	29ab0a9ae9b962dc0b18cf4c330c48dc								syn31548307
file				HTA9_14_070_A_C31_S1183_L004_R1_001.fastq.gz			59020868	f20ed2765d646fb4299b512a70424e7f								syn31548315
file				HTA9_14_070_A_C320_S1472_L004_R1_001.fastq.gz			58539454	31c6d8eec2c825aa4e733e6de3e5c5db								syn31548317
file				HTA9_14_070_A_C322_S1474_L004_R1_001.fastq.gz			8858305	601511fc4f65d515fa1ee0fb5ecabf16								syn31548306
file				HTA9_14_070_A_C323_S1475_L004_R1_001.fastq.gz			13601744	8960584877cbb30d5ce72626185335cd								syn31548309
file				HTA9_14_070_A_C326_S1478_L004_R1_001.fastq.gz			9284272	bd08af646a8c71b08637561e287ccdbb								syn31548308
file				HTA9_14_070_A_C327_S1479_L004_R1_001.fastq.gz			10509007	1109c81f9e2748d53e9520599e061348								syn31548314
file				HTA9_14_070_A_C328_S1480_L004_R1_001.fastq.gz			50418717	07a13a22ea9a49a09034b0627638c9c3								syn31548324
file				HTA9_14_070_A_C329_S1481_L004_R1_001.fastq.gz			63658050	577f22ebf882eae520053f8c000aa27d								syn31548327
file				HTA9_14_070_A_C330_S1482_L004_R1_001.fastq.gz			57636502	a21545a838def747138d713fad536242								syn31548330
file				HTA9_14_070_A_C334_S1486_L004_R1_001.fastq.gz			62075548	86ead54ee1dc8eb0cbfeecf6a25ff085								syn31548333
file				HTA9_14_070_A_C335_S1487_L004_R1_001.fastq.gz			59103989	e0613d94848f74a7d538eade27583ef6								syn31548331
file				HTA9_14_070_A_C336_S1488_L004_R1_001.fastq.gz			60463827	a6340c19312b65859121f1a1c7e2ddc2								syn31548338
file				HTA9_14_070_A_C340_S1492_L004_R1_001.fastq.gz			17060780	722d5434ef3506309d2dcaf9c51c9027								syn31548336
file				HTA9_14_070_A_C342_S1494_L004_R1_001.fastq.gz			6851108	f675ee468da231cb12f1de55bc1a47db								syn31548326
file				HTA9_14_070_A_C344_S1496_L004_R1_001.fastq.gz			9833180	42b75f6af74a4f61fade4eac66b95c65								syn31548335
file				HTA9_14_070_A_C346_S1498_L004_R1_001.fastq.gz			59787673	e2dc78693c77585d6e70a2489d6f009e								syn31548345
file				HTA9_14_070_A_C347_S1499_L004_R1_001.fastq.gz			55332898	be70c03f0650307d53d9772e0da1a0ca								syn31548339
file				HTA9_14_070_A_C348_S1500_L004_R1_001.fastq.gz			56573698	a83189432a855e61c1046cb5cb9a01c1								syn31548348
file				HTA9_14_070_A_C349_S1501_L004_R1_001.fastq.gz			48307222	2544f487853af9d7a246c8568d33bc25								syn31548349
file				HTA9_14_070_A_C350_S1502_L004_R1_001.fastq.gz			58094211	9e6dd38c2a0c6f011596bc17f7fa8863								syn31548355
file				HTA9_14_070_A_C351_S1503_L004_R1_001.fastq.gz			44930818	fc574530d66d89c51362f319f0ab6b78								syn31548353
file				HTA9_14_070_A_C352_S1504_L004_R1_001.fastq.gz			46406704	4cb75a3ea968a442492be78e87d97445								syn31548357
file				HTA9_14_070_A_C38_S1190_L004_R1_001.fastq.gz			10118700	52ff786659d65627354b0dfc56213ae4								syn31548350
file				HTA9_14_070_A_C39_S1191_L004_R1_001.fastq.gz			9370858	da8a0c7b370cd12a8a508ebfaebe7a33								syn31548352
file				HTA9_14_070_A_C40_S1192_L004_R1_001.fastq.gz			60934588	1b4063cc6a3c1e35df745ccaa888bbb5								syn31548361
file				HTA9_14_070_A_C41_S1193_L004_R1_001.fastq.gz			65339505	32bf797e787b51c51115d4dab3a28a54								syn31548367
file				HTA9_14_070_A_C42_S1194_L004_R1_001.fastq.gz			62488128	753d6f727cf989a2ed18dcfd80d47951								syn31548362
file				HTA9_14_070_A_C43_S1195_L004_R1_001.fastq.gz			53688263	641caeafd6152e8af73ab0e5d7af947f								syn31548363
file				HTA9_14_070_A_C44_S1196_L004_R1_001.fastq.gz			55306309	ba441eb1c6be6fc6b8199f1eda638569								syn31548368
file				HTA9_14_070_A_C45_S1197_L004_R1_001.fastq.gz			66694035	9e1df26163c9eec962312d72731e9cfe								syn31548376
file				HTA9_14_070_A_C46_S1198_L004_R1_001.fastq.gz			44802854	5c806977473e0ef58a842fb65c062279								syn31548373
file				HTA9_14_070_A_C48_S1200_L004_R1_001.fastq.gz			14372683	79bc92daad1310c6991bc81b74de0352								syn31548369
file				HTA9_14_070_A_C53_S1205_L004_R1_001.fastq.gz			5186863	45e1bb070fae20053aadeb7a8edd1c81								syn31548360
file				HTA9_14_070_A_C55_S1207_L004_R1_001.fastq.gz			57181661	0c612010b962428415e6c606f8399361								syn31548378
file				HTA9_14_070_A_C56_S1208_L004_R1_001.fastq.gz			60004134	da0030383d906506af2b4c7e2d3203ba								syn31548380
file				HTA9_14_070_A_C57_S1209_L004_R1_001.fastq.gz			64343683	852e9314013a29ec01ef7ba8148354e8								syn31548382
file				HTA9_14_070_A_C58_S1210_L004_R1_001.fastq.gz			65394989	74302b7e612b79880cd97c4825c7c558								syn31548388
file				HTA9_14_070_A_C59_S1211_L004_R1_001.fastq.gz			58400849	15c2c5dae6fe2bfc4302932f01e43344								syn31548393
file				HTA9_14_070_A_C60_S1212_L004_R1_001.fastq.gz			63546939	aa1981e3c9d5a3ae2148294108fc247b								syn31548398
file				HTA9_14_070_A_C61_S1213_L004_R1_001.fastq.gz			65759396	f8da176547e0e935bd14821864568e6b								syn31548402
file				HTA9_14_070_A_C62_S1214_L004_R1_001.fastq.gz			68997125	0d49f80e0af276ebe641ad1306854d99								syn31548404
file				HTA9_14_070_A_C63_S1215_L004_R1_001.fastq.gz			71243392	a6688ed7f1a91aa90c86fa21f93b1c18								syn31548408
file				HTA9_14_070_A_C67_S1219_L004_R1_001.fastq.gz			10151096	6d7c8f42c753f5fc0daba23436270692								syn31548396
file				HTA9_14_070_A_C71_S1223_L004_R1_001.fastq.gz			62737623	ec89efcc1e53a8addac9fae556b27295								syn31548410
file				HTA9_14_070_A_C72_S1224_L004_R1_001.fastq.gz			57884453	ac2a6d86a996a3d911802a95e12a702c								syn31548413
file				HTA9_14_070_A_C73_S1225_L004_R1_001.fastq.gz			57802681	c31648ddb0ee3c9805a9e774da9f45fc								syn31548423
file				HTA9_14_070_A_C76_S1228_L004_R1_001.fastq.gz			55463036	890bc61df815cea9d3c1cbc5c50fd176								syn31548417
file				HTA9_14_070_A_C77_S1229_L004_R1_001.fastq.gz			62672740	8fdb0cf2cd55cc72994828c406e29af9								syn31548426
file				HTA9_14_070_A_C78_S1230_L004_R1_001.fastq.gz			61872267	a72ee3fcc360edbe9801aa4d39666809								syn31548425
file				HTA9_14_070_A_C7_S1159_L004_R1_001.fastq.gz			7121848	e2e54baf41b1cb30dc74850aaf532bc1								syn31548411
file				HTA9_14_070_A_C80_S1232_L004_R1_001.fastq.gz			31276288	503c533f91d4cf37719d2c790c6b681f								syn31548422
file				HTA9_14_070_A_C83_S1235_L004_R1_001.fastq.gz			6402455	a778af9aed6637fcb159609917562bb8								syn31548412
file				HTA9_14_070_A_C84_S1236_L004_R1_001.fastq.gz			7241592	9c9c33d9185d7b452d762e9c926d1200								syn31548416
file				HTA9_14_070_A_C87_S1239_L004_R1_001.fastq.gz			61034613	6b1fd9aab83dc15371764999bdd520e0								syn31548433
file				HTA9_14_070_A_C88_S1240_L004_R1_001.fastq.gz			51253764	6d36744764626b12cf8db5b6f357d6df								syn31548428
file				HTA9_14_070_A_C90_S1242_L004_R1_001.fastq.gz			56523339	92b8168ce2f35f6509a00de3385e8c64								syn31548435
file				HTA9_14_070_A_C91_S1243_L004_R1_001.fastq.gz			11104737	ee7437b10f80811d34681232d669657f								syn31548427
file				HTA9_14_070_A_C92_S1244_L004_R1_001.fastq.gz			54079087	b09107c470cbb1cda71fb918eae330ae								syn31548436
file				HTA9_14_070_A_C94_S1246_L004_R1_001.fastq.gz			42557977	b850cc6332b9401bcf4300e2699f5a3c								syn31548437
file				HTA9_14_070_A_C95_S1247_L004_R1_001.fastq.gz			54062244	af6f680b278ff459ccfdd7a1499cde23								syn31548441
file				HTA9_14_070_A_C96_S1248_L004_R1_001.fastq.gz			59181878	0daf8c6bfbf4505c651fa197c39795ed								syn31548442
file				HTA9_14_070_A_C9_S1161_L004_R1_001.fastq.gz			59829880	035397c70829b72c7ff3d8a9c9b5fe41								syn31548448
file				HTA9_14_070_D_C379_S1531_L004_R1_001.fastq.gz			40273003	1a0cdfcb6e9140d257de79d80fbcb1a1								syn31548444
file				HTA9_14_077_LCM_C1_S1201_L003_R1_001.fastq.gz			31508784	12c27628eadf3bce878e6caef08d9ec5								syn31548450
file				HTA9_14_077_LCM_C25_S1609_L004_R1_001.fastq.gz			20009362	3da15a3ab6d0b4f4a4bb4a44e397ffef								syn31548449
file				HTA9_14_077_LCM_C27_S1611_L004_R1_001.fastq.gz			92283628	5f421266b1ebb01b766301b82c1b09d5								syn31548468
file				HTA9_14_077_LCM_C28_S1612_L004_R1_001.fastq.gz			30636375	9b3ffac005130a8bb5cbc31e943f62a5								syn31548455
file				HTA9_14_077_LCM_C29_S1613_L004_R1_001.fastq.gz			19500578	5c1410f391440e938bbaa2dd8150b158								syn31548452
file				HTA9_14_077_LCM_C2_S1202_L003_R1_001.fastq.gz			28161854	6431de2897dee9a72e84fd1a3c4947ad								syn31548454
file				HTA9_14_077_LCM_C30_S1614_L004_R1_001.fastq.gz			22796127	a31d23c462f1a08731545c5021c462d7								syn31548453
file				HTA9_14_077_LCM_C32_S1616_L004_R1_001.fastq.gz			18143535	37dd4c679528a9994fb44a6289053f1f								syn31548460
file				HTA9_14_077_LCM_C3_S1203_L003_R1_001.fastq.gz			43021765	f5fd24c1d1b1c338c192ad43e12aa655								syn31548469
file				HTA9_14_077_LCM_C44_S1628_L004_R1_001.fastq.gz			31786828	4cb782b13742803a5ee5a0e4478cd326								syn31548463
file				HTA9_14_077_LCM_C46_S1630_L004_R1_001.fastq.gz			33437580	c21b3eec484f20dc0b606493656167a6								syn31548464
file				HTA9_14_077_LCM_C47_S1631_L004_R1_001.fastq.gz			28377944	f507fd53cdc6749f55d077d83261aa78								syn31548471
file				HTA9_14_077_LCM_C4_S1204_L003_R1_001.fastq.gz			35886526	d17f59bcfef6de122dfccd48a0208f05								syn31548476
file				HTA9_14_077_LCM_C8_S1208_L003_R1_001.fastq.gz			28879741	890632ec636d3f8a92b796b39029c585								syn31548475
file				HTA9_14_078_A_C102_S870_L003_R1_001.fastq.gz			63337272	7c42a1c66d8a2a7a02a4d90f38aedaed								syn31548479
file				HTA9_14_078_A_C103_S871_L003_R1_001.fastq.gz			60647423	58b34902e03f47f50f18bcddf5570acf								syn31548481
file				HTA9_14_078_A_C104_S872_L003_R1_001.fastq.gz			20483732	435ac8e85a5c2158a8a4ded1e34d38c7								syn31548477
file				HTA9_14_078_A_C105_S873_L003_R1_001.fastq.gz			66591259	d4dc930dddd0b2928b87dc43c0ed3913								syn31548486
file				HTA9_14_078_A_C106_S874_L003_R1_001.fastq.gz			60073560	03081152dfdd74de15657ed98fda3b45								syn31548485
file				HTA9_14_078_A_C107_S875_L003_R1_001.fastq.gz			51436563	94970ffa4fcada7336b4a648f7dfedb2								syn31548489
file				HTA9_14_078_A_C108_S876_L003_R1_001.fastq.gz			52881355	b98d309b9316cafa99929f3059cd7b49								syn31548491
file				HTA9_14_078_A_C109_S877_L003_R1_001.fastq.gz			34888380	e94494df9105772ad0cf539a573a013e								syn31548488
file				HTA9_14_078_A_C10_S778_L003_R1_001.fastq.gz			52888510	7d2ce12c98a1f9d3e6f01d6f3ba389a1								syn31548497
file				HTA9_14_078_A_C110_S878_L003_R1_001.fastq.gz			60227020	c28d5aa795544cf744d4da7930496b72								syn31548499
file				HTA9_14_078_A_C111_S879_L003_R1_001.fastq.gz			66953956	e2b940f1d5153afbc491b378e736a0b0								syn31548501
file				HTA9_14_078_A_C112_S880_L003_R1_001.fastq.gz			58788460	5940013602f84b99a095016b9e63d835								syn31548500
file				HTA9_14_078_A_C114_S882_L003_R1_001.fastq.gz			10686110	5ae4b923179223a703074c27a01489f9								syn31548494
file				HTA9_14_078_A_C115_S883_L003_R1_001.fastq.gz			9057769	02ae151c4c985a39959f4aabdaa125c2								syn31548498
file				HTA9_14_078_A_C117_S885_L003_R1_001.fastq.gz			24574899	4d6a7a90de080fdf4ce53e0006cb69ed								syn31548502
file				HTA9_14_078_A_C118_S886_L003_R1_001.fastq.gz			45973901	d5a61d8b234c9ba5f44854e5b40c87fa								syn31548508
file				HTA9_14_078_A_C119_S887_L003_R1_001.fastq.gz			59768504	3d51ee827d11091418ab1f276f92879b								syn31548512
file				HTA9_14_078_A_C11_S779_L003_R1_001.fastq.gz			49891752	aef2b9a61e8218c5832bfa30a5d323f1								syn31548514
file				HTA9_14_078_A_C120_S888_L003_R1_001.fastq.gz			47328063	0fd99d2b57b3757da3ee42c2ce6b68f3								syn31548510
file				HTA9_14_078_A_C121_S889_L003_R1_001.fastq.gz			68143621	fea5793851d757cf5fa19a3a8fe71264								syn31548515
file				HTA9_14_078_A_C122_S890_L003_R1_001.fastq.gz			18760856	29c24e91423c530b4f09577171484e05								syn31548511
file				HTA9_14_078_A_C123_S891_L003_R1_001.fastq.gz			52771022	67d723f9bea9cf455f0aaec0b43b1e21								syn31548524
file				HTA9_14_078_A_C124_S892_L003_R1_001.fastq.gz			44400081	58a9e29f831ffb41a28a0b15eb87b37d								syn31548520
file				HTA9_14_078_A_C125_S893_L003_R1_001.fastq.gz			33045082	fd4ae8bc393ffe598aa8a8ed8e57145c								syn31548516
file				HTA9_14_078_A_C126_S894_L003_R1_001.fastq.gz			54885450	e95dec00855ccec991d196b7cfa4f8d7								syn31548526
file				HTA9_14_078_A_C127_S895_L003_R1_001.fastq.gz			40256566	3cc4ebe2060aa1af819000db53f8946a								syn31548519
file				HTA9_14_078_A_C128_S896_L003_R1_001.fastq.gz			51379014	4abec16b01b5f23db102843c641848b8								syn31548529
file				HTA9_14_078_A_C12_S780_L003_R1_001.fastq.gz			53591704	527459952e0b7f43584cc78b25af164e								syn31548531
file				HTA9_14_078_A_C131_S899_L003_R1_001.fastq.gz			8877100	bd5ecbc9edfd5611393bc6573903fee4								syn31548525
file				HTA9_14_078_A_C133_S901_L003_R1_001.fastq.gz			4629266	b4662678ab93a5dacabd0f8919daf53d								syn31548522
file				HTA9_14_078_A_C134_S902_L003_R1_001.fastq.gz			51014982	a73eeb07a38234b496b7c83053f9917a								syn31548533
file				HTA9_14_078_A_C135_S903_L003_R1_001.fastq.gz			49078120	611bdccaa50999cd39c6204721a3ae30								syn31548532
file				HTA9_14_078_A_C136_S904_L003_R1_001.fastq.gz			46957498	bd8237777308d233f16fec8680e2bd4f								syn31548535
file				HTA9_14_078_A_C137_S905_L003_R1_001.fastq.gz			58646614	643d18cf2823e70ac792b37da82afe93								syn31548538
file				HTA9_14_078_A_C138_S906_L003_R1_001.fastq.gz			36416591	5514dd2a9ade192e0072bd48bf5d3081								syn31548537
file				HTA9_14_078_A_C139_S907_L003_R1_001.fastq.gz			51904144	eb20b9b4b7d1631429b632a833992fee								syn31548539
file				HTA9_14_078_A_C13_S781_L003_R1_001.fastq.gz			61601691	0a2eaa3f50f0ef0ce8d45d060e83fd90								syn31548543
file				HTA9_14_078_A_C140_S908_L003_R1_001.fastq.gz			48025272	dbb49bdaa81d6a98de08c33314b1a004								syn31548542
file				HTA9_14_078_A_C141_S909_L003_R1_001.fastq.gz			60990554	728e204e012020a78e7138d60c95e2a8								syn31548550
file				HTA9_14_078_A_C142_S910_L003_R1_001.fastq.gz			58244224	975032d61cb546ecd20d401304af20b0								syn31548551
file				HTA9_14_078_A_C143_S911_L003_R1_001.fastq.gz			57060199	b2d1136cb01f0bd0eb4655ff6ad90796								syn31548554
file				HTA9_14_078_A_C144_S912_L003_R1_001.fastq.gz			36638493	d5abb7d25613120d25ebb54451118ced								syn31548552
file				HTA9_14_078_A_C147_S915_L003_R1_001.fastq.gz			12253251	27b4013a8f69e5854c0b3d837a8c23fd								syn31548547
file				HTA9_14_078_A_C148_S916_L003_R1_001.fastq.gz			7834167	fbd1482ba7f12c6722ea2b028bfa566c								syn31548545
file				HTA9_14_078_A_C149_S917_L003_R1_001.fastq.gz			10996906	523b40086af129337c8f100dba1a81f8								syn31548553
file				HTA9_14_078_A_C14_S782_L003_R1_001.fastq.gz			23527182	c3d552568f739e5e5e3efa35ff887d14								syn31548556
file				HTA9_14_078_A_C150_S918_L003_R1_001.fastq.gz			18925028	610366d860cc4e90d66e79246cadf8f2								syn31548555
file				HTA9_14_078_A_C151_S919_L003_R1_001.fastq.gz			28298302	2c45d8976de90e0d5277513532c7f04c								syn31548558
file				HTA9_14_078_A_C152_S920_L003_R1_001.fastq.gz			26648332	0736549d14f53610b3ba4c91a3a45de1								syn31548559
file				HTA9_14_078_A_C153_S921_L003_R1_001.fastq.gz			67369477	062f5394d774f780a3793c0ceb362741								syn31548567
file				HTA9_14_078_A_C154_S922_L003_R1_001.fastq.gz			67650003	e4de5d7d1ad3e3ab89219f1a399ea893								syn31548570
file				HTA9_14_078_A_C155_S923_L003_R1_001.fastq.gz			55664196	1d97e6ca10a8d1dd8cabbcbc3701f55e								syn31548566
file				HTA9_14_078_A_C156_S924_L003_R1_001.fastq.gz			55128744	6e08d76d02ca61f8d2ac817f758f8284								syn31548572
file				HTA9_14_078_A_C157_S925_L003_R1_001.fastq.gz			46858401	48f917a6cda25879e8a23086414699e6								syn31548573
file				HTA9_14_078_A_C158_S926_L003_R1_001.fastq.gz			64260640	1222d6772df571b46af9952abdb82da1								syn31548578
file				HTA9_14_078_A_C159_S927_L003_R1_001.fastq.gz			44462348	52c66cb31d53c385bdd3bab2e144e7b8								syn31548577
file				HTA9_14_078_A_C160_S928_L003_R1_001.fastq.gz			44674080	62d556a2907c835e3e5687a9dfefa7c5								syn31548580
file				HTA9_14_078_A_C162_S930_L003_R1_001.fastq.gz			6415764	2713b0cfe5cdc0ecdc58579acf6851fd								syn31548569
file				HTA9_14_078_A_C166_S934_L003_R1_001.fastq.gz			37213721	009c2fdf69409500e751d25976515ca0								syn31548579
file				HTA9_14_078_A_C167_S935_L003_R1_001.fastq.gz			50024142	326f9747a44b05d9d692f25f1217c3d2								syn31548582
file				HTA9_14_078_A_C169_S937_L003_R1_001.fastq.gz			55528254	c3759f0e12d496fa1b3cde7c6db82351								syn31548585
file				HTA9_14_078_A_C170_S938_L003_R1_001.fastq.gz			57520174	da1621715ba9a3ea51ec35a266c200ae								syn31548588
file				HTA9_14_078_A_C171_S939_L003_R1_001.fastq.gz			48004157	2417f3d86a3321669fdbc417b8ec15a6								syn31548590
file				HTA9_14_078_A_C172_S940_L003_R1_001.fastq.gz			32097685	537214ba3e7ad350bada5f611143c4c9								syn31548587
file				HTA9_14_078_A_C173_S941_L003_R1_001.fastq.gz			52093994	124275e91eb5b39be32a6fedb272ecb7								syn31548591
file				HTA9_14_078_A_C174_S942_L003_R1_001.fastq.gz			54044555	8d2a331676ceb35ce077e35575526c70								syn31548597
file				HTA9_14_078_A_C175_S943_L003_R1_001.fastq.gz			51386643	d516b6916649faaf8d05870fd112e6e7								syn31548595
file				HTA9_14_078_A_C176_S944_L003_R1_001.fastq.gz			21355163	6161d4f2b86433051e893056b11af342								syn31548592
file				HTA9_14_078_A_C180_S948_L003_R1_001.fastq.gz			14187907	a2585c23a195e88bf4e5b4a533bc89a4								syn31548593
file				HTA9_14_078_A_C181_S949_L003_R1_001.fastq.gz			47443007	3f7e774ed2a146dc1788ba2a15c3b526								syn31548598
file				HTA9_14_078_A_C182_S950_L003_R1_001.fastq.gz			60653309	32aad8eca5913845071df1bf975cbcc4								syn31548599
file				HTA9_14_078_A_C183_S951_L003_R1_001.fastq.gz			59265298	9be9e1d6e1bcb537ca24af632c593da6								syn31548603
file				HTA9_14_078_A_C184_S952_L003_R1_001.fastq.gz			52293868	163f35ea32f210808ffcece5d0e944fb								syn31548604
file				HTA9_14_078_A_C185_S953_L003_R1_001.fastq.gz			65000597	9d71a3a8e74becfc4e005c7f8f0ea6e8								syn31548605
file				HTA9_14_078_A_C187_S955_L003_R1_001.fastq.gz			57310355	14f4a179998982b6f93c2a981f1214eb								syn31548609
file				HTA9_14_078_A_C188_S956_L003_R1_001.fastq.gz			60465563	fa2beb73edee00b9210b3ab757bcfc10								syn31548615
file				HTA9_14_078_A_C189_S957_L003_R1_001.fastq.gz			40781883	b2a6157301062294ea9942820e266bf8								syn31548611
file				HTA9_14_078_A_C190_S958_L003_R1_001.fastq.gz			64753243	57db673952076dda4c706144bc8a162f								syn31548621
file				HTA9_14_078_A_C191_S959_L003_R1_001.fastq.gz			52148923	37a1b5a4d5949b93de42f92f66c29fbb								syn31548617
file				HTA9_14_078_A_C192_S960_L003_R1_001.fastq.gz			39217875	d0d1d3677922026518124034555a2ce8								syn31548616
file				HTA9_14_078_A_C194_S962_L003_R1_001.fastq.gz			13187761	8a2fd8d4cfb9f13842983c92b284c43d								syn31548612
file				HTA9_14_078_A_C195_S963_L003_R1_001.fastq.gz			6324873	3b2ef10e68c4e8578671258dda3e6792								syn31548610
file				HTA9_14_078_A_C197_S965_L003_R1_001.fastq.gz			11987735	b66a59533e11039ca93f3abedf1a8b5f								syn31548614
file				HTA9_14_078_A_C198_S966_L003_R1_001.fastq.gz			23322645	8f89b1b30d41df2df1fd31ac16c122a8								syn31548620
file				HTA9_14_078_A_C199_S967_L003_R1_001.fastq.gz			48987559	5927a30bb8199bb76d13c9b7ede6afa4								syn31548623
file				HTA9_14_078_A_C200_S968_L003_R1_001.fastq.gz			51326469	7c4e1a21dc8f3a53590107be60cd1adf								syn31548630
file				HTA9_14_078_A_C201_S969_L003_R1_001.fastq.gz			51293084	5a9af024724c65ba8a1863e09f147a56								syn31548627
file				HTA9_14_078_A_C202_S970_L003_R1_001.fastq.gz			50077686	41467bfc888f87ce1ddde14d9529d3e2								syn31548629
file				HTA9_14_078_A_C203_S971_L003_R1_001.fastq.gz			35368691	bc8d37b75294c6c2fe4a7437e5ac246d								syn31548626
file				HTA9_14_078_A_C204_S972_L003_R1_001.fastq.gz			53012167	a70f2c2841f33be8409dc74a0659255e								syn31548636
file				HTA9_14_078_A_C205_S973_L003_R1_001.fastq.gz			62566474	63a9f6778e10290f6a3356b878aa009e								syn31548644
file				HTA9_14_078_A_C206_S974_L003_R1_001.fastq.gz			60894520	847d98a666fb9884cdcd678c372bc423								syn31548638
file				HTA9_14_078_A_C207_S975_L003_R1_001.fastq.gz			50500587	2652647de6797f99143676e3fcc398c3								syn31548637
file				HTA9_14_078_A_C208_S976_L003_R1_001.fastq.gz			32514669	dacb0a711ed77327caaa0f1e4b8d0083								syn31548635
file				HTA9_14_078_A_C210_S978_L003_R1_001.fastq.gz			10122732	aa3b8391557403b927f0dc9fd31a4e41								syn31548639
file				HTA9_14_078_A_C214_S982_L003_R1_001.fastq.gz			60122943	601a674e4edb46569e7056d4dab499b5								syn31548651
file				HTA9_14_078_A_C215_S983_L003_R1_001.fastq.gz			35104671	dcd5c1fdeb25ce1f302d398cc90dd6bc								syn31548647
file				HTA9_14_078_A_C216_S984_L003_R1_001.fastq.gz			30669244	41a6ead470d270fc0bc3aaa3d065b503								syn31548648
file				HTA9_14_078_A_C217_S985_L003_R1_001.fastq.gz			65841131	7a9e3ca1f82b5af8c7b535f8a0e9f91b								syn31548655
file				HTA9_14_078_A_C218_S986_L003_R1_001.fastq.gz			28452173	325c9dc9d9ce22f6e6da6093c20ff160								syn31548649
file				HTA9_14_078_A_C219_S987_L003_R1_001.fastq.gz			46886739	d0a4493666837a177200c3fbff27ec72								syn31548652
file				HTA9_14_078_A_C220_S988_L003_R1_001.fastq.gz			52623476	45bba868ef624e3cc10e40ddfcfdd242								syn31548658
file				HTA9_14_078_A_C221_S989_L003_R1_001.fastq.gz			40356476	4cf070b0bc1dd4d04076b45407084fe9								syn31548657
file				HTA9_14_078_A_C222_S990_L003_R1_001.fastq.gz			59092774	1a4bbb060e0a2a65fe6399aafe5dd308								syn31548665
file				HTA9_14_078_A_C223_S991_L003_R1_001.fastq.gz			63381648	58a8bcc49e1e656d32299864af7a0952								syn31548669
file				HTA9_14_078_A_C224_S992_L003_R1_001.fastq.gz			39936189	07cb648dff6427c6e45b07b87b90bb68								syn31548666
file				HTA9_14_078_A_C225_S993_L003_R1_001.fastq.gz			5261683	432f46e266509bf9f1a629f021c4e0ab								syn31548653
file				HTA9_14_078_A_C226_S994_L003_R1_001.fastq.gz			10280818	71ede98cbe6db040753ed62decc8ddda								syn31548659
file				HTA9_14_078_A_C228_S996_L003_R1_001.fastq.gz			7523341	f3d2885246d17e4afe786b4996e6ae61								syn31548656
file				HTA9_14_078_A_C229_S997_L003_R1_001.fastq.gz			15189463	479b562b12eb3e85a5f648bfcbbe0197								syn31548664
file				HTA9_14_078_A_C22_S790_L003_R1_001.fastq.gz			9655317	f53eb2f3865746c6e7bb56bffe41b544								syn31548670
file				HTA9_14_078_A_C231_S999_L003_R1_001.fastq.gz			61695517	f408c775e277deb3108c9d9e1e8ee489								syn31548675
file				HTA9_14_078_A_C232_S1000_L003_R1_001.fastq.gz			56168132	e37fda78f8e945d9c3e8e1d645978e49								syn31548673
file				HTA9_14_078_A_C233_S1001_L003_R1_001.fastq.gz			61759692	6e5d130825a64806648e5a1dedf21c22								syn31548677
file				HTA9_14_078_A_C234_S1002_L003_R1_001.fastq.gz			55268420	a6b539f526e00ed52c6ad5de19be8ab7								syn31548676
file				HTA9_14_078_A_C235_S1003_L003_R1_001.fastq.gz			52411419	18607c37c24e1e89e6c8d6bf8df90b44								syn31548680
file				HTA9_14_078_A_C236_S1004_L003_R1_001.fastq.gz			43764870	bd1380b510be36ebd48bf061a21cb1a8								syn31548684
file				HTA9_14_078_A_C237_S1005_L003_R1_001.fastq.gz			43269388	871c3dbb44c05cfec0a34a0a47d68543								syn31548689
file				HTA9_14_078_A_C238_S1006_L003_R1_001.fastq.gz			65044630	884332c8cd2d0e95d4603a5dc2a5b01c								syn31548695
file				HTA9_14_078_A_C23_S791_L003_R1_001.fastq.gz			51610623	2d7e436b965f77ce8a985e90bae23c34								syn31548692
file				HTA9_14_078_A_C240_S1008_L003_R1_001.fastq.gz			49421791	716d19cb2db08746e10702641ba362b8								syn31548693
file				HTA9_14_078_A_C242_S1010_L003_R1_001.fastq.gz			6566835	f16e01345f612c0472d613488e762b56								syn31548686
file				HTA9_14_078_A_C243_S1011_L003_R1_001.fastq.gz			7307821	170a83f0e9e9b352260f8b3403bba631								syn31548685
file				HTA9_14_078_A_C244_S1012_L003_R1_001.fastq.gz			10340504	c3b016e260cc37e3423dcc435e36fce0								syn31548694
file				HTA9_14_078_A_C245_S1013_L003_R1_001.fastq.gz			5333618	743a9b5f484445abaa8935ce22e43217								syn31548687
file				HTA9_14_078_A_C246_S1014_L003_R1_001.fastq.gz			50240715	227a60d919349c432202b7e941f967a3								syn31548699
file				HTA9_14_078_A_C247_S1015_L003_R1_001.fastq.gz			60701242	62daa96f3bcb461d3640a8ef70f7d5f9								syn31548703
file				HTA9_14_078_A_C249_S1017_L003_R1_001.fastq.gz			69819191	908429b620427ca5cf5b0619b64950c6								syn31548704
file				HTA9_14_078_A_C24_S792_L003_R1_001.fastq.gz			34501242	2dbd4a5d3087e9320c8dcfabd3f37e4f								syn31548700
file				HTA9_14_078_A_C250_S1018_L003_R1_001.fastq.gz			65610662	ff7e106a4607f6da61c7f31dc4f9389f								syn31548705
file				HTA9_14_078_A_C251_S1019_L003_R1_001.fastq.gz			55477329	42c329430db7bc511140c1b6db388c8e								syn31548712
file				HTA9_14_078_A_C252_S1020_L003_R1_001.fastq.gz			54059547	68c3abecbf1abb4cefdd848aedba8a0b								syn31548710
file				HTA9_14_078_A_C253_S1021_L003_R1_001.fastq.gz			11833219	4e39ea01867bd421317317cc234b8993								syn31548709
file				HTA9_14_078_A_C254_S1022_L003_R1_001.fastq.gz			55742319	d75ea085f362dc89e19ed83f5bf3a2b1								syn31548714
file				HTA9_14_078_A_C255_S1023_L003_R1_001.fastq.gz			51980705	f982b1a5da2271f8ee5063d8f2ab1cd0								syn31548715
file				HTA9_14_078_A_C256_S1024_L003_R1_001.fastq.gz			47660770	6ff4a85eb060e89d9fd4c2d66c87cd95								syn31548720
file				HTA9_14_078_A_C25_S793_L003_R1_001.fastq.gz			68818217	ee77560068e9aa0eb3153a89e9de2110								syn31548724
file				HTA9_14_078_A_C263_S1031_L003_R1_001.fastq.gz			60980267	e1442b902b1e3a6b41b0b05837b1342d								syn31548723
file				HTA9_14_078_A_C264_S1032_L003_R1_001.fastq.gz			52433023	1108cdcebe0aa763bf624cabb53b6d1e								syn31548727
file				HTA9_14_078_A_C265_S1033_L003_R1_001.fastq.gz			65102300	6db4d38faf1ebdada98c6e75ed6fddae								syn31548726
file				HTA9_14_078_A_C266_S1034_L003_R1_001.fastq.gz			72849174	4bc200e8cfbf8270cbdb0f1a32486834								syn31548733
file				HTA9_14_078_A_C267_S1035_L003_R1_001.fastq.gz			40653662	322baf2304aee2daeb2720702bd32416								syn31548731
file				HTA9_14_078_A_C268_S1036_L003_R1_001.fastq.gz			55467764	bcc8bc23cd2772c4ba5789d200125d58								syn31548735
file				HTA9_14_078_A_C269_S1037_L003_R1_001.fastq.gz			54610366	f4bc0910c455d657357f80996491aef7								syn31548738
file				HTA9_14_078_A_C26_S794_L003_R1_001.fastq.gz			59284139	70eb2c4090dbf5e240779d42963a9a0b								syn31548737
file				HTA9_14_078_A_C270_S1038_L003_R1_001.fastq.gz			46158662	884f9d4e1442ec7b6135c6be49dd45b5								syn31548745
file				HTA9_14_078_A_C271_S1039_L003_R1_001.fastq.gz			60976218	9ab208abb3b2ca57d108e6ee3c1dd8ce								syn31548748
file				HTA9_14_078_A_C272_S1040_L003_R1_001.fastq.gz			40692949	e0b3c7526289542069593572fcf4a944								syn31548746
file				HTA9_14_078_A_C274_S1042_L003_R1_001.fastq.gz			5966446	2ceb2ef0baa04b3e5881ab8715f36039								syn31548736
file				HTA9_14_078_A_C276_S1044_L003_R1_001.fastq.gz			10459799	40c7a52877f6b7f6889a98563cc5f766								syn31548740
file				HTA9_14_078_A_C277_S1045_L003_R1_001.fastq.gz			16362434	273bdbbfa725604465670e374145c931								syn31548744
file				HTA9_14_078_A_C278_S1046_L003_R1_001.fastq.gz			11182347	a43cd5ea42eb9af8ba6ba6c6387e587f								syn31548747
file				HTA9_14_078_A_C279_S1047_L003_R1_001.fastq.gz			67895539	cebaa4f6db17e9610f992f41d295d703								syn31548758
file				HTA9_14_078_A_C27_S795_L003_R1_001.fastq.gz			44949968	94b985b6400a93e034fcba4e3d64411a								syn31548751
file				HTA9_14_078_A_C280_S1048_L003_R1_001.fastq.gz			53722040	12a9fea8eade8e60d15004777468a8ea								syn31548759
file				HTA9_14_078_A_C281_S1049_L003_R1_001.fastq.gz			50028755	9f20ba836fd60366c97e22eadd0fbb2e								syn31548756
file				HTA9_14_078_A_C282_S1050_L003_R1_001.fastq.gz			63997089	fc42104a1a036b66c27a0514912d60bf								syn31548762
file				HTA9_14_078_A_C283_S1051_L003_R1_001.fastq.gz			50657272	dd50bb2cc0d96e69945b654b6c2c6c9a								syn31548770
file				HTA9_14_078_A_C284_S1052_L003_R1_001.fastq.gz			40524061	756f060bfba4db49bc04393be805c193								syn31548764
file				HTA9_14_078_A_C285_S1053_L003_R1_001.fastq.gz			63186187	0b41e162097da89638f1362368916de3								syn31548767
file				HTA9_14_078_A_C286_S1054_L003_R1_001.fastq.gz			31095381	6a3956e1a34072410bcb522f2eb3bfa4								syn31548765
file				HTA9_14_078_A_C287_S1055_L003_R1_001.fastq.gz			59634830	46f61df695338870de990b692ff8b2d0								syn31548773
file				HTA9_14_078_A_C288_S1056_L003_R1_001.fastq.gz			35956019	392ec62110a804087671fbca2e6b2bdd								syn31548779
file				HTA9_14_078_A_C28_S796_L003_R1_001.fastq.gz			48040804	ce971088ac17b41910e096dc248e3118								syn31548776
file				HTA9_14_078_A_C291_S1059_L003_R1_001.fastq.gz			8487244	95b55059ad2e44d4b146eed5b036e0ea								syn31548768
file				HTA9_14_078_A_C293_S1061_L003_R1_001.fastq.gz			11667036	bd4364c148a770194ee08f47fa2d2dc1								syn31548774
file				HTA9_14_078_A_C295_S1063_L003_R1_001.fastq.gz			55579745	6465c885c217bfd03ae22e26178cc8b4								syn31548788
file				HTA9_14_078_A_C296_S1064_L003_R1_001.fastq.gz			40005679	ed0f277741464c391d33a75a97261198								syn31548784
file				HTA9_14_078_A_C297_S1065_L003_R1_001.fastq.gz			64731095	15c13f6b11bdf266ddb89fbd8e2f81d1								syn31548792
file				HTA9_14_078_A_C298_S1066_L003_R1_001.fastq.gz			5618006	01ef5e799d32f7cf63dd5f156b97a23f								syn31548775
file				HTA9_14_078_A_C299_S1067_L003_R1_001.fastq.gz			16391244	bd5fcd9b0737851aabded08a87489a59								syn31548780
file				HTA9_14_078_A_C29_S797_L003_R1_001.fastq.gz			41208661	69e8ea5e214dc4be8580bcb2cb9825ba								syn31548790
file				HTA9_14_078_A_C300_S1068_L003_R1_001.fastq.gz			56027102	7519b4d2755b57c7146e50eb2d1e9883								syn31548796
file				HTA9_14_078_A_C301_S1069_L003_R1_001.fastq.gz			63668228	bec7c92a2caeb558571d1cd1fe995a44								syn31548801
file				HTA9_14_078_A_C302_S1070_L003_R1_001.fastq.gz			60175349	811b29a8e278cafc7a4aebc28d205a80								syn31548798
file				HTA9_14_078_A_C303_S1071_L003_R1_001.fastq.gz			46356585	00adf8b18b2150aaec5c4eb6ac2aee81								syn31548803
file				HTA9_14_078_A_C304_S1072_L003_R1_001.fastq.gz			45649378	277873350497d97ad9267e3557d0ec9b								syn31548802
file				HTA9_14_078_A_C308_S1076_L003_R1_001.fastq.gz			12297480	d424db088ba76287a16db47d54ce7d88								syn31548800
file				HTA9_14_078_A_C30_S798_L003_R1_001.fastq.gz			63381288	e60ae6ff6f889a911e3ba4e331a0d334								syn31548817
file				HTA9_14_078_A_C312_S1080_L003_R1_001.fastq.gz			50269774	74365c44e5d5cf604da4bb12f04df384								syn31548810
file				HTA9_14_078_A_C313_S1081_L003_R1_001.fastq.gz			66137131	ad577dfa1786060d4938d081f24b9dfb								syn31548812
file				HTA9_14_078_A_C314_S1082_L003_R1_001.fastq.gz			66810288	ded2df92280ea1722b0491391949f9c4								syn31548815
file				HTA9_14_078_A_C315_S1083_L003_R1_001.fastq.gz			32653755	db90245de7ce0d1d7180c03d356ce596								syn31548808
file				HTA9_14_078_A_C316_S1084_L003_R1_001.fastq.gz			58919360	7710a210c7a8aebf18f7b50fd3e92f74								syn31548821
file				HTA9_14_078_A_C317_S1085_L003_R1_001.fastq.gz			63643451	075ae4823ce4b802952506e570e1f1c6								syn31548825
file				HTA9_14_078_A_C318_S1086_L003_R1_001.fastq.gz			39776093	55315da576f5c610614e82e4ba185416								syn31548820
file				HTA9_14_078_A_C319_S1087_L003_R1_001.fastq.gz			58367884	6fa0be63dcac37f075b95063ed5092cf								syn31548828
file				HTA9_14_078_A_C31_S799_L003_R1_001.fastq.gz			35428873	0ae80b7342357d734cec59fd0dee07b9								syn31548822
file				HTA9_14_078_A_C320_S1088_L003_R1_001.fastq.gz			43010557	23b7ad56a31390e43199b32d699e22ef								syn31548833
file				HTA9_14_078_A_C324_S1092_L003_R1_001.fastq.gz			11284924	1385e048dcfd5336aec0786f2d9f43fe								syn31548824
file				HTA9_14_078_A_C326_S1094_L003_R1_001.fastq.gz			10050688	79e82baa68567f0f6ab03ef9514b4d35								syn31548823
file				HTA9_14_078_A_C327_S1095_L003_R1_001.fastq.gz			12039498	4aa8b47bc37a890905a7b0177ca20eb3								syn31548827
file				HTA9_14_078_A_C328_S1096_L003_R1_001.fastq.gz			34262945	19350952271feb089887a1620b683f3a								syn31548837
file				HTA9_14_078_A_C329_S1097_L003_R1_001.fastq.gz			10268134	83431f1d70b4e93c7b22370d40550ce7								syn31548832
file				HTA9_14_078_A_C330_S1098_L003_R1_001.fastq.gz			66255956	6df456c9d8f0feb40d383f8e4a8aa787								syn31548843
file				HTA9_14_078_A_C331_S1099_L003_R1_001.fastq.gz			47496150	dbd1fe723aa8bebd9f8b7990550e1570								syn31548838
file				HTA9_14_078_A_C332_S1100_L003_R1_001.fastq.gz			58680840	c942457629ae980f0b90cd83b16f2b34								syn31548842
file				HTA9_14_078_A_C333_S1101_L003_R1_001.fastq.gz			47643156	b02d3ae5b8ea4df39f9b2e4bcfdae23c								syn31548846
file				HTA9_14_078_A_C334_S1102_L003_R1_001.fastq.gz			62706470	9d7bee12bffbcc92734c583464042581								syn31548857
file				HTA9_14_078_A_C335_S1103_L003_R1_001.fastq.gz			54706856	8ca3b68423bd238e31b3b7b345fe0eab								syn31548855
file				HTA9_14_078_A_C336_S1104_L003_R1_001.fastq.gz			20258722	947b6f5faa36e042b22a8ad76c4f219c								syn31548849
file				HTA9_14_078_A_C340_S1108_L003_R1_001.fastq.gz			7308161	53e89a5206ae7b9919a61c862f25d082								syn31548841
file				HTA9_14_078_A_C341_S1109_L003_R1_001.fastq.gz			10770496	2e94e8ccf44d9dcf036bfde669560dcd								syn31548848
file				HTA9_14_078_A_C343_S1111_L003_R1_001.fastq.gz			20455158	0e76527660a4e0d5a705e30f6471a73c								syn31548850
file				HTA9_14_078_A_C344_S1112_L003_R1_001.fastq.gz			10307568	53462ea46988fd3c377271aacdb71b1a								syn31548854
file				HTA9_14_078_A_C345_S1113_L003_R1_001.fastq.gz			40296892	98a59354f4f1f2148da33c427a815681								syn31548862
file				HTA9_14_078_A_C346_S1114_L003_R1_001.fastq.gz			9289237	c3093a45918078b461d3b1edd43bde5d								syn31548853
file				HTA9_14_078_A_C347_S1115_L003_R1_001.fastq.gz			48162722	ab558ddc88ad1439b6ef574f8be17057								syn31548864
file				HTA9_14_078_A_C348_S1116_L003_R1_001.fastq.gz			46859134	5002fe1f4da74a61ac92cdd3570c6293								syn31548865
file				HTA9_14_078_A_C349_S1117_L003_R1_001.fastq.gz			63804441	c5103279c9707b54dab118fa1c853e7d								syn31548871
file				HTA9_14_078_A_C34_S802_L003_R1_001.fastq.gz			5863118	e362c28fa78087a9c0e51188acf7f1b4								syn31548860
file				HTA9_14_078_A_C350_S1118_L003_R1_001.fastq.gz			65595313	339c5712d6f6a1dfe1703a75e20feb2f								syn31548873
file				HTA9_14_078_A_C351_S1119_L003_R1_001.fastq.gz			36864223	3469e40a44c1b94b1bea05c834511b5e								syn31548872
file				HTA9_14_078_A_C352_S1120_L003_R1_001.fastq.gz			9933991	38775ecd3c5b5efd6a85e3010c66245e								syn31548867
file				HTA9_14_078_A_C35_S803_L003_R1_001.fastq.gz			8808558	6c0ec5e02f95cb93a577e4539f1f09ee								syn31548868
file				HTA9_14_078_A_C39_S807_L003_R1_001.fastq.gz			9171609	1c7151ef5ae59e3c58e2d36570e911ec								syn31548874
file				HTA9_14_078_A_C40_S808_L003_R1_001.fastq.gz			12302209	a8f1536cba169317836bb5d99d57c1e7								syn31548878
file				HTA9_14_078_A_C42_S810_L003_R1_001.fastq.gz			57088202	9f8cfe320d266d837a47ca87f857fc6f								syn31548883
file				HTA9_14_078_A_C43_S811_L003_R1_001.fastq.gz			48556870	580f7e7619ba07702f31589563076b97								syn31548885
file				HTA9_14_078_A_C44_S812_L003_R1_001.fastq.gz			48392105	91315cb2a219731e53c82ed259b75211								syn31548884
file				HTA9_14_078_A_C45_S813_L003_R1_001.fastq.gz			59738106	619700e2fb8916948afa8a5940911893								syn31548892
file				HTA9_14_078_A_C46_S814_L003_R1_001.fastq.gz			57887899	799ac069dfacb9f65c77bec6a51e8378								syn31548891
file				HTA9_14_078_A_C47_S815_L003_R1_001.fastq.gz			55551003	66c96f21bd5e1137ffb2114aab4174b9								syn31548897
file				HTA9_14_078_A_C48_S816_L003_R1_001.fastq.gz			28612445	eaadd8d30fda0de2e2cbc7fd36796fc0								syn31548888
file				HTA9_14_078_A_C50_S818_L003_R1_001.fastq.gz			5869727	5acede8113af2d09005e84566a9f2a50								syn31548882
file				HTA9_14_078_A_C51_S819_L003_R1_001.fastq.gz			20313102	7341b64dbeb15a0bd581ca461ff0207e								syn31548887
file				HTA9_14_078_A_C52_S820_L003_R1_001.fastq.gz			57748577	abbed7b9a7db709e4c8da061ff76ccd7								syn31548900
file				HTA9_14_078_A_C53_S821_L003_R1_001.fastq.gz			61592919	259a7b114cfe43e973e7c946edde649d								syn31548903
file				HTA9_14_078_A_C54_S822_L003_R1_001.fastq.gz			56499878	30f1193a5e5cd69d63f8caeaa9746ef9								syn31548907
file				HTA9_14_078_A_C55_S823_L003_R1_001.fastq.gz			8157997	20421d56a84f32b36e04b4e96e1c2611								syn31548895
file				HTA9_14_078_A_C56_S824_L003_R1_001.fastq.gz			41388137	73978931b013997168913da833cd5f82								syn31548899
file				HTA9_14_078_A_C57_S825_L003_R1_001.fastq.gz			69077819	b839c8068d226d1afe207cfaceee5ce1								syn31548909
file				HTA9_14_078_A_C58_S826_L003_R1_001.fastq.gz			52619727	4bd0e70d66d45bbc2bc276cb93984bfe								syn31548915
file				HTA9_14_078_A_C59_S827_L003_R1_001.fastq.gz			58762639	30cf2a22094f54e6f3a0f21c31b0ab4a								syn31548916
file				HTA9_14_078_A_C61_S829_L003_R1_001.fastq.gz			60313838	bd852e1e96d09f8a0d4f7823db4180b8								syn31548921
file				HTA9_14_078_A_C62_S830_L003_R1_001.fastq.gz			31149001	cdafa8f17757a9da7bf0895093d7cd46								syn31548908
file				HTA9_14_078_A_C63_S831_L003_R1_001.fastq.gz			52485469	eb362c63a7f0f2573b2d8d910865310e								syn31548922
file				HTA9_14_078_A_C64_S832_L003_R1_001.fastq.gz			41368118	9179f11f3aab02d6b2b60115cb512571								syn31548920
file				HTA9_14_078_A_C67_S835_L003_R1_001.fastq.gz			8439002	a6a07164f65ed6b048a8c7623b4f8185								syn31548917
file				HTA9_14_078_A_C68_S836_L003_R1_001.fastq.gz			50119863	f823cfd03e1b15aee1d7856f41582108								syn31549019
file				HTA9_14_078_A_C69_S837_L003_R1_001.fastq.gz			44114867	942663ddc3872607e51728f29ddb3f05								syn31548926
file				HTA9_14_078_A_C70_S838_L003_R1_001.fastq.gz			51716389	10d0ad3cc15f65d19c3567fa95051d55								syn31548924
file				HTA9_14_078_A_C71_S839_L003_R1_001.fastq.gz			26616802	d1a28d8be652da8a450de3c06d202df3								syn31548923
file				HTA9_14_078_A_C72_S840_L003_R1_001.fastq.gz			43027420	f120e65372ed5f590a6257aa6a6cdb1a								syn31548925
file				HTA9_14_078_A_C73_S841_L003_R1_001.fastq.gz			61530074	b4de240e4a92c88fdeecaba5053716fc								syn31548929
file				HTA9_14_078_A_C74_S842_L003_R1_001.fastq.gz			63132899	b6111ea0777a94b2203eb7d9a68d43e7								syn31548928
file				HTA9_14_078_A_C75_S843_L003_R1_001.fastq.gz			50138218	c8670a6202d6aea75591fa8b09b1ee31								syn31548931
file				HTA9_14_078_A_C76_S844_L003_R1_001.fastq.gz			33242639	401f5065c5160952cc43d0f7ba4cd0c6								syn31548927
file				HTA9_14_078_A_C77_S845_L003_R1_001.fastq.gz			67512867	f93b60cbc1b59f4da8cafb390ec49367								syn31548935
file				HTA9_14_078_A_C78_S846_L003_R1_001.fastq.gz			59513679	955bb1bf6661c490bee83b53aca84602								syn31548937
file				HTA9_14_078_A_C79_S847_L003_R1_001.fastq.gz			46124900	aeb4e229d2a771a6bda448ba2a5dce58								syn31548934
file				HTA9_14_078_A_C80_S848_L003_R1_001.fastq.gz			50407407	524805629898dfd19147537ed9cad427								syn31548936
file				HTA9_14_078_A_C82_S850_L003_R1_001.fastq.gz			4287167	0cb0a1ce4433a82386bacc472245e735								syn31548930
file				HTA9_14_078_A_C83_S851_L003_R1_001.fastq.gz			10190711	c2397df87f0cc8ba2453a9c30d076830								syn31548932
file				HTA9_14_078_A_C84_S852_L003_R1_001.fastq.gz			48899244	0af170eb9d347e3cef742b5d92286324								syn31548939
file				HTA9_14_078_A_C86_S854_L003_R1_001.fastq.gz			56302676	7fbafcb549901f376c4c99c75c2a9e81								syn31548940
file				HTA9_14_078_A_C87_S855_L003_R1_001.fastq.gz			47239511	d44374d8799037cb3b10ba521a0264b5								syn31548943
file				HTA9_14_078_A_C88_S856_L003_R1_001.fastq.gz			49786476	a0da2bb723ebd08c8c652377c280815c								syn31548941
file				HTA9_14_078_A_C89_S857_L003_R1_001.fastq.gz			56095106	fae17b6afbab28dffa92cb4ec01c95e3								syn31548942
file				HTA9_14_078_A_C8_S776_L003_R1_001.fastq.gz			7485212	6c0938eff73089bbfe535c589b5f7fa9								syn31548938
file				HTA9_14_078_A_C90_S858_L003_R1_001.fastq.gz			57038442	a8300c3691bfb62a7c326a81273154af								syn31548944
file				HTA9_14_078_A_C91_S859_L003_R1_001.fastq.gz			47346283	c7ac2f99438dd1421aabb48063993c00								syn31548953
file				HTA9_14_078_A_C93_S861_L003_R1_001.fastq.gz			62251511	740e4e491582c516f0787455c6c51d6a								syn31548950
file				HTA9_14_078_A_C94_S862_L003_R1_001.fastq.gz			57050963	99f0d241bc18509b35bfeb7c3aed8528								syn31548951
file				HTA9_14_078_A_C95_S863_L003_R1_001.fastq.gz			54755730	afabd604af7c27ed5fef2559dccd0478								syn31548947
file				HTA9_14_078_A_C96_S864_L003_R1_001.fastq.gz			53330204	c16bac1314a45a01d0700dc5d3d42090								syn31548956
file				HTA9_14_078_A_C98_S866_L003_R1_001.fastq.gz			10542016	30060f34d133a7433c06f6a8fa0bb0f6								syn31548949
file				HTA9_14_078_A_C9_S777_L003_R1_001.fastq.gz			62733884	c3f532a69b8b0f72ad1089289e733472								syn31548958
file				HTA9_14_078_D_C354_S1122_L003_R1_001.fastq.gz			5910174	4e8d942b24a972abfb076f71ad23c064								syn31548946
file				HTA9_14_078_D_C356_S1124_L003_R1_001.fastq.gz			8029090	e9c80c0f1d1c88059a8d8e6679bd52e9								syn31548948
file				HTA9_14_078_D_C358_S1126_L003_R1_001.fastq.gz			8443957	edf858ceb35510c5b921a6c293243250								syn31548954
file				HTA9_14_078_D_C359_S1127_L003_R1_001.fastq.gz			12418398	885d82f512ef572dbe2e3fe03365ea99								syn31548952
file				HTA9_14_078_D_C366_S1134_L003_R1_001.fastq.gz			44632965	4d38a5d150b2d699d6b88c819c7dcbf5								syn31548957
file				HTA9_14_078_D_C375_S1143_L003_R1_001.fastq.gz			9900841	4d88eab948927b108969c8b28ddbb624								syn31548959
file				HTA9_14_078_D_C377_S1145_L003_R1_001.fastq.gz			6830973	8a51151796620898c7ae2ce1abebfb32								syn31548955
file				HTA9_15_059_A_C100_S484_L002_R1_001.fastq.gz			54539300	dd7f7c9914d1b784c425857119c278e6								syn31548962
file				HTA9_15_059_A_C101_S485_L002_R1_001.fastq.gz			40689423	4e6287f31ace1e2d547b88a23d26f9a3								syn31548960
file				HTA9_15_059_A_C103_S487_L002_R1_001.fastq.gz			61528801	a7d13d23a1f96a5b9e7267ef514639fb								syn31548965
file				HTA9_15_059_A_C105_S489_L002_R1_001.fastq.gz			48407794	07223f54bf914b396c340e4d079aa947								syn31548963
file				HTA9_15_059_A_C108_S492_L002_R1_001.fastq.gz			63161077	d70d26203cf9e47d5c5a9c8aa5154f80								syn31548966
file				HTA9_15_059_A_C109_S493_L002_R1_001.fastq.gz			45180804	38b33b80b88ebaf849ef53541e62995a								syn31548968
file				HTA9_15_059_A_C10_S394_L002_R1_001.fastq.gz			4804297	90bb0b745067e302967f6a91911460f4								syn31548961
file				HTA9_15_059_A_C110_S494_L002_R1_001.fastq.gz			13769023	5c6bac2f16ccd3cd8cfa36d31c5b07ab								syn31548964
file				HTA9_15_059_A_C112_S496_L002_R1_001.fastq.gz			18448870	2483cd81088fb9a46bc3af7ee35e077c								syn31548967
file				HTA9_15_059_A_C114_S498_L002_R1_001.fastq.gz			57018593	2f9f4f4c5f9295de1b5c575c970437d8								syn31548969
file				HTA9_15_059_A_C115_S499_L002_R1_001.fastq.gz			58131461	aa22b7a65b6f1083e2c78a606b64f401								syn31548972
file				HTA9_15_059_A_C116_S500_L002_R1_001.fastq.gz			52567154	52dc852b6b6e59cf6cd80721a0fd32e5								syn31548970
file				HTA9_15_059_A_C117_S501_L002_R1_001.fastq.gz			53898249	4e9b1780f08e25ed7ef833870aaa43fb								syn31548973
file				HTA9_15_059_A_C119_S503_L002_R1_001.fastq.gz			58945995	b443b7c082fb3cc1d3ee84746cb90687								syn31548977
file				HTA9_15_059_A_C11_S395_L002_R1_001.fastq.gz			8429324	01ac6ec0ae51b3f3b562f58c17b7fbbd								syn31548971
file				HTA9_15_059_A_C120_S504_L002_R1_001.fastq.gz			47850744	cbe2c0d25330fcc83e194532469b1213								syn31548975
file				HTA9_15_059_A_C121_S505_L002_R1_001.fastq.gz			42436591	59fdadf77de34036822405959adf5caa								syn31548974
file				HTA9_15_059_A_C122_S506_L002_R1_001.fastq.gz			57550661	24294ab5741ed5d93cdf128273e6244e								syn31548984
file				HTA9_15_059_A_C124_S508_L002_R1_001.fastq.gz			47093139	92b6eea524c300ad6d1275d93910fef5								syn31548980
file				HTA9_15_059_A_C125_S509_L002_R1_001.fastq.gz			44508341	e9abf73fd1e491a55c3e38c2f7e6cd44								syn31548982
file				HTA9_15_059_A_C127_S511_L002_R1_001.fastq.gz			9169969	8065250aa6d6de90e625da9347bf6fc0								syn31548976
file				HTA9_15_059_A_C128_S512_L002_R1_001.fastq.gz			12376427	a95bbac37f1c6ca9f9bb899510196870								syn31548981
file				HTA9_15_059_A_C130_S514_L002_R1_001.fastq.gz			56002030	5318df276376894edf4dcc29c89a1a40								syn31548987
file				HTA9_15_059_A_C131_S515_L002_R1_001.fastq.gz			41290531	5fa2eaaf3e52ffb4da3534f8f404123d								syn31548985
file				HTA9_15_059_A_C132_S516_L002_R1_001.fastq.gz			32133669	2b9d1b1ce89342a675bf8f942ae8bc16								syn31548983
file				HTA9_15_059_A_C133_S517_L002_R1_001.fastq.gz			49323230	04b1afdfbe43da6df6dd3b67ad11b032								syn31548986
file				HTA9_15_059_A_C135_S519_L002_R1_001.fastq.gz			54136333	8ad41fdcc0ddff022d77c3ce827978ac								syn31548988
file				HTA9_15_059_A_C137_S521_L002_R1_001.fastq.gz			45813636	7fa59893ad0fd20743e6140840433777								syn31548991
file				HTA9_15_059_A_C140_S524_L002_R1_001.fastq.gz			40932616	66c0b70a9887b3bd77b3b9d1e7b967c8								syn31548989
file				HTA9_15_059_A_C144_S528_L002_R1_001.fastq.gz			29668383	9bb123bd8f5f06bf72095a04e1aaff85								syn31548990
file				HTA9_15_059_A_C145_S529_L002_R1_001.fastq.gz			42816361	e1f838d942969069d1c037f6d07c04a8								syn31548993
file				HTA9_15_059_A_C146_S530_L002_R1_001.fastq.gz			45010419	a1faa5f31425f077fea4695fe32370dc								syn31548992
file				HTA9_15_059_A_C147_S531_L002_R1_001.fastq.gz			43690351	935c781e9ccf40edb3cd2423a278d5ab								syn31548994
file				HTA9_15_059_A_C148_S532_L002_R1_001.fastq.gz			46894814	7a3852a2e0489cd62d0f32e41043c99f								syn31548995
file				HTA9_15_059_A_C149_S533_L002_R1_001.fastq.gz			49634675	d079f22cc95d48f63cb2ae628ac599de								syn31549000
file				HTA9_15_059_A_C151_S535_L002_R1_001.fastq.gz			56378896	f7c0913b993615d2f51fdfc9e6de2945								syn31548996
file				HTA9_15_059_A_C152_S536_L002_R1_001.fastq.gz			45308957	590cb35a37c45496aa577af2c3f2dd7d								syn31548997
file				HTA9_15_059_A_C153_S537_L002_R1_001.fastq.gz			39966278	967cde715d1b8df648d9271aed8d6c79								syn31548998
file				HTA9_15_059_A_C154_S538_L002_R1_001.fastq.gz			57224363	4d68314cce938f9c12239c06658a30ca								syn31549002
file				HTA9_15_059_A_C157_S541_L002_R1_001.fastq.gz			43809643	a1b6b6243be4879ae66f036cdc5763af								syn31549004
file				HTA9_15_059_A_C158_S542_L002_R1_001.fastq.gz			14351004	f1842786da230c7ef6c5b0d409dc5609								syn31549001
file				HTA9_15_059_A_C160_S544_L002_R1_001.fastq.gz			10260208	96c4188331c7ea877e58e5c197801aa2								syn31548999
file				HTA9_15_059_A_C161_S545_L002_R1_001.fastq.gz			44611905	990b460780343e0d9f689b9fd6736d61								syn31549006
file				HTA9_15_059_A_C162_S546_L002_R1_001.fastq.gz			47972971	feba0d73a568dd5e9d8b2fc1e6232762								syn31549005
file				HTA9_15_059_A_C168_S552_L002_R1_001.fastq.gz			33702525	446777e93cf3c8169b35928d6a3c6ccd								syn31549010
file				HTA9_15_059_A_C171_S555_L002_R1_001.fastq.gz			38846226	645da8c7812fd9815e5a267d00087cb8								syn31549007
file				HTA9_15_059_A_C172_S556_L002_R1_001.fastq.gz			44409406	84c44bd1849bf15462669ad5b4a6c3d8								syn31549008
file				HTA9_15_059_A_C173_S557_L002_R1_001.fastq.gz			37655540	a0cedaabcf60230c8b514e578365ddea								syn31549011
file				HTA9_15_059_A_C175_S559_L002_R1_001.fastq.gz			8854262	f44b697468da1c5eb3af0ced00a12b29								syn31549009
file				HTA9_15_059_A_C177_S561_L002_R1_001.fastq.gz			58745986	84bb0d6466ff068cb287b267e6bd15e8								syn31549018
file				HTA9_15_059_A_C178_S562_L002_R1_001.fastq.gz			52337978	d67b7a265aa3a26691064d07a1796ae3								syn31549013
file				HTA9_15_059_A_C179_S563_L002_R1_001.fastq.gz			62278420	02a603c2cbd8d008ad677c4f2b391eea								syn31549014
file				HTA9_15_059_A_C17_S401_L002_R1_001.fastq.gz			39689926	afc4f32b968021dced3571b18915b43f								syn31549012
file				HTA9_15_059_A_C180_S564_L002_R1_001.fastq.gz			57329342	4248771f6c42e7f1e772fb8f0f34d745								syn31549016
file				HTA9_15_059_A_C181_S565_L002_R1_001.fastq.gz			39795134	fb367d727eb0553bf5c0c2165865ca25								syn31549020
file				HTA9_15_059_A_C184_S568_L002_R1_001.fastq.gz			33289575	0c503135bcd7751c5a3c878f7f99f819								syn31549017
file				HTA9_15_059_A_C185_S569_L002_R1_001.fastq.gz			58634895	3ad67bcc903dfbfb9e4918763ec9b35d								syn31549022
file				HTA9_15_059_A_C186_S570_L002_R1_001.fastq.gz			62336337	68ae72dab9af7e9c3267ac338010695f								syn31549023
file				HTA9_15_059_A_C187_S571_L002_R1_001.fastq.gz			41826637	6333049151a5065cd5e2e4800193a5cd								syn31549021
file				HTA9_15_059_A_C188_S572_L002_R1_001.fastq.gz			57471921	a1c807d42c05b0804ea5abfd850f52e7								syn31549026
file				HTA9_15_059_A_C189_S573_L002_R1_001.fastq.gz			48904346	6d41c05e8396af8e3235e684e775c125								syn31549025
file				HTA9_15_059_A_C18_S402_L002_R1_001.fastq.gz			55905688	808ae5bad0ac02a92a529ea2ff4257c4								syn31549030
file				HTA9_15_059_A_C191_S575_L002_R1_001.fastq.gz			9103929	8dfc006f50e816e27b7a1f763eb39340								syn31549024
file				HTA9_15_059_A_C193_S577_L002_R1_001.fastq.gz			36216880	a12604887527fd72ea53f347e37e5869								syn31549029
file				HTA9_15_059_A_C194_S578_L002_R1_001.fastq.gz			49292422	1c2e53be43c40d9ea8793845e996e6bd								syn31549033
file				HTA9_15_059_A_C195_S579_L002_R1_001.fastq.gz			42630051	1ff03e67b4ac93ce4926a66ac0e235aa								syn31549031
file				HTA9_15_059_A_C196_S580_L002_R1_001.fastq.gz			41321344	90ece635174a210834d86a68a6dfe373								syn31549028
file				HTA9_15_059_A_C197_S581_L002_R1_001.fastq.gz			42004415	d0746e3e0137cf29920f28e9e298cd5b								syn31549034
file				HTA9_15_059_A_C199_S583_L002_R1_001.fastq.gz			21207253	067fe7b1ec6bb3d297701048d446c54a								syn31549032
file				HTA9_15_059_A_C19_S403_L002_R1_001.fastq.gz			53227363	7811f2231772cb24a63fa83352885840								syn31549039
file				HTA9_15_059_A_C200_S584_L002_R1_001.fastq.gz			38195746	e9f0f350d9368a74032bf0ddd620633e								syn31549035
file				HTA9_15_059_A_C201_S585_L002_R1_001.fastq.gz			47124645	3e81d8dea9ad675956e1ae8933c6fb8d								syn31549037
file				HTA9_15_059_A_C203_S587_L002_R1_001.fastq.gz			38306314	fcfb2dca8d71f6a61af2bb856be73266								syn31549036
file				HTA9_15_059_A_C204_S588_L002_R1_001.fastq.gz			45763165	e699f7f53cb4e1ffa584bf090e1137c2								syn31549040
file				HTA9_15_059_A_C207_S591_L002_R1_001.fastq.gz			9049536	5570db89ada1764a266d85a728255baf								syn31549038
file				HTA9_15_059_A_C208_S592_L002_R1_001.fastq.gz			45270634	25c43793ea0264ba4003d69e7a374b96								syn31549042
file				HTA9_15_059_A_C209_S593_L002_R1_001.fastq.gz			53028732	aa6e2b6a09ec308b1caceeb714eb810d								syn31549043
file				HTA9_15_059_A_C20_S404_L002_R1_001.fastq.gz			38657091	f613e9b22acf0b8d2e960cf44a0c166c								syn31549041
file				HTA9_15_059_A_C211_S595_L002_R1_001.fastq.gz			41741405	b94891751f91d7c0cc4b0b794da65ac6								syn31549045
file				HTA9_15_059_A_C212_S596_L002_R1_001.fastq.gz			53178900	0b1f44f88a53e7249661ec6266af4cdc								syn31549044
file				HTA9_15_059_A_C215_S599_L002_R1_001.fastq.gz			36251043	75c31f2aae3865d19f174830fb0fdb9a								syn31549046
file				HTA9_15_059_A_C219_S603_L002_R1_001.fastq.gz			37424091	f8d5d49823ec623ce7709d06e7c5b888								syn31549047
file				HTA9_15_059_A_C21_S405_L002_R1_001.fastq.gz			55926985	9714f3c44787755bea60b3dba35ea553								syn31549049
file				HTA9_15_059_A_C225_S609_L002_R1_001.fastq.gz			52481143	f228554f729394274d6586ab3a72808c								syn31549048
file				HTA9_15_059_A_C226_S610_L002_R1_001.fastq.gz			53475345	b650f04522eec019b78a8e592b7545e9								syn31549051
file				HTA9_15_059_A_C227_S611_L002_R1_001.fastq.gz			25874988	115269e9f96e66db910a4be9212a00e2								syn31549050
file				HTA9_15_059_A_C228_S612_L002_R1_001.fastq.gz			49650719	d6a3986acec2f4f23e266f848630e46a								syn31549053
file				HTA9_15_059_A_C229_S613_L002_R1_001.fastq.gz			48978809	595852f302219073d8d994aa1b70d3dd								syn31549055
file				HTA9_15_059_A_C231_S615_L002_R1_001.fastq.gz			28537193	28d19bedbfe7b281d5a12092ae816773								syn31549052
file				HTA9_15_059_A_C232_S616_L002_R1_001.fastq.gz			41789602	9ee664d3357488bf620ba38a273aad7a								syn31549054
file				HTA9_15_059_A_C234_S618_L002_R1_001.fastq.gz			47048865	e5240b48448e7c952577f93b2e2a7772								syn31549056
file				HTA9_15_059_A_C235_S619_L002_R1_001.fastq.gz			43833944	70969f8c5bedabd0d024232175cbad05								syn31549057
file				HTA9_15_059_A_C236_S620_L002_R1_001.fastq.gz			56145259	5ebbb7033560789b8acb8c542ec5e44b								syn31549059
file				HTA9_15_059_A_C237_S621_L002_R1_001.fastq.gz			33984583	e2695781f06c89e37c5103abcad00299								syn31549058
file				HTA9_15_059_A_C238_S622_L002_R1_001.fastq.gz			12964972	4929f0cf14fc87a2a882e9fb3d5311b6								syn31549060
file				HTA9_15_059_A_C23_S407_L002_R1_001.fastq.gz			45297916	1c833a18a88bd567c0183b52163a263c								syn31549062
file				HTA9_15_059_A_C240_S624_L002_R1_001.fastq.gz			14542508	583dc0a1670a7bd3a2eb963fb7c1844a								syn31549061
file				HTA9_15_059_A_C241_S625_L002_R1_001.fastq.gz			38833073	6f334e9c765c352115ce9aceac490645								syn31549063
file				HTA9_15_059_A_C243_S627_L002_R1_001.fastq.gz			41453200	8dd8f5a57e5dfeceaab4eefc7bf7cf50								syn31549067
file				HTA9_15_059_A_C244_S628_L002_R1_001.fastq.gz			45524523	fc0f4701fed7e04ea2793a20219d5f72								syn31549065
file				HTA9_15_059_A_C245_S629_L002_R1_001.fastq.gz			44961226	ef520d28c42f023e8595d1577c8743b7								syn31549068
file				HTA9_15_059_A_C247_S631_L002_R1_001.fastq.gz			16006593	c49efcf28b7c0d6716fa639c671569c5								syn31549064
file				HTA9_15_059_A_C248_S632_L002_R1_001.fastq.gz			43679379	3dfe100d8f443f0d2e9437f7ff7d2d8c								syn31549069
file				HTA9_15_059_A_C249_S633_L002_R1_001.fastq.gz			48105383	138932a4f11c7a5f7f6d6e3e1c944b22								syn31549172
file				HTA9_15_059_A_C24_S408_L002_R1_001.fastq.gz			11994315	55c7a87a23335b5823549c1260d9925b								syn31549066
file				HTA9_15_059_A_C251_S635_L002_R1_001.fastq.gz			42265182	ce4034fcaab893331061ffe5aa06d89e								syn31549071
file				HTA9_15_059_A_C252_S636_L002_R1_001.fastq.gz			39734176	39f03bb5a8c09211f711da02e066e58a								syn31549072
file				HTA9_15_059_A_C253_S637_L002_R1_001.fastq.gz			46716706	d24b1721392368e37d7bd837ec062017								syn31549073
file				HTA9_15_059_A_C254_S638_L002_R1_001.fastq.gz			13823849	2354bdc568ea8fa38521fac149da4b0e								syn31549070
file				HTA9_15_059_A_C255_S639_L002_R1_001.fastq.gz			42563556	3762d65b0e9e6e5dffdee28a15b9e890								syn31549075
file				HTA9_15_059_A_C256_S640_L002_R1_001.fastq.gz			20348799	3cb962ed2610b4f755fa4124e20c5576								syn31549074
file				HTA9_15_059_A_C257_S641_L002_R1_001.fastq.gz			47247030	cc8aeb1c4161a32b3f891e98926f431d								syn31549077
file				HTA9_15_059_A_C259_S643_L002_R1_001.fastq.gz			57292930	5303d41ab1f831c0f2b0a6e0688dbdc3								syn31549078
file				HTA9_15_059_A_C260_S644_L002_R1_001.fastq.gz			21082488	d3c458f3923c44843949fdb9bc0f5c23								syn31549076
file				HTA9_15_059_A_C261_S645_L002_R1_001.fastq.gz			42901963	61ea3233be2ff7535deb77fe44722296								syn31549079
file				HTA9_15_059_A_C264_S648_L002_R1_001.fastq.gz			46826617	f47d36b59a392cd2be3561181a528592								syn31549081
file				HTA9_15_059_A_C265_S649_L002_R1_001.fastq.gz			40051307	1f7c33d63965f1b9e2d4b4af4c0e796b								syn31549083
file				HTA9_15_059_A_C267_S651_L002_R1_001.fastq.gz			30791633	f2616064039ef9f970c6f7dbbd62e1d8								syn31549080
file				HTA9_15_059_A_C268_S652_L002_R1_001.fastq.gz			41092821	3cb07996df2e551e1df471dcf9f03e7f								syn31549082
file				HTA9_15_059_A_C269_S653_L002_R1_001.fastq.gz			43639760	a593e29d9351caf23206423504553b73								syn31549087
file				HTA9_15_059_A_C26_S410_L002_R1_001.fastq.gz			22123110	773433b85301f7f916fdf25b3f159cf2								syn31549084
file				HTA9_15_059_A_C270_S654_L002_R1_001.fastq.gz			36531724	63f62a9a44c241d67e35b61523a21eb9								syn31549192
file				HTA9_15_059_A_C273_S657_L002_R1_001.fastq.gz			46716585	f48e7af8c16a2485e6ce6ddfb057510e								syn31549086
file				HTA9_15_059_A_C274_S658_L002_R1_001.fastq.gz			45074061	f29757011ff9cc64b51cfc05186b4d14								syn31549088
file				HTA9_15_059_A_C276_S660_L002_R1_001.fastq.gz			53894914	bc7ad7dd10e43b92be09cd8bad03d04a								syn31549089
file				HTA9_15_059_A_C277_S661_L002_R1_001.fastq.gz			47013522	1576e1505c7f32f159e61ea759460fd6								syn31549091
file				HTA9_15_059_A_C27_S411_L002_R1_001.fastq.gz			7230858	30cda47a9e773b6fff579b7a6e12b12c								syn31549085
file				HTA9_15_059_A_C280_S664_L002_R1_001.fastq.gz			50907325	f22042bac5267ebef821421b5fb0ec0a								syn31549090
file				HTA9_15_059_A_C281_S665_L002_R1_001.fastq.gz			60304672	98b95a7a03a2a98326e9e0b0a6a178d2								syn31549094
file				HTA9_15_059_A_C283_S667_L002_R1_001.fastq.gz			50378097	0d3356c71a81bdb0cd6961dc5bcf1d5e								syn31549092
file				HTA9_15_059_A_C285_S669_L002_R1_001.fastq.gz			51739015	11d08c419ff4a4d71cd66346dc88edfa								syn31549096
file				HTA9_15_059_A_C286_S670_L002_R1_001.fastq.gz			16983157	6970e986d81dc8abcbe465c024d185a7								syn31549093
file				HTA9_15_059_A_C288_S672_L002_R1_001.fastq.gz			37081964	a0ea4f896c5a3f011a45b844d5100c3f								syn31549095
file				HTA9_15_059_A_C289_S673_L002_R1_001.fastq.gz			50212913	4151fbc4e88dfc32a09b51c12a31abe0								syn31549097
file				HTA9_15_059_A_C290_S674_L002_R1_001.fastq.gz			54136120	35d33c6aad480bdae7f5e2b85893ed9f								syn31549099
file				HTA9_15_059_A_C293_S677_L002_R1_001.fastq.gz			54105568	3a2cdee57abebca685f1d2a7636e319f								syn31549101
file				HTA9_15_059_A_C295_S679_L002_R1_001.fastq.gz			22030608	e349e29340e717a26a3bc3bb80edbf3c								syn31549098
file				HTA9_15_059_A_C297_S681_L002_R1_001.fastq.gz			41741823	d08f4ec62fadbb05f8977f433bfbc84d								syn31549104
file				HTA9_15_059_A_C298_S682_L002_R1_001.fastq.gz			59759847	ba19716bcd23c8b6fc67d06c4ee66222								syn31549106
file				HTA9_15_059_A_C29_S413_L002_R1_001.fastq.gz			14804692	13d018cdfcffbfb3d16788c29ffaa289								syn31549103
file				HTA9_15_059_A_C2_S386_L002_R1_001.fastq.gz			7728370	dbf6ac01a0d7ff65030430b63c0f537e								syn31549100
file				HTA9_15_059_A_C302_S686_L002_R1_001.fastq.gz			11769613	354456ef54ca340eead32a950c2e59b4								syn31549102
file				HTA9_15_059_A_C303_S687_L002_R1_001.fastq.gz			17505570	440d8aa848abe36ff1a091c17718e79a								syn31549105
file				HTA9_15_059_A_C304_S688_L002_R1_001.fastq.gz			39994100	0ebb896c00ee649b57eb5dafd0d576e2								syn31549108
file				HTA9_15_059_A_C33_S417_L002_R1_001.fastq.gz			25342035	4fc68a6f42a4c28c62a432381ae6c203								syn31549107
file				HTA9_15_059_A_C35_S419_L002_R1_001.fastq.gz			51506010	090ce5cf1f7990a823c1116c5e9874d5								syn31549110
file				HTA9_15_059_A_C36_S420_L002_R1_001.fastq.gz			47059203	1011ef6a3447771d1972c9be94921863								syn31549109
file				HTA9_15_059_A_C37_S421_L002_R1_001.fastq.gz			54775667	a945c32a4aed7d51852e7e039a59d45a								syn31549111
file				HTA9_15_059_A_C39_S423_L002_R1_001.fastq.gz			56624566	a62f54f65fedc7575b7f19e5b28a9ec9								syn31549113
file				HTA9_15_059_A_C3_S387_L002_R1_001.fastq.gz			51274336	a33a05eca95286112c4a08469c075967								syn31549112
file				HTA9_15_059_A_C40_S424_L002_R1_001.fastq.gz			36159274	d75bfb8c3e64df3065f85ccfdfec4473								syn31549115
file				HTA9_15_059_A_C41_S425_L002_R1_001.fastq.gz			48474537	472bfa989693988c1cbb7d729e516250								syn31549118
file				HTA9_15_059_A_C45_S429_L002_R1_001.fastq.gz			11463609	a847f751fd3921bc138bcb4768a543e0								syn31549114
file				HTA9_15_059_A_C47_S431_L002_R1_001.fastq.gz			8120226	d44d1ff217fe82c7183a482bbd7f1a58								syn31549116
file				HTA9_15_059_A_C49_S433_L002_R1_001.fastq.gz			23153685	f787eed92935f451795356b7168ca9eb								syn31549117
file				HTA9_15_059_A_C4_S388_L002_R1_001.fastq.gz			47406669	ac047a7afe76332cb3aec26c214aabdd								syn31549120
file				HTA9_15_059_A_C50_S434_L002_R1_001.fastq.gz			28877922	05294819c40d8ea5f7452c475adc35dc								syn31549119
file				HTA9_15_059_A_C52_S436_L002_R1_001.fastq.gz			54460461	9d83c3b2109905020da54021ce465f51								syn31549122
file				HTA9_15_059_A_C53_S437_L002_R1_001.fastq.gz			31555126	27fd50cb726ca1f53636a0286f160a10								syn31549121
file				HTA9_15_059_A_C55_S439_L002_R1_001.fastq.gz			48023877	b9963ab0451f7cff09546986f85940d4								syn31549123
file				HTA9_15_059_A_C57_S441_L002_R1_001.fastq.gz			50318913	6af858fa048c135e02c06d81bcccc987								syn31549124
file				HTA9_15_059_A_C59_S443_L002_R1_001.fastq.gz			44204332	761540fc44a57174aa59c87633aaeaae								syn31549125
file				HTA9_15_059_A_C5_S389_L002_R1_001.fastq.gz			42571889	2293e8d3b45f5472c55cef4a252ced1c								syn31549127
file				HTA9_15_059_A_C65_S449_L002_R1_001.fastq.gz			41630876	1d22c4a6b5f553b5c1d189954ef8d344								syn31549126
file				HTA9_15_059_A_C66_S450_L002_R1_001.fastq.gz			48352673	865a005a2c82682b44b3020ad0ae92e8								syn31549129
file				HTA9_15_059_A_C67_S451_L002_R1_001.fastq.gz			50974449	cae2cde42d02a4faa68b455489edff61								syn31549130
file				HTA9_15_059_A_C68_S452_L002_R1_001.fastq.gz			46287221	0467412284e424cc92c2c738dfd902a8								syn31549131
file				HTA9_15_059_A_C69_S453_L002_R1_001.fastq.gz			40858009	9450c281b4d75623510ea8b67dd15a2c								syn31549132
file				HTA9_15_059_A_C6_S390_L002_R1_001.fastq.gz			19315664	20f6ec7745f514ad01e2b55950a60349								syn31549128
file				HTA9_15_059_A_C73_S457_L002_R1_001.fastq.gz			33912517	de974fa4a09d82ea6bc89c4381afa9dc								syn31549135
file				HTA9_15_059_A_C74_S458_L002_R1_001.fastq.gz			56789134	22e2d21bdb7caf4075d3d3ef3d4a492c								syn31549138
file				HTA9_15_059_A_C76_S460_L002_R1_001.fastq.gz			53097632	375702dd9e752406d66fcccde2af710c								syn31549137
file				HTA9_15_059_A_C77_S461_L002_R1_001.fastq.gz			54915432	bd331fd58a516f9c1119bda00aa2bdfb								syn31549136
file				HTA9_15_059_A_C79_S463_L002_R1_001.fastq.gz			13472273	8d131ad46a6392de1444b9bb853e1058								syn31549134
file				HTA9_15_059_A_C80_S464_L002_R1_001.fastq.gz			9201106	ed2cd19b656a4f1dbbf6b1dbe4f305bb								syn31549133
file				HTA9_15_059_A_C81_S465_L002_R1_001.fastq.gz			22073151	2f22a86cbbb3de64bd4621ab76e82348								syn31549139
file				HTA9_15_059_A_C82_S466_L002_R1_001.fastq.gz			37257089	2b6635a790f34680639a23a923645858								syn31549141
file				HTA9_15_059_A_C83_S467_L002_R1_001.fastq.gz			42755916	e74657029c63dd4abf7512066607f876								syn31549142
file				HTA9_15_059_A_C84_S468_L002_R1_001.fastq.gz			45142243	4d6d8d931b4b0ca4edc9291dab9adbcf								syn31549143
file				HTA9_15_059_A_C85_S469_L002_R1_001.fastq.gz			44518133	301858a89695499e521357cd1f23af18								syn31549144
file				HTA9_15_059_A_C88_S472_L002_R1_001.fastq.gz			30392569	4870309b4215f7c0eaaa99fc6104a009								syn31549140
file				HTA9_15_059_A_C89_S473_L002_R1_001.fastq.gz			33751007	4afb01ee47ced27e3cb80b91f80416b6								syn31549147
file				HTA9_15_059_A_C8_S392_L002_R1_001.fastq.gz			31274281	8cf5e3fb73059108a741cf5428bacf2e								syn31549148
file				HTA9_15_059_A_C90_S474_L002_R1_001.fastq.gz			51585084	18874815f6f0d2fa022cb1f0ca2220bb								syn31549154
file				HTA9_15_059_A_C91_S475_L002_R1_001.fastq.gz			41791424	2e126eb8a781d424a7ea5824ffeb4490								syn31549149
file				HTA9_15_059_A_C92_S476_L002_R1_001.fastq.gz			45910288	8d94608ecfc269cca0e4184928f1a669								syn31549153
file				HTA9_15_059_A_C93_S477_L002_R1_001.fastq.gz			47115984	617ad678ed81c5b0fa4e858de6cca246								syn31549155
file				HTA9_15_059_A_C94_S478_L002_R1_001.fastq.gz			15335537	0a62abc0373b10f459b41b558c9b667f								syn31549151
file				HTA9_15_059_A_C95_S479_L002_R1_001.fastq.gz			14791396	62a71985a4ce896a1020f2435d246c66								syn31549152
file				HTA9_15_059_A_C96_S480_L002_R1_001.fastq.gz			7203497	5ecbadc878069d19cffe0d19feab1a32								syn31549150
file				HTA9_15_059_A_C97_S481_L002_R1_001.fastq.gz			42024627	ea1f6b0e0717f21bb96d8627a0b4db19								syn31549156
file				HTA9_15_059_A_C98_S482_L002_R1_001.fastq.gz			58070483	ec1bf308f744fd11353ad248a59fe309								syn31549159
file				HTA9_15_059_A_C9_S393_L002_R1_001.fastq.gz			40529294	96484a03b1739cc909f7e2b0b4e919cf								syn31549157
file				HTA9_15_059_D_C305_S689_L002_R1_001.fastq.gz			37499060	0e01ef4f462fe9fd7e0dfeb3de4dad55								syn31549158
file				HTA9_15_059_D_C307_S691_L002_R1_001.fastq.gz			35426375	7618cb4547a59b294f55faf6983751a4								syn31549161
file				HTA9_15_059_D_C308_S692_L002_R1_001.fastq.gz			34619760	5cc34903e61ca55eb2f0925499c7562c								syn31549162
file				HTA9_15_059_D_C313_S697_L002_R1_001.fastq.gz			36820704	ca4697880c7f30d314c742ddbfe59f8d								syn31549163
file				HTA9_15_059_D_C314_S698_L002_R1_001.fastq.gz			36727651	f211e0d4cd6f030428f6895a57b81a1b								syn31549166
file				HTA9_15_059_D_C317_S701_L002_R1_001.fastq.gz			38497624	89d905ac78ff79f44e4ffbd83c2b319e								syn31549167
file				HTA9_15_059_D_C319_S703_L002_R1_001.fastq.gz			9355162	9325e5fe49091433f0c7ae60ada039de								syn31549160
file				HTA9_15_059_D_C320_S704_L002_R1_001.fastq.gz			8462514	f7a15e921c41424bc56b905f0644d2de								syn31549165
file				HTA9_15_059_D_C321_S705_L002_R1_001.fastq.gz			15214975	692a5a53aaad62bad4cfca2a6469f436								syn31549164
file				HTA9_15_059_D_C323_S707_L002_R1_001.fastq.gz			36868143	df8e693be4915fda37d116a4e2bf623d								syn31549169
file				HTA9_15_059_D_C324_S708_L002_R1_001.fastq.gz			22467297	b71d02eb50fa068442b77c90793e5778								syn31549168
file				HTA9_15_059_D_C327_S711_L002_R1_001.fastq.gz			33708152	aed953fcae372349fda9180933788273								syn31549170
file				HTA9_15_059_D_C328_S712_L002_R1_001.fastq.gz			30116569	8d533e10ef55420035efca07ff441d0c								syn31549171
file				HTA9_15_059_D_C329_S713_L002_R1_001.fastq.gz			29663040	7568e5ce0b4696000e2680580b837df7								syn31549173
file				HTA9_15_059_D_C331_S715_L002_R1_001.fastq.gz			28966753	ebfb8a0f16797aa483c7e4dfb46ac030								syn31549177
file				HTA9_15_059_D_C332_S716_L002_R1_001.fastq.gz			26722240	4d9030568eab5c77f1ebeb37a773529c								syn31549175
file				HTA9_15_059_D_C333_S717_L002_R1_001.fastq.gz			33682139	e440239248085797aa8d079e63a4054d								syn31549178
file				HTA9_15_059_D_C336_S720_L002_R1_001.fastq.gz			9854457	cc59a5f8ea4726aaf87c5f8332a53b62								syn31549174
file				HTA9_15_059_D_C337_S721_L002_R1_001.fastq.gz			30947884	5fc96d574e9ce1321ea0ddf2763d5387								syn31549176
file				HTA9_15_059_D_C344_S728_L002_R1_001.fastq.gz			20681394	048259f5c050e19a7d5932c3b9885888								syn31549180
file				HTA9_15_059_D_C347_S731_L002_R1_001.fastq.gz			15015690	0b06e9fe15473224f62450bdb8f476d8								syn31549181
file				HTA9_15_059_D_C348_S732_L002_R1_001.fastq.gz			36270021	dc3e1c0eecf9837ea9ba5dafd2cc2c4b								syn31549183
file				HTA9_15_059_D_C349_S733_L002_R1_001.fastq.gz			7970316	993e56a200a3d3e99d0ad8f22d1448f2								syn31549179
file				HTA9_15_059_D_C351_S735_L002_R1_001.fastq.gz			8855265	23ecae2020720b8511f5a4f3147a1ad1								syn31549182
file				HTA9_15_059_D_C356_S740_L002_R1_001.fastq.gz			36048324	70898be7268e0d599b86d56b48aabe53								syn31549185
file				HTA9_15_059_D_C359_S743_L002_R1_001.fastq.gz			35217158	6bf69f19c962b303d03e544133da9148								syn31549184
file				HTA9_15_059_D_C360_S744_L002_R1_001.fastq.gz			33224574	2649538850d9c23d2563bcfa10dab19d								syn31549186
file				HTA9_15_059_D_C361_S745_L002_R1_001.fastq.gz			40115968	36d24e49b01d8b5c9c81af440f649a8c								syn31549190
file				HTA9_15_059_D_C362_S746_L002_R1_001.fastq.gz			31233402	86568ba6d8979b1a1f12a605cd2fda45								syn31549189
file				HTA9_15_059_D_C365_S749_L002_R1_001.fastq.gz			15445314	0b033d2bd7444c488856d5c904c90bfa								syn31549188
file				HTA9_15_059_D_C366_S750_L002_R1_001.fastq.gz			11164754	9da6e20f78f370282319f243825b0ad8								syn31549187
file				HTA9_15_059_D_C372_S756_L002_R1_001.fastq.gz			33511282	8f5e8ccba8c2046dfef24634d38969ff								syn31549191
file				HTA9_15_059_D_C376_S760_L002_R1_001.fastq.gz			29379770	7524041c9240a364c701b352123698d5								syn31549193
file				HTA9_15_059_D_C377_S761_L002_R1_001.fastq.gz			34668876	47c7dc95dcd4f7141d036cc848a588c6								syn31549194
file				HTA9_15_059_D_C378_S762_L002_R1_001.fastq.gz			33619961	f9b009d0212695d67498240688451883								syn31549196
file				HTA9_15_059_D_C379_S763_L002_R1_001.fastq.gz			34994725	c01034c9efe111e4bdab88e6a765481a								syn31549197
file				HTA9_15_059_D_C380_S764_L002_R1_001.fastq.gz			13665978	79f9b97b901743303944ea92df8516b9								syn31549195
file				HTA9_2_045_C39_S2_L001_R1_001.fastq.gz			76188298	501b48f7439cde582a165b801729684f								syn26535726
file				HTA9_2_045_C39_S2_L002_R1_001.fastq.gz			79589320	372638a01a02fb0db18878688f83647b								syn26535728
file				HTA9_2_045_C39_S2_L003_R1_001.fastq.gz			79947786	e9ca48f2e77146e7dbdf2be71a57172e								syn26535733
file				HTA9_2_045_C39_S2_L004_R1_001.fastq.gz			78838806	459476194604bf5a849ce575c915eb5a								syn26535735
file				HTA9_2_045_C40_S3_L001_R1_001.fastq.gz			84818680	f2e65dbb527c7d102bb5351e4831812f								syn26535736
file				HTA9_2_045_C40_S3_L002_R1_001.fastq.gz			88501114	ae940f669ad194b4692e84734c655ce2								syn26535738
file				HTA9_2_045_C40_S3_L003_R1_001.fastq.gz			89136565	a4c517420fa701f864f093f1844b048c								syn26535748
file				HTA9_2_045_C40_S3_L004_R1_001.fastq.gz			87935980	1dec28e550e7183a14fb3231125be438								syn26535744
file				HTA9_2_045_C41_S4_L001_R1_001.fastq.gz			76142177	d1e52522d1ad369b373470ad360a0c63								syn26535752
file				HTA9_2_045_C41_S4_L002_R1_001.fastq.gz			77702201	0de613697b4df2bfcff4a5eee083954b								syn26535757
file				HTA9_2_045_C41_S4_L003_R1_001.fastq.gz			79189520	15ecbe2cd47fab0f9d112cf3620904dc								syn26535759
file				HTA9_2_045_C41_S4_L004_R1_001.fastq.gz			77364614	7deadbdfbb67e708bea33ca9e103bf66								syn26535760
file				HTA9_2_045_C42_S5_L001_R1_001.fastq.gz			84541322	a00ddd3afb937b6fbf5db481962404f7								syn26535761
file				HTA9_2_045_C42_S5_L002_R1_001.fastq.gz			87580869	22af7d6d793ff3ac5977906bd17b1fe7								syn26535763
file				HTA9_2_045_C42_S5_L003_R1_001.fastq.gz			88470453	3f54e7e8474f60aabbccdd66d66b8992								syn26535765
file				HTA9_2_045_C42_S5_L004_R1_001.fastq.gz			86794660	65975d623114818d007711b425827a2e								syn26535766
file				HTA9_2_045_C45_S8_L001_R1_001.fastq.gz			83173017	ef98f70b05b8bb6f418187178a6fd3b1								syn26535768
file				HTA9_2_045_C45_S8_L002_R1_001.fastq.gz			85329040	0dfb170c41f8ae5bcfd074c85ceb7f48								syn26535770
file				HTA9_2_045_C45_S8_L003_R1_001.fastq.gz			86821023	7b7041044d3960c803998a133d710c1f								syn26535775
file				HTA9_2_045_C45_S8_L004_R1_001.fastq.gz			85185821	226ea02ca39b7540f75ac75462329df0								syn26535773
file				HTA9_2_045_C46_S9_L001_R1_001.fastq.gz			76536533	cbe6ea63ef00ccb74daf1a01dffb5dd5								syn26535774
file				HTA9_2_045_C46_S9_L002_R1_001.fastq.gz			82611065	84eb99e5a1c3f34353825415312c8b92								syn26535777
file				HTA9_2_045_C46_S9_L003_R1_001.fastq.gz			81161939	67e910369abdde2fdc8212b557221aeb								syn26535779
file				HTA9_2_045_C46_S9_L004_R1_001.fastq.gz			81325143	faca6034202bee5421a031610fac8990								syn26535780
file				HTA9_2_045_C48_S11_L001_R1_001.fastq.gz			83479934	b9190e33ae98bf800e4027ece1023c96								syn26535784
file				HTA9_2_045_C48_S11_L002_R1_001.fastq.gz			90272325	d5d91c15f9ba8a78f836862a4614a6b0								syn26535786
file				HTA9_2_045_C48_S11_L003_R1_001.fastq.gz			89083452	27dbd73072a9f0eb3b2bcb464aa9919d								syn26535788
file				HTA9_2_045_C48_S11_L004_R1_001.fastq.gz			89261944	b3baadf64c2dcba45dd2a5cd869f891d								syn26535790
file				HTA9_2_045_C50_S13_L001_R1_001.fastq.gz			72255638	95558319f7e3462dfdbe2c77beac8627								syn26535791
file				HTA9_2_045_C50_S13_L002_R1_001.fastq.gz			77799339	3763cb1b8141fd33ab1b4155356c21fe								syn26535793
file				HTA9_2_045_C50_S13_L003_R1_001.fastq.gz			76784278	0a4c24f66bf698efca8950af372e4d8a								syn26535794
file				HTA9_2_045_C50_S13_L004_R1_001.fastq.gz			76427474	338a68b8b3d90a13322eea8bd5f7a0fc								syn26535796
file				HTA9_2_045_C51_S14_L001_R1_001.fastq.gz			68915040	87c64031535c5917a625e20095490863								syn26535797
file				HTA9_2_045_C51_S14_L002_R1_001.fastq.gz			74623327	17d4bfc0c2424aeb613c7f5c6fc0fddf								syn26535798
file				HTA9_2_045_C51_S14_L003_R1_001.fastq.gz			73282622	efbc5f0179e1a1626ed1e56197498afb								syn26535803
file				HTA9_2_045_C51_S14_L004_R1_001.fastq.gz			73285074	5c4a93ab8f21ac24dd663c6593afb593								syn26535805
file				HTA9_2_045_C52_S15_L001_R1_001.fastq.gz			86617389	cddbd3f5081c7a1e6e1cdd0efd2e76a9								syn26535807
file				HTA9_2_045_C52_S15_L002_R1_001.fastq.gz			93048953	168c3d1eb9150edecfd01a6d93c40c52								syn26535808
file				HTA9_2_045_C52_S15_L003_R1_001.fastq.gz			91671644	9c9f25e215510c295c8a41729b03dd1e								syn26535809
file				HTA9_2_045_C52_S15_L004_R1_001.fastq.gz			91510607	6f6523721968889d6f216a4225fdaafc								syn26535812
file				HTA9_2_045_C53_S16_L001_R1_001.fastq.gz			88125294	e304a5894d96b7c02ba18d2ff9cf809d								syn26535817
file				HTA9_2_045_C53_S16_L002_R1_001.fastq.gz			94470691	4f901c3ef7111bd23b4d6a7f722e9a28								syn26535818
file				HTA9_2_045_C53_S16_L003_R1_001.fastq.gz			93616006	620459705e97145876e77ab8b4a63ec4								syn26535821
file				HTA9_2_045_C53_S16_L004_R1_001.fastq.gz			93411070	cf04f7d3040a3aba0447773e210dab35								syn26535823
file				HTA9_2_045_C55_S18_L001_R1_001.fastq.gz			86490695	98843230e51b48bf65ad1b1625b0a32e								syn26535830
file				HTA9_2_045_C55_S18_L002_R1_001.fastq.gz			92409827	ac64f83fcbc105e00a24c5d3b103c139								syn26535837
file				HTA9_2_045_C55_S18_L003_R1_001.fastq.gz			91705658	131e5bd0854f6b47ae62951e3759835c								syn26535834
file				HTA9_2_045_C55_S18_L004_R1_001.fastq.gz			91743748	18f58f6d69b211eeacf43a94b5984158								syn26535840
file				HTA9_2_045_C56_S19_L001_R1_001.fastq.gz			85936922	f3efd2ba79dda5433805f6549de2e162								syn26535842
file				HTA9_2_045_C56_S19_L002_R1_001.fastq.gz			92541427	c8f56382291401cbb930f94420fb95ff								syn26535846
file				HTA9_2_045_C56_S19_L003_R1_001.fastq.gz			91611601	6975dd0de67708d3fb40783784ef1533								syn26535851
file				HTA9_2_045_C56_S19_L004_R1_001.fastq.gz			92306229	76a6acdd2b3beeee8505d310b2341788								syn26535858
file				HTA9_2_045_C60_S23_L001_R1_001.fastq.gz			92508447	82e12502e58c33c63df9f60c654640b4								syn26535860
file				HTA9_2_045_C60_S23_L002_R1_001.fastq.gz			99477326	38a327af76c69aa687b7769f74e0f056								syn26535866
file				HTA9_2_045_C60_S23_L003_R1_001.fastq.gz			98209662	08883802fc33d57efb77b75a582bb286								syn26535869
file				HTA9_2_045_C60_S23_L004_R1_001.fastq.gz			98620470	9d63a22e3b78dcc97a45f2143d67f1ad								syn26535873
file				HTA9_2_045_C62_S25_L001_R1_001.fastq.gz			96610355	cac0fe5e7afbac5483ad9123187b8801								syn26535876
file				HTA9_2_045_C62_S25_L002_R1_001.fastq.gz			104013299	db24a9b2000b380a319cbaa772c4c712								syn26535881
file				HTA9_2_045_C62_S25_L003_R1_001.fastq.gz			102729623	cb5ddf7f24322004fd6fd61770532489								syn26535886
file				HTA9_2_045_C62_S25_L004_R1_001.fastq.gz			103185705	98b800e5803dceea8cc5e9e64521b36a								syn26535887
file				HTA9_2_045_C66_S28_L001_R1_001.fastq.gz			85486661	a8ab9b79e6fddd9a60a1fa71cf07cdb8								syn26535890
file				HTA9_2_045_C66_S28_L002_R1_001.fastq.gz			92809387	72984c237ce839d377f2c3c7ab18f303								syn26535894
file				HTA9_2_045_C66_S28_L003_R1_001.fastq.gz			91215000	25e3b07aac4b522c9fe592f11b5128b8								syn26535897
file				HTA9_2_045_C66_S28_L004_R1_001.fastq.gz			91265069	56f67d4a778ab5cfe26e015edba9194f								syn26535902
file				HTA9_2_045_C70_S29_L001_R1_001.fastq.gz			89603194	c8b7dbd6f98d22383f17c507903916c9								syn26535903
file				HTA9_2_045_C70_S29_L002_R1_001.fastq.gz			94639438	420050d2b6bfad57896935cad52d0a22								syn26535906
file				HTA9_2_045_C70_S29_L003_R1_001.fastq.gz			94629499	daf0bc3093fdbb6f28d81dca3e7dd9ae								syn26535908
file				HTA9_2_045_C70_S29_L004_R1_001.fastq.gz			94114183	125034ae714236a532f150b835c29c54								syn26535910
file				HTA9_2_045_C73_S32_L001_R1_001.fastq.gz			22293273	ad95ef497f3eb65661848af18b51ee12								syn26535911
file				HTA9_2_045_C73_S32_L002_R1_001.fastq.gz			23545587	778f20c43782a464db2a7ea01b020e85								syn26535912
file				HTA9_2_045_C73_S32_L003_R1_001.fastq.gz			23592571	13eb72e1fd3b3f685e8b6cb247877fac								syn26535915
file				HTA9_2_045_C73_S32_L004_R1_001.fastq.gz			23357935	e88e38c9e17700b29ab97d086d99874a								syn26535919
file				HTA9_2_045_C76_S35_L001_R1_001.fastq.gz			16055632	9c9db0a2adfccbe771b7f3172d770231								syn26535918
file				HTA9_2_045_C76_S35_L002_R1_001.fastq.gz			16860846	026cf7de2a11f13b27e06ade166cadce								syn26535920
file				HTA9_2_045_C76_S35_L003_R1_001.fastq.gz			16924734	9c23323ae39600c589abd72c3b6dd4c7								syn26535925
file				HTA9_2_045_C76_S35_L004_R1_001.fastq.gz			16617148	92ff11679f81bf26b9f3e87578334d29								syn26535927
file				HTA9_2_045_C77_S36_L001_R1_001.fastq.gz			13170536	1d25a4320823b8b317cbfb231248e8a4								syn26535928
file				HTA9_2_045_C77_S36_L002_R1_001.fastq.gz			14019058	fa78e39bad168cadbf61fa179cf04c3d								syn26535929
file				HTA9_2_045_C77_S36_L003_R1_001.fastq.gz			14037605	906a8c3e1a1bb85befeeb2a7c325d865								syn26535931
file				HTA9_2_045_C77_S36_L004_R1_001.fastq.gz			13882920	0b8ea2581cbaad7f4646d17a567c76e6								syn26535933
file				HTA9_2_045_POP_S37_L001_R1_001.fastq.gz			80569161	739dbb49183c8af160902bf78181a5de								syn26535935
file				HTA9_2_045_POP_S37_L002_R1_001.fastq.gz			86992831	d96594f04b9e7145f957360ca574f12b								syn26535946
file				HTA9_2_045_POP_S37_L003_R1_001.fastq.gz			85451715	ce92b5c965246e5c12ef3669aac5b43f								syn26535943
file				HTA9_2_045_POP_S37_L004_R1_001.fastq.gz			86328202	7a00c606a0dfd2a08248887cd1b36a63								syn26535948
file				HTA9_2_046_C100_S137_L001_R1_001.fastq.gz			49872047	fb42a906e07d72e4beede3d495bdb714								syn26535950
file				HTA9_2_046_C100_S137_L002_R1_001.fastq.gz			51974206	99ebadffb4e3d60f7020f20d06c73e5e								syn26535951
file				HTA9_2_046_C100_S137_L003_R1_001.fastq.gz			52312054	8afc8c542d08c2b7bd9ac7e42af13e41								syn26535955
file				HTA9_2_046_C100_S137_L004_R1_001.fastq.gz			51688479	d5bcdd05192b9d6ef35f258cdf6b0c3f								syn26535958
file				HTA9_2_046_C115_S152_L001_R1_001.fastq.gz			48740043	29b2a2cb4a1663eb313399ee696b36cd								syn26535960
file				HTA9_2_046_C115_S152_L002_R1_001.fastq.gz			52028171	099e06dde5a2662844403eed70dd650c								syn26535968
file				HTA9_2_046_C115_S152_L003_R1_001.fastq.gz			51773493	5945fddf3492c739f2dcd2f1c9d13bc4								syn26535967
file				HTA9_2_046_C115_S152_L004_R1_001.fastq.gz			51208605	4d475297671abbff4a01dac11acf574f								syn26535966
file				HTA9_2_046_C116_S153_L001_R1_001.fastq.gz			30887258	227e5a8ca45c63e73a7feabd0003a951								syn26535962
file				HTA9_2_046_C116_S153_L002_R1_001.fastq.gz			32390915	ea3652dba1ed4f9b45766fb21c484817								syn26535963
file				HTA9_2_046_C116_S153_L003_R1_001.fastq.gz			32522987	ccad4d3fdac655e276bc2d630aa6bba9								syn26535974
file				HTA9_2_046_C116_S153_L004_R1_001.fastq.gz			32093530	6efe72de0f273421aafd4a0865172970								syn26535971
file				HTA9_2_046_C117_S154_L001_R1_001.fastq.gz			82838256	3b7752d5a1a494e07781340a09425eaf								syn26535982
file				HTA9_2_046_C117_S154_L002_R1_001.fastq.gz			88757528	6d58c0ffd53a4682cf7928d51f3d1aea								syn26535984
file				HTA9_2_046_C117_S154_L003_R1_001.fastq.gz			87802853	5466d98a9895c0c279ac287fa9f3fa96								syn26535985
file				HTA9_2_046_C117_S154_L004_R1_001.fastq.gz			86852355	44fd2837bce7035752de63888457747d								syn26535987
file				HTA9_2_046_C130_S167_L001_R1_001.fastq.gz			39037708	8311bd3bdf097d57ee58017a08e7494d								syn26535980
file				HTA9_2_046_C130_S167_L002_R1_001.fastq.gz			41427687	85a9c1f9a4d5c1030296a9c187630cc3								syn26535986
file				HTA9_2_046_C130_S167_L003_R1_001.fastq.gz			41392665	9b822593f22dcd230c9d8e85b0442163								syn26535988
file				HTA9_2_046_C130_S167_L004_R1_001.fastq.gz			41217649	186da834b9b087ffbd7fbd7a900371d7								syn26535990
file				HTA9_2_046_C131_S168_L001_R1_001.fastq.gz			55503625	0d9bbbc390d32823198939e473fa3a40								syn26535994
file				HTA9_2_046_C131_S168_L002_R1_001.fastq.gz			59912419	35aaf0ff84a0a3dbf907f7f7750ceaf9								syn26535999
file				HTA9_2_046_C131_S168_L003_R1_001.fastq.gz			59300447	f451f62fe5954a3635aa81bd98c57ec2								syn26536000
file				HTA9_2_046_C131_S168_L004_R1_001.fastq.gz			58981594	d8f104092f46c9d77a9aeaa0541e6656								syn26536002
file				HTA9_2_046_C132_S169_L001_R1_001.fastq.gz			54971265	22e9ac3df435eab8c7a50115fa2ff179								syn26536004
file				HTA9_2_046_C132_S169_L002_R1_001.fastq.gz			58174771	422d10f99fae2ffc874c695287f4bb92								syn26536005
file				HTA9_2_046_C132_S169_L003_R1_001.fastq.gz			58336001	a76b83d52ec03185fb49dddc540f741e								syn26536007
file				HTA9_2_046_C132_S169_L004_R1_001.fastq.gz			57698404	b661ff9ec2507623aa4d9483cd5ce3b3								syn26536008
file				HTA9_2_046_C133_S170_L001_R1_001.fastq.gz			78621525	b0b77e57d3b396beaa33cfd8fc1c58f6								syn26536013
file				HTA9_2_046_C133_S170_L002_R1_001.fastq.gz			84516259	6d57cc25c88aba04a4720d685873cc77								syn26536014
file				HTA9_2_046_C133_S170_L003_R1_001.fastq.gz			83544403	affea176347f8a855ac02f818c6c061c								syn26536015
file				HTA9_2_046_C133_S170_L004_R1_001.fastq.gz			83074761	2b1270620e5062c54cfd4785b7fed6fc								syn26536018
file				HTA9_2_046_C146_S183_L001_R1_001.fastq.gz			47309768	cbb6b0d1e01715a90963ff9cec0e7ec4								syn26536016
file				HTA9_2_046_C146_S183_L002_R1_001.fastq.gz			50419000	49b8a0123557f00beb63649a4b347699								syn26536019
file				HTA9_2_046_C146_S183_L003_R1_001.fastq.gz			50277293	6623ef6eddb6796d50e9438abae85caf								syn26536020
file				HTA9_2_046_C146_S183_L004_R1_001.fastq.gz			49975188	10309d6b7c88ef63765a20bb180598e8								syn26536023
file				HTA9_2_046_C148_S185_L001_R1_001.fastq.gz			40961776	13162f46b82754353706d68968786dd6								syn26536022
file				HTA9_2_046_C148_S185_L002_R1_001.fastq.gz			43515110	6d75e9122d77c415764e1be89d88c8c2								syn26536024
file				HTA9_2_046_C148_S185_L003_R1_001.fastq.gz			43297070	8dd3cbbdc96264bcb140627c4e9a8fe6								syn26536027
file				HTA9_2_046_C148_S185_L004_R1_001.fastq.gz			43183725	a05a1441f40f9fd86842d38f76b9c370								syn26536026
file				HTA9_2_046_C149_S186_L001_R1_001.fastq.gz			61726868	f8c6db8044ef5600ec96707d930dc2a8								syn26536034
file				HTA9_2_046_C149_S186_L002_R1_001.fastq.gz			66316833	8f7c3e2ba1b2f4f45f25be485e382613								syn26536032
file				HTA9_2_046_C149_S186_L003_R1_001.fastq.gz			65610169	57ba995c74bb0412fc3df9f7661b8ae4								syn26536036
file				HTA9_2_046_C149_S186_L004_R1_001.fastq.gz			65294248	899e9cf45b9286e71da464da74a05f74								syn26536037
file				HTA9_2_046_C162_S199_L001_R1_001.fastq.gz			50199338	1c253a5567ae15b7100ac09bef951609								syn26536035
file				HTA9_2_046_C162_S199_L002_R1_001.fastq.gz			52615292	1374f04340cb4c195e8f8d9729b4e699								syn26536039
file				HTA9_2_046_C162_S199_L003_R1_001.fastq.gz			53039436	309b8cdf368080bba90fb5a2cc057008								syn26536038
file				HTA9_2_046_C162_S199_L004_R1_001.fastq.gz			52404627	e2e1a1b4530d9fe2746766433d612023								syn26536041
file				HTA9_2_046_C163_S200_L001_R1_001.fastq.gz			53324316	f57ac98be859a04396f0668c160298f9								syn26536042
file				HTA9_2_046_C163_S200_L002_R1_001.fastq.gz			56234487	ae8620e115fa417bc4a1ab9b66993499								syn26536046
file				HTA9_2_046_C163_S200_L003_R1_001.fastq.gz			56316158	5f7d434238e5618d2c8a6ddf9f18951b								syn26536047
file				HTA9_2_046_C163_S200_L004_R1_001.fastq.gz			55772788	71240515cbf222754db099cb8cd3c90d								syn26536048
file				HTA9_2_046_C164_S201_L001_R1_001.fastq.gz			29776334	047cee4683c30179107743ac517daf03								syn26536049
file				HTA9_2_046_C164_S201_L002_R1_001.fastq.gz			31131051	89cdda772da58bcee81c12c87e9921a1								syn26536051
file				HTA9_2_046_C164_S201_L003_R1_001.fastq.gz			31346683	9d199877ef2add53736b45da706fa69a								syn26536050
file				HTA9_2_046_C164_S201_L004_R1_001.fastq.gz			30919687	2a47906946578a1894cb750720c3e5da								syn26536052
file				HTA9_2_046_C178_S215_L001_R1_001.fastq.gz			50121953	0b9f388738a8ddb88069179f80298988								syn26536054
file				HTA9_2_046_C178_S215_L002_R1_001.fastq.gz			53552035	d2a818eb883865832616980f32f510e2								syn26536055
file				HTA9_2_046_C178_S215_L003_R1_001.fastq.gz			53393543	e46e651f166d193d3f25fd5c1b1846eb								syn26536056
file				HTA9_2_046_C178_S215_L004_R1_001.fastq.gz			53297035	3245b7414aaa5346e12b9fd3a9b7d1d4								syn26536058
file				HTA9_2_046_C179_S216_L001_R1_001.fastq.gz			68105958	4699a5044944869eabda9bdb0aae091c								syn26536060
file				HTA9_2_046_C179_S216_L002_R1_001.fastq.gz			73074169	f1104dbe1d51344ba66228e56e8f3a6a								syn26536068
file				HTA9_2_046_C179_S216_L003_R1_001.fastq.gz			72538188	4a29b84369e65ff263434d1eb98b2ed5								syn26536070
file				HTA9_2_046_C179_S216_L004_R1_001.fastq.gz			72154859	2c2f985e750372d71678a4463be9b860								syn26536072
file				HTA9_2_046_C180_S217_L001_R1_001.fastq.gz			63713835	68277af2a2a512cd9bc16b746566ed69								syn26536074
file				HTA9_2_046_C180_S217_L002_R1_001.fastq.gz			67372176	e453b32f1caa7d6d7f65081093c7c3b9								syn26536079
file				HTA9_2_046_C180_S217_L003_R1_001.fastq.gz			67372743	f663eb059b6ab0af353b8b170ff0d5ac								syn26536084
file				HTA9_2_046_C180_S217_L004_R1_001.fastq.gz			66849057	e8fd50d254657676afbd1e74d370d346								syn26536088
file				HTA9_2_046_C194_S231_L001_R1_001.fastq.gz			44999546	6148cc194a3016cd8f8165a5d0b2db12								syn26536082
file				HTA9_2_046_C194_S231_L002_R1_001.fastq.gz			48294888	18725535659591c07107203032e4f6a7								syn26536085
file				HTA9_2_046_C194_S231_L003_R1_001.fastq.gz			47781754	1e7047d028c886e1a6e6ffba3d123d03								syn26536091
file				HTA9_2_046_C194_S231_L004_R1_001.fastq.gz			47763930	cbb34b0ae97b92004ea9209e761ed471								syn26536094
file				HTA9_2_046_C196_S233_L001_R1_001.fastq.gz			40803909	6f38c95e057059be266a512b00a9e0a6								syn26536092
file				HTA9_2_046_C196_S233_L002_R1_001.fastq.gz			43441959	0640a1cd48c2e6559d94efa05d508106								syn26536093
file				HTA9_2_046_C196_S233_L003_R1_001.fastq.gz			43400617	08261b6bf341c231d36610e0886f077d								syn26536097
file				HTA9_2_046_C196_S233_L004_R1_001.fastq.gz			43039714	3f9cb4caa45438c175463af1a95cb636								syn26536103
file				HTA9_2_046_C197_S234_L001_R1_001.fastq.gz			72904621	ecebcb2c2c03659c4d4e0a17e4a1c794								syn26536114
file				HTA9_2_046_C197_S234_L002_R1_001.fastq.gz			78337480	9642eac3474b26d58790ff72fd2435c4								syn26536120
file				HTA9_2_046_C197_S234_L003_R1_001.fastq.gz			77508119	bd65606d6c098218c9bf28ae2874baa9								syn26536121
file				HTA9_2_046_C197_S234_L004_R1_001.fastq.gz			77150309	ad1f4a8e153630dbd4d3dd236d39f2cf								syn26536128
file				HTA9_2_046_C20_S57_L001_R1_001.fastq.gz			51237841	e6f48106268140e9a300377c28288100								syn26536127
file				HTA9_2_046_C20_S57_L002_R1_001.fastq.gz			54449503	0e90f774924b225238482d3870f69e07								syn26536137
file				HTA9_2_046_C20_S57_L003_R1_001.fastq.gz			54297402	1b5acf50e9a5c79c67eae879f711afaf								syn26536149
file				HTA9_2_046_C20_S57_L004_R1_001.fastq.gz			53750579	83c092427454d985f71382daf2b78612								syn26536142
file				HTA9_2_046_C210_S247_L001_R1_001.fastq.gz			56535786	3e08c791151d63fc1be40833e7bb66b8								syn26536157
file				HTA9_2_046_C210_S247_L002_R1_001.fastq.gz			59913898	1b755382828aca34f5bb11f731e54bf4								syn26536161
file				HTA9_2_046_C210_S247_L003_R1_001.fastq.gz			60048617	3e6f98e0daf9b63648990fcaf48e5bdd								syn26536173
file				HTA9_2_046_C210_S247_L004_R1_001.fastq.gz			59356321	6a6aed4245d45c03ecb4e6e6b64b0ba3								syn26536182
file				HTA9_2_046_C21_S58_L001_R1_001.fastq.gz			51434386	8af7aaba53debb2ab85d11e66839341f								syn26536180
file				HTA9_2_046_C21_S58_L002_R1_001.fastq.gz			55172763	05448247a75c3a127ae453cb000c72f8								syn26536190
file				HTA9_2_046_C21_S58_L003_R1_001.fastq.gz			54543453	8b8db93106705b37f591f7c096c08a41								syn26536192
file				HTA9_2_046_C21_S58_L004_R1_001.fastq.gz			54238751	0b684187223616be59f207117c26141f								syn26536200
file				HTA9_2_046_C226_S263_L001_R1_001.fastq.gz			51196941	e6be11130310def818f8a11697e6c262								syn26536201
file				HTA9_2_046_C226_S263_L002_R1_001.fastq.gz			54975605	a1eda9b037a8ea4d35dc2eef06f15d91								syn26536204
file				HTA9_2_046_C226_S263_L003_R1_001.fastq.gz			54514715	dc2c9cc4ac6354c71e27231c2218d12f								syn26536203
file				HTA9_2_046_C226_S263_L004_R1_001.fastq.gz			54450237	4f39dfcc964c405efed46d261862fc04								syn26536207
file				HTA9_2_046_C227_S264_L001_R1_001.fastq.gz			61749652	f8faa49507fae9465344663453dfa843								syn26536212
file				HTA9_2_046_C227_S264_L002_R1_001.fastq.gz			66633103	145d708984205b6f4242b3f23ec5b025								syn26536215
file				HTA9_2_046_C227_S264_L003_R1_001.fastq.gz			65933386	78a3269fb6e408eff361730f21b441ba								syn26536214
file				HTA9_2_046_C227_S264_L004_R1_001.fastq.gz			65829566	7cdb6f48347cd410a41f48a6096c2f38								syn26536217
file				HTA9_2_046_C243_S280_L001_R1_001.fastq.gz			67360853	cea234e42b413aa78827331ccccef385								syn26536220
file				HTA9_2_046_C243_S280_L002_R1_001.fastq.gz			72136739	bd84e188276ead7cce54105efb0a5cb1								syn26536226
file				HTA9_2_046_C243_S280_L003_R1_001.fastq.gz			71697393	f9a826148d55199f68845d4275754a81								syn26536233
file				HTA9_2_046_C243_S280_L004_R1_001.fastq.gz			71531141	879a2c93da6ae6a98c0ba23ded17c5e8								syn26536234
file				HTA9_2_046_C245_S282_L001_R1_001.fastq.gz			60663171	bdd18280fbe5ba29660e16cc90378261								syn26536229
file				HTA9_2_046_C245_S282_L002_R1_001.fastq.gz			64993984	07d28e8a18281d69f8bb57482299abcc								syn26536237
file				HTA9_2_046_C245_S282_L003_R1_001.fastq.gz			64355931	259a2ea64ec5dc8093498dbcb37ab206								syn26536246
file				HTA9_2_046_C245_S282_L004_R1_001.fastq.gz			64312219	25d74bee45b4a1dcede235918bf7a8d6								syn26536248
file				HTA9_2_046_C259_S296_L001_R1_001.fastq.gz			37119738	78b7b185efd14d472c74b0657bfdf46a								syn26536241
file				HTA9_2_046_C259_S296_L002_R1_001.fastq.gz			7282497	80c74f7914607ed59e0debe38f546280								syn26536235
file				HTA9_2_046_C259_S296_L003_R1_001.fastq.gz			36505564	b98228057d67974b92b6c61aa323a775								syn26536245
file				HTA9_2_046_C259_S296_L004_R1_001.fastq.gz			5606986	8e00223d0e137e75a8d3691dcb9f98bf								syn26536238
file				HTA9_2_046_C274_S311_L001_R1_001.fastq.gz			44992308	34ea22978ee9ddcb5b34bac48fc4429c								syn26536249
file				HTA9_2_046_C274_S311_L002_R1_001.fastq.gz			48252218	c5de3de9852273b0b53c94954b2e388b								syn26536250
file				HTA9_2_046_C274_S311_L003_R1_001.fastq.gz			47960762	fd158d72cf7f0bc4b569fd7b768e391c								syn26536253
file				HTA9_2_046_C274_S311_L004_R1_001.fastq.gz			47832411	8f0feca9e9730e304d1757e2db6ea5ae								syn26536254
file				HTA9_2_046_C275_S312_L001_R1_001.fastq.gz			71004233	15d338424301b35f75a4699d8f103a50								syn26536258
file				HTA9_2_046_C275_S312_L002_R1_001.fastq.gz			76497323	42f527968c738b899debdc278dec331b								syn26536262
file				HTA9_2_046_C275_S312_L003_R1_001.fastq.gz			75868762	c1606a0f04af70324dc76bec66f2d4ab								syn26536265
file				HTA9_2_046_C275_S312_L004_R1_001.fastq.gz			75768323	af472c92a5e8f1d05a5c1637fcb580b5								syn26536266
file				HTA9_2_046_C277_S314_L001_R1_001.fastq.gz			52395250	2544a2394cf399ac233239325bd3df6f								syn26536264
file				HTA9_2_046_C277_S314_L002_R1_001.fastq.gz			56517135	c10bd84f24968435f85dd32a0982741e								syn26536268
file				HTA9_2_046_C277_S314_L003_R1_001.fastq.gz			55734031	cd5fab92e55b6168543bccbe5e4d5e02								syn26536270
file				HTA9_2_046_C277_S314_L004_R1_001.fastq.gz			55735264	9669fbdbb296ae567284f21418147505								syn26536274
file				HTA9_2_046_C290_S327_L001_R1_001.fastq.gz			35517376	6b7247b814189eb2e41745eb3c2fb97e								syn26536273
file				HTA9_2_046_C290_S327_L002_R1_001.fastq.gz			37595027	5b7a5c1e8813f42b22d4211903a22821								syn26536276
file				HTA9_2_046_C290_S327_L003_R1_001.fastq.gz			37476670	b8afd70577f788b31559db717aee1b69								syn26536275
file				HTA9_2_046_C290_S327_L004_R1_001.fastq.gz			37433992	3c5d1ebc63513f9479cbb59f80f2d07b								syn26536279
file				HTA9_2_046_C291_S328_L001_R1_001.fastq.gz			71550153	639c5c4bc0f75cb6c22f125603bf2699								syn26536288
file				HTA9_2_046_C291_S328_L002_R1_001.fastq.gz			76691630	0d4f61ff686588841948e28b2e654d46								syn26536290
file				HTA9_2_046_C291_S328_L003_R1_001.fastq.gz			75976973	68a1807024b97a0882984db11e660cec								syn26536292
file				HTA9_2_046_C291_S328_L004_R1_001.fastq.gz			75908696	b3230a6701484a2b8bd1dd6784bee48a								syn26536293
file				HTA9_2_046_C293_S330_L001_R1_001.fastq.gz			60857584	1fe282c3681003122b5a194f991c8932								syn26536294
file				HTA9_2_046_C293_S330_L002_R1_001.fastq.gz			65201097	998c49b7b153604c5f9a4ea2cecdb452								syn26536298
file				HTA9_2_046_C293_S330_L003_R1_001.fastq.gz			64695432	7940e34e8148b6090b58d073fdab30a9								syn26536304
file				HTA9_2_046_C293_S330_L004_R1_001.fastq.gz			64465469	dbcf7af69e827df51c6449bdb757e894								syn26536306
file				HTA9_2_046_C306_S343_L001_R1_001.fastq.gz			36545742	60249182ec8641a1795f895b9b432bc5								syn26536301
file				HTA9_2_046_C306_S343_L002_R1_001.fastq.gz			38463056	f70cd6782b3cdb1784a19c7471a6af2c								syn26536300
file				HTA9_2_046_C306_S343_L003_R1_001.fastq.gz			38743562	b373df1288a8b989ef1f36c322f66fbc								syn26536312
file				HTA9_2_046_C306_S343_L004_R1_001.fastq.gz			38171675	836dc14d2e9e2374493f0bbdd6e8295c								syn26536311
file				HTA9_2_046_C307_S344_L001_R1_001.fastq.gz			44648010	f4aee5685ce6df83c4d553bb3c0083bb								syn26536309
file				HTA9_2_046_C307_S344_L002_R1_001.fastq.gz			47475539	dfd2c9e6053a147850b6b24ebeeddd23								syn26536313
file				HTA9_2_046_C307_S344_L003_R1_001.fastq.gz			47588263	d942742e6e9c628392bdce91d764db73								syn26536314
file				HTA9_2_046_C307_S344_L004_R1_001.fastq.gz			46961580	e8fa5d3a332c498051f2bcc277596422								syn26536318
file				HTA9_2_046_C309_S346_L001_R1_001.fastq.gz			58492165	11fcea8597b5fbc9a6a186f1da4faab8								syn26536322
file				HTA9_2_046_C309_S346_L002_R1_001.fastq.gz			61968970	880406ea84c2b3b426dafb46bbceb4db								syn26536321
file				HTA9_2_046_C309_S346_L003_R1_001.fastq.gz			62132399	3ab01ea196cfeed408794b5184cc5f4b								syn26536328
file				HTA9_2_046_C309_S346_L004_R1_001.fastq.gz			61252316	6f26a76250ca1e6c77e6f1ce033bfbfb								syn26536326
file				HTA9_2_046_C322_S359_L001_R1_001.fastq.gz			15441159	3c89747b4c84adb0ec74e705f0561470								syn26536325
file				HTA9_2_046_C322_S359_L002_R1_001.fastq.gz			16313166	e7858425875ec163e790b18fe34780fd								syn26536333
file				HTA9_2_046_C322_S359_L003_R1_001.fastq.gz			16293776	24b2e795278b042bde859ae94dc14921								syn26536330
file				HTA9_2_046_C322_S359_L004_R1_001.fastq.gz			16366204	91ea1234448be22368ff9b6c383187b4								syn26536332
file				HTA9_2_046_C323_S360_L001_R1_001.fastq.gz			62743999	787c81c06a8d3a02e4f070cde011d011								syn26536341
file				HTA9_2_046_C323_S360_L002_R1_001.fastq.gz			67549891	6ee9c354dbb96cfcff0656afc34052d6								syn26536342
file				HTA9_2_046_C323_S360_L003_R1_001.fastq.gz			67013188	79f2d89a6f2247b3b18d346c39f65d05								syn26536343
file				HTA9_2_046_C323_S360_L004_R1_001.fastq.gz			67047817	9562ae28903f91246825457902150d8e								syn26536353
file				HTA9_2_046_C338_S375_L001_R1_001.fastq.gz			5581708	cbe688072edcb3e001f0ef20486e517e								syn26536335
file				HTA9_2_046_C338_S375_L002_R1_001.fastq.gz			5812346	a3969b6aa19e8107241f2252a8aeff73								syn26536336
file				HTA9_2_046_C338_S375_L003_R1_001.fastq.gz			5822996	449c099c287a85ece84ce60637b1d082								syn26536339
file				HTA9_2_046_C338_S375_L004_R1_001.fastq.gz			5763978	1f2d87e563fb9b2ceb067eb07eec22b6								syn26536340
file				HTA9_2_046_C339_S376_L001_R1_001.fastq.gz			39531590	9c8809482c4f49ac5efdfda87c2ac71b								syn26536351
file				HTA9_2_046_C339_S376_L002_R1_001.fastq.gz			42277691	f74f754abbb02e63e6cff8a843e30c15								syn26536359
file				HTA9_2_046_C339_S376_L003_R1_001.fastq.gz			42118310	8123b71669b4236e42840bd21f8a49ea								syn26536355
file				HTA9_2_046_C339_S376_L004_R1_001.fastq.gz			41759912	26db5b7c1155fe7c3f7daf5c3b752e92								syn26536357
file				HTA9_2_046_C341_S378_L001_R1_001.fastq.gz			19213900	655d87049c9b56757427619b4ecbadb0								syn26536356
file				HTA9_2_046_C341_S378_L002_R1_001.fastq.gz			20243168	a479a44146a9b8426cd7f6411a83dc58								syn26536368
file				HTA9_2_046_C341_S378_L003_R1_001.fastq.gz			20258598	689e66bdabc622fa5a149c192da6e1ee								syn26536363
file				HTA9_2_046_C341_S378_L004_R1_001.fastq.gz			20035369	a7d30dda3a8fd941be3ea4491b00d4dc								syn26536366
file				HTA9_2_046_C34_S71_L001_R1_001.fastq.gz			7012645	2c19019a3801c3f63f06a68c9c426ec6								syn26536362
file				HTA9_2_046_C34_S71_L002_R1_001.fastq.gz			7409172	f7ce54cdd9ef52f6f9fb8e6539b4f4b0								syn26536369
file				HTA9_2_046_C34_S71_L003_R1_001.fastq.gz			7392985	a202dd81427bdc0fbc3b0d399ccee732								syn26536361
file				HTA9_2_046_C34_S71_L004_R1_001.fastq.gz			7395225	e9baea09ef585d994676f18678ec1c4c								syn26536365
file				HTA9_2_046_C35_S72_L001_R1_001.fastq.gz			55086434	396a2d66983e213b14c53b695bd37d79								syn26536373
file				HTA9_2_046_C35_S72_L002_R1_001.fastq.gz			59275916	e352d770f659e863f94853962b21651e								syn26536374
file				HTA9_2_046_C35_S72_L003_R1_001.fastq.gz			59079898	5a8ef2232b2cc144f3f1519f87ef416f								syn26536378
file				HTA9_2_046_C35_S72_L004_R1_001.fastq.gz			58863721	ecf927db45e2059659a39dbff183375f								syn26536377
file				HTA9_2_046_C36_S73_L001_R1_001.fastq.gz			48819240	10064d89fd6b308f1484f5a58d39e54e								syn26536380
file				HTA9_2_046_C36_S73_L002_R1_001.fastq.gz			52048810	e691da8f3120edf5a3dd77aa6aea32cc								syn26536389
file				HTA9_2_046_C36_S73_L003_R1_001.fastq.gz			51719589	229085d79176bed64a597652d7b45de8								syn26536387
file				HTA9_2_046_C36_S73_L004_R1_001.fastq.gz			51793289	1cc80c709d36c69d7febb6266649e894								syn26536386
file				HTA9_2_046_C37_S74_L001_R1_001.fastq.gz			60907385	165c2e7601274d3bfcdb04112c601c41								syn26536391
file				HTA9_2_046_C37_S74_L002_R1_001.fastq.gz			65589385	4c0da8f52a86b718d9733f6b76a5cddf								syn26536394
file				HTA9_2_046_C37_S74_L003_R1_001.fastq.gz			64915384	8b331d81c34223d1630e6571277dfdfb								syn26536400
file				HTA9_2_046_C37_S74_L004_R1_001.fastq.gz			64999301	56f28f7e97078ebe1c31e98c6464f53a								syn26536401
file				HTA9_2_046_C50_S87_L001_R1_001.fastq.gz			15818196	a04a3c87f601de80218dc40dccb4b243								syn26536392
file				HTA9_2_046_C50_S87_L002_R1_001.fastq.gz			7020697	bee67f3c5ac36318c3024d5ebc998a17								syn26536390
file				HTA9_2_046_C50_S87_L003_R1_001.fastq.gz			15799598	b09f9ed4336cfef58cf1f26dfbe4c504								syn26536396
file				HTA9_2_046_C50_S87_L004_R1_001.fastq.gz			6998617	f9b150b1eeed9b921c951529dc7c3fb6								syn26536398
file				HTA9_2_046_C51_S88_L001_R1_001.fastq.gz			50528442	69dd1e8403713cef8a7deef30a23ca34								syn26536402
file				HTA9_2_046_C51_S88_L002_R1_001.fastq.gz			54031153	c80d4b9cae51cd96484ef02db2b1c143								syn26536408
file				HTA9_2_046_C51_S88_L003_R1_001.fastq.gz			53817463	e235a5f5b7867929596d2dbd2d915f15								syn26536409
file				HTA9_2_046_C51_S88_L004_R1_001.fastq.gz			53529855	e931f0588f4ca9d43a1a36d15859894a								syn26536414
file				HTA9_2_046_C52_S89_L001_R1_001.fastq.gz			58036436	80b2ca8464b12f8e877f7051354d5f43								syn26536415
file				HTA9_2_046_C52_S89_L002_R1_001.fastq.gz			61928216	c771a6ad164849e03adecdfaeafcbd8f								syn26536419
file				HTA9_2_046_C52_S89_L003_R1_001.fastq.gz			61575024	892e0d7bf2700be8f175f2e9153f8f76								syn26536421
file				HTA9_2_046_C52_S89_L004_R1_001.fastq.gz			61348308	74ba51baffc28d429460621ecf3dffe2								syn26536420
file				HTA9_2_046_C53_S90_L001_R1_001.fastq.gz			55318402	3058f4b1f790e051b5384ee28df75314								syn26536425
file				HTA9_2_046_C53_S90_L002_R1_001.fastq.gz			59314635	99d5b2df78e77a4be4f64c40de45ce1f								syn26536431
file				HTA9_2_046_C53_S90_L003_R1_001.fastq.gz			58774291	a4aabd82f9a45593d8bf2b9528fc7dd4								syn26536435
file				HTA9_2_046_C53_S90_L004_R1_001.fastq.gz			58587977	62d7697335861d950d53f465a8604278								syn26536436
file				HTA9_2_046_C54_S91_L001_R1_001.fastq.gz			22256894	7d289a80e6b86f064e646efc42951315								syn26536432
file				HTA9_2_046_C54_S91_L002_R1_001.fastq.gz			23811876	6548d76c688a9836331c61e1f5fe6b33								syn26536433
file				HTA9_2_046_C54_S91_L003_R1_001.fastq.gz			23695697	18b69e4f2ffbb1a67fcc2b71c9f43e7e								syn26536438
file				HTA9_2_046_C54_S91_L004_R1_001.fastq.gz			23638787	db591a796048c7b733aa1b30745ac137								syn26536437
file				HTA9_2_046_C66_S103_L001_R1_001.fastq.gz			26610193	7d20847517983f35c1bb63b5675b439e								syn26536440
file				HTA9_2_046_C66_S103_L002_R1_001.fastq.gz			28127338	1cf476d545914f4935b9edfd92ab0889								syn26536442
file				HTA9_2_046_C66_S103_L003_R1_001.fastq.gz			28288446	d135a022c7c683dc8d50706ec6652bb0								syn26536443
file				HTA9_2_046_C66_S103_L004_R1_001.fastq.gz			27983207	a754c398ae28f4eba02c3f6aba92ba71								syn26536446
file				HTA9_2_046_C67_S104_L001_R1_001.fastq.gz			58503099	8a706713d0f268ee85b3c2ebed69347c								syn26536450
file				HTA9_2_046_C67_S104_L002_R1_001.fastq.gz			62848412	9f2a471ef4bb5939510efebd3611fcf9								syn26536453
file				HTA9_2_046_C67_S104_L003_R1_001.fastq.gz			62495310	34ab587e6b120d89544fbc3f7b22fb3d								syn26536456
file				HTA9_2_046_C67_S104_L004_R1_001.fastq.gz			62064174	8b401accc7c0db505c317404d2c76e41								syn26536458
file				HTA9_2_046_C68_S105_L001_R1_001.fastq.gz			34549255	14d08f807ad99387d8a2dc242a4b30b1								syn26536452
file				HTA9_2_046_C68_S105_L002_R1_001.fastq.gz			35763033	8ffff860090e03df11ddfc576c7824ce								syn26536459
file				HTA9_2_046_C68_S105_L003_R1_001.fastq.gz			36493227	aafc6a0b01fec47e35d7f25d9b746fc4								syn26536463
file				HTA9_2_046_C68_S105_L004_R1_001.fastq.gz			35497832	3920761644246a77f6e5483e69db6d06								syn26536464
file				HTA9_2_046_C69_S106_L001_R1_001.fastq.gz			50960219	8f178b2566d5184c6315686e58cc8a6b								syn26536469
file				HTA9_2_046_C69_S106_L002_R1_001.fastq.gz			54425274	ef7a5297340b6bda301c84c166235799								syn26536471
file				HTA9_2_046_C69_S106_L003_R1_001.fastq.gz			54349044	d790750ec9d32c58511464f67af20723								syn26536474
file				HTA9_2_046_C69_S106_L004_R1_001.fastq.gz			53608292	a10017504a949e01649342ee51b3d018								syn26536476
file				HTA9_2_046_C70_S107_L001_R1_001.fastq.gz			43843696	d16eb0869895d76061823a26e04367c3								syn26536473
file				HTA9_2_046_C70_S107_L002_R1_001.fastq.gz			46946828	71c7ce949a7790e7371ed831e30fa9dc								syn26536481
file				HTA9_2_046_C70_S107_L003_R1_001.fastq.gz			46692304	0f2c2395010c8ea156ea55729576ed81								syn26536482
file				HTA9_2_046_C70_S107_L004_R1_001.fastq.gz			46476421	8ff37ff3fbad0b754fe269d8f1d68d8d								syn26536484
file				HTA9_2_046_C82_S119_L001_R1_001.fastq.gz			50221596	08a153309377d114c86f734d4d1c2659								syn26536483
file				HTA9_2_046_C82_S119_L002_R1_001.fastq.gz			53618031	03d66a9be48063ddf165afce110db9ce								syn26536488
file				HTA9_2_046_C82_S119_L003_R1_001.fastq.gz			53267721	c8e0ef7c984197b6cf18ec4367d347b6								syn26536490
file				HTA9_2_046_C82_S119_L004_R1_001.fastq.gz			53376005	3cc14c632bef71950af1cc542af94ef2								syn26536489
file				HTA9_2_046_C83_S120_L001_R1_001.fastq.gz			63756999	d8be1355369ae4b9875209d61d529b0b								syn26536495
file				HTA9_2_046_C83_S120_L002_R1_001.fastq.gz			67455077	4089bdcb33b589d934efb01621531075								syn26536496
file				HTA9_2_046_C83_S120_L003_R1_001.fastq.gz			68007244	dce96668054a8dd4846611959f978530								syn26536498
file				HTA9_2_046_C83_S120_L004_R1_001.fastq.gz			66529041	f45013ea9afaa82c119cae281c6f718b								syn26536509
file				HTA9_2_046_C85_S122_L001_R1_001.fastq.gz			79289791	83c770e8aca7ef24b67b58565c2f4566								syn26536507
file				HTA9_2_046_C85_S122_L002_R1_001.fastq.gz			85432586	005e0ba707d49cd09cee6244b2f92485								syn26536510
file				HTA9_2_046_C85_S122_L003_R1_001.fastq.gz			84192125	23ee84ade615861dc908e090d279b167								syn26536512
file				HTA9_2_046_C85_S122_L004_R1_001.fastq.gz			84191454	cf76755b4ea9f07320330f9317a82438								syn26536513
file				HTA9_2_046_C86_S123_L001_R1_001.fastq.gz			41467727	730a8caa10aca65bb915d729a4d96dfb								syn26536514
file				HTA9_2_046_C86_S123_L002_R1_001.fastq.gz			44680442	53bd38f70b239b5e22149871f7fb92b4								syn26536515
file				HTA9_2_046_C86_S123_L003_R1_001.fastq.gz			44208821	fab39817b8777b77611795b1a29ea511								syn26536518
file				HTA9_2_046_C86_S123_L004_R1_001.fastq.gz			44243125	551e829bfb4a871ed169719a1ba7323d								syn26536520
file				HTA9_2_046_C98_S135_L001_R1_001.fastq.gz			42255176	abfee697243c6f6605264593e0a86cc8								syn26536522
file				HTA9_2_046_C98_S135_L002_R1_001.fastq.gz			44256854	fe20db64c9d26bd10c93abdeef864589								syn26536526
file				HTA9_2_046_C98_S135_L003_R1_001.fastq.gz			44585729	47520a63206765deb0a7664ef67bcc32								syn26536525
file				HTA9_2_046_C98_S135_L004_R1_001.fastq.gz			43994014	eaa9c96c214db7d1106648e043fe8ac7								syn26536527
file				HTA9_2_046_C99_S136_L001_R1_001.fastq.gz			49208700	511aeea490aa2d02b236f8bce157cb29								syn26536530
file				HTA9_2_046_C99_S136_L002_R1_001.fastq.gz			51600974	f58fa9bdff12aa76bb73eb3fc3272a7f								syn26536534
file				HTA9_2_046_C99_S136_L003_R1_001.fastq.gz			52005073	5b0fd7076dfaee3094c5b7a332a9323b								syn26536533
file				HTA9_2_046_C99_S136_L004_R1_001.fastq.gz			50970797	09f529dbad64dcfa4bc15887ff56ad20								syn26536537
file				HTA9_2_056_C388_S4_L002_R1_001.fastq.gz			24536319	9d480204c05347fdeb3252935874b039								syn26536535
file				HTA9_2_056_C390_S6_L002_R1_001.fastq.gz			54558627	a8ad611a9f0333e687b94b79f13e880d								syn26536541
file				HTA9_2_056_C392_S8_L002_R1_001.fastq.gz			57599744	46e36ff07b6af5216936f71d9dd5b951								syn26536544
file				HTA9_2_056_C393_S9_L002_R1_001.fastq.gz			33677482	470ba2422fc0099cb24be25e3c8e5099								syn26536542
file				HTA9_2_056_C398_S14_L002_R1_001.fastq.gz			62022117	a7e54e14d3f9309e8f47a614cfe2531c								syn26536546
file				HTA9_2_056_C411_S27_L002_R1_001.fastq.gz			98016984	4fffb073dafbdbbe44191a9691ab52d0								syn26536556
file				HTA9_2_056_C414_S30_L002_R1_001.fastq.gz			104655642	c818bbb5ad8e446a6c95b59e9d22f37b								syn26536559
file				HTA9_2_056_C417_S33_L002_R1_001.fastq.gz			12668597	c30f9f69758026cdbf468bfc9797882e								syn26536547
file				HTA9_2_056_C418_S34_L002_R1_001.fastq.gz			26056690	cd800b5daf2401579ca8f1b19a90cddf								syn26536550
file				HTA9_2_056_C427_S43_L002_R1_001.fastq.gz			71253038	55626a41f2fcf55c5b05fcb0a337c668								syn26536561
file				HTA9_2_056_C429_S45_L002_R1_001.fastq.gz			16552473	cd95d5d54d62efd48ef6472992cd1cc9								syn26536552
file				HTA9_2_056_C430_S46_L002_R1_001.fastq.gz			60103449	2e47fc77805f87700f4757dd05a18973								syn26536565
file				HTA9_2_056_C433_S49_L002_R1_001.fastq.gz			20941133	bb4ba83d7d8ad18400cae02c7902a112								syn26536557
file				HTA9_2_056_C434_S50_L002_R1_001.fastq.gz			63075124	8fb15510f0c0323975637a02ce3bf770								syn26536567
file				HTA9_2_056_C435_S51_L002_R1_001.fastq.gz			50783410	614643505c998bdbf83ab25736db3046								syn26536568
file				HTA9_2_056_C439_S55_L002_R1_001.fastq.gz			30504981	b8f9ec3ffd8aa40288fa283a7c65f719								syn26536566
file				HTA9_2_056_C441_S57_L002_R1_001.fastq.gz			67332035	ebb51ed15ad1a5993f0be34f1225f747								syn26536574
file				HTA9_2_056_C442_S58_L002_R1_001.fastq.gz			52281983	cc3dc2ff191fac84cdba6eff8b1202e1								syn26536576
file				HTA9_2_056_C443_S59_L002_R1_001.fastq.gz			49862733	fcefbde51bfaabd05cde2f6fa9769cbc								syn26536575
file				HTA9_2_056_C444_S60_L002_R1_001.fastq.gz			59331560	15d0d44cb5b2e5ed4d3430bdcccdedc8								syn26536581
file				HTA9_2_056_C446_S62_L002_R1_001.fastq.gz			101686340	5f809d837deac9df01ef27fd0ee0c2b1								syn26536591
file				HTA9_2_056_C450_S66_L002_R1_001.fastq.gz			34959842	8a69ca5b1e7534f4e08ac46441bf3c43								syn26536583
file				HTA9_2_056_C451_S67_L002_R1_001.fastq.gz			30151918	ec5aa3ec2b61bffd07d769bb30f37d54								syn26536587
file				HTA9_2_056_C455_S71_L002_R1_001.fastq.gz			32946359	e34660720ac8a5a40ed1deec170dcdbb								syn26536582
file				HTA9_2_056_C458_S74_L002_R1_001.fastq.gz			41092360	bb065ef835a5c5b6632d3bce01afe08f								syn26536590
file				HTA9_2_056_C459_S75_L002_R1_001.fastq.gz			71692321	e74c986f1360fedbb966e0e8d87e40d6								syn26536601
file				HTA9_2_056_C461_S77_L002_R1_001.fastq.gz			25761370	6b2c2c881569b00b1bbe2142cfacb147								syn26536593
file				HTA9_2_056_C462_S78_L002_R1_001.fastq.gz			63099525	feeb3806dc622abbff4048c51f271170								syn26536600
file				HTA9_2_056_C466_S82_L002_R1_001.fastq.gz			35111909	cfdddd0244453550a7a5dcd4895c9ba6								syn26536599
file				HTA9_2_056_C471_S87_L002_R1_001.fastq.gz			30538128	6671755ef2216e6aac29914e99b5eea4								syn26536597
file				HTA9_2_056_C472_S88_L002_R1_001.fastq.gz			102841746	b16c972448342083a38a954d811ed283								syn26536614
file				HTA9_2_056_C473_S89_L002_R1_001.fastq.gz			96910928	6c00d199c6ebab5c0897ad5e7fa211b7								syn26536615
file				HTA9_2_056_C476_S92_L002_R1_001.fastq.gz			38828390	142ec32a06720ca44edf58a2c03611f1								syn26536607
file				HTA9_2_056_C481_S97_L002_R1_001.fastq.gz			52482062	d091c852d4e96870b70c3d07b9206eb1								syn26536610
file				HTA9_2_056_C483_S99_L002_R1_001.fastq.gz			40043775	19b5d532911887692d7f5fbd5c5cd307								syn26536609
file				HTA9_2_056_C484_S100_L002_R1_001.fastq.gz			27580936	19a8f8af3685cc4f080ef7a306d8dae6								syn26536617
file				HTA9_2_056_C488_S104_L002_R1_001.fastq.gz			79925234	574585303aafc5cc31a257aef379fcc0								syn26536624
file				HTA9_2_056_C492_S108_L002_R1_001.fastq.gz			70266312	5f3145d808c306ba7f3d6d0f1fda02a1								syn26536627
file				HTA9_2_056_C493_S109_L002_R1_001.fastq.gz			66197406	86eb373b567d3051e323f0bd92c8991e								syn26536631
file				HTA9_2_056_C497_S113_L002_R1_001.fastq.gz			43291137	f55180147b15458b84e4b438489ca596								syn26536623
file				HTA9_2_056_C498_S114_L002_R1_001.fastq.gz			61304857	592e1d88a2a96f73ae51916447a0bead								syn26536629
file				HTA9_2_056_C501_S117_L002_R1_001.fastq.gz			14528115	0b146b7fd6eb8e2869720c5fbf438370								syn26536634
file				HTA9_2_056_C506_S122_L002_R1_001.fastq.gz			35525620	7d4b7930c87e8059fc979de242c20263								syn26536636
file				HTA9_2_056_C507_S123_L002_R1_001.fastq.gz			63584203	e8c7622f71f27666b0a94572db0f474c								syn26536638
file				HTA9_2_056_C509_S125_L002_R1_001.fastq.gz			54939227	a205c03ebed43bf571f23279a53379d8								syn26536644
file				HTA9_2_056_C513_S129_L002_R1_001.fastq.gz			83688579	8c3b74549d2f4f07ded9eeab4006179c								syn26536652
file				HTA9_2_056_C515_S131_L002_R1_001.fastq.gz			43962930	1d53688c9c9fac1bd4f8f2e59cb17331								syn26536642
file				HTA9_2_056_C523_S139_L002_R1_001.fastq.gz			33466106	6bbdcb2f37af08309a029d1ff4c9967e								syn26536645
file				HTA9_2_056_C525_S141_L002_R1_001.fastq.gz			74829696	5edfc8cc578c6f124b253a53dd84bbc2								syn26536657
file				HTA9_2_056_C529_S145_L002_R1_001.fastq.gz			32957379	124505f85fefcdcb7f380d823589ab4a								syn26536651
file				HTA9_2_056_C530_S146_L002_R1_001.fastq.gz			51275331	027ecee2861b1d1dfe0d9e5e3db1f9f7								syn26536659
file				HTA9_2_056_C531_S147_L002_R1_001.fastq.gz			124502231	ae8e512d78912c08770db1cf07f19c49								syn26536671
file				HTA9_2_056_C532_S148_L002_R1_001.fastq.gz			61637505	93e89df7a908b4bd53d718babcb37bf4								syn26536664
file				HTA9_2_056_C533_S149_L002_R1_001.fastq.gz			36584722	8fe739cc6e25e1b014f68d617873f463								syn26536663
file				HTA9_2_056_C534_S150_L002_R1_001.fastq.gz			23914354	830065a09e981a07dd22f351570d8ff0								syn26536661
file				HTA9_2_056_C537_S153_L002_R1_001.fastq.gz			67445182	4445bf6c148fe608625fcb5c9a985f85								syn26536672
file				HTA9_2_056_C538_S154_L002_R1_001.fastq.gz			24653760	1aee51712a057dc1dc37e61118be3a67								syn26536667
file				HTA9_2_056_C539_S155_L002_R1_001.fastq.gz			18752367	f494cd2e147e89b6e757d795fecc82c6								syn26536668
file				HTA9_2_056_C541_S157_L002_R1_001.fastq.gz			88018690	572731c619b23fac5f97369a348f1230								syn26536687
file				HTA9_2_056_C545_S161_L002_R1_001.fastq.gz			59430536	b28e7e1f1549251bd4285fab6d6977c0								syn26536684
file				HTA9_2_056_C547_S163_L002_R1_001.fastq.gz			56177898	9cec6bea23a309ad3e4212ddbb456512								syn26536679
file				HTA9_2_056_C548_S164_L002_R1_001.fastq.gz			44403043	5f4670240dfff8d677f45faca86cae4d								syn26536680
file				HTA9_2_056_C549_S165_L002_R1_001.fastq.gz			49892648	6471ad3981cdfc022c07906918d3e1ab								syn26536681
file				HTA9_2_056_C551_S167_L002_R1_001.fastq.gz			76931452	d79b9c3b57316432e24b056317e0018a								syn26536697
file				HTA9_2_056_C553_S169_L002_R1_001.fastq.gz			22425760	61783f1f70ef3073943ca713359540a7								syn26536685
file				HTA9_2_056_C555_S171_L002_R1_001.fastq.gz			43788735	bd6f2be02fc131c93f5195ac1a84f4f7								syn26536693
file				HTA9_2_056_C557_S173_L002_R1_001.fastq.gz			55923327	73ef495ebc60acd66e72c56b88889936								syn26536695
file				HTA9_2_056_C561_S177_L002_R1_001.fastq.gz			17542169	d279a17eb6d4e811ca30e2ef63dc012f								syn26536688
file				HTA9_2_056_C565_S181_L002_R1_001.fastq.gz			54867360	ae899ad9accba2d62e7e56b51a9e79c8								syn26536698
file				HTA9_2_056_C566_S182_L002_R1_001.fastq.gz			94534216	71e58b974388905f3e186254e57ff397								syn26536710
file				HTA9_2_056_C572_S188_L002_R1_001.fastq.gz			41329191	ed62ded6436d410fc7b9358b1618333a								syn26536703
file				HTA9_2_056_C573_S189_L002_R1_001.fastq.gz			37726072	0ce1a8251b2a2003ec5e4525d6b578f3								syn26536700
file				HTA9_2_056_C577_S193_L002_R1_001.fastq.gz			60281095	7429b0601ff23cdae7781b9de01dcc12								syn26536708
file				HTA9_2_056_C581_S197_L002_R1_001.fastq.gz			76102256	b851a6f7ced163685546767efa946d30								syn26536713
file				HTA9_2_056_C582_S198_L002_R1_001.fastq.gz			59971953	d3f5d844573db7bd5a4f2bf8dfa19dae								syn26536716
file				HTA9_2_056_C584_S200_L002_R1_001.fastq.gz			23936596	15b6c03f800dca871f90549bd2453457								syn26536712
file				HTA9_2_056_C588_S204_L002_R1_001.fastq.gz			61049668	8f13372cf4565db72b485fe78589827b								syn26536723
file				HTA9_2_056_C589_S205_L002_R1_001.fastq.gz			58098249	5e7a01a1550f4c79afabf05f5f5ee672								syn26536719
file				HTA9_2_056_C593_S209_L002_R1_001.fastq.gz			75320336	bac4431a1894a6652583f5bfccb9197d								syn26536725
file				HTA9_2_056_C594_S210_L002_R1_001.fastq.gz			34869148	32228f0fb870a4bd3f9240de73fcb8a5								syn26536721
file				HTA9_2_056_C596_S212_L002_R1_001.fastq.gz			40115775	7786a0719f4dce56a56e8cae7aaa4433								syn26536726
file				HTA9_2_056_C599_S215_L002_R1_001.fastq.gz			61377515	087085fc4e54bf6bb423d9d56c957e13								syn26536733
file				HTA9_2_056_C600_S216_L002_R1_001.fastq.gz			32797101	cc9652b5b8db8f51c6346f17d2b642b6								syn26536728
file				HTA9_2_056_C601_S217_L002_R1_001.fastq.gz			25871134	bb8c9a7853423d97b71332a60c0bc8bd								syn26536731
file				HTA9_2_056_C604_S220_L002_R1_001.fastq.gz			84649026	d316d77c40f89e0c15c3e0f158520af2								syn26536739
file				HTA9_2_056_C605_S221_L002_R1_001.fastq.gz			118205411	8cafb6a173e716881c1f4d1e1b6321c4								syn26536799
file				HTA9_2_056_C609_S225_L002_R1_001.fastq.gz			102497436	9833752c543cc779105be69315d75c5c								syn26536743
file				HTA9_2_056_C610_S226_L002_R1_001.fastq.gz			75014603	2fd86c0ef7d5102e61a123bddd89128b								syn26536741
file				HTA9_2_056_C611_S227_L002_R1_001.fastq.gz			81925416	4c9c300043358e044835065349f4be2d								syn26536745
file				HTA9_2_056_C612_S228_L002_R1_001.fastq.gz			23219945	225b9076cefd1eeb3473e0cba9ac8427								syn26536747
file				HTA9_2_056_C613_S229_L002_R1_001.fastq.gz			70118092	793c0e478fec39a5c91ac952b7a254ce								syn26536753
file				HTA9_2_056_C614_S230_L002_R1_001.fastq.gz			22637395	6d3b55285574e56daf7437079e0470dc								syn26536748
file				HTA9_2_056_C615_S231_L002_R1_001.fastq.gz			86564034	699167cff160fe935e8245a5d9bb3f9f								syn26536759
file				HTA9_2_056_C616_S232_L002_R1_001.fastq.gz			32001073	584347d4bb90fea4e1952ea45922340a								syn26536749
file				HTA9_2_056_C625_S241_L002_R1_001.fastq.gz			71715114	5bb50d65713955638a4349101ff99d6c								syn26536761
file				HTA9_2_056_C626_S242_L002_R1_001.fastq.gz			52368606	2eaa1dfd5bee456664b0026f30a21c93								syn26536758
file				HTA9_2_056_C627_S243_L002_R1_001.fastq.gz			130205253	91713aa2c99706ba15db0d77715ff221								syn26536786
file				HTA9_2_056_C628_S244_L002_R1_001.fastq.gz			51140972	167d24c1b70698c0c20de801bd892b3e								syn26536766
file				HTA9_2_056_C630_S246_L002_R1_001.fastq.gz			86259164	0f5a96903113bdf47a6c6308671323dc								syn26536783
file				HTA9_2_056_C631_S247_L002_R1_001.fastq.gz			73972400	b9617a26e774e92e007261e5e81b497b								syn26536780
file				HTA9_2_056_C632_S248_L002_R1_001.fastq.gz			56229526	14b297425e206b4f8826b7dfb68a9093								syn26536776
file				HTA9_2_056_C633_S249_L002_R1_001.fastq.gz			39479334	cbbc0a76ca8cd4d594715fc4a3736029								syn26536779
file				HTA9_2_056_C634_S250_L002_R1_001.fastq.gz			39380637	e50f3c4cf94993eecc755bc78bad0e93								syn26536789
file				HTA9_2_056_C641_S257_L002_R1_001.fastq.gz			43191840	10abbe15ed9323ba36405b4a493c80cb								syn26536790
file				HTA9_2_056_C642_S258_L002_R1_001.fastq.gz			12880798	e0986fed3cb9ad802d7e8a9e5fd17a5b								syn26536785
file				HTA9_2_056_C643_S259_L002_R1_001.fastq.gz			25624807	59f3d57b70b301e5affcfe484b636753								syn26536787
file				HTA9_2_056_C644_S260_L002_R1_001.fastq.gz			53200704	c62388e046dbdd4483e52e7c3f4a479b								syn26536794
file				HTA9_2_056_C645_S261_L002_R1_001.fastq.gz			72133011	2630be12aa9c19db6e7b29ced5448927								syn26536800
file				HTA9_2_056_C646_S262_L002_R1_001.fastq.gz			23552687	ed4832d5ecfac8988562ebd4db1b6084								syn26536796
file				HTA9_2_056_C647_S263_L002_R1_001.fastq.gz			44608368	211b72d7b447c230d67cb7fb76a89640								syn26536801
file				HTA9_2_056_C648_S264_L002_R1_001.fastq.gz			59589021	f96bd5cde06d888d8fe48528b26c9282								syn26536803
file				HTA9_2_056_C649_S265_L002_R1_001.fastq.gz			53634564	5461322c1344eba05d5936ce20f8a435								syn26536807
file				HTA9_2_056_C650_S266_L002_R1_001.fastq.gz			35391698	0966a049586c89f454659ba2b1047470								syn26536804
file				HTA9_2_056_C652_S268_L002_R1_001.fastq.gz			35975985	5270761b841b52ef45e42d31dc0fe9b4								syn26536811
file				HTA9_2_056_C653_S269_L002_R1_001.fastq.gz			32369525	1ede89fac1210d5f4c43e3cd822f4116								syn26536810
file				HTA9_2_056_C657_S273_L002_R1_001.fastq.gz			41636904	af944686d105da69fb1097a65a5ca4b9								syn26536814
file				HTA9_2_056_C658_S274_L002_R1_001.fastq.gz			85282078	cc1d5316537a56c02abcaa9236a2f21c								syn26536823
file				HTA9_2_056_C659_S275_L002_R1_001.fastq.gz			71096605	b84fa130f1f1f643853506aa93e4a6dc								syn26536819
file				HTA9_2_056_C660_S276_L002_R1_001.fastq.gz			112697802	f2d02551c49d7566580a2414bd674057								syn26536859
file				HTA9_2_056_C661_S277_L002_R1_001.fastq.gz			94344264	27373789db9219bf7884b93f6bf24418								syn26536831
file				HTA9_2_056_C662_S278_L002_R1_001.fastq.gz			71808493	45a39a9c4ed97c663078467bf5441f71								syn26536825
file				HTA9_2_056_C663_S279_L002_R1_001.fastq.gz			53952420	7fc63ab0dd4df8860831f9791ecdb590								syn26536834
file				HTA9_2_056_C665_S281_L002_R1_001.fastq.gz			74740438	2593a1ea7b72f84df473303ccc832119								syn26536836
file				HTA9_2_056_C666_S282_L002_R1_001.fastq.gz			42473933	dd6fd8f799556a3608771377fa98a44d								syn26536833
file				HTA9_2_056_C673_S289_L002_R1_001.fastq.gz			18441034	064b521a428bf3a3524fe1adbd3bad6f								syn26536832
file				HTA9_2_056_C674_S290_L002_R1_001.fastq.gz			47495243	66a9b6b9202c5c5e17a022bd1ad2b499								syn26536835
file				HTA9_2_056_C675_S291_L002_R1_001.fastq.gz			77852012	bbfcbeed065663f3495db5d4d2d3b463								syn26536838
file				HTA9_2_056_C676_S292_L002_R1_001.fastq.gz			59242993	c2ba4adc4d3f220779b7ec5dbe195530								syn26536840
file				HTA9_2_056_C677_S293_L002_R1_001.fastq.gz			64279938	f4cb968dc6031ce0472e3311f94c9726								syn26536842
file				HTA9_2_056_C678_S294_L002_R1_001.fastq.gz			57626614	af31b5485cf48d75f3b4194f49435b60								syn26536839
file				HTA9_2_056_C680_S296_L002_R1_001.fastq.gz			37910268	67226d4e81f15ee6165971b245bcf5d5								syn26536837
file				HTA9_2_056_C681_S297_L002_R1_001.fastq.gz			38954956	3cf9c59869dacb0acf4b890f606b85d5								syn26536844
file				HTA9_2_056_C682_S298_L002_R1_001.fastq.gz			30707597	e09ebe53d222213c341933e0ecf35c63								syn26536849
file				HTA9_2_056_C683_S299_L002_R1_001.fastq.gz			45130347	3ad18ab844998373b3c49dd1fd116082								syn26536845
file				HTA9_2_056_C684_S300_L002_R1_001.fastq.gz			52088586	06cd40d5ea78deed9262d7d9ee5fb84d								syn26536847
file				HTA9_2_056_C685_S301_L002_R1_001.fastq.gz			15033315	f66efc214ed03b5f77ff1b4a0cb1798e								syn26536843
file				HTA9_2_056_C695_S311_L002_R1_001.fastq.gz			24430596	35e413e8c2d55a4de64f33f4f582f984								syn26536846
file				HTA9_2_056_C705_S321_L002_R1_001.fastq.gz			29079274	a7a98677a5b2b91158a7c528df04dc13								syn26536848
file				HTA9_2_056_C706_S322_L002_R1_001.fastq.gz			83893640	0d8587fa68eb664e1f7822f740a14f94								syn26536851
file				HTA9_2_056_C707_S323_L002_R1_001.fastq.gz			100213663	0145ef3fcd8308de79599d083ad413b1								syn26536852
file				HTA9_2_056_C709_S325_L002_R1_001.fastq.gz			63154411	ceb1ab1746bbef0df7d4de003a6a7e9c								syn26536850
file				HTA9_2_056_C710_S326_L002_R1_001.fastq.gz			110438636	63b62e63d9c15e9ec67290869658b1e2								syn26536855
file				HTA9_2_056_C711_S327_L002_R1_001.fastq.gz			53499533	ee3ddf3be1590171be3be863ba9df446								syn26536853
file				HTA9_2_056_C712_S328_L002_R1_001.fastq.gz			60085153	6c758adf5b7bb1079ec1d90fe997e181								syn26536858
file				HTA9_2_056_C713_S329_L002_R1_001.fastq.gz			82029689	acee6b91bb984ae03c3183a891013ab2								syn26536862
file				HTA9_2_056_C715_S331_L002_R1_001.fastq.gz			60860263	d851746dedaae616ed1c7be403c8d81b								syn26536860
file				HTA9_2_056_C716_S332_L002_R1_001.fastq.gz			44547235	be46dd8aaac764344f8859175cc9d39d								syn26536861
file				HTA9_2_056_C722_S338_L002_R1_001.fastq.gz			103495064	29d8ee77bf2946957083e6cf127681b4								syn26536867
file				HTA9_2_056_C723_S339_L002_R1_001.fastq.gz			15553913	ae8b002eed90dbe7da1cdc810cdacd0e								syn26536863
file				HTA9_2_056_C724_S340_L002_R1_001.fastq.gz			91181111	161dfc68a6ad41962d84935f3d0ca1d2								syn26536869
file				HTA9_2_056_C725_S341_L002_R1_001.fastq.gz			120700890	903f42b4214b47035684effee7b901e4								syn26536871
file				HTA9_2_056_C726_S342_L002_R1_001.fastq.gz			80916240	6579c34268c186208111ee898192e138								syn26536866
file				HTA9_2_056_C727_S343_L002_R1_001.fastq.gz			72521655	e58bc4fd34ed7680f93b1d303e9ed0f7								syn26536868
file				HTA9_2_056_C728_S344_L002_R1_001.fastq.gz			66959501	a424655e33dbc3134c951d18b1244a5f								syn26536873
file				HTA9_2_056_C730_S346_L002_R1_001.fastq.gz			49878449	802eab84daa91d66a351e889d67814d6								syn26536874
file				HTA9_2_056_C731_S347_L002_R1_001.fastq.gz			42962960	a1170a7636fba540fd7a9d5efc999d44								syn26536876
file				HTA9_2_056_C732_S348_L002_R1_001.fastq.gz			31076168	edaa196f7f95712fce47f8e8d71c7df5								syn26536875
file				HTA9_2_056_C733_S349_L002_R1_001.fastq.gz			15006889	fdbaa902cc1c6fb64c87e10c9e0c657e								syn26536870
file				HTA9_2_056_C738_S354_L002_R1_001.fastq.gz			16617893	df6006c49b61e9d146009d51dd301b70								syn26536877
file				HTA9_2_056_C739_S355_L002_R1_001.fastq.gz			112591025	7020780088fb3da8ec8434c266914de0								syn26536884
file				HTA9_2_056_C741_S357_L002_R1_001.fastq.gz			69369670	276311f4a2ba6831d1e4ccbd6171e22c								syn26536880
file				HTA9_2_056_C742_S358_L002_R1_001.fastq.gz			45180257	f427fc17fd827421ab5385e86bcb9ac8								syn26536879
file				HTA9_2_056_C744_S360_L002_R1_001.fastq.gz			37938159	f417550dda6fc0fde90c92da66f4ddec								syn26536881
file				HTA9_2_056_C745_S361_L002_R1_001.fastq.gz			63159637	32ce37aaf61bdca791e5bdce80973c6b								syn26536882
file				HTA9_2_056_C746_S362_L002_R1_001.fastq.gz			26372957	eb9d9cf0e60efebbb158d15928e9c190								syn26536883
file				HTA9_2_056_C747_S363_L002_R1_001.fastq.gz			57042351	d90bc5bd8dfe2844f5221e3fc44c2a48								syn26536885
file				HTA9_2_056_C748_S364_L002_R1_001.fastq.gz			53473911	681a6d397b637d18c2ed0ad267d54e2d								syn26536887
file				HTA9_2_056_C749_S365_L002_R1_001.fastq.gz			30635935	17cf9f5a14d90233d909b3d9c6d3c0b1								syn26536886
file				HTA9_2_056_C753_S369_L002_R1_001.fastq.gz			61307655	d6ca36c1ece5916cdd0222fd50598b8a								syn26536888
file				HTA9_2_056_C754_S370_L002_R1_001.fastq.gz			55934175	4a438234ed502822a363fbfcd13417fd								syn26536889
file				HTA9_2_056_C755_S371_L002_R1_001.fastq.gz			106566348	044f6c77814c02e20c1e144d5560a2c4								syn26536895
file				HTA9_2_056_C756_S372_L002_R1_001.fastq.gz			72866487	2aba761677764ee4971aef8d7d5a6a19								syn26536891
file				HTA9_2_056_C760_S376_L002_R1_001.fastq.gz			35029363	79b686ef08164a265e49a47bc4395774								syn26536890
file				HTA9_2_056_C761_S377_L002_R1_001.fastq.gz			48233220	53cfec7d73ddce683c586f42aed7831e								syn26536892
file				HTA9_2_056_C763_S379_L002_R1_001.fastq.gz			50151343	6cc257220004d4ee62e2824705ba1085								syn26536894
file				HTA9_2_056_C764_S380_L002_R1_001.fastq.gz			28557944	6b76fe1c32526d86952bc9a200376871								syn26536893
file				HTA9_2_55_C10_S10_L001_R1_001.fastq.gz			269507595	df7e6f7c0401554e46cc63ac7b3c9ae4								syn26536901
file				HTA9_2_55_C13_S13_L001_R1_001.fastq.gz			22993775	04d7c643f0ae11cff0c955dd83a0e1e2								syn26536896
file				HTA9_2_55_C18_S17_L001_R1_001.fastq.gz			395944890	6a0b28a20ca7d0b11e523d4cd000dd6e								syn26536905
file				HTA9_2_55_C19_S18_L001_R1_001.fastq.gz			421226754	950beb41fe1641497dfa969b74aae451								syn26536906
file				HTA9_2_55_C1_S1_L001_R1_001.fastq.gz			52553603	ccdee5d8339eb090396c72adf003b045								syn26536898
file				HTA9_2_55_C20_S19_L001_R1_001.fastq.gz			374185602	db93674f00b6ab1cb6d778be38f20ee7								syn26536904
file				HTA9_2_55_C21_S20_L001_R1_001.fastq.gz			440486390	d69f32d77b368f89c5d2497efdfb5617								syn26536909
file				HTA9_2_55_C22_S21_L001_R1_001.fastq.gz			331390375	4a789bc5acdfb7a1ad95700064563c2b								syn26536911
file				HTA9_2_55_C23_S22_L001_R1_001.fastq.gz			24334158	79089838b123798aa01e951395958402								syn26536903
file				HTA9_2_55_C25_S24_L001_R1_001.fastq.gz			290362991	4da00941a51366ad30880674697f8fb6								syn26536914
file				HTA9_2_55_C26_S25_L001_R1_001.fastq.gz			419648244	22eff79224ddd0aa4578b228c9d3e2aa								syn26536916
file				HTA9_2_55_C27_S26_L001_R1_001.fastq.gz			376045140	23dd284d462eef423de0bbc22fb4e53d								syn26536915
file				HTA9_2_55_C29_S28_L001_R1_001.fastq.gz			426769940	d53068a95edaca2adef31717ef3d1224								syn26536922
file				HTA9_2_55_C2_S2_L001_R1_001.fastq.gz			37393854	15d406cac73c37dff122d44c519706ae								syn26536912
file				HTA9_2_55_C30_S29_L001_R1_001.fastq.gz			245761156	aa56709aaa581e716016ac2c4ff219d0								syn26536920
file				HTA9_2_55_C31_S30_L001_R1_001.fastq.gz			194902456	b979f8d6bf78fc23a0ad484a50eaca6c								syn26536932
file				HTA9_2_55_C34_S33_L001_R1_001.fastq.gz			368242410	ca49a5e7fe96b9a1e080825ecf81f830								syn26536926
file				HTA9_2_55_C35_S34_L001_R1_001.fastq.gz			397648831	80ce43b6b6af2fcdd201d0f4f37deeac								syn26536930
file				HTA9_2_55_C36_S35_L001_R1_001.fastq.gz			28853677	23eaa40f36e1bdaa58f4d7be8df85477								syn26536918
file				HTA9_2_55_C37_S36_L001_R1_001.fastq.gz			401217439	1d031b659fb8422ee9f1559438483a85								syn26536935
file				HTA9_2_55_C38_S37_L001_R1_001.fastq.gz			353349227	39724b415f693b573e94144efdd6d3ed								syn26536934
file				HTA9_2_55_C39_S38_L001_R1_001.fastq.gz			373560884	00d7adc3bcbb4f36430a5e8f52dbde45								syn26536936
file				HTA9_2_55_C3_S3_L001_R1_001.fastq.gz			211099640	279db9e35f579ebcbd6913ce601637e7								syn26536939
file				HTA9_2_55_C40_S39_L001_R1_001.fastq.gz			358742482	a1c78315564955f4c6a7fa8648fab099								syn26536942
file				HTA9_2_55_C4_S4_L001_R1_001.fastq.gz			363538477	f21b13afc45156c0b0d011c283975eeb								syn26536944
file				HTA9_2_55_C5_S5_L001_R1_001.fastq.gz			387566526	e626cd2ea9cb6440698c7017b87d1eeb								syn26536948
file				HTA9_2_55_C6_S6_L001_R1_001.fastq.gz			448998054	914aa758d9d584a7cb185a02fc3a9ec3								syn26536951
file				HTA9_2_55_C7_S7_L001_R1_001.fastq.gz			422345750	55cb45049144e5c715150b2977ae9b33								syn26536954
file				HTA9_2_55_C8_S8_L001_R1_001.fastq.gz			385661520	dda409105c15e486910a542b99c9c9d7								syn26536972
file				HTA9_2_55_C9_S9_L001_R1_001.fastq.gz			393620598	0680bb8dc11f90fd07ca4e3cac748fd0								syn26536975
file				HTA9_3_1st_C101_S2909_L008_R1_001.fastq.gz			45830636	74135b716569e1f2ac51880d075936b7								syn26536950
file				HTA9_3_1st_C104_S2912_L008_R1_001.fastq.gz			49270764	c91949e21b0bdee1b21aeadf9bff4daf								syn26536952
file				HTA9_3_1st_C105_S2913_L008_R1_001.fastq.gz			68542626	4fe129c541f913c80bda91970d91780c								syn26536955
file				HTA9_3_1st_C108_S2916_L008_R1_001.fastq.gz			66465885	e9a58fdc8af7254a6045988462a243ab								syn26536957
file				HTA9_3_1st_C109_S2917_L008_R1_001.fastq.gz			53479418	cfb329c895e0e1ea9ccb8dcfb6075b15								syn26536956
file				HTA9_3_1st_C110_S2918_L008_R1_001.fastq.gz			60053673	58f5171481171ad05c8a34e80c8ca091								syn26536958
file				HTA9_3_1st_C111_S2919_L008_R1_001.fastq.gz			35552989	27083203712baec5f8cf6c6bf78eadc0								syn26536959
file				HTA9_3_1st_C112_S2920_L008_R1_001.fastq.gz			53827575	bdf46c70f6c1935d0c026e8330cc1a95								syn26536962
file				HTA9_3_1st_C115_S2923_L008_R1_001.fastq.gz			7858978	988a14c98b0f7539875bf1f92b807cb9								syn26536960
file				HTA9_3_1st_C117_S2925_L008_R1_001.fastq.gz			49415672	d147638fcdfb14d35af5f594d728f862								syn26536963
file				HTA9_3_1st_C120_S2928_L008_R1_001.fastq.gz			63962885	b0965d8c6a112f93f83a65c91bbd048f								syn26536964
file				HTA9_3_1st_C121_S2929_L008_R1_001.fastq.gz			64521422	bf101cb415eaa07b3ff77a7e3b10dd9f								syn26536966
file				HTA9_3_1st_C122_S2930_L008_R1_001.fastq.gz			44134749	c068e5bf47805fa61d584a9889022a0e								syn26536969
file				HTA9_3_1st_C124_S2932_L008_R1_001.fastq.gz			44696231	c9380e49e86485f24ba6eaa2ae0f8945								syn26536970
file				HTA9_3_1st_C126_S2934_L008_R1_001.fastq.gz			39549400	374aeac6f609cdead36d697a5d06a036								syn26536973
file				HTA9_3_1st_C128_S2936_L008_R1_001.fastq.gz			72601374	127e1f24f4db8c0d153aee0087610346								syn26536977
file				HTA9_3_1st_C130_S2938_L008_R1_001.fastq.gz			7411672	dc3df98ce0eec43fac83c22cc5ef85cb								syn26536965
file				HTA9_3_1st_C131_S2939_L008_R1_001.fastq.gz			5351591	55d6c4206edbe0fcff90f87275bc0944								syn26536967
file				HTA9_3_1st_C132_S2940_L008_R1_001.fastq.gz			25377979	477c36f8a6f1eb33a139d834c482d426								syn26536976
file				HTA9_3_1st_C136_S2944_L008_R1_001.fastq.gz			54538521	d13c954ee57d008802ed87848bd74291								syn26536980
file				HTA9_3_1st_C137_S2945_L008_R1_001.fastq.gz			58158859	955def5c05ee3623746f1caa8a73ef0c								syn26536981
file				HTA9_3_1st_C139_S2947_L008_R1_001.fastq.gz			46548203	bde75521bc246bb4776e11476f1f142d								syn26536979
file				HTA9_3_1st_C140_S2948_L008_R1_001.fastq.gz			41949416	aa117d65b44ad2f475908815690d30f5								syn26536982
file				HTA9_3_1st_C141_S2949_L008_R1_001.fastq.gz			37900262	b870d9673b2e74312cf75c54f5987b80								syn26536983
file				HTA9_3_1st_C142_S2950_L008_R1_001.fastq.gz			40799332	579a54d5ba0c56298d10ef321338d6c7								syn26536985
file				HTA9_3_1st_C143_S2951_L008_R1_001.fastq.gz			39200398	dee3da10040723f31933c827c6e4adcf								syn26536984
file				HTA9_3_1st_C149_S2957_L008_R1_001.fastq.gz			41812999	3b135503cf880b4d475c96e4cbb7f6b5								syn26536986
file				HTA9_3_1st_C153_S2961_L008_R1_001.fastq.gz			34621176	f8af5965631eeb13f10578c99eb40644								syn26536992
file				HTA9_3_1st_C155_S2963_L008_R1_001.fastq.gz			30056964	8fdfc440eb6256ee7b2be75bed784a37								syn26536989
file				HTA9_3_1st_C157_S2965_L008_R1_001.fastq.gz			29209108	8ff95cee80103677bf1e2979a2ddbef8								syn26536990
file				HTA9_3_1st_C159_S2967_L008_R1_001.fastq.gz			36719834	5fb2fd34c14b17644402551d9e0d11fd								syn26536993
file				HTA9_3_1st_C163_S2971_L008_R1_001.fastq.gz			5192475	7af74aaa855be34c71ef829718e7ac46								syn26536987
file				HTA9_3_1st_C164_S2972_L008_R1_001.fastq.gz			7553057	56ae762537a5678072c23eb116da2160								syn26536988
file				HTA9_3_1st_C166_S2974_L008_R1_001.fastq.gz			37848459	2aecee6df9a4fbaffcf873b0a1eb956c								syn26536995
file				HTA9_3_1st_C170_S2978_L008_R1_001.fastq.gz			32868538	92021c975aac45e8ccfbe5a27f27fbcf								syn26536996
file				HTA9_3_1st_C172_S2980_L008_R1_001.fastq.gz			36267293	c9356ef8d028dc4be8412777388a3855								syn26536994
file				HTA9_3_1st_C183_S2991_L008_R1_001.fastq.gz			50430145	ceafbc959ca394fd4bb0b453f998c01d								syn26536998
file				HTA9_3_1st_C185_S2993_L008_R1_001.fastq.gz			37108917	692285063fb9d1ae35fed74994fbf7b2								syn26536997
file				HTA9_3_1st_C186_S2994_L008_R1_001.fastq.gz			59459993	aced01e763d50253354dc6cb3e9aa065								syn26537003
file				HTA9_3_1st_C189_S2997_L008_R1_001.fastq.gz			58081957	2eb3cdc8af5b62d04c4b0b8f50db2d7e								syn26537001
file				HTA9_3_1st_C190_S2998_L008_R1_001.fastq.gz			62443615	c839488f2435f30cb01f79327779035d								syn26537002
file				HTA9_3_1st_C191_S2999_L008_R1_001.fastq.gz			43462005	206a4b0153d1b0c5c0eb08bc63f7a5aa								syn26537004
file				HTA9_3_1st_C194_S3002_L008_R1_001.fastq.gz			3495856	997fabb2a0cd43f47fa6afcf00fe832a								syn26536999
file				HTA9_3_1st_C196_S3004_L008_R1_001.fastq.gz			15213397	62ba17e472546d8bff903e94bb81bb90								syn26537000
file				HTA9_3_1st_C197_S3005_L008_R1_001.fastq.gz			39666477	8f19eff8768cced616bfcaf42ada8f99								syn26537006
file				HTA9_3_1st_C199_S3007_L008_R1_001.fastq.gz			62166912	851214735a30d8bb37b60cb8e72e93fe								syn26537010
file				HTA9_3_1st_C19_S2827_L008_R1_001.fastq.gz			10471583	fa8f412495e12b92bc7886514c8f1484								syn26537005
file				HTA9_3_1st_C201_S3009_L008_R1_001.fastq.gz			47664752	3238d10c2a3c5a41ed4c615979f49d93								syn26537009
file				HTA9_3_1st_C204_S3012_L008_R1_001.fastq.gz			54468008	96e4ff7a7e326d495e51046248b4bd59								syn26537011
file				HTA9_3_1st_C207_S3015_L008_R1_001.fastq.gz			56311567	60d1051216b437fb1596028e3f94cc1f								syn26537013
file				HTA9_3_1st_C208_S3016_L008_R1_001.fastq.gz			67380268	da288f92355f1e95740d087990433a3c								syn26537015
file				HTA9_3_1st_C210_S3018_L008_R1_001.fastq.gz			5293853	fad48c9144bd8364683063307bcb5950								syn26537007
file				HTA9_3_1st_C213_S3021_L008_R1_001.fastq.gz			44697708	64002f9e5e5d62d4907a015730175ae6								syn26537016
file				HTA9_3_1st_C214_S3022_L008_R1_001.fastq.gz			39517339	6dea0930a6b2fa974b6113276e9fa28d								syn26537018
file				HTA9_3_1st_C215_S3023_L008_R1_001.fastq.gz			49615147	37f6529c07ed25300aea0631963fa800								syn26537020
file				HTA9_3_1st_C219_S3027_L008_R1_001.fastq.gz			56907551	170b44a0b581549052b68ffe29d76edb								syn26537023
file				HTA9_3_1st_C21_S2829_L008_R1_001.fastq.gz			6325272	f87da5c5a9a5bfeaf1e73ad7636e0363								syn26537017
file				HTA9_3_1st_C221_S3029_L008_R1_001.fastq.gz			52384462	285d32980bfb33d2fea3776a9b8ddf22								syn26537025
file				HTA9_3_1st_C223_S3031_L008_R1_001.fastq.gz			49113084	f1f511cf7e3f72c768a5550c84bf5bde								syn26537024
file				HTA9_3_1st_C224_S3032_L008_R1_001.fastq.gz			60809265	951fba8b37ac753e67ed40c6d5fdd358								syn26537026
file				HTA9_3_1st_C228_S3036_L008_R1_001.fastq.gz			4770790	d291b4049ecf0942449b36e12af7e86c								syn26537021
file				HTA9_3_1st_C22_S2830_L008_R1_001.fastq.gz			9479674	18f746d5b4a5fde5d7b4f1cc78c05c12								syn26537022
file				HTA9_3_1st_C238_S3046_L008_R1_001.fastq.gz			57219008	32930327e15921785c8688d692c47f47								syn26537029
file				HTA9_3_1st_C239_S3047_L008_R1_001.fastq.gz			50095301	0126e8ae058c059a9479d7b01217006d								syn26537028
file				HTA9_3_1st_C240_S3048_L008_R1_001.fastq.gz			83130297	36aa32381a3943c57f6f23ff89ddc6e0								syn26537032
file				HTA9_3_1st_C244_S3052_L008_R1_001.fastq.gz			9806975	c9c528afd8cbb42fd011dd2babac1329								syn26537027
file				HTA9_3_1st_C245_S3053_L008_R1_001.fastq.gz			45613134	4dffd97c199b3ae53a2d5e9c2907c2c5								syn26537031
file				HTA9_3_1st_C247_S3055_L008_R1_001.fastq.gz			34781848	b3c28f6e97b51c71f17c1d3bc6b48607								syn26537030
file				HTA9_3_1st_C248_S3056_L008_R1_001.fastq.gz			33120502	801e2e5e260fb9964792ae3dd950514d								syn26537033
file				HTA9_3_1st_C249_S3057_L008_R1_001.fastq.gz			36575505	8ba4420480112f886e13dedf771af2b2								syn26537034
file				HTA9_3_1st_C250_S3058_L008_R1_001.fastq.gz			26876109	c7ce76af7433cb7ede3e8b18cef33d16								syn26537036
file				HTA9_3_1st_C253_S3061_L008_R1_001.fastq.gz			23283871	32959c45871f0de3ca6bedd7655a89d0								syn26537037
file				HTA9_3_1st_C254_S3062_L008_R1_001.fastq.gz			37196421	74179d209a389abd441ad6bb0009edd9								syn26537038
file				HTA9_3_1st_C25_S2833_L008_R1_001.fastq.gz			59406169	894b398e501a9077215f6f6ac766b94d								syn26537041
file				HTA9_3_1st_C261_S3069_L008_R1_001.fastq.gz			59673698	bb97737496d44802076c9c0bdac42b25								syn26537039
file				HTA9_3_1st_C262_S3070_L008_R1_001.fastq.gz			51399448	99f705b14140a02b271a8b81a8fdec71								syn26537042
file				HTA9_3_1st_C263_S3071_L008_R1_001.fastq.gz			70070250	af7ffeb5d666b7e35d66cd8309cadc35								syn26537047
file				HTA9_3_1st_C264_S3072_L008_R1_001.fastq.gz			37204120	3d5d241a27fe84479818e11b007de3fd								syn26537040
file				HTA9_3_1st_C265_S3073_L008_R1_001.fastq.gz			41866578	c134b4b7243fd12ff36d75192d0922ca								syn26537044
file				HTA9_3_1st_C266_S3074_L008_R1_001.fastq.gz			47176892	2a6aae1a8c5cc4b7cc81291bae082e4d								syn26537046
file				HTA9_3_1st_C270_S3078_L008_R1_001.fastq.gz			52756849	ef1229ac4d727aaea980f2f4f396b97f								syn26537051
file				HTA9_3_1st_C272_S3080_L008_R1_001.fastq.gz			47139594	bc33bf29b6d18703091efa108b6ae353								syn26537048
file				HTA9_3_1st_C273_S3081_L008_R1_001.fastq.gz			2465819	c0a3bf3d1babb02e64be7438bc9d896d								syn26537045
file				HTA9_3_1st_C275_S3083_L008_R1_001.fastq.gz			9272983	2cbbd18d83d8ae04831157fe182784f8								syn26537049
file				HTA9_3_1st_C277_S3085_L008_R1_001.fastq.gz			63186488	99abe880f4841b9cbd62f9f64f26ed0a								syn26537054
file				HTA9_3_1st_C279_S3087_L008_R1_001.fastq.gz			25509149	8aefb979d30fbad99d0a2ff398b60f88								syn26537050
file				HTA9_3_1st_C280_S3088_L008_R1_001.fastq.gz			46385000	3cf29c1fc913eb98508618276ab42c19								syn26537053
file				HTA9_3_1st_C281_S3089_L008_R1_001.fastq.gz			39086296	73fd2df8944da1ad92db646aa769b7d5								syn26537052
file				HTA9_3_1st_C282_S3090_L008_R1_001.fastq.gz			60887782	8a8e2ea6a232b0770a530eb5be6fa1e2								syn26537056
file				HTA9_3_1st_C283_S3091_L008_R1_001.fastq.gz			33555737	8eaa8611ae23afb48a8047efb6797865								syn26537057
file				HTA9_3_1st_C286_S3094_L008_R1_001.fastq.gz			53321309	aec9ee1036834b325327ad31da4dbde2								syn26537060
file				HTA9_3_1st_C287_S3095_L008_R1_001.fastq.gz			60698132	3a934e5669ec000b422d870fcfd33a5b								syn26537061
file				HTA9_3_1st_C288_S3096_L008_R1_001.fastq.gz			53347752	e0801d6e8921e22c7d6f1dacaca024f4								syn26537062
file				HTA9_3_1st_C289_S3097_L008_R1_001.fastq.gz			2497470	a0413bf390dd865c608fb19dee8582d4								syn26537055
file				HTA9_3_1st_C28_S2836_L008_R1_001.fastq.gz			67088202	aac7a5ffd584e8d3b2c4028a744fd7b7								syn26537064
file				HTA9_3_1st_C290_S3098_L008_R1_001.fastq.gz			5013110	532b2df33e4c6c4ec3c6e61d985e0310								syn26537058
file				HTA9_3_1st_C291_S3099_L008_R1_001.fastq.gz			7095456	c552fcb81613e4764955b9e26c31ab77								syn26537059
file				HTA9_3_1st_C294_S3102_L008_R1_001.fastq.gz			59010668	fe52c956736b02d58b2848e252964131								syn26537063
file				HTA9_3_1st_C295_S3103_L008_R1_001.fastq.gz			52785610	de4160f64ff25c02ccb9318e73e086ff								syn26537067
file				HTA9_3_1st_C297_S3105_L008_R1_001.fastq.gz			52037618	e7fbecb1c1c77e1588da3e5deef98d96								syn26537066
file				HTA9_3_1st_C29_S2837_L008_R1_001.fastq.gz			66672002	a31fe52cea3ad642842c79a9c2a17973								syn26537070
file				HTA9_3_1st_C300_S3108_L008_R1_001.fastq.gz			51074388	96f5d31db42da94a6784edd62aba838c								syn26537069
file				HTA9_3_1st_C304_S3112_L008_R1_001.fastq.gz			69757624	5dd3ff60a5f0a6db74ec2c7ae6ed71c9								syn26537072
file				HTA9_3_1st_C306_S3114_L008_R1_001.fastq.gz			1792880	8306aa553e8c19f06cce3a858ad6844d								syn26537065
file				HTA9_3_1st_C307_S3115_L008_R1_001.fastq.gz			18407784	18b6f50e4eb19ed4cb22d8f52cdd28f8								syn26537071
file				HTA9_3_1st_C308_S3116_L008_R1_001.fastq.gz			11754744	605570fe748b4735919e8c1362610439								syn26537068
file				HTA9_3_1st_C309_S3117_L008_R1_001.fastq.gz			60699770	ab1c4883ff1d62b7dbe0cab8f8b8f335								syn26537075
file				HTA9_3_1st_C30_S2838_L008_R1_001.fastq.gz			48552859	9ee0ce7d0350f4ab01eb6d1ed683e7cc								syn26537074
file				HTA9_3_1st_C310_S3118_L008_R1_001.fastq.gz			16718163	5fc7817ba2c6652ee20986374b8430f3								syn26537073
file				HTA9_3_1st_C313_S3121_L008_R1_001.fastq.gz			38512467	68dcf30d85dafab0961f41aea5d7f18a								syn26537076
file				HTA9_3_1st_C314_S3122_L008_R1_001.fastq.gz			57235754	ce7ae8655073de4e7ceb53e49665ea9b								syn26537078
file				HTA9_3_1st_C315_S3123_L008_R1_001.fastq.gz			41408868	47ab4750de2cb1c591fd5f9c916a06ba								syn26537077
file				HTA9_3_1st_C318_S3126_L008_R1_001.fastq.gz			45280773	3e217e4a99179cb147191a72972cc5ac								syn26537081
file				HTA9_3_1st_C31_S2839_L008_R1_001.fastq.gz			53407517	b585a504f30d96f66412554fbec527e5								syn26537083
file				HTA9_3_1st_C320_S3128_L008_R1_001.fastq.gz			59272213	d7c4d35d26f47e873dbd4cd2fe91fed0								syn26537084
file				HTA9_3_1st_C323_S3131_L008_R1_001.fastq.gz			16296076	99e7fc046608e3dd58614f4592ddc3b7								syn26537082
file				HTA9_3_1st_C324_S3132_L008_R1_001.fastq.gz			7466523	8e3d8bd608e5f4189563595f6b434f96								syn26537080
file				HTA9_3_1st_C327_S3135_L008_R1_001.fastq.gz			53560278	b3c127ba1a2ca31d4c3a726e51db0304								syn26537085
file				HTA9_3_1st_C328_S3136_L008_R1_001.fastq.gz			40234623	2da36b6dd6662b6d4dd9e13dc17f5ad8								syn26537087
file				HTA9_3_1st_C329_S3137_L008_R1_001.fastq.gz			41347758	dfa5121a39b22c8a1d4b5675562fdc3d								syn26537089
file				HTA9_3_1st_C332_S3140_L008_R1_001.fastq.gz			42232231	e6a8a754d49f018e8d40752265967455								syn26537091
file				HTA9_3_1st_C333_S3141_L008_R1_001.fastq.gz			62716659	e52bec9ee96c61d02d61dfcd8830aaed								syn26537097
file				HTA9_3_1st_C334_S3142_L008_R1_001.fastq.gz			54705465	79e5f43957c3573556b0ea915da8fd28								syn26537096
file				HTA9_3_1st_C335_S3143_L008_R1_001.fastq.gz			55249360	c0e6ca8d41dd0dc4e92d8d8b73dea89f								syn26537095
file				HTA9_3_1st_C336_S3144_L008_R1_001.fastq.gz			12195964	bbcccee995c16d8698419c59fd8d1ebd								syn26537090
file				HTA9_3_1st_C340_S3148_L008_R1_001.fastq.gz			14252942	62e1dc6f9e7fabb86dd2e9172665b1d1								syn26537093
file				HTA9_3_1st_C342_S3150_L008_R1_001.fastq.gz			68886263	11e276c4e6c940d458f8fb4fb18665af								syn26537101
file				HTA9_3_1st_C343_S3151_L008_R1_001.fastq.gz			60645753	a7ac831cdc146f84f9affb84a2b62e25								syn26537103
file				HTA9_3_1st_C347_S3155_L008_R1_001.fastq.gz			35409265	780e260e445caa6720ccab729d6c4646								syn26537099
file				HTA9_3_1st_C350_S3158_L008_R1_001.fastq.gz			59084003	9745eb0ff3552cbf6a86e1a4c8812e00								syn26537102
file				HTA9_3_1st_C356_S3164_L008_R1_001.fastq.gz			9369245	dfb4c0794044a9bd892185811b575027								syn26537098
file				HTA9_3_1st_C358_S3166_L008_R1_001.fastq.gz			16655819	f11a58b49e3ad48e55b9b61cc8ce097a								syn26537100
file				HTA9_3_1st_C360_S3168_L008_R1_001.fastq.gz			46980756	fa0292f770d695ab1058b0ee118ba3a9								syn26537107
file				HTA9_3_1st_C361_S3169_L008_R1_001.fastq.gz			31673555	72c517fbf099caf6ff5697c0c2a154de								syn26537104
file				HTA9_3_1st_C365_S3173_L008_R1_001.fastq.gz			21914994	a93aeedc762fef3434c6549589b47c25								syn26537108
file				HTA9_3_1st_C366_S3174_L008_R1_001.fastq.gz			60047472	20d973c95e719a8a133b531e33ae8eef								syn26537110
file				HTA9_3_1st_C373_S3181_L008_R1_001.fastq.gz			19022072	b59371c9df154dfacc8e89b9da62d704								syn26537106
file				HTA9_3_1st_C376_S3184_L008_R1_001.fastq.gz			39314912	9ff14d48253b2dc27fac03f78dc96c4b								syn26537111
file				HTA9_3_1st_C377_S3185_L008_R1_001.fastq.gz			52089383	df0ec35de84fb4435632dc6dcc49d251								syn26537114
file				HTA9_3_1st_C379_S3187_L008_R1_001.fastq.gz			25592501	e32f02038ed5f4694b5fed7a2ddc5f72								syn26537112
file				HTA9_3_1st_C381_S3189_L008_R1_001.fastq.gz			15168407	76588abab8fb824729f3247047e4b1a5								syn26537109
file				HTA9_3_1st_C382_S3190_L008_R1_001.fastq.gz			49920894	3b93083e24c3b54acebdcc84c3e90800								syn26537115
file				HTA9_3_1st_C40_S2848_L008_R1_001.fastq.gz			60074994	61f1edb5f7442aafd1b783c8e488b07e								syn26537121
file				HTA9_3_1st_C44_S2852_L008_R1_001.fastq.gz			68150149	3378f29f55c37174798c06df6a263b96								syn26537117
file				HTA9_3_1st_C48_S2856_L008_R1_001.fastq.gz			12418272	652ef84f694c753ea4b27acc87e3eeef								syn26537113
file				HTA9_3_1st_C53_S2861_L008_R1_001.fastq.gz			14290650	cc1f16d459bead8da3b4a148614fe72d								syn26537116
file				HTA9_3_1st_C55_S2863_L008_R1_001.fastq.gz			20535265	b8948e445a8e6eeb55a78851da042c2b								syn26537118
file				HTA9_3_1st_C57_S2865_L008_R1_001.fastq.gz			50095516	0608f0e7dd19fdd9b8e4d3adfb4c3844								syn26537122
file				HTA9_3_1st_C58_S2866_L008_R1_001.fastq.gz			50365337	cbd2a516661de5e0688f84ce47a65043								syn26537126
file				HTA9_3_1st_C5_S2813_L008_R1_001.fastq.gz			8712865	85126fde8ca89ffb1bcf9aeb777b358b								syn26537120
file				HTA9_3_1st_C60_S2868_L008_R1_001.fastq.gz			52090085	5b8d7a4eef75aeb92b5e8f9e9c8e5f19								syn26537127
file				HTA9_3_1st_C61_S2869_L008_R1_001.fastq.gz			71681795	dc914f65c4243e6f2b775f5fd9474126								syn26537130
file				HTA9_3_1st_C62_S2870_L008_R1_001.fastq.gz			60174298	8e533407b4ae471fe49c93a37165ad6f								syn26537131
file				HTA9_3_1st_C63_S2871_L008_R1_001.fastq.gz			59430953	9c283381deb2af7b9be4dcc86c8ed0c6								syn26537133
file				HTA9_3_1st_C66_S2874_L008_R1_001.fastq.gz			8921768	499ec3bfd6aac0080ab3c7120db25c71								syn26537129
file				HTA9_3_1st_C67_S2875_L008_R1_001.fastq.gz			8028260	6c11db2425dab2bfbe991417ebf8d046								syn26537128
file				HTA9_3_1st_C70_S2878_L008_R1_001.fastq.gz			58687634	a3eaab94370eecbb18684859a490dcb0								syn26537137
file				HTA9_3_1st_C73_S2881_L008_R1_001.fastq.gz			43008073	5698f3e4382a3e342a312ced17288b24								syn26537139
file				HTA9_3_1st_C77_S2885_L008_R1_001.fastq.gz			40334951	5ea9de90c02147cfd2770db9fb0e28f7								syn26537136
file				HTA9_3_1st_C80_S2888_L008_R1_001.fastq.gz			13619983	a4f09e355cf4bff366fa2336a30bdc27								syn26537134
file				HTA9_3_1st_C82_S2890_L008_R1_001.fastq.gz			8061066	2ba33bc592d6a42434afe80ea92c11d0								syn26537132
file				HTA9_3_1st_C83_S2891_L008_R1_001.fastq.gz			10295546	2299f4eec32a5b09ff830df4ae5358d3								syn26537138
file				HTA9_3_1st_C84_S2892_L008_R1_001.fastq.gz			10089590	e4744dd252c68843059f573bac7c7280								syn26537140
file				HTA9_3_1st_C89_S2897_L008_R1_001.fastq.gz			40464965	e55ea06c659b13707fe4aff2aee23d1c								syn26537141
file				HTA9_3_1st_C8_S2816_L008_R1_001.fastq.gz			51052320	46efdcbfbeac71e8994702f517ea2694								syn26537145
file				HTA9_3_1st_C90_S2898_L008_R1_001.fastq.gz			47111764	7cf65a48a5f1aed50a8e827f0f8162f6								syn26537146
file				HTA9_3_1st_C94_S2902_L008_R1_001.fastq.gz			49127226	a0752018468a41a0f23c13b33959a131								syn26537147
file				HTA9_3_1st_C95_S2903_L008_R1_001.fastq.gz			57412607	1f80c3d5c5cc9b511903fab32739677e								syn26537150
file				HTA9_3_1st_C9_S2817_L008_R1_001.fastq.gz			41067239	34d320009252010d565b47498bae6320								syn26537151
file				HTA9_3_2nd_C113_S881_L003_R1_001.fastq.gz			24451071	aca3c02055705a7a5f5700fd065185f1								syn26537149
file				HTA9_3_2nd_C114_S882_L003_R1_001.fastq.gz			51557221	574cee07137524b9ad3b972974f9e6d6								syn26537154
file				HTA9_3_2nd_C115_S883_L003_R1_001.fastq.gz			44815214	fe199ae19ff491dcefe497e2bacf159b								syn26537153
file				HTA9_3_2nd_C117_S885_L003_R1_001.fastq.gz			40092053	08df787fd9619c477a59921dad74e2da								syn26537156
file				HTA9_3_2nd_C170_S938_L003_R1_001.fastq.gz			49198695	b828e8d3f4aa01ba31783f3b501dffaa								syn26537157
file				HTA9_3_2nd_C171_S939_L003_R1_001.fastq.gz			36401604	1d17ecada2306d48a536056a1020ddfb								syn26537155
file				HTA9_3_2nd_C173_S941_L003_R1_001.fastq.gz			38239474	d341b7d82d01422d4a73727e5e08fb91								syn26537158
file				HTA9_3_2nd_C174_S942_L003_R1_001.fastq.gz			47891672	237ade2dc169f8df43384b18437ecc5c								syn26537160
file				HTA9_3_2nd_C175_S943_L003_R1_001.fastq.gz			38017172	7251bb03a30147e4747732f45cfbf1fe								syn26537159
file				HTA9_3_2nd_C178_S946_L003_R1_001.fastq.gz			47668397	1b01110e5b4c2c2e116fa7d506311875								syn26537166
file				HTA9_3_2nd_C179_S947_L003_R1_001.fastq.gz			51277594	e5837b1dccbe56ec12e6a70f67a0050a								syn26537161
file				HTA9_3_2nd_C180_S948_L003_R1_001.fastq.gz			51067344	8b9f2868e3238c3d09cf416b5bd4b964								syn26537162
file				HTA9_3_2nd_C181_S949_L003_R1_001.fastq.gz			41010335	acc63cbf7b92752b8fe48302ebcfb3cb								syn26537164
file				HTA9_3_2nd_C182_S950_L003_R1_001.fastq.gz			26818496	145694e3f77fdcdc55debff97480fd12								syn26537163
file				HTA9_3_2nd_C184_S952_L003_R1_001.fastq.gz			41405340	15146c7bd344f5f54f5a363a89a16769								syn26537165
file				HTA9_3_2nd_C189_S957_L003_R1_001.fastq.gz			33912087	c1473efdd7f3a4407683f4985a7171e7								syn26537168
file				HTA9_3_2nd_C18_S786_L003_R1_001.fastq.gz			10472487	cb8dc57afc78d1484576483489e828fa								syn26537167
file				HTA9_3_2nd_C191_S959_L003_R1_001.fastq.gz			30404665	91380d467d2e923cb194ecd45e824666								syn26537169
file				HTA9_3_2nd_C194_S962_L003_R1_001.fastq.gz			36303537	6c24f7d9c371b86a07bb3742241728d5								syn26537171
file				HTA9_3_2nd_C195_S963_L003_R1_001.fastq.gz			33943512	acc849b785ef003a3c5c54e9580e2336								syn26537173
file				HTA9_3_2nd_C196_S964_L003_R1_001.fastq.gz			27861893	d36cee236774a2e7aadd23148b27911c								syn26537172
file				HTA9_3_2nd_C197_S965_L003_R1_001.fastq.gz			31977527	039416d8800bea8158f8a32fa5a33523								syn26537174
file				HTA9_3_2nd_C199_S967_L003_R1_001.fastq.gz			41295656	40daeb21a497ed7faebe8e77398f67cc								syn26537178
file				HTA9_3_2nd_C200_S968_L003_R1_001.fastq.gz			38386841	a6a40d5f505e78f0f640ef0969c38dd3								syn26537176
file				HTA9_3_2nd_C201_S969_L003_R1_001.fastq.gz			27720353	12503de43357dc36859117e8ed4044d3								syn26537177
file				HTA9_3_2nd_C202_S970_L003_R1_001.fastq.gz			29750527	017058feebad6534dcacf58f16947b83								syn26537179
file				HTA9_3_2nd_C203_S971_L003_R1_001.fastq.gz			35559141	ef705f51f33d353c7cdf54aa240205fd								syn26537186
file				HTA9_3_2nd_C204_S972_L003_R1_001.fastq.gz			28095789	41cad632d0cee6a388546f44ed1d9c7c								syn26537181
file				HTA9_3_2nd_C205_S973_L003_R1_001.fastq.gz			32953997	12e2cf292fb110cd5313c389d144d966								syn26537182
file				HTA9_3_2nd_C206_S974_L003_R1_001.fastq.gz			28335833	ad7fa6589b745eadb8a456e02c5c7a8f								syn26537187
file				HTA9_3_2nd_C207_S975_L003_R1_001.fastq.gz			41976830	0be9df06d2a7b24988c51d9685bba8b9								syn26537188
file				HTA9_3_2nd_C208_S976_L003_R1_001.fastq.gz			23465725	da3c335a8db489847aba65b4db82432d								syn26537185
file				HTA9_3_2nd_C209_S977_L003_R1_001.fastq.gz			29877972	13dc496b38aa0fb4aca6c73a5badd351								syn26537189
file				HTA9_3_2nd_C210_S978_L003_R1_001.fastq.gz			38291182	e1babb0c14a0fe6034c1e57eeeac2540								syn26537191
file				HTA9_3_2nd_C211_S979_L003_R1_001.fastq.gz			39656200	28ba461e5019478ed9bd77117b8d1794								syn26537195
file				HTA9_3_2nd_C212_S980_L003_R1_001.fastq.gz			27813701	d6b0b0eabba50f5d41aace4575e93ee3								syn26537190
file				HTA9_3_2nd_C214_S982_L003_R1_001.fastq.gz			36452531	86bb6d554a9dcf4cc6e85740bc069c10								syn26537194
file				HTA9_3_2nd_C21_S789_L003_R1_001.fastq.gz			53728961	a3774d3b108b9b3036fd644b7a9937a2								syn26537197
file				HTA9_3_2nd_C315_S1083_L003_R1_001.fastq.gz			27718084	777abc42aacd23af9919c2eac1899439								syn26537196
file				HTA9_3_2nd_C317_S1085_L003_R1_001.fastq.gz			22662915	f385546caeee73fc1a85f413a0efd3c5								syn26537198
file				HTA9_3_2nd_C318_S1086_L003_R1_001.fastq.gz			27606572	18bbc6e1e979f8b3530918685b67fc89								syn26537199
file				HTA9_3_2nd_C321_S1089_L003_R1_001.fastq.gz			30596969	e993d8a09f7205902156dbcc6644c1f1								syn26537200
file				HTA9_3_2nd_C322_S1090_L003_R1_001.fastq.gz			29891125	87f7198d0130ba10e9e391445d9011d4								syn26537203
file				HTA9_3_2nd_C323_S1091_L003_R1_001.fastq.gz			34180109	84c18918341e93001c3c4790bb838db2								syn26537202
file				HTA9_3_2nd_C324_S1092_L003_R1_001.fastq.gz			27719752	d9ee68f95ba67b3f809c2d256430d7d2								syn26537201
file				HTA9_3_2nd_C326_S1094_L003_R1_001.fastq.gz			30384478	75a6ebf92a6a1c8745dfc1abb289eb4b								syn26537204
file				HTA9_3_2nd_C329_S1097_L003_R1_001.fastq.gz			46745039	9569a64e9536d2a6c268155772d45446								syn26537207
file				HTA9_3_2nd_C330_S1098_L003_R1_001.fastq.gz			55518369	05fdb5aae367649cd906304a36190dbd								syn26537208
file				HTA9_3_2nd_C333_S1101_L003_R1_001.fastq.gz			30088067	bc8ceaa384ec304d67ad954391220264								syn26537205
file				HTA9_3_2nd_C336_S1104_L003_R1_001.fastq.gz			23679911	f4946f0f509cc93f1ccdab301d83ab0d								syn26537206
file				HTA9_3_2nd_C338_S1106_L003_R1_001.fastq.gz			51192898	ecfa25de95e588b577eaeeeda3dd9bf1								syn26537212
file				HTA9_3_2nd_C339_S1107_L003_R1_001.fastq.gz			82941474	a6f613d5a83e04cbd31f0aa5ee31487f								syn26537214
file				HTA9_3_2nd_C340_S1108_L003_R1_001.fastq.gz			37174603	26f58333f480ea11293f12259fedc065								syn26537210
file				HTA9_3_2nd_C342_S1110_L003_R1_001.fastq.gz			51004146	8fd53acf316c7adface54557592291d1								syn26537211
file				HTA9_3_2nd_C343_S1111_L003_R1_001.fastq.gz			10158764	d4e900ff0400042c7dc4da3326e8839e								syn26537209
file				HTA9_3_2nd_C344_S1112_L003_R1_001.fastq.gz			10647449	af4b355e14187b5aafff36be36965efb								syn26537213
file				HTA9_3_2nd_C345_S1113_L003_R1_001.fastq.gz			42571383	dbbdb39fe344c38310d87bf2c77b3698								syn26537216
file				HTA9_3_2nd_C346_S1114_L003_R1_001.fastq.gz			44751900	bb0b6bbaf17640a71f7e0811d2bffe38								syn26537217
file				HTA9_3_2nd_C350_S1118_L003_R1_001.fastq.gz			36798303	bb281ef54919a68eb2693d4fd1e2a26c								syn26537218
file				HTA9_3_2nd_C352_S1120_L003_R1_001.fastq.gz			33901094	4650bc4cd06f6131a570bc6b63bdb913								syn26537219
file				HTA9_3_2nd_C353_S1121_L003_R1_001.fastq.gz			49851752	956bae2f34255ba841eb3dc9ffaa58e4								syn26537220
file				HTA9_3_2nd_C355_S1123_L003_R1_001.fastq.gz			54828172	febc8f014bc873e5f21acf6fd9fe4d41								syn26537225
file				HTA9_3_2nd_C356_S1124_L003_R1_001.fastq.gz			34529994	b30876ff25a26ce3a67116beb1d90a0b								syn26537222
file				HTA9_3_2nd_C359_S1127_L003_R1_001.fastq.gz			19080194	15334b277ed4afb2d3df7739b7c55627								syn26537221
file				HTA9_3_2nd_C35_S803_L003_R1_001.fastq.gz			40262777	ab2ea5cba0756fb0aecc510c879e7e87								syn26537226
file				HTA9_3_2nd_C360_S1128_L003_R1_001.fastq.gz			12895878	5fd1c5ee832cc554409ed6d0ad18d6fd								syn26537223
file				HTA9_3_2nd_C361_S1129_L003_R1_001.fastq.gz			43467070	c5fc779aa6c4969ce4ecc79f6c10e537								syn26537228
file				HTA9_3_2nd_C362_S1130_L003_R1_001.fastq.gz			37481247	a92731efe80ed0d95ae93d3cd38192ba								syn26537229
file				HTA9_3_2nd_C364_S1132_L003_R1_001.fastq.gz			44533127	b5946ecfd926cf1e2f00715741ec8b0f								syn26537231
file				HTA9_3_2nd_C366_S1134_L003_R1_001.fastq.gz			42882240	b3363fc3c474770bf521b147d1f693e6								syn26537230
file				HTA9_3_2nd_C367_S1135_L003_R1_001.fastq.gz			40546535	082a3d52e7cd7d8cabf88f5fc8574bca								syn26537232
file				HTA9_3_2nd_C369_S1137_L003_R1_001.fastq.gz			46643434	7478d8bf04c800212ac1c3cd7a722120								syn26537235
file				HTA9_3_2nd_C36_S804_L003_R1_001.fastq.gz			42699452	02513300d9be4c503fece6441ee8e549								syn26537234
file				HTA9_3_2nd_C370_S1138_L003_R1_001.fastq.gz			55317660	2f8961e65de34c78a7bbb5e2d44c0f68								syn26537237
file				HTA9_3_2nd_C371_S1139_L003_R1_001.fastq.gz			67260987	c8b5eb9c0948bb54afa1b596c39ce304								syn26537243
file				HTA9_3_2nd_C372_S1140_L003_R1_001.fastq.gz			31986156	89592a64a3c8db8a93490bc119d53aaa								syn26537236
file				HTA9_3_2nd_C373_S1141_L003_R1_001.fastq.gz			35371179	95469aa2cd12b7d3b8f08bf9ba2782cd								syn26537241
file				HTA9_3_2nd_C374_S1142_L003_R1_001.fastq.gz			25071342	9ade21d097b4a9c97bc75d25c9c6b09e								syn26537242
file				HTA9_3_2nd_C37_S805_L003_R1_001.fastq.gz			52808522	4c2942fee4a19e64a9df37f420c15be3								syn26537246
file				HTA9_3_2nd_C380_S1148_L003_R1_001.fastq.gz			47048856	a643c132a31762f686a34f0f0beafbdd								syn26537244
file				HTA9_3_2nd_C381_S1149_L003_R1_001.fastq.gz			42255325	39b1ecb12764bb8d8002de469f27004a								syn26537248
file				HTA9_3_2nd_C382_S1150_L003_R1_001.fastq.gz			43877750	cefc7f74b657661f8b091e6ad5e4396c								syn26537247
file				HTA9_3_2nd_C384_S1152_L003_R1_001.fastq.gz			23980232	01b7228968bd4c83c38d96e0143d0479								syn26537245
file				HTA9_3_2nd_C385_S1153_L003_R1_001.fastq.gz			50833571	be591b7d99c21019130504f89ddc3d11								syn26537254
file				HTA9_3_2nd_C387_S1155_L003_R1_001.fastq.gz			53386373	45bbd4dc2da8a06cc542a5ccfbdea8b0								syn26537253
file				HTA9_3_2nd_C388_S1156_L003_R1_001.fastq.gz			29619779	81bf2c348c3944c2da4f4fba42e3ed77								syn26537249
file				HTA9_3_2nd_C390_S1158_L003_R1_001.fastq.gz			12733502	3002104dc16f6fc8f439b072dc4e42a3								syn26537251
file				HTA9_3_2nd_C391_S1159_L003_R1_001.fastq.gz			9329215	689249970c2c18435cc045f2d65b9731								syn26537250
file				HTA9_3_2nd_C392_S1160_L003_R1_001.fastq.gz			7606574	e6e45bf94f8af9c895c9f9aec2992bcb								syn26537252
file				HTA9_3_2nd_C393_S1161_L003_R1_001.fastq.gz			20124582	6913172b9e5107ceea0161cf04e7dee1								syn26537255
file				HTA9_3_2nd_C394_S1162_L003_R1_001.fastq.gz			44867737	1e44838829977f7b07b1559a14565b6e								syn26537258
file				HTA9_3_2nd_C395_S1163_L003_R1_001.fastq.gz			43306171	f773f0286f65274ea3defe2ab9c50f7d								syn26537259
file				HTA9_3_2nd_C396_S1164_L003_R1_001.fastq.gz			41583021	fcb2cea63de02df11905afcb49d3444d								syn26537256
file				HTA9_3_2nd_C397_S1165_L003_R1_001.fastq.gz			38131227	62eec7ece3b6f9e10b6617368c593b65								syn26537257
file				HTA9_3_2nd_C398_S1166_L003_R1_001.fastq.gz			45440039	96e709ffb203753898df4ece8672f1e9								syn26537262
file				HTA9_3_2nd_C399_S1167_L003_R1_001.fastq.gz			53920480	a9cf5ece6691a3fb77b63beffaee3991								syn26537267
file				HTA9_3_2nd_C3_S771_L003_R1_001.fastq.gz			19633295	3351e00a276055ba571c80b9bf2641d6								syn26537261
file				HTA9_3_2nd_C400_S1168_L003_R1_001.fastq.gz			28843690	24079b7b5c33daa620b60ff375f9e86b								syn26537263
file				HTA9_3_2nd_C402_S1170_L003_R1_001.fastq.gz			47904490	aeca08a5da0d2bf87dfc132009198d07								syn26537264
file				HTA9_3_2nd_C403_S1171_L003_R1_001.fastq.gz			74801900	456fb96fdd88747e8d32fb864c1491b1								syn26537276
file				HTA9_3_2nd_C404_S1172_L003_R1_001.fastq.gz			43825241	1e8f8cffe661bfe61bbadf18bd999c16								syn26537270
file				HTA9_3_2nd_C405_S1173_L003_R1_001.fastq.gz			45516263	c5ceeb2ad620d3faa66333b253a0548d								syn26537272
file				HTA9_3_2nd_C406_S1174_L003_R1_001.fastq.gz			12089605	2749765e8c8dda82edd4199c01899c43								syn26537266
file				HTA9_3_2nd_C407_S1175_L003_R1_001.fastq.gz			8107126	502189387313c8e5d214234e421bf534								syn26537265
file				HTA9_3_2nd_C408_S1176_L003_R1_001.fastq.gz			5368017	2b2daae6dcc68ad298e42426f149463f								syn26537269
file				HTA9_3_2nd_C409_S1177_L003_R1_001.fastq.gz			47004039	12645d93151bc73eb42ffb6e5dea2a84								syn26537274
file				HTA9_3_2nd_C410_S1178_L003_R1_001.fastq.gz			32760193	b0587b3b7bc5c5cccd658fccb86023c8								syn26537273
file				HTA9_3_2nd_C411_S1179_L003_R1_001.fastq.gz			31853581	f2a803676ce814a25afb7053ae695625								syn26537279
file				HTA9_3_2nd_C412_S1180_L003_R1_001.fastq.gz			40260759	6ff198fdbc3c0f6a7ba96d23a93d4b81								syn26537280
file				HTA9_3_2nd_C414_S1182_L003_R1_001.fastq.gz			37503020	cb33786919d81a3dd0f76691715e35ed								syn26537281
file				HTA9_3_2nd_C417_S1185_L003_R1_001.fastq.gz			46475954	657dc56472d45a02cc19f7c9b2edae52								syn26537283
file				HTA9_3_2nd_C420_S1188_L003_R1_001.fastq.gz			41168646	996d00ee3206349838022d953b1cc3cf								syn26537282
file				HTA9_3_2nd_C421_S1189_L003_R1_001.fastq.gz			42639900	8117653997494de7b56c3d1ace3fbfcd								syn26537284
file				HTA9_3_2nd_C425_S1193_L003_R1_001.fastq.gz			37187697	01a4e3b6e2b0d0ed688b57c21561304a								syn26537285
file				HTA9_3_2nd_C426_S1194_L003_R1_001.fastq.gz			33536893	7e61af2813d54a0f260264d749164157								syn26537286
file				HTA9_3_2nd_C427_S1195_L003_R1_001.fastq.gz			38053439	531ff756725b666a5d89aa58056d91d6								syn26537288
file				HTA9_3_2nd_C430_S1198_L003_R1_001.fastq.gz			44014305	229df0bd7bf997488394303a4e2eb86b								syn26537290
file				HTA9_3_2nd_C431_S1199_L003_R1_001.fastq.gz			33525768	94ef0a9445e59b8bc33f63da67cb80a1								syn26537292
file				HTA9_3_2nd_C432_S1200_L003_R1_001.fastq.gz			30704878	34b4c7983cc45aeed1d109849bbe1647								syn26537291
file				HTA9_3_2nd_C434_S1202_L003_R1_001.fastq.gz			52285665	7211033597128eae0a52b965f72836a9								syn26537294
file				HTA9_3_2nd_C435_S1203_L003_R1_001.fastq.gz			81956266	91f9f0da3022bf865107bc51e839bc80								syn26537298
file				HTA9_3_2nd_C438_S1206_L003_R1_001.fastq.gz			41692648	d36635dfe2612e47fb47ecb4233860cb								syn26537295
file				HTA9_3_2nd_C439_S1207_L003_R1_001.fastq.gz			11010304	fedb8ffa3cce40143896c51422ec3013								syn26537293
file				HTA9_3_2nd_C441_S1209_L003_R1_001.fastq.gz			40350589	be368dc55f6769ac08e9ed17e6f01b8b								syn26537296
file				HTA9_3_2nd_C442_S1210_L003_R1_001.fastq.gz			40531930	d90787087e5cd0fb6c94b574801b25da								syn26537297
file				HTA9_3_2nd_C443_S1211_L003_R1_001.fastq.gz			35913507	d18b85e3b1599bffe71e7c77df782808								syn26537301
file				HTA9_3_2nd_C444_S1212_L003_R1_001.fastq.gz			35227887	8968fdf7a16097f5ef3ff0213a570424								syn26537299
file				HTA9_3_2nd_C445_S1213_L003_R1_001.fastq.gz			25687221	625667b8b71d531123b805ef601d8a2c								syn26537300
file				HTA9_3_2nd_C446_S1214_L003_R1_001.fastq.gz			45790819	8b0aaffac5c557bc24da9d617a875e91								syn26537304
file				HTA9_3_2nd_C447_S1215_L003_R1_001.fastq.gz			30518785	51c883f239005bbe3da7c9172ed1fdc7								syn26537303
file				HTA9_3_2nd_C448_S1216_L003_R1_001.fastq.gz			22237783	030b22fff801b5c0061e63bce707d0bb								syn26537302
file				HTA9_3_2nd_C449_S1217_L003_R1_001.fastq.gz			37675425	204a166214dc3773f60b56550be57f2c								syn26537305
file				HTA9_3_2nd_C451_S1219_L003_R1_001.fastq.gz			42569346	80f0088d1cf47d42808f7d572aebe33e								syn26537306
file				HTA9_3_2nd_C452_S1220_L003_R1_001.fastq.gz			46376558	77f7739cbce8179be89277ceec568d8e								syn26537310
file				HTA9_3_2nd_C454_S1222_L003_R1_001.fastq.gz			12159758	b81b6ef4789168ef53595d2dffd24ff9								syn26537307
file				HTA9_3_2nd_C457_S1225_L003_R1_001.fastq.gz			32171247	861ff4c94d9f380e5bc14ab25d31ca19								syn26537308
file				HTA9_3_2nd_C458_S1226_L003_R1_001.fastq.gz			48725055	6d16fafafb0862da8dac5320ba0e0d83								syn26537311
file				HTA9_3_2nd_C459_S1227_L003_R1_001.fastq.gz			39478795	7ff42cb805c235abfaa3f272599078e9								syn26537312
file				HTA9_3_2nd_C460_S1228_L003_R1_001.fastq.gz			49693424	d5eb5e94019d86b989e21a0edebc4768								syn26537313
file				HTA9_3_2nd_C462_S1230_L003_R1_001.fastq.gz			48732512	efc0546a0a7e51fb6ca53ea19de4eae3								syn26537318
file				HTA9_3_2nd_C463_S1231_L003_R1_001.fastq.gz			37417006	dd0a54b1cb50e37edab772f4fe0af7dd								syn26537317
file				HTA9_3_2nd_C464_S1232_L003_R1_001.fastq.gz			34569130	66ea828d470a0ec8374fc8f1e59da588								syn26537319
file				HTA9_3_2nd_C465_S1233_L003_R1_001.fastq.gz			47038305	ff53254573f4464342520c6751670197								syn26537321
file				HTA9_3_2nd_C466_S1234_L003_R1_001.fastq.gz			34354907	355c269a42c6c452b0eb8444e0c633da								syn26537320
file				HTA9_3_2nd_C467_S1235_L003_R1_001.fastq.gz			94207317	eb3e55562ab66637127a9bf98f55378d								syn26537360
file				HTA9_3_2nd_C473_S1241_L003_R1_001.fastq.gz			32024612	1e2fd2d7f3e3007f7bee5b5328f0be1a								syn26537323
file				HTA9_3_2nd_C474_S1242_L003_R1_001.fastq.gz			34557117	04c633e3aaf3cd0c036afd1f9b766cc7								syn26537322
file				HTA9_3_2nd_C475_S1243_L003_R1_001.fastq.gz			31894404	38e14cea92411b404ce269422d423842								syn26537324
file				HTA9_3_2nd_C476_S1244_L003_R1_001.fastq.gz			36860883	4bc222325fbba9dba1046866d1db27ad								syn26537325
file				HTA9_3_2nd_C477_S1245_L003_R1_001.fastq.gz			37272054	6d77c7a908f5b0e56b127b0d4bee5175								syn26537327
file				HTA9_3_2nd_C478_S1246_L003_R1_001.fastq.gz			40480286	a39893e5df4599fb50ee4e554baed20e								syn26537332
file				HTA9_3_2nd_C479_S1247_L003_R1_001.fastq.gz			46359519	3d267454fc939cab02212eceff056e50								syn26537329
file				HTA9_3_2nd_C480_S1248_L003_R1_001.fastq.gz			31189879	804dc974f7952bd9d1c75f0464c8e406								syn26537331
file				HTA9_3_2nd_C481_S1249_L003_R1_001.fastq.gz			33233664	6ea2962d6b1ef8deedd6dee82cd338de								syn26537328
file				HTA9_3_2nd_C484_S1252_L003_R1_001.fastq.gz			24169932	eada3428ae374e59afc16a50c7562b2f								syn26537330
file				HTA9_3_2nd_C491_S1259_L003_R1_001.fastq.gz			42827233	1d0249886d1d6be81e71e4c7ea4e937a								syn26537335
file				HTA9_3_2nd_C493_S1261_L003_R1_001.fastq.gz			36504192	f27aaeeaa52a57903475b979b4a383ed								syn26537334
file				HTA9_3_2nd_C495_S1263_L003_R1_001.fastq.gz			47600196	34ee9972b6d56c1c2b3106393321a1bb								syn26537336
file				HTA9_3_2nd_C496_S1264_L003_R1_001.fastq.gz			23487656	4b16eee1e1d7a5018bb53924f45bafb1								syn26537333
file				HTA9_3_2nd_C498_S1266_L003_R1_001.fastq.gz			43182720	dfdaea96444b4e8ce775b9ee53a1b925								syn26537340
file				HTA9_3_2nd_C499_S1267_L003_R1_001.fastq.gz			26881703	a54b0adb0c9c5fc1f14168e6990f0998								syn26537339
file				HTA9_3_2nd_C50_S818_L003_R1_001.fastq.gz			21122007	75b9f01e6cd1edd36532485362c77abe								syn26537338
file				HTA9_3_2nd_C51_S819_L003_R1_001.fastq.gz			59681987	9f1c83ca414259f6267d452e650b6b40								syn26537345
file				HTA9_3_2nd_C52_S820_L003_R1_001.fastq.gz			51487188	679e07b3487aa9a03ce08ed0b4764d69								syn26537343
file				HTA9_3_2nd_C53_S821_L003_R1_001.fastq.gz			30495795	ee9a01b80bd4125ef87d4a63576779a5								syn26537342
file				HTA9_3_2nd_C5_S773_L003_R1_001.fastq.gz			53048190	e6d352e6e87434b841a8025e23bac520								syn26537344
file				HTA9_3_2nd_C65_S833_L003_R1_001.fastq.gz			14895203	9229555f349c4cac2d858235296a44a5								syn26537341
file				HTA9_3_2nd_C66_S834_L003_R1_001.fastq.gz			43593406	9164673bfeba0d22c0c30103f66608f4								syn26537349
file				HTA9_3_2nd_C67_S835_L003_R1_001.fastq.gz			52876302	3534265aa5292b25198f32d492e0644c								syn26537350
file				HTA9_3_2nd_C68_S836_L003_R1_001.fastq.gz			34487522	3710b08575d95271b2ed838fca30aef5								syn26537346
file				HTA9_3_2nd_C69_S837_L003_R1_001.fastq.gz			43330704	77a77f48a4aa08c9bcf76b038f64c37a								syn26537348
file				HTA9_3_2nd_C97_S865_L003_R1_001.fastq.gz			16327207	17c6186ca2ed59f63350234dbc34f745								syn26537347
file				HTA9_3_2nd_C99_S867_L003_R1_001.fastq.gz			44935000	8ebf1186d9a98915f23ea5d3651f894f								syn26537352
file				Plate1945-sc-F3-P1-B3-L_173255.bam			5507165618	2d67b90808d878d3776ea6222da5c293								syn53633589
file				Plate1945-sc-E4-P1-A4-L_173262.bam			5408579345	2f6d1544d8769e9ae8e221f734ba3e34								syn53633524
file				Plate1945-sc-D4-P1-H3-L_173261.bam			4422940496	d51fcbd6587ba3d30a602c04c8c5d9b2								syn53632551
file				Plate1945-sc-F12-P1-E12-L_173330.bam			10196135272	d1f6b633fd3a786c2d929031143acb7f								syn53633572
file				Plate1945-sc-E3-P1-A3-L_173254.bam			4492882741	f045faf1e388da8690c9bff3c939d1ce								syn53632955
file				Plate1945-sc-G9-P1-E9-L_173306.bam			3985693592	2164722f9315ba104348113f0b501f1c								syn53633672
file				Plate1945-sc-B12-P1-A12-L_173326.bam			4549569532	7c3b4bd57fae45bb878299d82f671ebd								syn53631160
file				Plate1945-sc-G5-P1-C5-L_173272.bam			4439438368	7ce2a4e900962c63e8576a8848b96913								syn53633656
file				Plate1945-sc-B7-P1-F6-L_173283.bam			4783634498	22b46aaa195e1ed97675c7bf28e686ad								syn53631831
file				Plate1945-sc-C9-P1-H8-L_173301.bam			3605382494	bca598ab26967f2ed29a6f3a62a02e5c								syn53632314
file				Plate1945-sc-A6-P1-E5-L_173274.bam			3648174169	4683f794772eb7ca38024cfffcb3f5fb								syn53630794
file				Plate1945-sc-B8-P1-G7-L_173292.bam			4756441922	30023b8af629c4ef2744af2a3b954ee0								syn53631876
file				Plate1945-sc-F5-P1-B5-L_173271.bam			4513892156	c2d07e40a6c23ffeba4052fe39cae023								syn53633598
file				Plate1945-sc-G10-P1-E10-L_173314.bam			9277210203	0f23b464abcc5df7f5a8228e466d299d								syn53633643
file				Plate1945-sc-C12-P1-B12-L_173327.bam			5018022656	62c58a2ca70d0252dfe086d4a775da51								syn53632028
file				Plate1945-sc-H9-P1-F9-L_173307.bam			4784558666	407e6c0afcf1e02c802c937309dc4c4d								syn53633768
file				Plate1945-sc-G12-P1-F12-L_173331.bam			4801792613	bbeaffcceaca823bd6deb0ffe75ab943								syn53633645
file				Plate1945-sc-C10-P1-A10-L_173310.bam			8716401727	16bcb25b87e13b279a3868305460e696								syn53631953
file				Plate1945-sc-H8-P1-E8-L_173298.bam			4873492888	609eadaa90b7b5cd51de8ee0088a177a								syn53633765
file				Plate1945-sc-C1-P1-C1-L_173240.bam			4487831014	52d3887a67e33975f5415971be52d865								syn53632066
file				Plate1945-sc-C11-P1-B11-L_173319.bam			5228720997	e72c195e26a8357c0b80fd9a1d4fd213								syn53631992
file				Plate1945-sc-C3-P1-G2-L_173252.bam			5094797697	e070587676184ecb9ac13e0079bb78e7								syn53632119
file				Plate1945-sc-C8-P1-H7-L_173293.bam			5296982476	6a09a0363e5b8a8c4279ee6d9ad0921c								syn53632276
file				Plate1945-sc-E8-P1-B8-L_173295.bam			5222826621	14fee922d04a04a95808f8f99adc57b6								syn53633544
file				Plate1945-sc-E10-P1-C10-L_173312.bam			5305172232	f3db68dd3e119236ded51d04aa88f049								syn53632808
file				Plate1945-sc-E11-P1-D11-L_173321.bam			5335997060	1dc6636e9f5f8dd357c2cebecfb3ffc0								syn53632841
file				Plate1945-sc-D7-P1-H6-L_173285.bam			4301225288	ba6a524f66c0fcadfda8d6e813b3c2ab								syn53632691
file				Plate1945-sc-E2-P1-C2-L_173248.bam			4077803835	846901f84b3afd869542cffe266436f4								syn53632927
file				Plate1945-sc-D9-P1-B9-L_173303.bam			3943435970	ae316ffe252d74dc346ea22524ff709e								syn53632776
file				Plate1945-sc-F6-P1-B6-L_173279.bam			5059954011	62895436336d5b7a6e2f7c0573126a25								syn53633605
file				Plate1945-sc-F7-P1-C7-L_173288.bam			5502186319	b66d9a1ec3c391711c9e92fc7fbcbf3b								syn53633614
file				Plate1945-sc-E6-P1-A6-L_173278.bam			6683550187	c7887f16032e3c4b8b41dd6dd4461385								syn53633536
file				Plate1945-sc-G11-P1-F11-L_173323.bam			4572838853	02a03c39aad657310ea2a17ccd022073								syn53633644
file				Plate1945-sc-H10-P1-F10-L_173315.bam			4521707427	ff16b472aa3a69d23f7ec15ac7496ab0								syn53633675
file				Plate1945-sc-H4-P1-D4-L_173265.bam			4766858521	c75a98ec58c301c08260e303e5f40852								syn53633740
file				Plate1945-sc-D8-P1-A8-L_173294.bam			5038881683	990eb8fb4364bd06d2e3f50c5ffbb40e								syn53632742
file				PCGA20_408_1886_sc_D2-E1_L_176480.dedup.cleaned.bam			2150852202	3f44e0f28384dfbf742ecd41c1eb0fe8								syn58892285
file				PCGA20_408_1886_sc_A6-F2_L_176489.dedup.cleaned.bam			1705720556	5f5b7b0f522c700b41f6eef3c6847ff2								syn58890685
file				PCGA20_408_1886_sc_B2-C1_L_176478.dedup.cleaned.bam			2031240196	6411bd6d1455b2196dc4f2b531ffd081								syn58890909
file				PCGA20_408_1890_sc_B5-C6_L_176516.dedup.cleaned.bam			198614537	06886d88f5f54efda369a4cd27704f96								syn58893253
file				PCGA20_408_1890_sc_F1-E4_L_176503.dedup.cleaned.bam			1640100936	3e6f54b10a0aa7bd5b2ca60077cadb88								syn58894248
file				PCGA20_408_1890_sc_F6-B7_L_176522.dedup.cleaned.bam			2438703191	5b2617799085762b59b776353f1b206c								syn58894277
file				PCGA20_408_1890_sc_D5-D6_L_176517.dedup.cleaned.bam			1307643392	41ac623788594c03fe1bdde48b1ad51a								syn58894193
file				PCGA20_408_1890_sc_E2-G4_L_176505.dedup.cleaned.bam			1942314870	7258ea76db84c5e86e7724df65ddd12c								syn58894218
file				PCGA20_408_1890_sc_G3-E5_L_176510.dedup.cleaned.bam			1954446831	8dba1ee8e570d1dd63e7d4778d07d303								syn58894317
file				PCGA20_408_1890_sc_C3-C5_L_176508.dedup.cleaned.bam			2141684086	55519e7b4f1328870587d209d8d8688f								syn58893799
file				PCGA20_408_1890_sc_H2-B5_L_176507.dedup.cleaned.bam			1857774494	7d2532dd916494587c947d287334e7ff								syn58894340
file				PCGA20_408_1886_sc_D12-C4_L_176501.dedup.cleaned.bam			1812694959	d9b8cf732d58638cfe57960f45f7ca75								syn58892168
file				PCGA20_408_1890_sc_E7-E7_L_176525.dedup.cleaned.bam			1887882025	52284b4fcda47a33fdff1bff1f972eae								syn58894230
file				PCGA20_408_1886_sc_E3-A2_L_176484.dedup.cleaned.bam			1492975340	8565b8ae23958b3c2e65e92190595cc1								syn58892721
file				PCGA20_408_1886_sc_C2-D1_L_176479.dedup.cleaned.bam			2156665060	92cdbd9c204ec69eb84204ca27628c47								syn58891459
file				PCGA20_408_1890_sc_G8-D8_L_176532.dedup.cleaned.bam			1487790983	fa78d6a67cf26b354004795fe90cd8a5								syn58894329
file				PCGA20_408_1886_sc_C8-F3_L_176496.dedup.cleaned.bam			1777513533	51006449b3b67fafd3a2f15d61f134eb								syn58891939
file				PCGA20_408_1890_sc_B4-H5_L_176513.dedup.cleaned.bam			2334077736	96dcdf9d7ae48798b8dc2ba5dc233800								syn58893243
file				PCGA20_408_1890_sc_F2-H4_L_176506.dedup.cleaned.bam			1565114365	b07f8554b5b44c66eef81bf8504c7ffc								syn58894254
file				PCGA20_408_1886_sc_B7-B3_L_176492.dedup.cleaned.bam			1944485727	47c941bec5511039c19f25d5bd5fa074								syn58891332
file				PCGA20_408_1890_sc_G6-C7_L_176523.dedup.cleaned.bam			2175288537	fae52833cecc984f0aa82cc5b24b0664								syn58894325
file				PCGA20_408_1886_sc_H4-D2_L_176487.dedup.cleaned.bam			58879107	cca6df5708fcb2454831c8e7db2a2b7a								syn58892795
file				PCGA20_408_1890_sc_B12-A10_L_176544.dedup.cleaned.bam			211085669	f7efff3cd53ea6dbba016e307a4c3f67								syn58893114
file				PCGA20_408_1886_sc_E4-C2_L_176486.dedup.cleaned.bam			1215389568	3d460195d85add3f59ff74461973bf32								syn58892783
file				PCGA20_408_1890_sc_B9-F8_L_176534.dedup.cleaned.bam			1848167853	4061a319a96ab62f5117103b15821ae4								syn58893516
file				PCGA20_408_1890_sc_B8-H7_L_176528.dedup.cleaned.bam			1922898035	e4e882ff42cf28bb396b5345557f69c2								syn58893433
file				PCGA20_408_1890_sc_A9-E8_L_176533.dedup.cleaned.bam			2139022629	edca83fe9d216329a3144eb4cfea12a4								syn58893097
file				PCGA20_408_1890_sc_F8-C8_L_176531.dedup.cleaned.bam			2191735525	343163fa3eb6591a603b9e6ac4e4d2e7								syn58894303
file				PCGA20_408_1886_sc_A8-E3_L_176495.dedup.cleaned.bam			1792727711	d977036523640268689b3683608bf3ac								syn58890692
file				PCGA20_408_1890_sc_E5-E6_L_176518.dedup.cleaned.bam			1897783737	49b70151027fc72369e95dd214c06bec								syn58894225
file				PCGA20_408_1886_sc_C7-C3_L_176493.dedup.cleaned.bam			1638096124	f83fc55638ec4d93a8a8f3d35aef7d46								syn58891828
file				PCGA20_408_1890_sc_H3-F5_L_176511.dedup.cleaned.bam			1929083854	68b031d7c276bff3a875bc24bb511e39								syn58894345
file				PCGA20_408_1886_sc_B12-B4_L_176500.dedup.cleaned.bam			2029078944	04bec9bb4b13351361760198b173c6be								syn58890805
file				PCGA20_408_1890_sc_C11-D9_L_176539.dedup.cleaned.bam			2187464148	e38a24ae7c818b84badd96fb33f796b1								syn58893622
file				PCGA20_408_1890_sc_F11-F9_L_176541.dedup.cleaned.bam			4478821638	80b3e97b92231a146351f7dabd23eb85								syn58894243
file				PCGA20_408_1890_sc_F4-B6_L_176515.dedup.cleaned.bam			44178730	9fcd892514d92819eaff4178a6e472d9								syn58894255
file				PCGA20_408_1890_sc_G11-G9_L_176542.dedup.cleaned.bam			1383738239	96bfb7d79887e34ef8e8dc657866c4cf								syn58894305
file				Plate1945-sc-A11-P1-G10-L_173316.bam			4573927494	ff1612b1335c6241d070e7faa57eb72b								syn53630594
file				Plate1945-sc-A3-P1-E2-L_173250.bam			6817694189	9e786daf775372597b08de8bc53ea96e								syn53630717
file				Plate1945-sc-A1-P1-A1-L_173238.bam			3626220073	0424fce336f9fb8fc8f27751c48c20e1								syn53630643
file				Plate1945-sc-B6-P1-F5-L_173275.bam			4924580988	da92394383dfddb516022130243bfefd								syn53631804
file				Plate1945-sc-A10-P1-G9-L_173308.bam			4861440273	b68aaa6afdb4dc2a7260b05fc81660ea								syn53630575
file				Plate1945-sc-B4-P1-F3-L_173259.bam			4860260652	2c79066f11d0dcb4d176900d1836fdfd								syn53631498
file				Plate1945-sc-A4-P1-E3-L_173258.bam			5972054911	c39ca5463e9a8a7bd3348ab739140d02								syn53630741
file				Plate1945-sc-B1-P1-B1-L_173239.bam			4658983450	b50aa4d846db889f96d92adf9413d939								syn53631240
file				Plate1945-sc-B11-P1-H10-L_173317.bam			6538760418	8aaa2f7c557ea58265ae8bc90aadee84								syn53631060
file				Plate1945-sc-D5-P1-H4-L_173269.bam			5157236693	10ccd4a2845a84863a4e02045a8ece5c								syn53632571
file				Plate1945-sc-E5-P1-A5-L_173270.bam			6396471729	4f912e3bbec962bb261ccd838816359e								syn53633529
file				Plate1945-sc-D2-P1-B2-L_173247.bam			4463500261	fcea554d546ac07288efbd7f838a3d3b								syn53632514
file				Plate1945-sc-D6-P1-H5-L_173277.bam			6822334985	3bb47ee2dc1e80642ec308c43a1f70c9								syn53632638
file				Plate1945-sc-D3-P1-H2-L_173253.bam			3735703049	611396092c3e1502a3991f2b0e3afc89								syn53632533
file				Plate1945-sc-H12-P1-G12-L_173332.bam			6284269182	1630103ef67da6ec3dda1311cc06fd8f								syn53633686
file				Plate1945-sc-E7-P1-B7-L_173287.bam			5271579177	bc9d9edcec3e02817c775f23de18898b								syn53633541
file				Plate1945-sc-G7-P1-D7-L_173289.bam			4218032401	bf0003cb7ce68f41f6e6817ec5eaeb1b								syn53633670
file				Plate1945-sc-H7-P1-E7-L_173290.bam			4189527105	d9e5c1c85e482711ef015e605cb011a5								syn53633760
file				Plate1945-sc-C2-P1-A2-L_173246.bam			3900426411	78199e7876ec300375b730c8be75efe5								syn53632097
file				Plate1945-sc-H5-P1-D5-L_173273.bam			4956757817	943373eabd3616bd1625e8d8e81d4034								syn53633746
file				Plate1945-sc-H3-P1-D3-L_173257.bam			5188432178	47e7a8fbdd1ab0c46484da0cf840906e								syn53633695
file				Plate1945-sc-F8-P1-C8-L_173296.bam			4915318661	cf85a9aea51d10887a5848427f59df87								syn53633624
file				Plate1945-sc-E9-P1-C9-L_173304.bam			5134896310	39df4acfe43b04710c03b438ca2dcf72								syn53633547
file				Plate1945-sc-G4-P1-C4-L_173264.bam			3705410463	ffeb9354d2a19e03764a1c3cb4f74225								syn53633653
file				Plate1945-sc-E1-P1-E1-L_173242.bam			3695145487	350114e76934c2f6b48cf79d84d3e73d								syn53632900
file				Plate1945-sc-C7-P1-G6-L_173284.bam			3950070991	0c8b40b28299dcaab1e7098263ee099d								syn53632234
file				Plate1945-sc-D10-P1-B10-L_173311.bam			5473635641	d08f09cc809d595c57fd06a107f90a68								syn53632376
file				Plate1945-sc-G8-P1-D8-L_173297.bam			8543040222	1b653bd1a351fa4690c19c493c4b896e								syn53633671
file				Plate1945-sc-B10-P1-H9-L_173309.bam			9545562070	52106d511bcc37d7e692644c5492b7cf								syn53630981
file				Plate1945-sc-A2-P1-F1-L_173243.bam			3333977846	5d1d4416ff44e45c363587eece2d4840								syn53630669
file				Plate1945-sc-C4-P1-G3-L_173260.bam			4617229587	f8a6a3881bc1bfa676cf8c8d6d0c87b4								syn53632143
file				Plate1945-sc-D12-P1-C12-L_173328.bam			5983518404	1f5edf9c8c4b126deef7d203b3879509								syn53632467
file				Plate1945-sc-D11-P1-C11-L_173320.bam			5914672700	87878f55ebc688c3ecece3927ea5f5b7								syn53632416
file				Plate1945-sc-C6-P1-G5-L_173276.bam			4714355404	8e7bcf9783fd76761424de7b9c4fa328								syn53632215
file				Plate1945-sc-D1-P1-D1-L_173241.bam			4054338044	43ddbb687723e48fed4bf22beb68d4c1								syn53632490
file				Plate1945-sc-F4-P1-B4-L_173263.bam			4807113100	808042d8a3ac4a8f4f13f189d4126be5								syn53633592
file				Plate1945-sc-F11-P1-E11-L_173322.bam			4153310390	49717cf719600be1aa8c2a1c95e4be15								syn53633562
file				Plate1945-sc-F9-P1-D9-L_173305.bam			7113525644	2b083bcf7684ce6cb7cd542da0c91660								syn53633630
file				Plate1945-sc-C5-P1-G4-L_173268.bam			4158528117	18181661c8f5542e27429c82a02fc7a3								syn53632184
file				Plate1945-sc-H11-P1-G11-L_173324.bam			5969549935	c86aaf9fa617ae4b6b936e3e1729e11e								syn53633685
file				Plate1945-sc-G6-P1-C6-L_173280.bam			4570864477	cefd4ef53df82b24def79eea95580e9b								syn53633667
file				Plate1945-sc-F2-P1-D2-L_173249.bam			4326086615	ba810578276cc4ef814419e17331e1fe								syn53633576
file				Plate1945-sc-G3-P1-C3-L_173256.bam			7378823410	3d29dd1cb58debb8c7ed836070d56bf3								syn53633650
file				Plate1945-sc-H6-P1-D6-L_173281.bam			4926974878	558b34e46c01aa1f830cab2845f45f54								syn53633755
file				PCGA20_408_1886_sc_D11-A4_L_176499.dedup.cleaned.bam			3223920866	148e892a4c2724e0c12d6091dd807560								syn58892085
file				PCGA20_408_1886_sc_B3-G1_L_176482.dedup.cleaned.bam			1224588921	0aa899f2398e73b8c26ac744125e7762								syn58890977
file				PCGA20_408_1886_sc_C4-B2_L_176485.dedup.cleaned.bam			1712839575	a091e841416e94d58ec5e15ee5ea4693								syn58891552
file				PCGA20_408_1886_sc_B6-G2_L_176490.dedup.cleaned.bam			3422460412	3dc0b9851f318dbeddfdacd827edb9c5								syn58891241
file				PCGA20_408_1890_sc_D1-D4_L_176502.dedup.cleaned.bam			1423833678	37ce0111e043c9cfdb3430f5409637fb								syn58894161
file				PCGA20_408_1890_sc_B6-G6_L_176520.dedup.cleaned.bam			1919145444	3db579ee7ab4c9a3ecf31b3c98354ce2								syn58893342
file				PCGA20_408_1886_sc_A2-B1_L_176477.dedup.cleaned.bam			2052142218	00855d3af87c5e26b8da16be9805dbf4								syn58890679
file				PCGA20_408_1886_sc_D9-G3_L_176497.dedup.cleaned.bam			3058664995	7f044cb71756a167483b1cf697d61eca								syn58892580
file				PCGA20_408_1890_sc_E9-G8_L_176535.dedup.cleaned.bam			1564444112	8c5f7ae509eb74346678f743c46992b4								syn58894233
file				PCGA20_408_1886_sc_B5-E2_L_176488.dedup.cleaned.bam			1884050127	92e0e9f08f1835d08cf05fa1841c074a								syn58891077
file				PCGA20_408_1890_sc_C7-D7_L_176524.dedup.cleaned.bam			1899019931	3794a736a8939bc3c15a0922ba79e798								syn58893889
file				PCGA20_408_1890_sc_G12-B10_L_176545.dedup.cleaned.bam			1914444990	d0c6fcc87a4a3d2fdd3d19cce55c5132								syn58894310
file				PCGA20_408_1890_sc_E10-H8_L_176536.dedup.cleaned.bam			1833191932	855f5474adc50aa10acefd1bd03698b6								syn58894214
file				PCGA20_408_1886_sc_E2-F1_L_176481.dedup.cleaned.bam			1283577193	3db92f7d76b28e01f6934aeedca4a173								syn58892647
file				PCGA20_408_1890_sc_E6-H6_L_176521.dedup.cleaned.bam			2332129631	21c4a8903abf46056a84af7145af7f8d								syn58894227
file				PCGA20_408_1890_sc_F7-F7_L_176526.dedup.cleaned.bam			2237211350	ea6d349b4ce8448dbe86cba9c98cdb07								syn58894291
file				PCGA20_408_1890_sc_F5-F6_L_176519.dedup.cleaned.bam			1758450289	af012ef16c12608445eec96d1879da6a								syn58894268
file				PCGA20_408_1890_sc_H7-G7_L_176527.dedup.cleaned.bam			1703065414	01f835186a8932a9c927dec98b491d78								syn58894348
file				PCGA20_408_1890_sc_E3-D5_L_176509.dedup.cleaned.bam			1624515332	17c4a27e24c15c5e4fe1cc4b358d7ead								syn58894221
file				PCGA20_408_1886_sc_D7-D3_L_176494.dedup.cleaned.bam			1983598542	86790983a9e430d4ca89f267dc6d7d1b								syn58892406
file				PCGA20_408_1890_sc_D11-E9_L_176540.dedup.cleaned.bam			2242817986	67aaea2cfc0960264e611ef6d8f77678								syn58894078
file				PCGA20_408_1890_sc_A11-C9_L_176538.dedup.cleaned.bam			1990491447	787c8cbfb997ef2fc734c70babae3765								syn58892891
file				PCGA20_408_1886_sc_C6-H2_L_176491.dedup.cleaned.bam			2900979271	95f0fded2491a50f9f845f5eb320a425								syn58891729
file				PCGA20_408_1890_sc_A4-G5_L_176512.dedup.cleaned.bam			2322425842	95da5c4a622009d4921389a207afcb0c								syn58893001
file				PCGA20_408_1890_sc_C2-F4_L_176504.dedup.cleaned.bam			1952483235	e9582b4dfc399a85bbea1f9c51e31a20								syn58893711
file				PCGA20_408_1890_sc_D8-B8_L_176530.dedup.cleaned.bam			2251225653	81a5c64124b1da058d41b37cc53d372b								syn58894212
file				PCGA20_408_1886_sc_B10-H3_L_176498.dedup.cleaned.bam			1817509715	44b3150bc4a6db59a142a2fcc8398472								syn58890696
file				PCGA20_408_1890_sc_H11-H9_L_176543.dedup.cleaned.bam			1543330154	a180b90622bdaddd476177b86ab136ce								syn58894339
file				PCGA20_408_1890_sc_D4-A6_L_176514.dedup.cleaned.bam			2190314882	1f1be4da992e904e16dacc1271ab8a94								syn58894189
file				PCGA20_408_1890_sc_C8-A8_L_176529.dedup.cleaned.bam			1397796022	ece3760e1455cec2e376f83a315ed812								syn58893966
file				PCGA20_408_1890_sc_H10-B9_L_176537.dedup.cleaned.bam			1457280734	fec2dd1ba1ac499bcc4440ddc70f2fe5								syn58894334
file				HTA9_14_068_LCM_C17_S401_R1_001.sort.markdup.bam			13079937	88cb181776237b257fe1c889e204515c								syn31547601
file				HTA9_14_068_LCM_C18_S402_R1_001.sort.markdup.bam			31196758	d02147004fc1a56d08c0bdbedce4860d								syn31547603
file				HTA9_14_068_LCM_C19_S403_R1_001.sort.markdup.bam			13241018	52b20f08363a5aebba0379aa7189a064								syn31547602
file				HTA9_14_068_LCM_C1_S385_R1_001.sort.markdup.bam			21457131	64d600aaba9f0cd06af43113da3f84cd								syn31547604
file				HTA9_14_068_LCM_C20_S404_R1_001.sort.markdup.bam			22161183	82a50cf9aff3ca2c56734cd1a8db69e6								syn31547605
file				HTA9_14_068_LCM_C21_S405_R1_001.sort.markdup.bam			30920393	e6767976a44759161762f6f71b89cadb								syn31547606
file				HTA9_14_068_LCM_C22_S406_R1_001.sort.markdup.bam			18403343	916f3292c9acb073f14d81a672de6e91								syn31547607
file				HTA9_14_068_LCM_C23_S407_R1_001.sort.markdup.bam			24139162	c4e5d69ccbf8434ba4bb485a34b78895								syn31547608
file				HTA9_14_068_LCM_C24_S408_R1_001.sort.markdup.bam			10748688	e6eaeba817f3569b6129962a9c3ef73c								syn31547610
file				HTA9_14_068_LCM_C2_S386_R1_001.sort.markdup.bam			17601432	3c627ae8a7312ef35103cddd62ef71e1								syn31547609
file				HTA9_14_068_LCM_C3_S387_R1_001.sort.markdup.bam			25985438	cbc6dd5fcb0325c3d51f2a889288ea45								syn31547612
file				HTA9_14_068_LCM_C4_S388_R1_001.sort.markdup.bam			33060870	c414cbf2928b45b50e8035df8ec846e7								syn31547614
file				HTA9_14_068_LCM_C5_S389_R1_001.sort.markdup.bam			29823232	03a18c657a74ae764ca4e94f26246d11								syn31547613
file				HTA9_14_068_LCM_C6_S390_R1_001.sort.markdup.bam			52754865	7814124d3bdebf65fca61747e80d63ea								syn31547616
file				HTA9_14_068_LCM_C7_S391_R1_001.sort.markdup.bam			28673808	7b964850a5549ce280344b235de093f8								syn31547617
file				HTA9_14_068_LCM_C8_S392_R1_001.sort.markdup.bam			19949633	87a563fc0cde250f34b9aabc3ecf9348								syn31547618
file				HTA9_14_070_A_C101_S1253_R1_001.sort.markdup.bam			5437864	8ab477626b18331b13c1ae8444a6b34e								syn31547615
file				HTA9_14_070_A_C102_S1254_R1_001.sort.markdup.bam			12120212	e608b571ad97b284fc4d8635677fcb9c								syn31547619
file				HTA9_14_070_A_C103_S1255_R1_001.sort.markdup.bam			71573282	a56861d5f5cb1cdb2e7ed4fbdeb2f0cf								syn31547620
file				HTA9_14_070_A_C104_S1256_R1_001.sort.markdup.bam			64201492	b587e572b116d4c4b0ea6b00971aa19b								syn31547623
file				HTA9_14_070_A_C106_S1258_R1_001.sort.markdup.bam			53109712	f90043505816254119d7193276c43326								syn31547624
file				HTA9_14_070_A_C107_S1259_R1_001.sort.markdup.bam			42419885	258e346c1140238dea79d1053d10b8f3								syn31547625
file				HTA9_14_070_A_C108_S1260_R1_001.sort.markdup.bam			67532077	e533fc715fa5271471f097aac9f13d27								syn31547626
file				HTA9_14_070_A_C109_S1261_R1_001.sort.markdup.bam			35659508	d2c1792cc73067f69ff816f5fadb2e43								syn31547627
file				HTA9_14_070_A_C10_S1162_R1_001.sort.markdup.bam			63569273	c318fd6e5502a62cb9881eb23eec7b80								syn31547629
file				HTA9_14_070_A_C112_S1264_R1_001.sort.markdup.bam			78536441	97dba8c7d9341ac70f8acf7ccad66fa9								syn31547630
file				HTA9_14_070_A_C115_S1267_R1_001.sort.markdup.bam			8274322	ca547023796d7e07370ec0c3441e735b								syn31547628
file				HTA9_14_070_A_C118_S1270_R1_001.sort.markdup.bam			11148473	112c7eb8d30222440671e5c2fa927ebd								syn31547631
file				HTA9_14_070_A_C119_S1271_R1_001.sort.markdup.bam			71839792	ac2367612a52e0254e75d81159cdd745								syn31547632
file				HTA9_14_070_A_C11_S1163_R1_001.sort.markdup.bam			51442390	f5e0c16aad655a9e9dcbd95551427fad								syn31547633
file				HTA9_14_070_A_C120_S1272_R1_001.sort.markdup.bam			54666992	188b9e965e28686e3397f4a615fcf54f								syn31547634
file				HTA9_14_070_A_C121_S1273_R1_001.sort.markdup.bam			73476189	9081d83548d1e0120c788ef65e07c666								syn31547635
file				HTA9_14_070_A_C122_S1274_R1_001.sort.markdup.bam			78211426	8b27b30486f556cb513a64f57d1db694								syn31547636
file				HTA9_14_070_A_C124_S1276_R1_001.sort.markdup.bam			66127109	d8ee279e5e693bb02f09f84e80b67065								syn31547638
file				HTA9_14_070_A_C125_S1277_R1_001.sort.markdup.bam			52359829	da9f8abab397c998c25b61e453c20db0								syn31547640
file				HTA9_14_070_A_C128_S1280_R1_001.sort.markdup.bam			69821958	5a6f3b3ce5daaf6e265468b32fabcbcb								syn31547641
file				HTA9_14_070_A_C12_S1164_R1_001.sort.markdup.bam			70717807	4b2cec444d4287d3a52e47ebcaccaff6								syn31547643
file				HTA9_14_070_A_C135_S1287_R1_001.sort.markdup.bam			58205540	8015311062e2eec1ae0efd2b864c95b4								syn31547642
file				HTA9_14_070_A_C136_S1288_R1_001.sort.markdup.bam			53269053	9bd8d9c9c25ce786f998935f7f4d3411								syn31547644
file				HTA9_14_070_A_C137_S1289_R1_001.sort.markdup.bam			67639970	13ef282acf21863f23a168a0fe3371a6								syn31547646
file				HTA9_14_070_A_C139_S1291_R1_001.sort.markdup.bam			59160186	9c80ce9c5cacaf7352b27ab0649dd15c								syn31547648
file				HTA9_14_070_A_C142_S1294_R1_001.sort.markdup.bam			65319328	b4518bc1c80715f857da1920c107465f								syn31547650
file				HTA9_14_070_A_C143_S1295_R1_001.sort.markdup.bam			60969929	2228c129796c230fc8af7baf84f32b56								syn31547654
file				HTA9_14_070_A_C145_S1297_R1_001.sort.markdup.bam			9211557	6eae795a1db04e85629e3144926f3199								syn31547651
file				HTA9_14_070_A_C147_S1299_R1_001.sort.markdup.bam			9572055	939c471494511493d47a8491b0e0041c								syn31547652
file				HTA9_14_070_A_C148_S1300_R1_001.sort.markdup.bam			15989747	4add694681efbb15f71001bdaacdc38e								syn31547653
file				HTA9_14_070_A_C149_S1301_R1_001.sort.markdup.bam			21854185	f2b186f18d41760e4a5573248a8d83e5								syn31547655
file				HTA9_14_070_A_C14_S1166_R1_001.sort.markdup.bam			71257418	d7edeae472a07bb014497dbf77ef9ac6								syn31547657
file				HTA9_14_070_A_C151_S1303_R1_001.sort.markdup.bam			70125746	252b60dc978dd77205eab1e2073ca505								syn31547658
file				HTA9_14_070_A_C152_S1304_R1_001.sort.markdup.bam			64247494	268712d43e4fce086f3da252e1e85f59								syn31547659
file				HTA9_14_070_A_C153_S1305_R1_001.sort.markdup.bam			78333574	85536ba38ca0b6d54761928eef503f72								syn31547660
file				HTA9_14_070_A_C155_S1307_R1_001.sort.markdup.bam			71011859	5d1c08035963f1ea101324b001aaddf1								syn31547661
file				HTA9_14_070_A_C156_S1308_R1_001.sort.markdup.bam			46232152	84b7c2bf9744875b321d76fa11e1caa0								syn31547662
file				HTA9_14_070_A_C157_S1309_R1_001.sort.markdup.bam			57749551	f6dd09e1456e59909a145885630046cc								syn31547663
file				HTA9_14_070_A_C158_S1310_R1_001.sort.markdup.bam			68020809	6d085c16cd08846eba2a161fc283dd34								syn31547665
file				HTA9_14_070_A_C159_S1311_R1_001.sort.markdup.bam			68876111	62f0eb8ca0f98dc464ac739ebba8954e								syn31547666
file				HTA9_14_070_A_C160_S1312_R1_001.sort.markdup.bam			70736216	11e664272613616c4af3d12ad019ce70								syn31547667
file				HTA9_14_070_A_C165_S1317_R1_001.sort.markdup.bam			14215728	e9075298e23063c80e77053e1ed9225f								syn31547668
file				HTA9_14_070_A_C168_S1320_R1_001.sort.markdup.bam			56990263	9cee29add42c3943f71d8676fbd127ab								syn31547669
file				HTA9_14_070_A_C169_S1321_R1_001.sort.markdup.bam			53436820	60880005a0d5323638d21b038add7b09								syn31547670
file				HTA9_14_070_A_C170_S1322_R1_001.sort.markdup.bam			21077945	3dc96d9ff8a3813f5b2ca9239eeda8f7								syn31547671
file				HTA9_14_070_A_C171_S1323_R1_001.sort.markdup.bam			60831215	a5e26a472455dc0184076be010ed4d23								syn31547672
file				HTA9_14_070_A_C172_S1324_R1_001.sort.markdup.bam			63415388	6b232b7b32ec57a05563868fc4453e8d								syn31547673
file				HTA9_14_070_A_C174_S1326_R1_001.sort.markdup.bam			59948784	3d2ce106f3ab11e18c922c866f6167ec								syn31547675
file				HTA9_14_070_A_C175_S1327_R1_001.sort.markdup.bam			46906787	c0ac5b20ece58392d2e7187fee21587f								syn31547674
file				HTA9_14_070_A_C176_S1328_R1_001.sort.markdup.bam			46048117	c817325cac4180144ad3223b0cf12eb7								syn31547677
file				HTA9_14_070_A_C180_S1332_R1_001.sort.markdup.bam			9740276	5c59cf656e51c8f6776515cb0c4f32e8								syn31547676
file				HTA9_14_070_A_C181_S1333_R1_001.sort.markdup.bam			18169585	cbc50656cfae595380f32d18166af45e								syn31547678
file				HTA9_14_070_A_C182_S1334_R1_001.sort.markdup.bam			54316328	02c704e66c372533fb77bf7e0b50cc56								syn31547680
file				HTA9_14_070_A_C184_S1336_R1_001.sort.markdup.bam			60507996	0c5f4f1e226ca3ec519e4716c5bea253								syn31547681
file				HTA9_14_070_A_C186_S1338_R1_001.sort.markdup.bam			80136070	0ce1ac16a5b10e7dccd4c65fc1e3991d								syn31547682
file				HTA9_14_070_A_C187_S1339_R1_001.sort.markdup.bam			66222168	f3f62ef2f0c24cd6cb46556c3e42302f								syn31547683
file				HTA9_14_070_A_C190_S1342_R1_001.sort.markdup.bam			64819971	011287a78b2d0337ec4e6fae03978f41								syn31547685
file				HTA9_14_070_A_C192_S1344_R1_001.sort.markdup.bam			68822848	0962eab8266f2acad9d199008e160204								syn31547688
file				HTA9_14_070_A_C195_S1347_R1_001.sort.markdup.bam			7680954	396508e6e61b321bceebeae8b6de69fc								syn31547684
file				HTA9_14_070_A_C196_S1348_R1_001.sort.markdup.bam			16950123	6e2a30bdcc0f71a88fc010664ce7acd0								syn31547687
file				HTA9_14_070_A_C198_S1350_R1_001.sort.markdup.bam			10969270	6c1d20b6bed4c6e9bb5c1698d44bb494								syn31547686
file				HTA9_14_070_A_C200_S1352_R1_001.sort.markdup.bam			62590243	6651cb6bae6a00bebdcc239789dec6e9								syn31547689
file				HTA9_14_070_A_C201_S1353_R1_001.sort.markdup.bam			77418336	225c37b454f7ab515e8c130d98c5eb99								syn31547691
file				HTA9_14_070_A_C204_S1356_R1_001.sort.markdup.bam			66530323	60366e1fa8d5bc54dd13444e880cd880								syn31547692
file				HTA9_14_070_A_C205_S1357_R1_001.sort.markdup.bam			76528216	f60e49ec9e0487a2e6beff19b28c89d4								syn31547693
file				HTA9_14_070_A_C206_S1358_R1_001.sort.markdup.bam			67430584	777f77bee2f64f2b8ab87657247a8936								syn31547695
file				HTA9_14_070_A_C214_S1366_R1_001.sort.markdup.bam			9213357	3ea959f39c966d1b4ff11ad5d9c0c604								syn31547694
file				HTA9_14_070_A_C215_S1367_R1_001.sort.markdup.bam			73150652	63eeaf258ab32bd3378afb31c39105fc								syn31547696
file				HTA9_14_070_A_C216_S1368_R1_001.sort.markdup.bam			60605375	ea84ddac88e32905d00cba34649305cd								syn31547697
file				HTA9_14_070_A_C219_S1371_R1_001.sort.markdup.bam			65550093	e929d744a46b438f61dea9b4eb6e4361								syn31547699
file				HTA9_14_070_A_C21_S1173_R1_001.sort.markdup.bam			20139434	62d44ad4b5f52b0f574ce98307f64d97								syn31547698
file				HTA9_14_070_A_C220_S1372_R1_001.sort.markdup.bam			72002970	21fb1cccf02cc1a67774cbf5ed8b7444								syn31547701
file				HTA9_14_070_A_C221_S1373_R1_001.sort.markdup.bam			74783951	d2bdaa82aa8f85d67195657bc79147b4								syn31547702
file				HTA9_14_070_A_C224_S1376_R1_001.sort.markdup.bam			68485371	2bb0c4e0dc193f946d959c9c69737c2b								syn31547732
file				HTA9_14_070_A_C22_S1174_R1_001.sort.markdup.bam			12093284	248fcfe70a2a761ac1774d34ab978c56								syn31547733
file				HTA9_14_070_A_C230_S1382_R1_001.sort.markdup.bam			9793486	3048743f5e35fb5dcfe3c3cfc31b051b								syn31547725
file				HTA9_14_070_A_C231_S1383_R1_001.sort.markdup.bam			73036625	aa75159a9db9f127faf0543cf04a2981								syn31547734
file				HTA9_14_070_A_C232_S1384_R1_001.sort.markdup.bam			65573380	8a8b4e9d404650a90ba040ae77f3f0f2								syn31547735
file				HTA9_14_070_A_C233_S1385_R1_001.sort.markdup.bam			72263182	39f7d640336c00bbee0cda40b8e32497								syn31547736
file				HTA9_14_070_A_C234_S1386_R1_001.sort.markdup.bam			64912565	4a487d4153b7d84be95e6d99b40ac7ed								syn31547737
file				HTA9_14_070_A_C235_S1387_R1_001.sort.markdup.bam			69015464	60485c4b0b4cc7ed713247bc6d2c4e02								syn31547738
file				HTA9_14_070_A_C236_S1388_R1_001.sort.markdup.bam			70100376	ffe837910c501307b9580ce7882c9e11								syn31547741
file				HTA9_14_070_A_C238_S1390_R1_001.sort.markdup.bam			54054030	4a79f910a5bdb59a1222467dbc6f4542								syn31547742
file				HTA9_14_070_A_C239_S1391_R1_001.sort.markdup.bam			71608928	c66d67b4aa76c2e0789ba9f1b9b73470								syn31547744
file				HTA9_14_070_A_C23_S1175_R1_001.sort.markdup.bam			11432687	32cb6d899b94742da5bd277ff78e34ff								syn31547743
file				HTA9_14_070_A_C240_S1392_R1_001.sort.markdup.bam			70315718	8c3b58bd57eeb4b3dea6576c885c0f64								syn31547748
file				HTA9_14_070_A_C243_S1395_R1_001.sort.markdup.bam			9234408	08027061f6ee4ee7e5e251d9e6cb539e								syn31547745
file				HTA9_14_070_A_C244_S1396_R1_001.sort.markdup.bam			12337587	92de46c930acc6657fabf0c5ab5064af								syn31547747
file				HTA9_14_070_A_C245_S1397_R1_001.sort.markdup.bam			6232065	9cfb23ed6cde39639de5fd5b4a46d0a8								syn31547746
file				HTA9_14_070_A_C247_S1399_R1_001.sort.markdup.bam			69179663	4d83acf0b3ea5fe4029768947f30fc0f								syn31547751
file				HTA9_14_070_A_C248_S1400_R1_001.sort.markdup.bam			60861793	14d32e6422ce94aa0d8a92910de7339d								syn31547749
file				HTA9_14_070_A_C24_S1176_R1_001.sort.markdup.bam			64254077	706f28d6d1723ba83ed7d84d5aa46776								syn31547750
file				HTA9_14_070_A_C250_S1402_R1_001.sort.markdup.bam			78325035	355c77c13c140d382e62d3eb5c2615ed								syn31547752
file				HTA9_14_070_A_C255_S1407_R1_001.sort.markdup.bam			71152577	af4e2aa9181bbb0fee5aa7f54489ad30								syn31547756
file				HTA9_14_070_A_C25_S1177_R1_001.sort.markdup.bam			13450388	4b86fec032bfcba1e4088da24b87651b								syn31547755
file				HTA9_14_070_A_C260_S1412_R1_001.sort.markdup.bam			8112578	91ac7576fa3ef7ead6de625894f79a15								syn31547753
file				HTA9_14_070_A_C261_S1413_R1_001.sort.markdup.bam			12089793	ad091e7b2f9b10eb2e4b81d9ef058433								syn31547754
file				HTA9_14_070_A_C262_S1414_R1_001.sort.markdup.bam			18626201	c1d037139f65f2d2714817ffd67b56d0								syn31547757
file				HTA9_14_070_A_C264_S1416_R1_001.sort.markdup.bam			58489138	4ff74f0a3608e18177795903b63b437b								syn31547758
file				HTA9_14_070_A_C265_S1417_R1_001.sort.markdup.bam			46820375	de20dda0913b9b3972b8b8600e5d40bd								syn31547759
file				HTA9_14_070_A_C266_S1418_R1_001.sort.markdup.bam			64590786	9f9e7bbdc288c1340d7c9fd27f7635bb								syn31547760
file				HTA9_14_070_A_C267_S1419_R1_001.sort.markdup.bam			66156610	d7be962ac6025f94c091642ced7e75d4								syn31547761
file				HTA9_14_070_A_C268_S1420_R1_001.sort.markdup.bam			67226542	3ee62dd36e164dfcbcd1923719912b42								syn31547763
file				HTA9_14_070_A_C26_S1178_R1_001.sort.markdup.bam			71124566	b97971a6f94573c2271296f02f6ead11								syn31547764
file				HTA9_14_070_A_C272_S1424_R1_001.sort.markdup.bam			73307008	2917ddede3e6dd537b1852dbd89149e6								syn31547767
file				HTA9_14_070_A_C274_S1426_R1_001.sort.markdup.bam			15118798	26b6463f096de0662f2730fabe428317								syn31547765
file				HTA9_14_070_A_C275_S1427_R1_001.sort.markdup.bam			19685758	59b62c222bff1f3d3a3ae244b3e2d5ed								syn31547766
file				HTA9_14_070_A_C276_S1428_R1_001.sort.markdup.bam			22250127	59e2ea35113219375e7d5dfbb83802bd								syn31547768
file				HTA9_14_070_A_C278_S1430_R1_001.sort.markdup.bam			9501422	a41817fb8bb53641b22f84f0c35d7b83								syn31547769
file				HTA9_14_070_A_C279_S1431_R1_001.sort.markdup.bam			73349810	ec98bfffd490b9d243ff6e167e6bb4bd								syn31547770
file				HTA9_14_070_A_C27_S1179_R1_001.sort.markdup.bam			50711317	0e1b2a97a6bafb6db306ba9e5ae6eb72								syn31547771
file				HTA9_14_070_A_C280_S1432_R1_001.sort.markdup.bam			63334828	d853a10f461af66ea236ec6db18d92f9								syn31547772
file				HTA9_14_070_A_C281_S1433_R1_001.sort.markdup.bam			73168335	7917192e1059034da643efa253ea07a5								syn31547773
file				HTA9_14_070_A_C283_S1435_R1_001.sort.markdup.bam			65081084	3754b3de6fae50214d57d1c7c0065df2								syn31547776
file				HTA9_14_070_A_C285_S1437_R1_001.sort.markdup.bam			55960800	b57784a5ae2646999aad05ba9b50b347								syn31547774
file				HTA9_14_070_A_C286_S1438_R1_001.sort.markdup.bam			74735223	97afa6ae0ee0b610eb739b9f2484920a								syn31547775
file				HTA9_14_070_A_C287_S1439_R1_001.sort.markdup.bam			75337327	8bce697ff6384f86afe0e9408bb3cd0e								syn31547777
file				HTA9_14_070_A_C288_S1440_R1_001.sort.markdup.bam			75368085	99daf94e9e7910fcac58e1f3fa8cb9c4								syn31547779
file				HTA9_14_070_A_C28_S1180_R1_001.sort.markdup.bam			58351664	b1e56e143cb6104aee2e63138ca57d6d								syn31547782
file				HTA9_14_070_A_C292_S1444_R1_001.sort.markdup.bam			9332113	b430bb611c2ed50f4861c4257e5c57e6								syn31547778
file				HTA9_14_070_A_C293_S1445_R1_001.sort.markdup.bam			8592522	67247713d751c713eda52b2802fb3bc8								syn31547780
file				HTA9_14_070_A_C295_S1447_R1_001.sort.markdup.bam			62271470	96eb7f61337a7a8fd33f97445159b718								syn31547785
file				HTA9_14_070_A_C296_S1448_R1_001.sort.markdup.bam			59978921	46ac9428de6acb0d792ab53b8459b773								syn31547786
file				HTA9_14_070_A_C297_S1449_R1_001.sort.markdup.bam			68524757	476489d15c37a2c3a052b1c9cb635e2a								syn31547787
file				HTA9_14_070_A_C298_S1450_R1_001.sort.markdup.bam			69491175	84f43347506068d0d423216e0337eb70								syn31547788
file				HTA9_14_070_A_C299_S1451_R1_001.sort.markdup.bam			65642032	03a36fc15938bc28a5713da10b213c25								syn31547789
file				HTA9_14_070_A_C29_S1181_R1_001.sort.markdup.bam			73537100	eac434967e599e01b95d2e7da93a88a4								syn31547791
file				HTA9_14_070_A_C300_S1452_R1_001.sort.markdup.bam			71247270	7e85534b509bcb87687acd33c29a5d18								syn31547790
file				HTA9_14_070_A_C301_S1453_R1_001.sort.markdup.bam			77402387	642082c3755d3cd4401565cd88dac912								syn31547793
file				HTA9_14_070_A_C30_S1182_R1_001.sort.markdup.bam			74908929	ca5d60e88a3ffcc068ce22384471ecf7								syn31547794
file				HTA9_14_070_A_C311_S1463_R1_001.sort.markdup.bam			28829171	4f1257ab7a7975eb0560de355e5712f9								syn31547792
file				HTA9_14_070_A_C312_S1464_R1_001.sort.markdup.bam			57320877	9bdae0db68cabfa748a083b9b2746db1								syn31547795
file				HTA9_14_070_A_C313_S1465_R1_001.sort.markdup.bam			78350354	8cac192289e1516b7993c3177349f6aa								syn31547797
file				HTA9_14_070_A_C314_S1466_R1_001.sort.markdup.bam			68922392	a1fdc127a51304a64e129c1c342bc3b7								syn31547796
file				HTA9_14_070_A_C315_S1467_R1_001.sort.markdup.bam			70068435	f7734b54c42d067b4d389041f557180a								syn31547798
file				HTA9_14_070_A_C317_S1469_R1_001.sort.markdup.bam			63371889	046197e0ee3e8883dd2462367d32b936								syn31547799
file				HTA9_14_070_A_C319_S1471_R1_001.sort.markdup.bam			75499044	1d2ba5a6eb059800fa45a72029a21e2c								syn31547805
file				HTA9_14_070_A_C31_S1183_R1_001.sort.markdup.bam			71211624	a62eba5f972af5aa6f1d7746afb4ed72								syn31547807
file				HTA9_14_070_A_C320_S1472_R1_001.sort.markdup.bam			69620190	d77d622f3906b20ebf29e7f51f0bdb31								syn31547806
file				HTA9_14_070_A_C322_S1474_R1_001.sort.markdup.bam			10322661	ce5e5f9fcbb157e1baaa4ac56e87d122								syn31547801
file				HTA9_14_070_A_C323_S1475_R1_001.sort.markdup.bam			15945726	2dbfdc64a2bc7aaa29c5050f76eddf2e								syn31547800
file				HTA9_14_070_A_C326_S1478_R1_001.sort.markdup.bam			10938567	8087d37d4df29d5ffc08aa825d7be9b1								syn31547804
file				HTA9_14_070_A_C327_S1479_R1_001.sort.markdup.bam			12424946	a6ab4148a6d82ca4bb1d379e5067924b								syn31547803
file				HTA9_14_070_A_C328_S1480_R1_001.sort.markdup.bam			60962022	ff30115138bbe446194bf7040a94e984								syn31547808
file				HTA9_14_070_A_C329_S1481_R1_001.sort.markdup.bam			77075848	40174c3f796d9455ca2c11b30fcccf57								syn31547811
file				HTA9_14_070_A_C330_S1482_R1_001.sort.markdup.bam			69266850	6fb1f98f5df0f8d6346c992b8566ed90								syn31547810
file				HTA9_14_070_A_C334_S1486_R1_001.sort.markdup.bam			74765705	aff1b3d8b4610d30e7d61eae035f06c9								syn31547813
file				HTA9_14_070_A_C335_S1487_R1_001.sort.markdup.bam			70958819	0a47b613595adc427563ff24a1fdf495								syn31547812
file				HTA9_14_070_A_C336_S1488_R1_001.sort.markdup.bam			72183625	0594c5a70172d0bac27c4e4f2c12227e								syn31547816
file				HTA9_14_070_A_C340_S1492_R1_001.sort.markdup.bam			20187942	e8c66754db99bc981b9f3d317ed09120								syn31547814
file				HTA9_14_070_A_C342_S1494_R1_001.sort.markdup.bam			8014478	76c96de9f077c3d2e13ea2b8e2e31027								syn31547809
file				HTA9_14_070_A_C344_S1496_R1_001.sort.markdup.bam			11607140	93e6a5e055e26dc2a370644c0307bb73								syn31547815
file				HTA9_14_070_A_C346_S1498_R1_001.sort.markdup.bam			71486796	0c8601da6c6966cc10ab6fcfbf59bfec								syn31547941
file				HTA9_14_070_A_C347_S1499_R1_001.sort.markdup.bam			66776974	e896148856c96287e5351090ad4fb971								syn31547817
file				HTA9_14_070_A_C348_S1500_R1_001.sort.markdup.bam			68361727	68a34d30fc33b12f74bec7218de4b13b								syn31547819
file				HTA9_14_070_A_C349_S1501_R1_001.sort.markdup.bam			57880128	801baef0bbe6b9e2691795cb631e7a8d								syn31547818
file				HTA9_14_070_A_C350_S1502_R1_001.sort.markdup.bam			69363641	15ea1c028a644b80e182afafd42048ba								syn31547823
file				HTA9_14_070_A_C351_S1503_R1_001.sort.markdup.bam			53194658	49321aa897220044cab133198e2e0ec9								syn31547824
file				HTA9_14_070_A_C352_S1504_R1_001.sort.markdup.bam			54218378	951f30d09afad4b031e4eb96b5d10863								syn31547822
file				HTA9_14_070_A_C38_S1190_R1_001.sort.markdup.bam			11708933	10c08b1690f9e8a8d865797ab1a223cb								syn31547820
file				HTA9_14_070_A_C39_S1191_R1_001.sort.markdup.bam			10963775	0bb150029a6b4d002592d7b05666ce72								syn31547821
file				HTA9_14_070_A_C40_S1192_R1_001.sort.markdup.bam			73489531	51e8ac8d25117754bef3f584433371df								syn31547827
file				HTA9_14_070_A_C41_S1193_R1_001.sort.markdup.bam			78796291	84d732dadc3c903641097bee29310479								syn31547831
file				HTA9_14_070_A_C42_S1194_R1_001.sort.markdup.bam			75323968	4288c8bb82dce9ffa7d491ea121f1097								syn31547826
file				HTA9_14_070_A_C43_S1195_R1_001.sort.markdup.bam			65011743	81d49896a8fb7de5f5fc9cda3582679c								syn31547825
file				HTA9_14_070_A_C44_S1196_R1_001.sort.markdup.bam			66721840	0f3fc93d8c2b0ad0eab8990640a2c763								syn31547829
file				HTA9_14_070_A_C45_S1197_R1_001.sort.markdup.bam			80267475	d16216ebb84342d78377cbbacb49f0c0								syn31547835
file				HTA9_14_070_A_C46_S1198_R1_001.sort.markdup.bam			53277565	27e049e8cd74ab60dd91fc838e6dd56b								syn31547832
file				HTA9_14_070_A_C48_S1200_R1_001.sort.markdup.bam			16947713	741a5aea0a8b42aba9a9a4e88912cfcc								syn31547830
file				HTA9_14_070_A_C53_S1205_R1_001.sort.markdup.bam			5876496	9d592b7ba17a0d2e214f1f1c692a5a30								syn31547828
file				HTA9_14_070_A_C55_S1207_R1_001.sort.markdup.bam			67696018	5f056e559837d3a3aef3520e86040f0c								syn31547833
file				HTA9_14_070_A_C56_S1208_R1_001.sort.markdup.bam			72290003	2c8f6a54e010758263253a5440984381								syn31547834
file				HTA9_14_070_A_C57_S1209_R1_001.sort.markdup.bam			77597754	62f5d1e91b2e9cb8bd72ac385aea494a								syn31547836
file				HTA9_14_070_A_C58_S1210_R1_001.sort.markdup.bam			78819958	8d383deccaee50f99051859e2f9fff21								syn31547837
file				HTA9_14_070_A_C59_S1211_R1_001.sort.markdup.bam			70716814	8a380a44ec3349e695f9cd8cc71938f7								syn31547839
file				HTA9_14_070_A_C60_S1212_R1_001.sort.markdup.bam			76706650	1aaac68971494cf68cbf549d6a3e8893								syn31547840
file				HTA9_14_070_A_C61_S1213_R1_001.sort.markdup.bam			78980580	bcad8c47e8dde736582bd15999e88957								syn31547841
file				HTA9_14_070_A_C62_S1214_R1_001.sort.markdup.bam			83150816	830e2b6d743e64a6a6502022f862e847								syn31547842
file				HTA9_14_070_A_C63_S1215_R1_001.sort.markdup.bam			85645334	3feb91aca69cc426da00b3631db10a19								syn31547843
file				HTA9_14_070_A_C67_S1219_R1_001.sort.markdup.bam			11932707	4d39d868344224131a83c63cddc690b6								syn31547838
file				HTA9_14_070_A_C71_S1223_R1_001.sort.markdup.bam			75528220	fb8acc1a153ab9bec179f19ddda3a85f								syn31547845
file				HTA9_14_070_A_C72_S1224_R1_001.sort.markdup.bam			70011110	9349b844a7feb6688e5fcf782d4124cd								syn31547844
file				HTA9_14_070_A_C73_S1225_R1_001.sort.markdup.bam			69946137	9e9b91f5d6a391b159ce4eadf705a8c8								syn31547848
file				HTA9_14_070_A_C76_S1228_R1_001.sort.markdup.bam			67040916	ad1d06a901c5e0ef99a871e3e73cf78a								syn31547851
file				HTA9_14_070_A_C77_S1229_R1_001.sort.markdup.bam			75614428	651513d1802403310f8b34afcff293f2								syn31547854
file				HTA9_14_070_A_C78_S1230_R1_001.sort.markdup.bam			74541273	e1693d7a7bd64b09fd9283cad3c9a5b0								syn31547856
file				HTA9_14_070_A_C7_S1159_R1_001.sort.markdup.bam			8199270	e9a1365ccbf2fbb1f7d83c6d84da1dc1								syn31547847
file				HTA9_14_070_A_C80_S1232_R1_001.sort.markdup.bam			37078966	251d1bd16e8e9c1f91647392dcf381a4								syn31547853
file				HTA9_14_070_A_C83_S1235_R1_001.sort.markdup.bam			7374803	a2fbd76110cbeb5f658b6ed8f241af4a								syn31547846
file				HTA9_14_070_A_C84_S1236_R1_001.sort.markdup.bam			8532410	bd1026e9b14e77fc7e64a2781f94a5ea								syn31547852
file				HTA9_14_070_A_C87_S1239_R1_001.sort.markdup.bam			73507771	bce21480e3d98d91d24e30b91c4fc85a								syn31547857
file				HTA9_14_070_A_C88_S1240_R1_001.sort.markdup.bam			62004047	c0ce23f1c0045becd60df47e4f298266								syn31547858
file				HTA9_14_070_A_C90_S1242_R1_001.sort.markdup.bam			68394739	12c55c854388fa7fbd2c87fb4a7faa20								syn31547859
file				HTA9_14_070_A_C91_S1243_R1_001.sort.markdup.bam			12090176	3246412b2d16ef30f65ca0a9090f93fd								syn31547855
file				HTA9_14_070_A_C92_S1244_R1_001.sort.markdup.bam			65387203	ee904616602d14171ea5bbec116f1b12								syn31547860
file				HTA9_14_070_A_C94_S1246_R1_001.sort.markdup.bam			50730651	e189760468d3091a4953574c32a590e7								syn31547861
file				HTA9_14_070_A_C95_S1247_R1_001.sort.markdup.bam			65041623	97722ace7e80e50151057f16e8e679d2								syn31547862
file				HTA9_14_070_A_C96_S1248_R1_001.sort.markdup.bam			71105042	e5eb81d018a7dba73eac901d3658066f								syn31547929
file				HTA9_14_070_A_C9_S1161_R1_001.sort.markdup.bam			72076374	26ec3fc56ca4e5d5c067486ac712e7ea								syn31547866
file				HTA9_14_070_D_C379_S1531_R1_001.sort.markdup.bam			47802689	280f28d0a1ca83134f50509453a674b6								syn31547865
file				HTA9_14_077_LCM_C1_S1201_R1_001.sort.markdup.bam			31055181	f0c936bb279b4f350120865a2db39c16								syn31547864
file				HTA9_14_077_LCM_C25_S1609_R1_001.sort.markdup.bam			15828595	1b57587cf06e838483b008a787103ead								syn31547863
file				HTA9_14_077_LCM_C27_S1611_R1_001.sort.markdup.bam			72994225	31184713899c68a1c7d8831f8fc85faa								syn31547872
file				HTA9_14_077_LCM_C28_S1612_R1_001.sort.markdup.bam			28202677	a39b2d6eec9c1016e1318ebde9d51b30								syn31547870
file				HTA9_14_077_LCM_C29_S1613_R1_001.sort.markdup.bam			17960515	74d0f45896097bf0e7878984227f5a55								syn31547868
file				HTA9_14_077_LCM_C2_S1202_R1_001.sort.markdup.bam			24105765	ae040f25a7e64e06564018ed3510fff5								syn31547869
file				HTA9_14_077_LCM_C30_S1614_R1_001.sort.markdup.bam			22631565	c879be096abeb312551b6a3ef2970e27								syn31547867
file				HTA9_14_077_LCM_C32_S1616_R1_001.sort.markdup.bam			13938546	e569563d440fd16c451198e4f5f1c24e								syn31547871
file				HTA9_14_077_LCM_C3_S1203_R1_001.sort.markdup.bam			38105219	c46b442e14935e19d5dd4a258b518b27								syn31547875
file				HTA9_14_077_LCM_C44_S1628_R1_001.sort.markdup.bam			29884124	318eb539302bb5be0fcaa41c247f848e								syn31547873
file				HTA9_14_077_LCM_C46_S1630_R1_001.sort.markdup.bam			31344839	96b1ad337f2caa7887b6055a605574ab								syn31547874
file				HTA9_14_077_LCM_C47_S1631_R1_001.sort.markdup.bam			18578511	23eab13c961f590605170ff94b7fd42b								syn31547876
file				HTA9_14_077_LCM_C4_S1204_R1_001.sort.markdup.bam			30332494	9b3208ed37017ff9c086cb9bf344e812								syn31547877
file				HTA9_14_077_LCM_C8_S1208_R1_001.sort.markdup.bam			27204496	7aed4e7995984ba6bf3d03099773b64f								syn31547878
file				HTA9_14_078_A_C102_S870_R1_001.sort.markdup.bam			76703658	023ba403c6ce27561a068c20440e27f0								syn31547881
file				HTA9_14_078_A_C103_S871_R1_001.sort.markdup.bam			73202748	2ee875b9154c9f8287989899c266b5ea								syn31547880
file				HTA9_14_078_A_C104_S872_R1_001.sort.markdup.bam			23810635	ef8c9113f09741790b2dca47916f1e00								syn31547879
file				HTA9_14_078_A_C105_S873_R1_001.sort.markdup.bam			80442149	45112e480e99be162f0c33a9063bf86a								syn31547882
file				HTA9_14_078_A_C106_S874_R1_001.sort.markdup.bam			72288093	3ab534698b8b1014517dc690f5b51aca								syn31547883
file				HTA9_14_078_A_C107_S875_R1_001.sort.markdup.bam			62467975	0ea76ce9f2b7a27e7434e9d4f43ca203								syn31547884
file				HTA9_14_078_A_C108_S876_R1_001.sort.markdup.bam			64005873	99e3af61abc5a09aed8b3fcf0f21fd09								syn31547886
file				HTA9_14_078_A_C109_S877_R1_001.sort.markdup.bam			41308449	7f04148caba602db5d2c293f0f1ee155								syn31547885
file				HTA9_14_078_A_C10_S778_R1_001.sort.markdup.bam			63842897	dc6c6b98cdb1d06929483e631c6a8094								syn31547888
file				HTA9_14_078_A_C110_S878_R1_001.sort.markdup.bam			72229553	aa361e9b429e8d86726ea082368ba209								syn31547891
file				HTA9_14_078_A_C111_S879_R1_001.sort.markdup.bam			80587983	0572ee381362f6265d775faca8b72a4a								syn31547890
file				HTA9_14_078_A_C112_S880_R1_001.sort.markdup.bam			70435937	c8ebb89dbcc8c8c56b10e109cd27dad8								syn31547893
file				HTA9_14_078_A_C114_S882_R1_001.sort.markdup.bam			12647202	f38a5c10259dbc5265771ce4de8f6948								syn31547887
file				HTA9_14_078_A_C115_S883_R1_001.sort.markdup.bam			10726356	74e10bb1c6990a47d5f96c7f5d3541d4								syn31547889
file				HTA9_14_078_A_C117_S885_R1_001.sort.markdup.bam			29136365	13fad3232583f4430e83ff5ea52e0e02								syn31547892
file				HTA9_14_078_A_C118_S886_R1_001.sort.markdup.bam			54646244	beb66500fa20489ae947d901326894cb								syn31547896
file				HTA9_14_078_A_C119_S887_R1_001.sort.markdup.bam			72110337	eeba112133099c1fc73f52abb117089b								syn31547898
file				HTA9_14_078_A_C11_S779_R1_001.sort.markdup.bam			60474758	25d804fef7cb7865074b5f32a385b81f								syn31547900
file				HTA9_14_078_A_C120_S888_R1_001.sort.markdup.bam			57438771	4c294bc235c010c46984fd2115e2c470								syn31547899
file				HTA9_14_078_A_C121_S889_R1_001.sort.markdup.bam			82379362	ad727a421de70123c2386dca8b3347c0								syn31547905
file				HTA9_14_078_A_C122_S890_R1_001.sort.markdup.bam			21276608	bbfbb138fcc2846f7698b78830c65654								syn31547903
file				HTA9_14_078_A_C123_S891_R1_001.sort.markdup.bam			64008298	49b3b9362ecfc9cfb6454b68e2d9f873								syn31547909
file				HTA9_14_078_A_C124_S892_R1_001.sort.markdup.bam			53482662	a567a8975abbacddfad99701918d5b32								syn31547908
file				HTA9_14_078_A_C125_S893_R1_001.sort.markdup.bam			39528059	a8ec9f6d0d080ad416d51b39bec588a0								syn31547907
file				HTA9_14_078_A_C126_S894_R1_001.sort.markdup.bam			66291297	8229f85963002757d2301c63bd1911bb								syn31547911
file				HTA9_14_078_A_C127_S895_R1_001.sort.markdup.bam			46586454	6d74b21e440b407a4cb072ad46768102								syn31547912
file				HTA9_14_078_A_C128_S896_R1_001.sort.markdup.bam			61750080	8b1590b7db5314702e32d8ae3c76f089								syn31547917
file				HTA9_14_078_A_C12_S780_R1_001.sort.markdup.bam			64787391	5f591ef65c248e720a46dab3d9cf1e39								syn31547919
file				HTA9_14_078_A_C131_S899_R1_001.sort.markdup.bam			10434991	044b849344add4e8840dad186337537e								syn31547913
file				HTA9_14_078_A_C133_S901_R1_001.sort.markdup.bam			5494619	f39a47aacd584c13ed622a016d49cf52								syn31547910
file				HTA9_14_078_A_C134_S902_R1_001.sort.markdup.bam			61697299	a078158b1f94c08943def5ceb1ed2734								syn31547920
file				HTA9_14_078_A_C135_S903_R1_001.sort.markdup.bam			58979762	5ec32decd1baf502552d483695a6799b								syn31547918
file				HTA9_14_078_A_C136_S904_R1_001.sort.markdup.bam			57003359	e81d01ac9baf9990a00ce85ff65dba6c								syn31547921
file				HTA9_14_078_A_C137_S905_R1_001.sort.markdup.bam			71065782	16aa955bdcc359248bc1bde57a75e1e9								syn31547923
file				HTA9_14_078_A_C138_S906_R1_001.sort.markdup.bam			43303529	6adce2186628be575e320385e2df97d5								syn31547922
file				HTA9_14_078_A_C139_S907_R1_001.sort.markdup.bam			63051817	5c52ed481d1ccc5951d03fba2deda7e6								syn31547925
file				HTA9_14_078_A_C13_S781_R1_001.sort.markdup.bam			74313798	af96914c8894cd9afba92e56441938ac								syn31547927
file				HTA9_14_078_A_C140_S908_R1_001.sort.markdup.bam			58367025	045a965ecd05128062e2c2e60cfb108c								syn31547926
file				HTA9_14_078_A_C141_S909_R1_001.sort.markdup.bam			73811503	e0b5cdc2eb9b428b78529b5c8b378073								syn31547931
file				HTA9_14_078_A_C142_S910_R1_001.sort.markdup.bam			70568862	b95063a339bbfd563637b657f0d5b936								syn31547933
file				HTA9_14_078_A_C143_S911_R1_001.sort.markdup.bam			68928570	7d2b98409933354c092a11241901df2b								syn31547936
file				HTA9_14_078_A_C144_S912_R1_001.sort.markdup.bam			43599782	e8dfe4d815b55dd8b582b2b1380e5738								syn31547930
file				HTA9_14_078_A_C147_S915_R1_001.sort.markdup.bam			14538415	227a22587ffdbe43fd30424da31119ff								syn31547928
file				HTA9_14_078_A_C148_S916_R1_001.sort.markdup.bam			9284316	058d6dcbb986b22ababe41f423d01e28								syn31547940
file				HTA9_14_078_A_C149_S917_R1_001.sort.markdup.bam			12964444	272d4392053d862e3524e16c4ccf581c								syn31547932
file				HTA9_14_078_A_C14_S782_R1_001.sort.markdup.bam			25886891	240670d9cc9a0410431be516516c3cde								syn31547935
file				HTA9_14_078_A_C150_S918_R1_001.sort.markdup.bam			22480796	2efcb653bc4cd65551779b39f947670f								syn31547934
file				HTA9_14_078_A_C151_S919_R1_001.sort.markdup.bam			33485880	6d10d413fb0effd300b9bb67aad27bab								syn31547939
file				HTA9_14_078_A_C152_S920_R1_001.sort.markdup.bam			31440848	029de2013e71a8189813a7c1276e25ec								syn31547938
file				HTA9_14_078_A_C153_S921_R1_001.sort.markdup.bam			81700392	c6189407ae5e7c162b9d2f7ed48e937e								syn31548119
file				HTA9_14_078_A_C154_S922_R1_001.sort.markdup.bam			81811911	d938112a1209418efe5e4f74d2c09ade								syn31547949
file				HTA9_14_078_A_C155_S923_R1_001.sort.markdup.bam			67659151	d083346d29c2c24af13cc22af533b5d7								syn31547945
file				HTA9_14_078_A_C156_S924_R1_001.sort.markdup.bam			63076072	8fcf81489d51ec431789ea43259ced7e								syn31547950
file				HTA9_14_078_A_C157_S925_R1_001.sort.markdup.bam			55287454	e2c1b7b1907176d4ba3ddcbc32b93e0b								syn31547948
file				HTA9_14_078_A_C158_S926_R1_001.sort.markdup.bam			77739463	8322dfdd40528567f28462fd5fececf9								syn31547953
file				HTA9_14_078_A_C159_S927_R1_001.sort.markdup.bam			52533797	0d12b93f89590fd1f0b1e9409285ea51								syn31547952
file				HTA9_14_078_A_C160_S928_R1_001.sort.markdup.bam			53254772	f06cd80d72b703fee137c93da70cf299								syn31547957
file				HTA9_14_078_A_C162_S930_R1_001.sort.markdup.bam			7436011	32e02533ffa2c857e8130dfe516cd81b								syn31547944
file				HTA9_14_078_A_C166_S934_R1_001.sort.markdup.bam			44729342	9ff97725cf4077ac77ad880bb666f65c								syn31547951
file				HTA9_14_078_A_C167_S935_R1_001.sort.markdup.bam			60635416	00b2f98c1e9f15a3ac191407c314fab1								syn31547956
file				HTA9_14_078_A_C169_S937_R1_001.sort.markdup.bam			67561540	66f84d2d18d8c3fa067aa81c89557f71								syn31547960
file				HTA9_14_078_A_C170_S938_R1_001.sort.markdup.bam			69910023	fbc99c2aa3f0845551e3e0e529be0afa								syn31547961
file				HTA9_14_078_A_C171_S939_R1_001.sort.markdup.bam			58369553	c5f9966264158251f1346fce4b44c800								syn31547962
file				HTA9_14_078_A_C172_S940_R1_001.sort.markdup.bam			38121189	8ef6e6157a66b99157249798786296f2								syn31547959
file				HTA9_14_078_A_C173_S941_R1_001.sort.markdup.bam			63073851	a42b47881276d5ae007cdea1e879c02d								syn31547963
file				HTA9_14_078_A_C174_S942_R1_001.sort.markdup.bam			65567539	85f30981d8222b2c9b995d22298b23f0								syn31547967
file				HTA9_14_078_A_C175_S943_R1_001.sort.markdup.bam			61966819	d6c29e5e24d51eee5ca130f56f97f32a								syn31547966
file				HTA9_14_078_A_C176_S944_R1_001.sort.markdup.bam			24727996	d2227855a41153e5eed5b73385d70acc								syn31547964
file				HTA9_14_078_A_C180_S948_R1_001.sort.markdup.bam			16901290	b0e5d8dd4513f3c14558adf6780df4b0								syn31547965
file				HTA9_14_078_A_C181_S949_R1_001.sort.markdup.bam			57005027	c8474a12aa9afa09ccc850b83270a2a9								syn31547972
file				HTA9_14_078_A_C182_S950_R1_001.sort.markdup.bam			73039664	3438e24ede23b616fea8e9bd7fefc5ff								syn31547976
file				HTA9_14_078_A_C183_S951_R1_001.sort.markdup.bam			71592122	4a0fde262b8dbf20c22e18d4cf93e9c4								syn31547977
file				HTA9_14_078_A_C184_S952_R1_001.sort.markdup.bam			63212873	29380bee28990a8949b99fa1bfb9c7ce								syn31547978
file				HTA9_14_078_A_C185_S953_R1_001.sort.markdup.bam			78650580	d6288f87f947a56c93bdbf64bb5254cf								syn31547984
file				HTA9_14_078_A_C187_S955_R1_001.sort.markdup.bam			69513113	1f2198490e650a10c824ec1a9c1bfcc4								syn31547987
file				HTA9_14_078_A_C188_S956_R1_001.sort.markdup.bam			73434082	2d2b9bb89d25dabf9ef331c1fe090584								syn31547994
file				HTA9_14_078_A_C189_S957_R1_001.sort.markdup.bam			48219864	598a5b2e2bc9990c5614bfde0e4fc138								syn31547986
file				HTA9_14_078_A_C190_S958_R1_001.sort.markdup.bam			78171724	23e732971b8d612c45e0924e0bffa895								syn31547998
file				HTA9_14_078_A_C191_S959_R1_001.sort.markdup.bam			62109010	8926e573db110e565ca9511fc1b36daa								syn31548001
file				HTA9_14_078_A_C192_S960_R1_001.sort.markdup.bam			46445484	d72247263e04eb2918f2ca63db44d1e4								syn31547999
file				HTA9_14_078_A_C194_S962_R1_001.sort.markdup.bam			15550905	0ec42627a419929491900d37fad3f72d								syn31547992
file				HTA9_14_078_A_C195_S963_R1_001.sort.markdup.bam			7351239	b0585bfeefd96056d1d3dcc930905217								syn31547996
file				HTA9_14_078_A_C197_S965_R1_001.sort.markdup.bam			14253510	82639106af822ecad77a68c0962a2501								syn31548000
file				HTA9_14_078_A_C198_S966_R1_001.sort.markdup.bam			28045356	3dd1229e203e76af70f5fec305f0d1e5								syn31548002
file				HTA9_14_078_A_C199_S967_R1_001.sort.markdup.bam			59184028	76ef144c8930bcb4918085c06a28d6da								syn31548007
file				HTA9_14_078_A_C200_S968_R1_001.sort.markdup.bam			62295692	dcbb220ebfa5ec7bfc2eeafc20252b0e								syn31548010
file				HTA9_14_078_A_C201_S969_R1_001.sort.markdup.bam			61426138	c6b4b40dcaacd08ad39e5ce40d061d25								syn31548011
file				HTA9_14_078_A_C202_S970_R1_001.sort.markdup.bam			60021125	9aaa14d859b3aead87fbe881c7cc06ad								syn31548015
file				HTA9_14_078_A_C203_S971_R1_001.sort.markdup.bam			42517737	bbf143fa25552b19dee77d90d7c57402								syn31548012
file				HTA9_14_078_A_C204_S972_R1_001.sort.markdup.bam			64554427	84058d24977939b21f185778568f4741								syn31548019
file				HTA9_14_078_A_C205_S973_R1_001.sort.markdup.bam			75660059	167be08da4076bcbe98072d42836d64d								syn31548026
file				HTA9_14_078_A_C206_S974_R1_001.sort.markdup.bam			73893822	e2d073aa79e8c164abcd0c43ad8ef4d6								syn31548025
file				HTA9_14_078_A_C207_S975_R1_001.sort.markdup.bam			60780491	d9269698d38b5ac6d747532d88a6579c								syn31548023
file				HTA9_14_078_A_C208_S976_R1_001.sort.markdup.bam			38645693	3bc67a4dda2dc14da3bccc014e68dc0e								syn31548020
file				HTA9_14_078_A_C210_S978_R1_001.sort.markdup.bam			11859865	a5c40f1831bba952c4d81ca644f905a1								syn31548022
file				HTA9_14_078_A_C214_S982_R1_001.sort.markdup.bam			72828931	c0a35327ee7b43c13dba07983790001d								syn31548032
file				HTA9_14_078_A_C215_S983_R1_001.sort.markdup.bam			40975261	4d1019126865c21b1d19fab29acdadb7								syn31548029
file				HTA9_14_078_A_C216_S984_R1_001.sort.markdup.bam			36870022	bbece4fc4d29a756292f4ea01944db2d								syn31548028
file				HTA9_14_078_A_C217_S985_R1_001.sort.markdup.bam			79633743	f103331a15e28ae203aa8034c719acf3								syn31548035
file				HTA9_14_078_A_C218_S986_R1_001.sort.markdup.bam			34067768	275d4af91d9be7011e6582f08e8c06b2								syn31548031
file				HTA9_14_078_A_C219_S987_R1_001.sort.markdup.bam			56418728	c3d3fad83b88cb469fbdf516422bfc9f								syn31548038
file				HTA9_14_078_A_C220_S988_R1_001.sort.markdup.bam			63773661	b077a3b2f9d7f11ecf879e4cc5431a40								syn31548044
file				HTA9_14_078_A_C221_S989_R1_001.sort.markdup.bam			47685009	1b2ae3d1ae0e43c746f75396da1b4cb5								syn31548039
file				HTA9_14_078_A_C222_S990_R1_001.sort.markdup.bam			71433511	d2d14cdca0b90bd9d7580cfe1c153e04								syn31548050
file				HTA9_14_078_A_C223_S991_R1_001.sort.markdup.bam			76803391	cc7850cff4c48a5f0bdcf90c2595dd8f								syn31548056
file				HTA9_14_078_A_C224_S992_R1_001.sort.markdup.bam			47768498	4f78689c58c0702e948143e08e1d8c23								syn31548055
file				HTA9_14_078_A_C225_S993_R1_001.sort.markdup.bam			6148046	5a15bf27645c2a48b95cc643244b59b3								syn31548037
file				HTA9_14_078_A_C226_S994_R1_001.sort.markdup.bam			12020647	8e563e78007c85474b83d2bde2e3f8d9								syn31548048
file				HTA9_14_078_A_C228_S996_R1_001.sort.markdup.bam			8968380	72bfbc3459e0236d0f0bcf228577c758								syn31548051
file				HTA9_14_078_A_C229_S997_R1_001.sort.markdup.bam			18129734	f94a510f6a48fc327ddf0ede469aeb65								syn31548052
file				HTA9_14_078_A_C22_S790_R1_001.sort.markdup.bam			11447637	b4da93ed3b62de92a436ae85d050fc48								syn31548053
file				HTA9_14_078_A_C231_S999_R1_001.sort.markdup.bam			74395618	63d050136f4d5d8e5cea7ca767010735								syn31548147
file				HTA9_14_078_A_C232_S1000_R1_001.sort.markdup.bam			68247151	9f8ff6dda43b075b559fe5a4c929a496								syn31548065
file				HTA9_14_078_A_C233_S1001_R1_001.sort.markdup.bam			74725487	f6e8bb52fbb5ceb786fde22738477505								syn31548064
file				HTA9_14_078_A_C234_S1002_R1_001.sort.markdup.bam			66667560	7bae146bb2b395dd8f0d2fcacd28b4f3								syn31548069
file				HTA9_14_078_A_C235_S1003_R1_001.sort.markdup.bam			63509287	24e97d1e34849d7a1c3883b1f701ace9								syn31548067
file				HTA9_14_078_A_C236_S1004_R1_001.sort.markdup.bam			52593157	970e4a5fea42b52fc2bde30d3f888cdf								syn31548073
file				HTA9_14_078_A_C237_S1005_R1_001.sort.markdup.bam			51723867	3213a0df4f9cdabbca74fc26af4011a3								syn31548070
file				HTA9_14_078_A_C238_S1006_R1_001.sort.markdup.bam			78857654	cea483a11fa359e47bea7fcbdca5238d								syn31548081
file				HTA9_14_078_A_C23_S791_R1_001.sort.markdup.bam			62144827	96293696632ae7b85138d79f2b152363								syn31548079
file				HTA9_14_078_A_C240_S1008_R1_001.sort.markdup.bam			59230416	63b5ebe8f07436feb1504f10f23e67f9								syn31548078
file				HTA9_14_078_A_C242_S1010_R1_001.sort.markdup.bam			7732367	60a27e1fdb2e690f51b6078aaefa2af2								syn31548075
file				HTA9_14_078_A_C243_S1011_R1_001.sort.markdup.bam			8691525	6b4fd6f7793b3710b61e7c0457243c38								syn31548077
file				HTA9_14_078_A_C244_S1012_R1_001.sort.markdup.bam			12277935	63e10fae81b74b3da012f961e4d86e4e								syn31548082
file				HTA9_14_078_A_C245_S1013_R1_001.sort.markdup.bam			6165591	a383e3f672ad80b03743bf03a7345754								syn31548076
file				HTA9_14_078_A_C246_S1014_R1_001.sort.markdup.bam			60363371	60a29f548ad06bc7c4b5e3f4b7af91f1								syn31548088
file				HTA9_14_078_A_C247_S1015_R1_001.sort.markdup.bam			73413028	14acbb44ca166a098c390a8d526ba85b								syn31548091
file				HTA9_14_078_A_C249_S1017_R1_001.sort.markdup.bam			85283609	bc4fb4ab8540c936e94925bd4a734906								syn31548095
file				HTA9_14_078_A_C24_S792_R1_001.sort.markdup.bam			40130000	fe894bf4521bd036b4212dd4a6ad4e65								syn31548086
file				HTA9_14_078_A_C250_S1018_R1_001.sort.markdup.bam			79295977	792bf0c2087d143962166bc4aa5a6418								syn31548097
file				HTA9_14_078_A_C251_S1019_R1_001.sort.markdup.bam			67533703	dbdf00cbef8649a5b651effbd949b4f0								syn31548101
file				HTA9_14_078_A_C252_S1020_R1_001.sort.markdup.bam			65497248	0254cf606ff861b895f579d8e16cdc91								syn31548100
file				HTA9_14_078_A_C253_S1021_R1_001.sort.markdup.bam			13942760	6369e00b01a9bb6d6127596297fbaaea								syn31548094
file				HTA9_14_078_A_C254_S1022_R1_001.sort.markdup.bam			67191442	d94fec8569505c221f32e0b226d53782								syn31548110
file				HTA9_14_078_A_C255_S1023_R1_001.sort.markdup.bam			62639070	4f46911c9efb40b8f71bb69d50fdf619								syn31548109
file				HTA9_14_078_A_C256_S1024_R1_001.sort.markdup.bam			57165439	c349c1ee9bfa97c2f22ec5bac99784e0								syn31548112
file				HTA9_14_078_A_C25_S793_R1_001.sort.markdup.bam			83250682	2b00fb3ed63c3f3dab4216c5ac12d984								syn31548118
file				HTA9_14_078_A_C263_S1031_R1_001.sort.markdup.bam			73485093	77bafde7bf51a4705a41a49e1ea841cd								syn31548115
file				HTA9_14_078_A_C264_S1032_R1_001.sort.markdup.bam			62620044	21ab62a201f62148ac623998c32d10a9								syn31548121
file				HTA9_14_078_A_C265_S1033_R1_001.sort.markdup.bam			76244666	9424247457d25b868407e3fef2f2df13								syn31548124
file				HTA9_14_078_A_C266_S1034_R1_001.sort.markdup.bam			85439610	29cbd525fca2172e0f669f46927398ce								syn31548128
file				HTA9_14_078_A_C267_S1035_R1_001.sort.markdup.bam			48183440	9ead47a9df64d79a677fe4e04b8d2584								syn31548125
file				HTA9_14_078_A_C268_S1036_R1_001.sort.markdup.bam			65513942	f649d67bafcb64cb3887ca5da5292bdb								syn31548129
file				HTA9_14_078_A_C269_S1037_R1_001.sort.markdup.bam			64123340	cc65cdc18143705a7734e6883b597959								syn31548135
file				HTA9_14_078_A_C26_S794_R1_001.sort.markdup.bam			71528747	f283fb165340f8aa1d2a7dc8f1e9be7c								syn31548224
file				HTA9_14_078_A_C270_S1038_R1_001.sort.markdup.bam			54528327	f25d3f9b99987ca1ce5960cd228c44b7								syn31548134
file				HTA9_14_078_A_C271_S1039_R1_001.sort.markdup.bam			71446636	b84b15495e787765e1870ad98356a8a5								syn31548140
file				HTA9_14_078_A_C272_S1040_R1_001.sort.markdup.bam			46154046	27c9db5c9714db5ddf71d806ccfdbf4f								syn31548137
file				HTA9_14_078_A_C274_S1042_R1_001.sort.markdup.bam			7016581	0fb8832ae2813598f787051ee23ae97a								syn31548133
file				HTA9_14_078_A_C276_S1044_R1_001.sort.markdup.bam			12286230	f9f43f535aeedc798a84945ff21b8b84								syn31548138
file				HTA9_14_078_A_C277_S1045_R1_001.sort.markdup.bam			19580803	42bc30ab0606d3ca69b28a486c4b9f01								syn31548142
file				HTA9_14_078_A_C278_S1046_R1_001.sort.markdup.bam			13271535	729776704020721a0942f1f116302a51								syn31548143
file				HTA9_14_078_A_C279_S1047_R1_001.sort.markdup.bam			81902587	fe26962de72010e4dc4b7d73e5e31c28								syn31548155
file				HTA9_14_078_A_C27_S795_R1_001.sort.markdup.bam			53771620	7fff76e7bc196e76704dd333fa251499								syn31548149
file				HTA9_14_078_A_C280_S1048_R1_001.sort.markdup.bam			65090988	237578dc4488918918c16d5f9af26598								syn31548152
file				HTA9_14_078_A_C281_S1049_R1_001.sort.markdup.bam			59865793	df0d94e01d9febe1ef5949301ae18132								syn31548151
file				HTA9_14_078_A_C282_S1050_R1_001.sort.markdup.bam			77410358	45f96057069ab609f4d67d134979f907								syn31548156
file				HTA9_14_078_A_C283_S1051_R1_001.sort.markdup.bam			61507048	33c792b5f5011785ba2d2ca83ab100fd								syn31548162
file				HTA9_14_078_A_C284_S1052_R1_001.sort.markdup.bam			48286744	449a527c410ec1cd9f72903e8995f916								syn31548161
file				HTA9_14_078_A_C285_S1053_R1_001.sort.markdup.bam			76305399	910d928d5c344080bf235fe4c9c56015								syn31548167
file				HTA9_14_078_A_C286_S1054_R1_001.sort.markdup.bam			37002289	de58e2f1c2c4f7efd4945fb8a0e63590								syn31548160
file				HTA9_14_078_A_C287_S1055_R1_001.sort.markdup.bam			72102881	261b35dc06ed801441cfdf13a56ea879								syn31548171
file				HTA9_14_078_A_C288_S1056_R1_001.sort.markdup.bam			41423584	0758f85be598886434a6a7167753d5e8								syn31548168
file				HTA9_14_078_A_C28_S796_R1_001.sort.markdup.bam			57925202	7603fcc5d75ec098371abc79467eda79								syn31548173
file				HTA9_14_078_A_C291_S1059_R1_001.sort.markdup.bam			10268392	5d2fb2f2a7296cdc0c1d856eb7107f73								syn31548165
file				HTA9_14_078_A_C293_S1061_R1_001.sort.markdup.bam			13990371	26b65e77ffcd434ee2c88d2c1c065865								syn31548170
file				HTA9_14_078_A_C295_S1063_R1_001.sort.markdup.bam			67219766	fc08e13dcc7d6954ec8b4c726751a5ef								syn31548179
file				HTA9_14_078_A_C296_S1064_R1_001.sort.markdup.bam			48337935	686f7f95653f42be7dccdd4e40f9070c								syn31548178
file				HTA9_14_078_A_C297_S1065_R1_001.sort.markdup.bam			78426735	16b4fc76fa7ccf3372c6f85a867c0fc1								syn31548185
file				HTA9_14_078_A_C298_S1066_R1_001.sort.markdup.bam			5686923	49e6e27027bef839b1256a12288904a5								syn31548169
file				HTA9_14_078_A_C299_S1067_R1_001.sort.markdup.bam			19192683	9e1c333a720f4f36ac9776f954461fb6								syn31548175
file				HTA9_14_078_A_C29_S797_R1_001.sort.markdup.bam			48858877	0667784bb8721135e036e8cc84c21f46								syn31548182
file				HTA9_14_078_A_C300_S1068_R1_001.sort.markdup.bam			68230707	2e021bc8297e40926cd05ad3551d2178								syn31548190
file				HTA9_14_078_A_C301_S1069_R1_001.sort.markdup.bam			76964842	09d0aed91a394dd8c0912b79446e1fdf								syn31548198
file				HTA9_14_078_A_C302_S1070_R1_001.sort.markdup.bam			73028132	8b074f31487e029f8f37397cbab95b51								syn31548195
file				HTA9_14_078_A_C303_S1071_R1_001.sort.markdup.bam			55696356	322cb80e89999e8bc58e5efe23ee0d9d								syn31548196
file				HTA9_14_078_A_C304_S1072_R1_001.sort.markdup.bam			54675296	bb4a42cd5648eeadba0f21212f6e14cf								syn31548197
file				HTA9_14_078_A_C308_S1076_R1_001.sort.markdup.bam			14721608	e7e9c94316006d419f129ed068ee4804								syn31548194
file				HTA9_14_078_A_C30_S798_R1_001.sort.markdup.bam			76722069	20f969131916d9658b687bfc9c8770f9								syn31548204
file				HTA9_14_078_A_C312_S1080_R1_001.sort.markdup.bam			60720245	7ab27b707714b05ba900c0d199c0facb								syn31548206
file				HTA9_14_078_A_C313_S1081_R1_001.sort.markdup.bam			79678727	ba9853f3cab7922e80caf2a739f34d45								syn31548211
file				HTA9_14_078_A_C314_S1082_R1_001.sort.markdup.bam			80766838	d426aff3f26fca55bb42fc077dc6dcd5								syn31548210
file				HTA9_14_078_A_C315_S1083_R1_001.sort.markdup.bam			38513035	5a50b60c6b81e011fcd3e2e4158f4e8f								syn31548202
file				HTA9_14_078_A_C316_S1084_R1_001.sort.markdup.bam			71448924	e1994e121453e6cbef032d084200d3cb								syn31548219
file				HTA9_14_078_A_C317_S1085_R1_001.sort.markdup.bam			76946466	bff94f00caad85dd6de33f3caa7c3fda								syn31548222
file				HTA9_14_078_A_C318_S1086_R1_001.sort.markdup.bam			47270643	c9da15efb8648ee7c8f1361d40fb04eb								syn31548214
file				HTA9_14_078_A_C319_S1087_R1_001.sort.markdup.bam			70502320	ba742c5b915c87e55952959cd94aee7b								syn31548225
file				HTA9_14_078_A_C31_S799_R1_001.sort.markdup.bam			42075077	d2f93c2939c4221af2399444ace40dc1								syn31548217
file				HTA9_14_078_A_C320_S1088_R1_001.sort.markdup.bam			51416248	2aba85ad274e1a57a5c41d3b08458936								syn31548226
file				HTA9_14_078_A_C324_S1092_R1_001.sort.markdup.bam			13409755	7e3902d6c9541e7b3ccb440b52229eaa								syn31548221
file				HTA9_14_078_A_C326_S1094_R1_001.sort.markdup.bam			11951190	6031cab312132f0a36ddbd860240cfda								syn31548220
file				HTA9_14_078_A_C327_S1095_R1_001.sort.markdup.bam			14318511	5ca97a5f510316876a38716fe402f9aa								syn31548227
file				HTA9_14_078_A_C328_S1096_R1_001.sort.markdup.bam			40349355	017c03fe0c3b1c5144573443cfb41f7e								syn31548233
file				HTA9_14_078_A_C329_S1097_R1_001.sort.markdup.bam			12158676	88abbd46b9865844cf67b2bc326dfcfe								syn31548231
file				HTA9_14_078_A_C330_S1098_R1_001.sort.markdup.bam			80137398	e2c2d2f00743d546e1ac83069e02fa53								syn31548241
file				HTA9_14_078_A_C331_S1099_R1_001.sort.markdup.bam			56848692	828248ff90a4ac54e441112484205296								syn31548243
file				HTA9_14_078_A_C332_S1100_R1_001.sort.markdup.bam			70836107	47087ea3e7857c2264481ce7818608da								syn31548244
file				HTA9_14_078_A_C333_S1101_R1_001.sort.markdup.bam			56618410	c594371a4312c4d47c9d34a1d970ca78								syn31548242
file				HTA9_14_078_A_C334_S1102_R1_001.sort.markdup.bam			75861870	c67508e691312bc7bed6cb9c3eb25848								syn31548250
file				HTA9_14_078_A_C335_S1103_R1_001.sort.markdup.bam			65036150	4304b8dac5ca791bd32ecf4e0d93192a								syn31548255
file				HTA9_14_078_A_C336_S1104_R1_001.sort.markdup.bam			23616658	148ec32aa4d9cbaf9967c50ad4d8a648								syn31548248
file				HTA9_14_078_A_C340_S1108_R1_001.sort.markdup.bam			8529412	4f9f93b99a0a9a2152f9772154615005								syn31548246
file				HTA9_14_078_A_C341_S1109_R1_001.sort.markdup.bam			12709478	eded3a3f11d437f7e5d7e3f98b095c0a								syn31548247
file				HTA9_14_078_A_C343_S1111_R1_001.sort.markdup.bam			24492492	1cd06a035e24708f6384bf7fb14b5d21								syn31548254
file				HTA9_14_078_A_C344_S1112_R1_001.sort.markdup.bam			11309901	11c64da6e4f1c7d338d5e8160b9b0930								syn31548251
file				HTA9_14_078_A_C345_S1113_R1_001.sort.markdup.bam			46228996	ba28297722e7fa04dd36221fdd32a063								syn31548263
file				HTA9_14_078_A_C346_S1114_R1_001.sort.markdup.bam			10934129	c95991f8a6b2031f5115378b15fe45fc								syn31548256
file				HTA9_14_078_A_C347_S1115_R1_001.sort.markdup.bam			58260889	0f5aea02a4309ca7ca98e853bb0398a3								syn31548265
file				HTA9_14_078_A_C348_S1116_R1_001.sort.markdup.bam			55656180	2f6105adf2a1af4a49da90e0da4a8126								syn31548267
file				HTA9_14_078_A_C349_S1117_R1_001.sort.markdup.bam			77040207	233b30d245bfe1db5084657ec2fdb30a								syn31548274
file				HTA9_14_078_A_C34_S802_R1_001.sort.markdup.bam			6980627	a1aee28cf60d0bde34c83335abf4d38a								syn31548258
file				HTA9_14_078_A_C350_S1118_R1_001.sort.markdup.bam			79149967	73df36c5077ed70f5b41cffe8aa17fd3								syn31548273
file				HTA9_14_078_A_C351_S1119_R1_001.sort.markdup.bam			43501831	b10058b69364b0a435e2c5bd413e7854								syn31548270
file				HTA9_14_078_A_C352_S1120_R1_001.sort.markdup.bam			11180476	036657430d1ce92203e8984349b420ce								syn31548268
file				HTA9_14_078_A_C35_S803_R1_001.sort.markdup.bam			10369225	0ffd104b8bd898f7d96ea09d9dc6a2a1								syn31548269
file				HTA9_14_078_A_C39_S807_R1_001.sort.markdup.bam			10848290	5c5391a74998fc2fc87ea9e41277ebc6								syn31548272
file				HTA9_14_078_A_C40_S808_R1_001.sort.markdup.bam			14713068	4d761a76e1ae1fc43c6e294a4c62ea99								syn31548276
file				HTA9_14_078_A_C42_S810_R1_001.sort.markdup.bam			69155374	f9771aeeb7df88e97bec9625cfde2e27								syn31548284
file				HTA9_14_078_A_C43_S811_R1_001.sort.markdup.bam			59136442	df32cdb2b1dc1792e92fe1a7ff9280a2								syn31548280
file				HTA9_14_078_A_C44_S812_R1_001.sort.markdup.bam			59120341	7d15b96c2b15315151542b0e19e25ae6								syn31548282
file				HTA9_14_078_A_C45_S813_R1_001.sort.markdup.bam			72071992	96f7957925d1eadbf2ca0011f6c99f23								syn31548289
file				HTA9_14_078_A_C46_S814_R1_001.sort.markdup.bam			70191385	f0d144ffe821317c62c4e5881e298786								syn31548288
file				HTA9_14_078_A_C47_S815_R1_001.sort.markdup.bam			67194607	c7911edf1b59e0e5c2ca90d358511c95								syn31548294
file				HTA9_14_078_A_C48_S816_R1_001.sort.markdup.bam			33478553	77b0779383e2e94aee1683f8d87f2183								syn31548290
file				HTA9_14_078_A_C50_S818_R1_001.sort.markdup.bam			6741738	3000098af6df714e33049c86941eeb1e								syn31548283
file				HTA9_14_078_A_C51_S819_R1_001.sort.markdup.bam			24401154	52b8bcef95bb3b9a8fd1cd21872e6d87								syn31548291
file				HTA9_14_078_A_C52_S820_R1_001.sort.markdup.bam			70236094	fade6976bd8866d28b937885e671ebc7								syn31548298
file				HTA9_14_078_A_C53_S821_R1_001.sort.markdup.bam			74684401	ca03dc3f4ccc460078e4b7bda224f0d0								syn31548299
file				HTA9_14_078_A_C54_S822_R1_001.sort.markdup.bam			68209269	5900a2622c741f0598f0063cf9fd0268								syn31548300
file				HTA9_14_078_A_C55_S823_R1_001.sort.markdup.bam			9153052	46c1f490ed8ca26f2f29345035249474								syn31548293
file				HTA9_14_078_A_C56_S824_R1_001.sort.markdup.bam			49423543	4e60ae6c5905f850503e54f124f0cda0								syn31548301
file				HTA9_14_078_A_C57_S825_R1_001.sort.markdup.bam			83643432	89c19a7cd678a0959f93a80a9348b4d8								syn31548312
file				HTA9_14_078_A_C58_S826_R1_001.sort.markdup.bam			63034432	52a1c0ec503f95136115c20bc81cb399								syn31548311
file				HTA9_14_078_A_C59_S827_R1_001.sort.markdup.bam			71406211	5f6f43c36d1464b7eccdc0811851ebdf								syn31548313
file				HTA9_14_078_A_C61_S829_R1_001.sort.markdup.bam			72670043	f8e46f2a63597098cfd48816c3d1fe8d								syn31548318
file				HTA9_14_078_A_C62_S830_R1_001.sort.markdup.bam			36885986	2fda1506407c9841971c69d5d2a346bc								syn31548310
file				HTA9_14_078_A_C63_S831_R1_001.sort.markdup.bam			62975329	b50042d242fab5d57b6ae74187f17660								syn31548319
file				HTA9_14_078_A_C64_S832_R1_001.sort.markdup.bam			49089276	454856d220db5166899608fdfa53ca9c								syn31548322
file				HTA9_14_078_A_C67_S835_R1_001.sort.markdup.bam			9956595	aab6f3dff29824b76330ca029ec9d116								syn31548316
file				HTA9_14_078_A_C68_S836_R1_001.sort.markdup.bam			60658178	d1f2ef37cc071802c5740bcbd87a1566								syn31548329
file				HTA9_14_078_A_C69_S837_R1_001.sort.markdup.bam			52849267	c22492841fae7f770b639c963606faa5								syn31548332
file				HTA9_14_078_A_C70_S838_R1_001.sort.markdup.bam			62379209	61e5b2d2c8dc156b11dc873f6fdc09d5								syn31548334
file				HTA9_14_078_A_C71_S839_R1_001.sort.markdup.bam			30617797	870313be93b5630ba9fbdf99dca99f62								syn31548328
file				HTA9_14_078_A_C72_S840_R1_001.sort.markdup.bam			52166115	62109750ea71124083b5e2ec892a84ba								syn31548337
file				HTA9_14_078_A_C73_S841_R1_001.sort.markdup.bam			74474721	9591f777e832938576e88647692fa6de								syn31548340
file				HTA9_14_078_A_C74_S842_R1_001.sort.markdup.bam			76480288	d5d3c78f930b194460ba3143e9a51f5f								syn31548346
file				HTA9_14_078_A_C75_S843_R1_001.sort.markdup.bam			60961069	88289c904072b538ca853b096825cdef								syn31548341
file				HTA9_14_078_A_C76_S844_R1_001.sort.markdup.bam			39208905	29968abc01e959ccaec62f737a23ea04								syn31548343
file				HTA9_14_078_A_C77_S845_R1_001.sort.markdup.bam			81568808	0a475efffd62a6b0fbd3720c6d1e6b97								syn31548356
file				HTA9_14_078_A_C78_S846_R1_001.sort.markdup.bam			72142837	50f5a6081783ba9f66b15e680c4e891e								syn31548358
file				HTA9_14_078_A_C79_S847_R1_001.sort.markdup.bam			54887943	be3e7c8439e954991db6a44c1fdf512c								syn31548354
file				HTA9_14_078_A_C80_S848_R1_001.sort.markdup.bam			60008710	a0919fee5bb2de4a9fdd3bd8e9cf5cca								syn31548359
file				HTA9_14_078_A_C82_S850_R1_001.sort.markdup.bam			4999801	4895d78de0df47d82715b069e202c888								syn31548342
file				HTA9_14_078_A_C83_S851_R1_001.sort.markdup.bam			12100818	35b4ee24fba51b3946c14ae53c949e55								syn31548351
file				HTA9_14_078_A_C84_S852_R1_001.sort.markdup.bam			59432173	47ff8e59e0b4f54e044db6bf5c35b9b3								syn31548365
file				HTA9_14_078_A_C86_S854_R1_001.sort.markdup.bam			68306303	1e832fa3d94783447375bf8cd3a0d4e2								syn31548366
file				HTA9_14_078_A_C87_S855_R1_001.sort.markdup.bam			56886425	1425768f8f0a4199fcfebdefc5f1ba33								syn31548364
file				HTA9_14_078_A_C88_S856_R1_001.sort.markdup.bam			60733984	30fab2cbb3dc1240bd908dde4a949844								syn31548372
file				HTA9_14_078_A_C89_S857_R1_001.sort.markdup.bam			68024996	8fe55b089abae5ca1cd408ffec530fa6								syn31548371
file				HTA9_14_078_A_C8_S776_R1_001.sort.markdup.bam			8790049	8b3aae21a2278f3eeedc4c17f7a0e22d								syn31548370
file				HTA9_14_078_A_C90_S858_R1_001.sort.markdup.bam			69188609	74bb6c9d8fc0927f5cb5ae2918650cbf								syn31548379
file				HTA9_14_078_A_C91_S859_R1_001.sort.markdup.bam			57655776	cf0841fc83c6daa584615a655eae1369								syn31548375
file				HTA9_14_078_A_C93_S861_R1_001.sort.markdup.bam			75469200	a9cef8e9db5bddc843288ce481b2b542								syn31548383
file				HTA9_14_078_A_C94_S862_R1_001.sort.markdup.bam			69131209	667cc5fc34e007495d366167777ccb9d								syn31548387
file				HTA9_14_078_A_C95_S863_R1_001.sort.markdup.bam			65705086	7dd49db0b21a2df65d14311248c15bc5								syn31548381
file				HTA9_14_078_A_C96_S864_R1_001.sort.markdup.bam			64317879	9497f218e62cd38d94261c81e2c51048								syn31548394
file				HTA9_14_078_A_C98_S866_R1_001.sort.markdup.bam			12364162	2f948d033d10952f4a0df2fd9303b857								syn31548385
file				HTA9_14_078_A_C9_S777_R1_001.sort.markdup.bam			75743224	a6df2eda925b2be4c8ebdef807256102								syn31548401
file				HTA9_14_078_D_C354_S1122_R1_001.sort.markdup.bam			6933971	1b003549a262c36d19bffef87e132b7f								syn31548384
file				HTA9_14_078_D_C356_S1124_R1_001.sort.markdup.bam			9441918	c3111e814bf9402287cc1972a6c7d2fd								syn31548390
file				HTA9_14_078_D_C358_S1126_R1_001.sort.markdup.bam			10034706	c52cc326325fb57b3dce12f1c1325a3a								syn31548389
file				HTA9_14_078_D_C359_S1127_R1_001.sort.markdup.bam			14593295	e4c7ba193a407c53d9a77f310eba8b65								syn31548391
file				HTA9_14_078_D_C366_S1134_R1_001.sort.markdup.bam			53141981	4508fa8cefd6fe3b629177a4d58d308b								syn31548409
file				HTA9_14_078_D_C375_S1143_R1_001.sort.markdup.bam			11726734	b4959e2a26b62b25fcd38d3982e32b5e								syn31548400
file				HTA9_14_078_D_C377_S1145_R1_001.sort.markdup.bam			7945231	72882db1699c69e75a891e73ac1dcd69								syn31548392
file				HTA9_15_059_A_C100_S484_R1_001.sort.markdup.bam			65459443	6ab226612ce6c0212f49b3f0388040cb								syn31548407
file				HTA9_15_059_A_C101_S485_R1_001.sort.markdup.bam			48340109	be225fd49d746858ac2ffa7731b291eb								syn31548405
file				HTA9_15_059_A_C103_S487_R1_001.sort.markdup.bam			73278511	0b9121fd179d5bf476a71b3d7797743e								syn31548414
file				HTA9_15_059_A_C105_S489_R1_001.sort.markdup.bam			57376918	b778a191fda77de83fcc7256175ad262								syn31548418
file				HTA9_15_059_A_C108_S492_R1_001.sort.markdup.bam			75863945	c886f927165619be9db700db167d675a								syn31548424
file				HTA9_15_059_A_C109_S493_R1_001.sort.markdup.bam			53141747	5d411e24314b8a5c1b53e40004969a86								syn31548420
file				HTA9_15_059_A_C10_S394_R1_001.sort.markdup.bam			5338995	64bd06d11d5b931c2f0e2e0193f4649c								syn31548406
file				HTA9_15_059_A_C110_S494_R1_001.sort.markdup.bam			15898531	3f6abe0284295e89d23b34ca2ec0201d								syn31548415
file				HTA9_15_059_A_C112_S496_R1_001.sort.markdup.bam			21354318	c61e164f077a0d1b4a62ce9f6600ea0b								syn31548419
file				HTA9_15_059_A_C114_S498_R1_001.sort.markdup.bam			68367600	ebc9946543283b0351af8f3e3cb28503								syn31548429
file				HTA9_15_059_A_C115_S499_R1_001.sort.markdup.bam			69686469	024cb30af31701d45719e47a3d851937								syn31548434
file				HTA9_15_059_A_C116_S500_R1_001.sort.markdup.bam			63414473	e803d89ecf7632f05557566878919e84								syn31548430
file				HTA9_15_059_A_C117_S501_R1_001.sort.markdup.bam			64740581	a0d81ca2ac180794076958020af0c765								syn31548432
file				HTA9_15_059_A_C119_S503_R1_001.sort.markdup.bam			70588304	1efe4b90d83e3984e964b571e49ed832								syn31548438
file				HTA9_15_059_A_C11_S395_R1_001.sort.markdup.bam			9482651	d0b3a21b746c0365c23a0e627369901c								syn31548431
file				HTA9_15_059_A_C120_S504_R1_001.sort.markdup.bam			57387521	a44ef1e1b20bfe9bbe1eec719b9b1d40								syn31548439
file				HTA9_15_059_A_C121_S505_R1_001.sort.markdup.bam			50130640	a5f70781bb63d43c50c3ae84dbb3a2a1								syn31548440
file				HTA9_15_059_A_C122_S506_R1_001.sort.markdup.bam			69280085	9d3becdb529814122f8bdfaab357aa2f								syn31548446
file				HTA9_15_059_A_C124_S508_R1_001.sort.markdup.bam			56148329	190fccac8de8210bc9c9cf3e52d3b903								syn31548447
file				HTA9_15_059_A_C125_S509_R1_001.sort.markdup.bam			51886212	4e9421b57b99c4a16efe63c38c6b093f								syn31548451
file				HTA9_15_059_A_C127_S511_R1_001.sort.markdup.bam			10423103	eb919c96f99caca9855c17e137ef242c								syn31548443
file				HTA9_15_059_A_C128_S512_R1_001.sort.markdup.bam			14039136	e2755d4f36909f89f21ab073ccedea0a								syn31548445
file				HTA9_15_059_A_C130_S514_R1_001.sort.markdup.bam			67107664	c29e9b0301349299c254a81c1d85bfba								syn31548461
file				HTA9_15_059_A_C131_S515_R1_001.sort.markdup.bam			49345330	9e79978a7b12781163fcd0116891e740								syn31548457
file				HTA9_15_059_A_C132_S516_R1_001.sort.markdup.bam			38341150	0b1081398868b8ad7b0a3fc2f017a95f								syn31548456
file				HTA9_15_059_A_C133_S517_R1_001.sort.markdup.bam			58988240	76c8d2951837b3996d2d715bd5f4834e								syn31548459
file				HTA9_15_059_A_C135_S519_R1_001.sort.markdup.bam			64684904	019e0576b0df043d9bf27439d390d0b8								syn31548462
file				HTA9_15_059_A_C137_S521_R1_001.sort.markdup.bam			54459544	516c3cef16b39c122d9c17615ab84e40								syn31548470
file				HTA9_15_059_A_C140_S524_R1_001.sort.markdup.bam			48727746	afcf1f34bc3debdd168059a324bad940								syn31548474
file				HTA9_15_059_A_C144_S528_R1_001.sort.markdup.bam			33980366	2134094f08c3e8f5fbc8ca63aacb51c8								syn31548472
file				HTA9_15_059_A_C145_S529_R1_001.sort.markdup.bam			51440803	59e0c0f7aa44cbddf91cb6175899beb6								syn31548473
file				HTA9_15_059_A_C146_S530_R1_001.sort.markdup.bam			53416681	27e0c11237d5eb9db6b8cba680147ab5								syn31548478
file				HTA9_15_059_A_C147_S531_R1_001.sort.markdup.bam			51977810	bd454c44f309c50f0594748fd7d99734								syn31548480
file				HTA9_15_059_A_C148_S532_R1_001.sort.markdup.bam			56557379	a77cacce02d97c11f8b08d1535f118d4								syn31548482
file				HTA9_15_059_A_C149_S533_R1_001.sort.markdup.bam			59631894	0d76b5ace4a9c87d0512a3c8868d6f08								syn31548484
file				HTA9_15_059_A_C151_S535_R1_001.sort.markdup.bam			67385125	a410834037db12aec3b9a1d5cb5fbbf7								syn31548483
file				HTA9_15_059_A_C152_S536_R1_001.sort.markdup.bam			54656501	dd2cc57a42796f53de923bb195d6048b								syn31548490
file				HTA9_15_059_A_C153_S537_R1_001.sort.markdup.bam			47466622	77d1b677b31eacd0c7284eaf093b6741								syn31548493
file				HTA9_15_059_A_C154_S538_R1_001.sort.markdup.bam			68877239	bd683fffd1c94685178f188e9649a4a6								syn31548496
file				HTA9_15_059_A_C157_S541_R1_001.sort.markdup.bam			51537014	969e315e85022c6a86153f3ed0c36bad								syn31548495
file				HTA9_15_059_A_C158_S542_R1_001.sort.markdup.bam			16746847	4a444102ddae660b04071b596d385285								syn31548487
file				HTA9_15_059_A_C160_S544_R1_001.sort.markdup.bam			11881067	4b3e2689f07a8393c1e8c74bfbdefdc3								syn31548492
file				HTA9_15_059_A_C161_S545_R1_001.sort.markdup.bam			54126346	9832fed6c412283805acc44fc2e57b60								syn31548505
file				HTA9_15_059_A_C162_S546_R1_001.sort.markdup.bam			57902063	5fbb72b36e5143861fddee960ff1ca4c								syn31548506
file				HTA9_15_059_A_C168_S552_R1_001.sort.markdup.bam			40540697	2c8e3f285356b74a6821120459c7ca4e								syn31548507
file				HTA9_15_059_A_C171_S555_R1_001.sort.markdup.bam			46699027	44fbafb36746d2cefebbb77aa7d1749d								syn31548504
file				HTA9_15_059_A_C172_S556_R1_001.sort.markdup.bam			53141680	3e8ae60b762642dbe9827c25a5311650								syn31548509
file				HTA9_15_059_A_C173_S557_R1_001.sort.markdup.bam			44375430	b5dbf1e601facbb558d3c9e6126958dd								syn31548513
file				HTA9_15_059_A_C175_S559_R1_001.sort.markdup.bam			10174772	d9cb539929e5ff99aeeb2983442eb123								syn31548503
file				HTA9_15_059_A_C177_S561_R1_001.sort.markdup.bam			70070825	488affd7078293a8f7b80371408a92da								syn31548527
file				HTA9_15_059_A_C178_S562_R1_001.sort.markdup.bam			61940277	ab7c0c4a3a246d037336822d872e2365								syn31548544
file				HTA9_15_059_A_C179_S563_R1_001.sort.markdup.bam			74425373	a551195ade2cfd194203f064b58681af								syn31548643
file				HTA9_15_059_A_C17_S401_R1_001.sort.markdup.bam			47387854	5c0511ef82c1053fba13df28d5c4d620								syn31548523
file				HTA9_15_059_A_C180_S564_R1_001.sort.markdup.bam			68593742	0b2b053bb0a4e714b67977d2a06d717e								syn31548534
file				HTA9_15_059_A_C181_S565_R1_001.sort.markdup.bam			46944378	df52c15097ac6fc594573c11bad4712a								syn31548536
file				HTA9_15_059_A_C184_S568_R1_001.sort.markdup.bam			39550456	88ee22a30db4d4a2f81898b729e6da45								syn31548530
file				HTA9_15_059_A_C185_S569_R1_001.sort.markdup.bam			70058461	c7755c1dd45729c714b911a665522a08								syn31548668
file				HTA9_15_059_A_C186_S570_R1_001.sort.markdup.bam			74656084	0a2e5b330364fff0b2fc748efa499574								syn31548541
file				HTA9_15_059_A_C187_S571_R1_001.sort.markdup.bam			50482933	5f82bf94c692c2a8c14bc17a95b953be								syn31548540
file				HTA9_15_059_A_C188_S572_R1_001.sort.markdup.bam			68735825	50aa1170c87bd0f88056fa14b3612125								syn31548574
file				HTA9_15_059_A_C189_S573_R1_001.sort.markdup.bam			57769066	7374d99f4143fab2df00eef8e6717a1e								syn31548548
file				HTA9_15_059_A_C18_S402_R1_001.sort.markdup.bam			66894712	260e8f822eb32752d9d7a5b3fc4d3402								syn31548560
file				HTA9_15_059_A_C191_S575_R1_001.sort.markdup.bam			10110479	43e06aeba42b327753d08ff72e90c6f9								syn31548546
file				HTA9_15_059_A_C193_S577_R1_001.sort.markdup.bam			43268853	13a1e0dcc81d4685ec8c8d64b50b0c43								syn31548557
file				HTA9_15_059_A_C194_S578_R1_001.sort.markdup.bam			59546188	0012ed3d8bf9d78a77541879738f966d								syn31548563
file				HTA9_15_059_A_C195_S579_R1_001.sort.markdup.bam			51175007	17354fba76814d36a50d23c384928345								syn31548562
file				HTA9_15_059_A_C196_S580_R1_001.sort.markdup.bam			50021614	22a2d04f15c0c61b88e6a0dd1320aaee								syn31548561
file				HTA9_15_059_A_C197_S581_R1_001.sort.markdup.bam			50507477	07dec7244af16d429bca0609139112b0								syn31548568
file				HTA9_15_059_A_C199_S583_R1_001.sort.markdup.bam			24187322	825ba36e490e2a1f9fc556add5ba8ce6								syn31548564
file				HTA9_15_059_A_C19_S403_R1_001.sort.markdup.bam			63510699	4ca06fd5c27b7c97e6d2739db0ef6aac								syn31548575
file				HTA9_15_059_A_C200_S584_R1_001.sort.markdup.bam			46037502	045a32bacd1256850f624e3d503c6e89								syn31548571
file				HTA9_15_059_A_C201_S585_R1_001.sort.markdup.bam			56722681	ebd19246a7e3b22b25e5fc5b36c2f7b3								syn31548576
file				HTA9_15_059_A_C203_S587_R1_001.sort.markdup.bam			46380973	2ffbd8446bd7288a17ffaaec0ec37d95								syn31548584
file				HTA9_15_059_A_C204_S588_R1_001.sort.markdup.bam			55203108	4e53a27f72b68ee021ff5af0cacc5226								syn31548583
file				HTA9_15_059_A_C207_S591_R1_001.sort.markdup.bam			10668794	83a2d55809d2270b7c2c7c532362390b								syn31548581
file				HTA9_15_059_A_C208_S592_R1_001.sort.markdup.bam			53865667	4f810de811d84789ce7be2e1a096f99b								syn31548586
file				HTA9_15_059_A_C209_S593_R1_001.sort.markdup.bam			63767791	50fdcafa1c8ccd2d42a36760e8cdc8e0								syn31548601
file				HTA9_15_059_A_C20_S404_R1_001.sort.markdup.bam			45789202	624cade368222240e4c77c5b40d6ec73								syn31548589
file				HTA9_15_059_A_C211_S595_R1_001.sort.markdup.bam			49356237	23b2d61f29718f5b1151833342752a91								syn31548594
file				HTA9_15_059_A_C212_S596_R1_001.sort.markdup.bam			64107133	e01469baf2df9960709af73e5da64b54								syn31548600
file				HTA9_15_059_A_C215_S599_R1_001.sort.markdup.bam			42741605	836c2302bc53610be45dcde96cf8979a								syn31548596
file				HTA9_15_059_A_C219_S603_R1_001.sort.markdup.bam			44781589	360b2503d2903eb463a95aa6cdf4a1c6								syn31548602
file				HTA9_15_059_A_C21_S405_R1_001.sort.markdup.bam			67116585	be699f2778ed299c0d340f265854e2a2								syn31548607
file				HTA9_15_059_A_C225_S609_R1_001.sort.markdup.bam			62993054	da184ab7ae0cde0c5fb95a997968a06b								syn31548608
file				HTA9_15_059_A_C226_S610_R1_001.sort.markdup.bam			63842137	8656261fd649cf769d531deb2d5a7f0c								syn31548619
file				HTA9_15_059_A_C227_S611_R1_001.sort.markdup.bam			29458892	614e5de18b5a2a5fea0b50238846e604								syn31548606
file				HTA9_15_059_A_C228_S612_R1_001.sort.markdup.bam			59532640	1ae98a1677410a2bfccd35da22ab9342								syn31548622
file				HTA9_15_059_A_C229_S613_R1_001.sort.markdup.bam			58273195	b86e75a1cef8a1e361a84c700ffc2fc4								syn31548618
file				HTA9_15_059_A_C231_S615_R1_001.sort.markdup.bam			33038106	3819089c28d3e03fdecd043019fa58d5								syn31548613
file				HTA9_15_059_A_C232_S616_R1_001.sort.markdup.bam			49947698	0f6ce2bf7d4a3c78c3b32361624b592f								syn31548624
file				HTA9_15_059_A_C234_S618_R1_001.sort.markdup.bam			55806426	ba414b57ab817d20bf6f2b3798cd3b7e								syn31548628
file				HTA9_15_059_A_C235_S619_R1_001.sort.markdup.bam			52379967	150a45827995b1f3aed01671bd259ffc								syn31548631
file				HTA9_15_059_A_C236_S620_R1_001.sort.markdup.bam			66642603	a40b66dbbb2ea18602a1cb030b430388								syn31548634
file				HTA9_15_059_A_C237_S621_R1_001.sort.markdup.bam			39502701	f15cb22fba1f430f84a43b5229656883								syn31548632
file				HTA9_15_059_A_C238_S622_R1_001.sort.markdup.bam			15134306	cce2f97bd4ea53c8e8ea0988e5396b78								syn31548625
file				HTA9_15_059_A_C23_S407_R1_001.sort.markdup.bam			53032357	57cb71d685f6fcf4a834099c21a09f87								syn31548641
file				HTA9_15_059_A_C240_S624_R1_001.sort.markdup.bam			16702814	8cc615cf601223287b087ae53f35ea56								syn31548633
file				HTA9_15_059_A_C241_S625_R1_001.sort.markdup.bam			46229634	d699d07cd9db2eab262f50aacaf3b775								syn31548640
file				HTA9_15_059_A_C243_S627_R1_001.sort.markdup.bam			49239151	c7d431dfcec2f2f7c5fcd4245fd6a0a2								syn31548771
file				HTA9_15_059_A_C244_S628_R1_001.sort.markdup.bam			54656138	bf377bbd44759f64bfbd5c0b169d24d8								syn31548642
file				HTA9_15_059_A_C245_S629_R1_001.sort.markdup.bam			53464734	eb3e6e92fa3a0fce14f1f4d1f471f53f								syn31548650
file				HTA9_15_059_A_C247_S631_R1_001.sort.markdup.bam			19020385	3525fe8264e3e2d2f4486d68d2d2dbd3								syn31548646
file				HTA9_15_059_A_C248_S632_R1_001.sort.markdup.bam			52546459	80d5e4a04c33ab064049c4d4fc7b7f14								syn31548654
file				HTA9_15_059_A_C249_S633_R1_001.sort.markdup.bam			57653076	94dd71fc6bb023cb2f35f815ac1a3305								syn31548661
file				HTA9_15_059_A_C24_S408_R1_001.sort.markdup.bam			13875928	5472780e7c608a21310aa39cc0bd8e63								syn31548645
file				HTA9_15_059_A_C251_S635_R1_001.sort.markdup.bam			50902869	fa08cb9f233c36dca12b81ed7fa35b34								syn31548662
file				HTA9_15_059_A_C252_S636_R1_001.sort.markdup.bam			46927968	3c14d0abec58f97103215706aa30f15b								syn31548667
file				HTA9_15_059_A_C253_S637_R1_001.sort.markdup.bam			55146343	2f2dc74d9c337203429361e1eef4ef97								syn31548663
file				HTA9_15_059_A_C254_S638_R1_001.sort.markdup.bam			16277326	23ecb70622100e40e03e7a7204f7fb63								syn31548660
file				HTA9_15_059_A_C255_S639_R1_001.sort.markdup.bam			50574411	ed0d99a3d487243e505c6654ed62a3a3								syn31548679
file				HTA9_15_059_A_C256_S640_R1_001.sort.markdup.bam			23993474	1477f19949a70b1c508b23b1b90632d5								syn31548672
file				HTA9_15_059_A_C257_S641_R1_001.sort.markdup.bam			54942219	0c7c78a6637ed93da3cc1f6e4c94e27f								syn31548674
file				HTA9_15_059_A_C259_S643_R1_001.sort.markdup.bam			67085796	a18cd0edd1bb56dfcdf023a7b837a095								syn31548678
file				HTA9_15_059_A_C260_S644_R1_001.sort.markdup.bam			24928528	684629d1e3f50e5dd80c7637ef847cf8								syn31548671
file				HTA9_15_059_A_C261_S645_R1_001.sort.markdup.bam			50522342	4132414f8394e2683a7005643c821d81								syn31548681
file				HTA9_15_059_A_C264_S648_R1_001.sort.markdup.bam			54735914	a738eb3e2ad5d9500d9d38b557108e72								syn31548683
file				HTA9_15_059_A_C265_S649_R1_001.sort.markdup.bam			47102142	a41afd2783b3ffabb2189c1e1b73e1c7								syn31548688
file				HTA9_15_059_A_C267_S651_R1_001.sort.markdup.bam			35987200	1083b19dc477b5d829ced3f716996dd5								syn31548682
file				HTA9_15_059_A_C268_S652_R1_001.sort.markdup.bam			48225495	0d59e5bb377ca59a73be74b2ba05a854								syn31548691
file				HTA9_15_059_A_C269_S653_R1_001.sort.markdup.bam			51177903	ee8a87b1cb5f053366a163a3f7e7b601								syn31548696
file				HTA9_15_059_A_C26_S410_R1_001.sort.markdup.bam			26168029	f5b8192fc7c22f2fa415719eec98d4d8								syn31548690
file				HTA9_15_059_A_C270_S654_R1_001.sort.markdup.bam			41619359	1d73add91030cca86d378f20d0aa6826								syn31548698
file				HTA9_15_059_A_C273_S657_R1_001.sort.markdup.bam			56295514	b5a448efb9cf77ad3952076dc0aaeb39								syn31548701
file				HTA9_15_059_A_C274_S658_R1_001.sort.markdup.bam			53496538	5e0c3e1dd705ae183e5172140ce5cad8								syn31548702
file				HTA9_15_059_A_C276_S660_R1_001.sort.markdup.bam			64628036	ab2d1259ffd76a0164dfed0002d42b61								syn31548706
file				HTA9_15_059_A_C277_S661_R1_001.sort.markdup.bam			56241201	42a1addfb1d9738fd4027da702d4f5ea								syn31548708
file				HTA9_15_059_A_C27_S411_R1_001.sort.markdup.bam			8122827	714cf1f43696bfeb51dd2ed43156d674								syn31548697
file				HTA9_15_059_A_C280_S664_R1_001.sort.markdup.bam			61247307	6444b148c8e492068bd9aaa78234e751								syn31548707
file				HTA9_15_059_A_C281_S665_R1_001.sort.markdup.bam			72721599	c877053d29a861ecef10fb0400db817f								syn31548713
file				HTA9_15_059_A_C283_S667_R1_001.sort.markdup.bam			60862764	4e0abdee646c30d92c89e7f8daa8804a								syn31548717
file				HTA9_15_059_A_C285_S669_R1_001.sort.markdup.bam			61483393	2273ca19b956acf0de4c00b532044963								syn31548718
file				HTA9_15_059_A_C286_S670_R1_001.sort.markdup.bam			19663947	504892ff070781209bfd2ad9bba32487								syn31548711
file				HTA9_15_059_A_C288_S672_R1_001.sort.markdup.bam			43832776	216f7c4ad0f79f3f4fb0ce3c4190cddd								syn31548719
file				HTA9_15_059_A_C289_S673_R1_001.sort.markdup.bam			60370352	93d9c5e7c1bb19c7c6609f163911114b								syn31548721
file				HTA9_15_059_A_C290_S674_R1_001.sort.markdup.bam			64367936	2b23347cd1d14bb18de83313f239f74d								syn31548725
file				HTA9_15_059_A_C293_S677_R1_001.sort.markdup.bam			65127299	2eb805c464c3b3addbcdb68f9f83ff38								syn31548729
file				HTA9_15_059_A_C295_S679_R1_001.sort.markdup.bam			25473952	b3e812a6612a2128b2be371856e23321								syn31548722
file				HTA9_15_059_A_C297_S681_R1_001.sort.markdup.bam			49679522	f1d03ffe7758c07404909c878369352f								syn31548728
file				HTA9_15_059_A_C298_S682_R1_001.sort.markdup.bam			71694210	6f7a31587b64b5ef0467073dbce296ef								syn31548743
file				HTA9_15_059_A_C29_S413_R1_001.sort.markdup.bam			17140458	90ba1b8e38e61a9373b23032132199a0								syn31548741
file				HTA9_15_059_A_C2_S386_R1_001.sort.markdup.bam			9141655	ad76d047718b5cdb55c2f37b56100aae								syn31548730
file				HTA9_15_059_A_C302_S686_R1_001.sort.markdup.bam			13805499	3093d05d5016245b1391834d4f573846								syn31548732
file				HTA9_15_059_A_C303_S687_R1_001.sort.markdup.bam			20180713	93840764b7bcefedbf8448f1fe278ae7								syn31548734
file				HTA9_15_059_A_C304_S688_R1_001.sort.markdup.bam			46490604	bd29fb2a8882956c66f419e69871bac7								syn31548739
file				HTA9_15_059_A_C33_S417_R1_001.sort.markdup.bam			29038372	7a07ed0dd70d6615084cd18bbc510f68								syn31548742
file				HTA9_15_059_A_C35_S419_R1_001.sort.markdup.bam			61218627	a1a5e0153950a4d5a3692f079449aaa0								syn31548750
file				HTA9_15_059_A_C36_S420_R1_001.sort.markdup.bam			56531455	d49ec7e820699ca13ae7c99c9cc4bae2								syn31548749
file				HTA9_15_059_A_C37_S421_R1_001.sort.markdup.bam			65722304	b47e53cddd3400412f3abd939c85cce5								syn31548753
file				HTA9_15_059_A_C39_S423_R1_001.sort.markdup.bam			67579670	cd196ba9c3bc895b3f9f44517ba90fb1								syn31548760
file				HTA9_15_059_A_C3_S387_R1_001.sort.markdup.bam			61202053	85b87edf3f3460c0a7842b79395ea254								syn31548752
file				HTA9_15_059_A_C40_S424_R1_001.sort.markdup.bam			43013879	4bfcb5fdd5fdfebb0a448fa9f3e3a171								syn31548757
file				HTA9_15_059_A_C41_S425_R1_001.sort.markdup.bam			57543351	4cb8670ee0a57fd2f433053470e9dc62								syn31548763
file				HTA9_15_059_A_C45_S429_R1_001.sort.markdup.bam			13247952	b78e258a073368394f8bb0ca26b8f8e9								syn31548754
file				HTA9_15_059_A_C47_S431_R1_001.sort.markdup.bam			8927185	36f3eaf9ba33dd11a892a676568f2e9d								syn31548755
file				HTA9_15_059_A_C49_S433_R1_001.sort.markdup.bam			27645573	5f9a737426fe64ef9835c19ff0b98cd2								syn31548761
file				HTA9_15_059_A_C4_S388_R1_001.sort.markdup.bam			57264567	84c048ea9cb3467b4f2c3fe44ac8cc7a								syn31548772
file				HTA9_15_059_A_C50_S434_R1_001.sort.markdup.bam			32276896	67727fbc4ed5ab75a390f30fccaca2ec								syn31548766
file				HTA9_15_059_A_C52_S436_R1_001.sort.markdup.bam			65392594	5dea823f2c3a742a699ac2d3fe0d12c1								syn31548778
file				HTA9_15_059_A_C53_S437_R1_001.sort.markdup.bam			36768090	49a3d45dc6256a3c9111a6cef6e0d66d								syn31548769
file				HTA9_15_059_A_C55_S439_R1_001.sort.markdup.bam			56981340	3af338de8acea1f67bd2cc1b89f5f35f								syn31548777
file				HTA9_15_059_A_C57_S441_R1_001.sort.markdup.bam			60142189	bae6be6547d424b0ce33f3e19ae2e7fa								syn31548782
file				HTA9_15_059_A_C59_S443_R1_001.sort.markdup.bam			52936259	71ae3fe8140925c246dd4778a15242ee								syn31548785
file				HTA9_15_059_A_C5_S389_R1_001.sort.markdup.bam			50469486	4ab56d834d6b8e7ccdf10c864fca5360								syn31548786
file				HTA9_15_059_A_C65_S449_R1_001.sort.markdup.bam			49620003	9761d14ec3423477dbd5d123ee1fca6a								syn31548787
file				HTA9_15_059_A_C66_S450_R1_001.sort.markdup.bam			57911923	945c3e71885ed51851866305d7313acb								syn31548789
file				HTA9_15_059_A_C67_S451_R1_001.sort.markdup.bam			61042803	e470de6338af42bca7449a1b66c9ec1d								syn31549027
file				HTA9_15_059_A_C68_S452_R1_001.sort.markdup.bam			55340439	97e7e99178856ff6f03bc8d5451459ba								syn31548794
file				HTA9_15_059_A_C69_S453_R1_001.sort.markdup.bam			48970618	dfb3d73c894b89b84b714acf5085ab60								syn31548793
file				HTA9_15_059_A_C6_S390_R1_001.sort.markdup.bam			22925561	f2d8ded5c2bd6fbf33b654fd52517053								syn31548791
file				HTA9_15_059_A_C73_S457_R1_001.sort.markdup.bam			39819794	288a806e8c21c481e517826f677720fe								syn31548795
file				HTA9_15_059_A_C74_S458_R1_001.sort.markdup.bam			68344752	ab813031d897d391d3a463f8806a0431								syn31548804
file				HTA9_15_059_A_C76_S460_R1_001.sort.markdup.bam			63471129	8711504648540cfe683823b79557c454								syn31548806
file				HTA9_15_059_A_C77_S461_R1_001.sort.markdup.bam			65620285	10d843f11a36afbda387798ebefcba4f								syn31548807
file				HTA9_15_059_A_C79_S463_R1_001.sort.markdup.bam			15710589	42f2966f947d7643e53d1ed686281061								syn31548799
file				HTA9_15_059_A_C80_S464_R1_001.sort.markdup.bam			10545680	327072bf57acbbf5c8b2c951d2f3348e								syn31548797
file				HTA9_15_059_A_C81_S465_R1_001.sort.markdup.bam			26522823	03590c68ad420f59fb5dfc79b2710703								syn31548805
file				HTA9_15_059_A_C82_S466_R1_001.sort.markdup.bam			44027719	d12ad2258acd167e12d329c80427fcea								syn31548809
file				HTA9_15_059_A_C83_S467_R1_001.sort.markdup.bam			51314049	34ae4526add7470fdcaec46cf488dd25								syn31548813
file				HTA9_15_059_A_C84_S468_R1_001.sort.markdup.bam			54330093	feea18bcb737068dd74ce79a6999418b								syn31548814
file				HTA9_15_059_A_C85_S469_R1_001.sort.markdup.bam			53752211	5bbb7d360200035c33f1176e7202be3c								syn31548816
file				HTA9_15_059_A_C88_S472_R1_001.sort.markdup.bam			36338273	021aab2a1629d6bc2ad1c38a382f53a4								syn31548811
file				HTA9_15_059_A_C89_S473_R1_001.sort.markdup.bam			40183056	ef59847cae9e469b50f39fdf300fb1ee								syn31548818
file				HTA9_15_059_A_C8_S392_R1_001.sort.markdup.bam			37402864	b3e26e0e7eecab07e711875ded238f0f								syn31548819
file				HTA9_15_059_A_C90_S474_R1_001.sort.markdup.bam			61653975	8599c0235398a6f850693b24049456e1								syn31548830
file				HTA9_15_059_A_C91_S475_R1_001.sort.markdup.bam			50525773	2c73315d55a19195ab936fd6262b6b4f								syn31548834
file				HTA9_15_059_A_C92_S476_R1_001.sort.markdup.bam			55219367	932c46783012ef9f7b1dcc82f3772c0b								syn31548829
file				HTA9_15_059_A_C93_S477_R1_001.sort.markdup.bam			56259290	f6c7185f8c26ed98da83128982222021								syn31548831
file				HTA9_15_059_A_C94_S478_R1_001.sort.markdup.bam			18162364	d16e26e10447dc44dbc8bb58e9e76614								syn31548826
file				HTA9_15_059_A_C95_S479_R1_001.sort.markdup.bam			17162231	987801a249e1fddec172398684eb12a8								syn31548836
file				HTA9_15_059_A_C96_S480_R1_001.sort.markdup.bam			8104561	3070cc1b692a761ddcbeba11f7d74de5								syn31548835
file				HTA9_15_059_A_C97_S481_R1_001.sort.markdup.bam			50375643	a4aff629f24f5de6d208b6bae0f3f1d1								syn31548840
file				HTA9_15_059_A_C98_S482_R1_001.sort.markdup.bam			69329154	bf1d14638edd776cc8604d1f343e1647								syn31548847
file				HTA9_15_059_A_C9_S393_R1_001.sort.markdup.bam			47691583	07be74b441ee9982e67d00e6d90c78c0								syn31548839
file				HTA9_15_059_D_C305_S689_R1_001.sort.markdup.bam			44520410	7d4f2934e86f27d6b1b1d3e064d6c27a								syn31548845
file				HTA9_15_059_D_C307_S691_R1_001.sort.markdup.bam			41718720	808fe1cf7e29ad7b4f594cf02cea5d18								syn31548844
file				HTA9_15_059_D_C308_S692_R1_001.sort.markdup.bam			41121790	73d3aeeff39e3c94950e7c29879d46ae								syn31548851
file				HTA9_15_059_D_C313_S697_R1_001.sort.markdup.bam			43415068	e323ba2329c58188d6cfb7911324c32f								syn31548859
file				HTA9_15_059_D_C314_S698_R1_001.sort.markdup.bam			43338095	fdeb5bd32349e5eb723f61e81fae07ed								syn31548858
file				HTA9_15_059_D_C317_S701_R1_001.sort.markdup.bam			45368610	07a8ae55db748d400d0e80c985f6396d								syn31548863
file				HTA9_15_059_D_C319_S703_R1_001.sort.markdup.bam			10760051	5a770881013d127f1872e43294e1afa4								syn31548852
file				HTA9_15_059_D_C320_S704_R1_001.sort.markdup.bam			9221448	fcb626429f7edd0dc05f87e41e0b80aa								syn31548856
file				HTA9_15_059_D_C321_S705_R1_001.sort.markdup.bam			17971198	4b9309c912ef7b73a4945923390b6e81								syn31548861
file				HTA9_15_059_D_C323_S707_R1_001.sort.markdup.bam			43778448	758df720d8c52bd8b6865cfb741d5b3a								syn31548870
file				HTA9_15_059_D_C324_S708_R1_001.sort.markdup.bam			26534516	4dfa55c243d8f3059537490fb5782120								syn31548866
file				HTA9_15_059_D_C327_S711_R1_001.sort.markdup.bam			39615738	0366727d82b9cbc1e91d004cae0f14db								syn31548869
file				HTA9_15_059_D_C328_S712_R1_001.sort.markdup.bam			35869737	3da13bb003c83c2ac78d7ed214c22908								syn31548877
file				HTA9_15_059_D_C329_S713_R1_001.sort.markdup.bam			34964177	9e89941ea22da3be2e57e09696f777d6								syn31548875
file				HTA9_15_059_D_C331_S715_R1_001.sort.markdup.bam			34508826	5ed66514e7166780228a593bcb6ab15b								syn31548876
file				HTA9_15_059_D_C332_S716_R1_001.sort.markdup.bam			30614412	d76b19433caa5b96b2052ad3b571af08								syn31548879
file				HTA9_15_059_D_C333_S717_R1_001.sort.markdup.bam			39337209	72663b0cc15f4c261feb75712e802569								syn31548880
file				HTA9_15_059_D_C336_S720_R1_001.sort.markdup.bam			11290937	735109bfaa7075376875a5f4a2b430cb								syn31548881
file				HTA9_15_059_D_C337_S721_R1_001.sort.markdup.bam			36430223	95013310a358a6eacbcd9b994003fd5b								syn31548889
file				HTA9_15_059_D_C344_S728_R1_001.sort.markdup.bam			24087714	d1e45e35b359324cb85cc698fea436f5								syn31548890
file				HTA9_15_059_D_C347_S731_R1_001.sort.markdup.bam			16325486	15b5836fe94942f4696b6d443f6828df								syn31548896
file				HTA9_15_059_D_C348_S732_R1_001.sort.markdup.bam			42233395	6186d0d54df0a2215f7f3222938c599e								syn31548894
file				HTA9_15_059_D_C349_S733_R1_001.sort.markdup.bam			9185166	b51ec686641d5667dc482ee5b91d87ff								syn31548886
file				HTA9_15_059_D_C351_S735_R1_001.sort.markdup.bam			9997063	dc9437d9f9b9605956592839c43d33be								syn31548893
file				HTA9_15_059_D_C356_S740_R1_001.sort.markdup.bam			42791943	c5767dd083e32996a6fa274613f55711								syn31548902
file				HTA9_15_059_D_C359_S743_R1_001.sort.markdup.bam			40433343	1c85d8768a1e9b82bf74be217dca969e								syn31548898
file				HTA9_15_059_D_C360_S744_R1_001.sort.markdup.bam			38850915	32a543a8b86b3726a6b977c5a4f50b01								syn31549003
file				HTA9_15_059_D_C361_S745_R1_001.sort.markdup.bam			47238314	23f4554c94332bfbd7dc18feceb41480								syn31548904
file				HTA9_15_059_D_C362_S746_R1_001.sort.markdup.bam			35401029	689916f07e753a393438611bf45572c0								syn31548905
file				HTA9_15_059_D_C365_S749_R1_001.sort.markdup.bam			17869998	81675f1496a2327fb8454c9ea3bfdfa8								syn31548906
file				HTA9_15_059_D_C366_S750_R1_001.sort.markdup.bam			12890160	9e35dde2d6c0c369719b27f0dd95f720								syn31548901
file				HTA9_15_059_D_C372_S756_R1_001.sort.markdup.bam			39658013	bdafe41f2963c886202e6b29efe03689								syn31548912
file				HTA9_15_059_D_C376_S760_R1_001.sort.markdup.bam			34796553	1fd534d171f0392537041b3f9e65015d								syn31548918
file				HTA9_15_059_D_C377_S761_R1_001.sort.markdup.bam			41135187	82dc68399a0d05e6ab1f6f39a84cdca7								syn31548919
file				HTA9_15_059_D_C378_S762_R1_001.sort.markdup.bam			39490372	c4316d36e960c31fdda134fd38ce4d70								syn31548911
file				HTA9_15_059_D_C379_S763_R1_001.sort.markdup.bam			41235818	7de8114ea19854a260903c323b58a2b3								syn31548914
file				HTA9_15_059_D_C380_S764_R1_001.sort.markdup.bam			15682910	63dc1df9f7de620c20414eff8ee2aa77								syn31548910
file				HTA9_2_045_C39_S2_R1_001.sort.bam			204732775	fd02fbaae577059bb97211f55600515f								syn26535629
file				HTA9_2_045_C40_S3_R1_001.sort.bam			209676157	a8255853380029a7a035cd42de2f37f6								syn26535619
file				HTA9_2_045_C41_S4_R1_001.sort.bam			193223952	7b14689b2a8d33b24b00f9404036614a								syn26535620
file				HTA9_2_045_C42_S5_R1_001.sort.bam			210957832	21dae809e3d062879dd7f39e8ffc66d5								syn26535622
file				HTA9_2_045_C45_S8_R1_001.sort.bam			147231217	aa7d95c785b1bd741eb49cf413ab8338								syn26535623
file				HTA9_2_045_C46_S9_R1_001.sort.bam			217984280	8f06ca9b2681ac112968f68bd9cee59d								syn26535625
file				HTA9_2_045_C48_S11_R1_001.sort.bam			232049933	f74367e7a40e4c059cc9eab14480b100								syn26535626
file				HTA9_2_045_C50_S13_R1_001.sort.bam			212149200	b2fb7de98881c1c8a3c79ff12d518488								syn26535627
file				HTA9_2_045_C51_S14_R1_001.sort.bam			208256658	3d71f075658bddaeaab831dfb36529d2								syn26535628
file				HTA9_2_045_C52_S15_R1_001.sort.bam			267559539	a1772d319b1b173815b8a43c1359be31								syn26535630
file				HTA9_2_045_C53_S16_R1_001.sort.bam			255734018	ddfc9d207dc57df5e8e6b9de1fa8ec4a								syn26535631
file				HTA9_2_045_C55_S18_R1_001.sort.bam			220396498	a6dabbe07310cd70b283099c48b84203								syn26535632
file				HTA9_2_045_C56_S19_R1_001.sort.bam			189534629	e0eae4c9dc3c5ba578f0167f7aed57f5								syn26535635
file				HTA9_2_045_C60_S23_R1_001.sort.bam			255489361	b0b819d34d7f240e4486361fd9d8a03a								syn26535639
file				HTA9_2_045_C62_S25_R1_001.sort.bam			249577787	1ba45bdd8e6559167abffd3ee44c3e14								syn26535642
file				HTA9_2_045_C66_S28_R1_001.sort.bam			320529319	0b8e59e6809acc02beb6743c3c2d84d9								syn26535646
file				HTA9_2_045_C70_S29_R1_001.sort.bam			128732716	60895691433d09607ef5e9f7c4148220								syn26535647
file				HTA9_2_045_C73_S32_R1_001.sort.bam			51539388	31d120fde6414c72be926c3845639e22								syn26535648
file				HTA9_2_045_C76_S35_R1_001.sort.bam			26416465	64b64f9763f1692c405be14977eed9be								syn26535649
file				HTA9_2_045_C77_S36_R1_001.sort.bam			26707657	019aea1c469f7a39ff102602e7d80a65								syn26535650
file				HTA9_2_045_POP_S37_R1_001.sort.bam			327099132	131a2105de614d1ac78d8c2fbe736ec3								syn26535652
file				HTA9_2_046_C100_S137_R1_001.sort.bam			197592433	7fcf0dacff409655c7a03cf061a6a67b								syn26535655
file				HTA9_2_046_C115_S152_R1_001.sort.bam			191647961	b2bdbc26e32b37bc6572049e2c3c8f7d								syn26535656
file				HTA9_2_046_C116_S153_R1_001.sort.bam			117568883	33b3b94c097e80ff951695f0847d7f26								syn26535657
file				HTA9_2_046_C117_S154_R1_001.sort.bam			328605114	e3fb3cadddf6e5c9ed62bd2e98480eb7								syn26535659
file				HTA9_2_046_C130_S167_R1_001.sort.bam			141474356	46d5f98fa8d55e28ad291cbed7240239								syn26535658
file				HTA9_2_046_C131_S168_R1_001.sort.bam			214076687	c41c572140cbf6735d92fbc54f1cdbac								syn26535662
file				HTA9_2_046_C132_S169_R1_001.sort.bam			219197530	ceed910e9ff1d1c47dafac7a381aa662								syn26535663
file				HTA9_2_046_C133_S170_R1_001.sort.bam			318115523	4250e7db9d07e7670648965e7c332b1b								syn26535668
file				HTA9_2_046_C146_S183_R1_001.sort.bam			181635583	d10dd6e871e2918db7662f8928dd70ad								syn26535667
file				HTA9_2_046_C148_S185_R1_001.sort.bam			157688422	24771c196032895e2ca28eac25109f56								syn26535669
file				HTA9_2_046_C149_S186_R1_001.sort.bam			243160744	17efc379f4acf1bbda5e9a1b06f0382a								syn26535671
file				HTA9_2_046_C162_S199_R1_001.sort.bam			194329796	61d2d890cc0fd2c754143084304757c7								syn26535672
file				HTA9_2_046_C163_S200_R1_001.sort.bam			204712913	c6a6572f2b8164a33284d77a1f57f4d5								syn26535674
file				HTA9_2_046_C164_S201_R1_001.sort.bam			119251100	2b2c0698fb8a1ae0c1660f9a647183c7								syn26535675
file				HTA9_2_046_C178_S215_R1_001.sort.bam			188288280	50a5b05e5b214c297ced8b2213a6dd6e								syn26535677
file				HTA9_2_046_C179_S216_R1_001.sort.bam			265583774	7f94552fef794bcad0557b8b725ef1d4								syn26535680
file				HTA9_2_046_C180_S217_R1_001.sort.bam			247114905	44f5a3cca2642893d5bb16a277971d75								syn26535682
file				HTA9_2_046_C194_S231_R1_001.sort.bam			173458052	1cc4525b8d1fa1080567a62cd2355f06								syn26535683
file				HTA9_2_046_C196_S233_R1_001.sort.bam			160953817	610a57fa6ce5260a854b25dfdff6ab6c								syn26535685
file				HTA9_2_046_C197_S234_R1_001.sort.bam			285046497	03fb20c9163c95742309dd3f20abc0b5								syn26535688
file				HTA9_2_046_C20_S57_R1_001.sort.bam			196233862	319430d1266727e616dd92dab1299916								syn26535686
file				HTA9_2_046_C210_S247_R1_001.sort.bam			209298307	f00c43d90c7b269ddd09b120dba03852								syn26535687
file				HTA9_2_046_C21_S58_R1_001.sort.bam			198327141	79e4d2cc69541e7ab8488962128e5f20								syn26535689
file				HTA9_2_046_C226_S263_R1_001.sort.bam			196716063	9cbf39ecce9524bb004b3622154e3828								syn26535691
file				HTA9_2_046_C227_S264_R1_001.sort.bam			237899336	1ef3cee4201f4e17fb18aa2f54c9b133								syn26535693
file				HTA9_2_046_C243_S280_R1_001.sort.bam			255818859	2044d0270ed6af27d805933cb52c1068								syn26535694
file				HTA9_2_046_C245_S282_R1_001.sort.bam			233562021	81bd6f43ac8854fc157e6e5b3ef68853								syn26535695
file				HTA9_2_046_C259_S296_R1_001.sort.bam			90388191	0a096ae76d7c0b43c39a62326fe2cab5								syn26535690
file				HTA9_2_046_C274_S311_R1_001.sort.bam			168513591	07e6010d5f368777dcc58777cdeb12a5								syn26535696
file				HTA9_2_046_C275_S312_R1_001.sort.bam			276057042	7685d2ddb5fc59bc922bcb139a997177								syn26535727
file				HTA9_2_046_C277_S314_R1_001.sort.bam			198633994	3e1b8c5846fda30c05e4da5c184b9148								syn26535724
file				HTA9_2_046_C290_S327_R1_001.sort.bam			135159201	2a2934ad4312b439c9609546df924aa6								syn26535697
file				HTA9_2_046_C291_S328_R1_001.sort.bam			284967557	66d97ed316407633033aaa4620daf804								syn26535743
file				HTA9_2_046_C293_S330_R1_001.sort.bam			236916875	d75385f01feee003bdb5759b964c8b22								syn26535741
file				HTA9_2_046_C306_S343_R1_001.sort.bam			133358413	1431f128a53a39feaf66aaf64ec04df1								syn26535737
file				HTA9_2_046_C307_S344_R1_001.sort.bam			170738395	f5becf0899fe4e7bad7f3bbdecd5f08c								syn26535742
file				HTA9_2_046_C309_S346_R1_001.sort.bam			219912568	0ddc6e20d0c82579b6cbcd889daf5e95								syn26535756
file				HTA9_2_046_C322_S359_R1_001.sort.bam			50894806	20068026073f422de7bad8e4c75d5f61								syn26535739
file				HTA9_2_046_C323_S360_R1_001.sort.bam			244114414	7c2ed0aeddef17c21802f59e392a2596								syn26535767
file				HTA9_2_046_C338_S375_R1_001.sort.bam			17700681	512aac0edbe9ca0fa57bf5240e997f95								syn26535740
file				HTA9_2_046_C339_S376_R1_001.sort.bam			148207372	c69531ebd4251a058b9d30e035323f5f								syn26535762
file				HTA9_2_046_C341_S378_R1_001.sort.bam			65891222	a8de3f176651a1a74602683c1c1bf5d5								syn26535755
file				HTA9_2_046_C34_S71_R1_001.sort.bam			22930952	0fe34f83eeb33d861d46901db9fd3626								syn26535751
file				HTA9_2_046_C35_S72_R1_001.sort.bam			210412522	ab61afd79d305b33e8441bad3b46efc7								syn26535771
file				HTA9_2_046_C36_S73_R1_001.sort.bam			193303261	6ae459ffb7878dccf22b954d35cb28d9								syn26535769
file				HTA9_2_046_C37_S74_R1_001.sort.bam			239774547	4d9398521e893e94902d2cab6946eb1a								syn26535776
file				HTA9_2_046_C50_S87_R1_001.sort.bam			43822830	4114f6551d8521919d5a5fa07dd3cb46								syn26535764
file				HTA9_2_046_C51_S88_R1_001.sort.bam			196370981	2e2df8c6ea36a11c68c516f1ff762494								syn26535813
file				HTA9_2_046_C52_S89_R1_001.sort.bam			229098273	8ab3183df221ea5b21762a238d698c6a								syn26535787
file				HTA9_2_046_C53_S90_R1_001.sort.bam			218156258	476c08b5379134d06141d7fca9c859ec								syn26535789
file				HTA9_2_046_C54_S91_R1_001.sort.bam			86222209	63bfdb2c7b262794958ebde932feda11								syn26535778
file				HTA9_2_046_C66_S103_R1_001.sort.bam			94659838	0f520b90a2bedff5f9e2c3a14d123038								syn26535781
file				HTA9_2_046_C67_S104_R1_001.sort.bam			221511219	cec54d8f4194f1f76fbf7357b6a05a1e								syn26535801
file				HTA9_2_046_C68_S105_R1_001.sort.bam			138654693	939fd69fe5dbcb759b2c943c2e472f0b								syn26535792
file				HTA9_2_046_C69_S106_R1_001.sort.bam			199143066	05fa422073cc5f410d041e5c3da813e7								syn26535800
file				HTA9_2_046_C70_S107_R1_001.sort.bam			173654761	295e4b00a3bf0d968b0dbef4fffacf9e								syn26535802
file				HTA9_2_046_C82_S119_R1_001.sort.bam			189292458	8826aea965112aedfc9261c32e51c284								syn26535806
file				HTA9_2_046_C83_S120_R1_001.sort.bam			249860164	77e8d5e0b5c8a7a2c200d107b36a4de5								syn26535811
file				HTA9_2_046_C85_S122_R1_001.sort.bam			321253680	00570479c7b946012a02f78027694e33								syn26535879
file				HTA9_2_046_C86_S123_R1_001.sort.bam			165127706	e02eb6d139030258e9e1c669d2b2a6a8								syn26535814
file				HTA9_2_046_C98_S135_R1_001.sort.bam			162100971	9dd6713e9dbff3c7b0bd59a979536a25								syn26535810
file				HTA9_2_046_C99_S136_R1_001.sort.bam			189427801	8da253646ea4cb8c5f5fbc212e730e6f								syn26535820
file				HTA9_2_056_C388_S4_R1_001.sort.bam			28735680	2abab410b079bc6bfc375712ebe76231								syn26535815
file				HTA9_2_056_C390_S6_R1_001.sort.bam			61726074	744b60fb6762f1737a8282a375744249								syn26535819
file				HTA9_2_056_C393_S9_R1_001.sort.bam			35700681	9b4b945ceb6a0901370250a9758a7b06								syn26535816
file				HTA9_2_056_C398_S14_R1_001.sort.bam			70913833	681792dd1c4adeb23e45d8091bb7452d								syn26535822
file				HTA9_2_056_C411_S27_R1_001.sort.bam			113243585	ccf9cc1c60e9b5607203aeed9981f380								syn26535829
file				HTA9_2_056_C427_S43_R1_001.sort.bam			81463118	e9cb4558e40052ffc5d7f00fe3e77d26								syn26535827
file				HTA9_2_056_C430_S46_R1_001.sort.bam			67868850	37d29f39bc17d2a3121ba5372cd790f5								syn26535825
file				HTA9_2_056_C435_S51_R1_001.sort.bam			56164757	b6752d61ec7784e9218711c68e621136								syn26535828
file				HTA9_2_056_C446_S62_R1_001.sort.bam			116908736	09971b2adddfbfad94917da7fd1754b8								syn26535841
file				HTA9_2_056_C451_S67_R1_001.sort.bam			34815893	f66c7c1c3438fecf81e1779142e75f26								syn26535831
file				HTA9_2_056_C458_S74_R1_001.sort.bam			46988183	5b611d50947a83a61dc067d13cfae069								syn26535832
file				HTA9_2_056_C462_S78_R1_001.sort.bam			71737418	1b83a417cfe9bea1ee1ee3537b79b1bb								syn26535838
file				HTA9_2_056_C471_S87_R1_001.sort.bam			34693044	e2c266d144b6e0660f932cc7b9a01aca								syn26535835
file				HTA9_2_056_C476_S92_R1_001.sort.bam			43856610	e8f5b32fe9187961bb80f93453d4343b								syn26535839
file				HTA9_2_056_C481_S97_R1_001.sort.bam			59907321	a33ef9b12a0fac69893a9a37a3ae4cd1								syn26535845
file				HTA9_2_056_C484_S100_R1_001.sort.bam			31553649	b8b7ccbab036c923803468ff653a0191								syn26535843
file				HTA9_2_056_C488_S104_R1_001.sort.bam			92542338	04a4e2f49deeb8930515757b1e5f9ebb								syn26535852
file				HTA9_2_056_C492_S108_R1_001.sort.bam			82537162	eea628dfeae6f794c85b65a103471ccb								syn26535850
file				HTA9_2_056_C498_S114_R1_001.sort.bam			70009503	55b98a303ab6b6794a3c88f5f5feafa4								syn26535856
file				HTA9_2_056_C513_S129_R1_001.sort.bam			98036821	db80f73f3983be5d38e3f02747935f3d								syn26535862
file				HTA9_2_056_C529_S145_R1_001.sort.bam			34598282	fce339500141df9f9d1ae487648753c2								syn26535848
file				HTA9_2_056_C534_S150_R1_001.sort.bam			26476217	3ffa8afb2a8f238a19e09bb0a15e0c68								syn26535854
file				HTA9_2_056_C537_S153_R1_001.sort.bam			77786589	529f27f643d09eedb9192a20e109c72d								syn26535865
file				HTA9_2_056_C538_S154_R1_001.sort.bam			26029882	b65763142a03c7966f1b52626f53eeb2								syn26535853
file				HTA9_2_056_C539_S155_R1_001.sort.bam			20135406	b0f4eac2c0bc3496cc46252b8a5851dc								syn26535859
file				HTA9_2_056_C541_S157_R1_001.sort.bam			104976598	0b5ecbe5a606154933b41ca0ddf3fda1								syn26535874
file				HTA9_2_056_C547_S163_R1_001.sort.bam			64601051	161aee355eab651b5d70b50b7325730f								syn26535868
file				HTA9_2_056_C557_S173_R1_001.sort.bam			65280784	1a43499da0bc740401ed2b635ba8f9ba								syn26535872
file				HTA9_2_056_C561_S177_R1_001.sort.bam			18673298	81c73fa8c7e0287d0321e54812de9230								syn26535864
file				HTA9_2_056_C565_S181_R1_001.sort.bam			62903631	f00d56dbfceb91d6c349a3ab5fa83bbd								syn26535875
file				HTA9_2_056_C566_S182_R1_001.sort.bam			110434786	027860df8eb2f8519a3878ab0c09bc36								syn26535885
file				HTA9_2_056_C573_S189_R1_001.sort.bam			43137358	fa75fed5495e42bc35d0a5073f78c4db								syn26535878
file				HTA9_2_056_C584_S200_R1_001.sort.bam			25214752	c344886b91c85372f77087014bd017bc								syn26535877
file				HTA9_2_056_C594_S210_R1_001.sort.bam			35931011	35b85373e1c63dc8be079306a0788079								syn26535880
file				HTA9_2_056_C596_S212_R1_001.sort.bam			43724701	608ec281914211aed42b14363455b6b8								syn26535882
file				HTA9_2_056_C600_S216_R1_001.sort.bam			36659811	4f3df0506cce0d5c9b7426c9b0c24bcc								syn26535884
file				HTA9_2_056_C605_S221_R1_001.sort.bam			140215034	158c5fe451b635233d64dc789025f1ff								syn26535900
file				HTA9_2_056_C609_S225_R1_001.sort.bam			117514265	36596b108086ac02f3a6546db48f3983								syn26535895
file				HTA9_2_056_C610_S226_R1_001.sort.bam			87219551	880348158cedbc6c3dc2426a8f22c9e1								syn26535899
file				HTA9_2_056_C612_S228_R1_001.sort.bam			27422138	dadf42a332ebe29dd20edf0a617feb1c								syn26535888
file				HTA9_2_056_C614_S230_R1_001.sort.bam			23470480	e2629843d604eeabd094e2a5f14277c7								syn26535889
file				HTA9_2_056_C615_S231_R1_001.sort.bam			101033035	7fe80d13805d2a8f92d1d4bf24152d82								syn26535904
file				HTA9_2_056_C616_S232_R1_001.sort.bam			37165806	62234bf8498317661ca184554448b8ae								syn26535898
file				HTA9_2_056_C625_S241_R1_001.sort.bam			79697703	b63c2a89ad40a901e082d9e92481efc9								syn26535914
file				HTA9_2_056_C626_S242_R1_001.sort.bam			58831970	d0b06114c94b0b16f3ac2a4da2aa5446								syn26535907
file				HTA9_2_056_C628_S244_R1_001.sort.bam			57553840	88b01cea52a6484fade19010ee5113d9								syn26535905
file				HTA9_2_056_C630_S246_R1_001.sort.bam			100602108	1677fa582b0f5efeaae38bf358a812ad								syn26535976
file				HTA9_2_056_C631_S247_R1_001.sort.bam			85042100	2e6a95c7d5aad161574b9989301c4762								syn26535923
file				HTA9_2_056_C632_S248_R1_001.sort.bam			66413523	3c8e3a1a8201182e98164d4693f5c43e								syn26535924
file				HTA9_2_056_C633_S249_R1_001.sort.bam			45057051	4de3b25c4d48fea5faf36011b6df58fd								syn26535916
file				HTA9_2_056_C649_S265_R1_001.sort.bam			61543447	d2d9de7f4438ff36e156361e9279040c								syn26535926
file				HTA9_2_056_C650_S266_R1_001.sort.bam			40360747	8ea29509e76a11427ca2f26004264e6a								syn26535921
file				HTA9_2_056_C660_S276_R1_001.sort.bam			130809486	f5ff69f65113ef51c4c3a9e864ad77d1								syn26535944
file				HTA9_2_056_C662_S278_R1_001.sort.bam			80572810	8139d2f7ea6d802c33589f6c5348cb13								syn26535939
file				HTA9_2_056_C665_S281_R1_001.sort.bam			87937878	339518f22c3f71a0fd4d0cb00d748e27								syn26535942
file				HTA9_2_056_C673_S289_R1_001.sort.bam			19556033	08c6dfa1607488a0e81f973f71773bab								syn26535932
file				HTA9_2_056_C674_S290_R1_001.sort.bam			54526216	c3499054ae16f667669b41cd4f9035f3								syn26535937
file				HTA9_2_056_C675_S291_R1_001.sort.bam			89814186	827cf54d0f335de88c5c372300120d4e								syn26535949
file				HTA9_2_056_C676_S292_R1_001.sort.bam			68203690	0e33a51dc635a118cc32fa79cf60a34e								syn26535953
file				HTA9_2_056_C684_S300_R1_001.sort.bam			59553869	5563ae071987565452cdddd8dae3dffd								syn26535947
file				HTA9_2_056_C695_S311_R1_001.sort.bam			24982743	e77597ef6ba4087645f72fe20f4c1515								syn26535945
file				HTA9_2_056_C706_S322_R1_001.sort.bam			96675031	69bab427a6020d4f0df4c8279083e327								syn26535957
file				HTA9_2_056_C711_S327_R1_001.sort.bam			61213082	68d93636a3f8855dfe5353c46ce3b673								syn26535959
file				HTA9_2_056_C716_S332_R1_001.sort.bam			48931408	2f56415e344381ba2a3e249f3983914a								syn26535956
file				HTA9_2_056_C722_S338_R1_001.sort.bam			118912064	da7a321ee8cccdb40e972e6f1852e1e7								syn26535965
file				HTA9_2_056_C723_S339_R1_001.sort.bam			15805237	ee45b419d2a75273f1a81e9d023a9f53								syn26535954
file				HTA9_2_056_C724_S340_R1_001.sort.bam			104616732	af606161e91337686a8703f7424cb93e								syn26535973
file				HTA9_2_056_C725_S341_R1_001.sort.bam			140183867	14d228772daa1a612fb4558f76e7a260								syn26535978
file				HTA9_2_056_C726_S342_R1_001.sort.bam			90984960	65195072b0c4768a66d984ee33ba355e								syn26535972
file				HTA9_2_056_C728_S344_R1_001.sort.bam			78160288	e6e68abb3dfdc6d53bc1bf71b25f17a2								syn26535969
file				HTA9_2_056_C733_S349_R1_001.sort.bam			14858876	8c77f8cffaa071d6fe21202b818b63f8								syn26535970
file				HTA9_2_056_C739_S355_R1_001.sort.bam			131660510	22ce9cf723ee866ccb600ec0b956f351								syn26535991
file				HTA9_2_056_C741_S357_R1_001.sort.bam			78091802	756dd8d06a2d8cb2f52e38a9cfb48cad								syn26535983
file				HTA9_2_056_C742_S358_R1_001.sort.bam			50921180	ce7b180799473bdc43fa013a6e4e3d85								syn26535979
file				HTA9_2_056_C744_S360_R1_001.sort.bam			43644091	0ee6549e233f0bd31b7787fa2851818b								syn26535981
file				HTA9_2_056_C747_S363_R1_001.sort.bam			65567312	b19710c91aa320f77893e2352d84108f								syn26535989
file				HTA9_2_056_C748_S364_R1_001.sort.bam			60099135	1dde7d011fd445403725f8460cccbed5								syn26535995
file				HTA9_2_056_C754_S370_R1_001.sort.bam			58562852	07c050ba48a1b1e90f3385e792a6f700								syn26535993
file				HTA9_2_056_C760_S376_R1_001.sort.bam			38288094	e938c82291cdcfec089ba3b8cd60c85e								syn26535992
file				HTA9_2_056_C761_S377_R1_001.sort.bam			54936290	835574635b4abbcc40721714b3788384								syn26536001
file				HTA9_2_056_C764_S380_R1_001.sort.bam			32332025	dd9e062959f05afa2fad995379f2964e								syn26535997
file				HTA9_2_55_C10_S10_R1_001.sort.bam			120141771	8e599370f6cf95f7a0b59c15c9326c79								syn26536011
file				HTA9_2_55_C13_S13_R1_001.sort.bam			10839823	f981dd1a55ceac9ae29b73bbfadf5c87								syn26535996
file				HTA9_2_55_C18_S17_R1_001.sort.bam			155343319	c6e20663b9751a92c45a6b6c52dc93b8								syn26536017
file				HTA9_2_55_C19_S18_R1_001.sort.bam			73299121	73dac0d0217621b351eb395ce48b0626								syn26536009
file				HTA9_2_55_C1_S1_R1_001.sort.bam			23844821	97038b1267093947477c1e794fe7e5d0								syn26536003
file				HTA9_2_55_C20_S19_R1_001.sort.bam			168097197	ff09da9ea24f205236d0d3f76b3d1b39								syn26536025
file				HTA9_2_55_C21_S20_R1_001.sort.bam			140433866	21b1c27ddd452764e6bccbaaece71f81								syn26536021
file				HTA9_2_55_C22_S21_R1_001.sort.bam			159703340	7a22e25b6e8c271120d7e289d7e47214								syn26536030
file				HTA9_2_55_C23_S22_R1_001.sort.bam			15166971	dcefb69199eb3c5c3442b680340cd17e								syn26536012
file				HTA9_2_55_C25_S24_R1_001.sort.bam			136201937	0901de75bdb72a5ad9f094dee5d5357c								syn26536031
file				HTA9_2_55_C26_S25_R1_001.sort.bam			85319131	cee96fec357c7fee15481503aa69e3f7								syn26536028
file				HTA9_2_55_C27_S26_R1_001.sort.bam			173916720	5b831c44deb8ef8a789b96bd23bcb1be								syn26536043
file				HTA9_2_55_C29_S28_R1_001.sort.bam			20788537	3aabd51ccfc559a2428c7957364c2426								syn26536029
file				HTA9_2_55_C2_S2_R1_001.sort.bam			19333313	cc0cb403abcc08222fbefde9bea4c294								syn26536033
file				HTA9_2_55_C30_S29_R1_001.sort.bam			92368008	f8a088d6045c17c9e410e2a5163d977e								syn26536040
file				HTA9_2_55_C31_S30_R1_001.sort.bam			88900759	e248e24127b8aa990c1de08871234107								syn26536044
file				HTA9_2_55_C34_S33_R1_001.sort.bam			156445895	cf645433ec9df75fa3ff1bc2372bc923								syn26536053
file				HTA9_2_55_C35_S34_R1_001.sort.bam			223780467	c75e3ecb9d8273deec9cf580503bdae2								syn26536064
file				HTA9_2_55_C36_S35_R1_001.sort.bam			21460534	f6d6b6a264a29ea43fdfb4916520d12e								syn26536045
file				HTA9_2_55_C37_S36_R1_001.sort.bam			134624976	5d0a59550fbf205e9ffe602036528e2e								syn26536061
file				HTA9_2_55_C38_S37_R1_001.sort.bam			225247194	628b99de1db79528830faa0490467a96								syn26536083
file				HTA9_2_55_C39_S38_R1_001.sort.bam			143029319	27948c98bec8a0ccac4cf33e0df21a5a								syn26536073
file				HTA9_2_55_C3_S3_R1_001.sort.bam			42331470	3421b17703388da47537ed14571e6626								syn26536059
file				HTA9_2_55_C40_S39_R1_001.sort.bam			185599861	12e278c735b0a36d9ea0fb42cf477f9b								syn26536098
file				HTA9_2_55_C4_S4_R1_001.sort.bam			107603383	f017c5ba9610363a8a109c82a4a2cca3								syn26536087
file				HTA9_2_55_C5_S5_R1_001.sort.bam			66334339	5af91cd1168318bc94533d4dd7821be1								syn26536080
file				HTA9_2_55_C6_S6_R1_001.sort.bam			163373622	f44ba828ef05d96d97f14d5cfb231577								syn26536113
file				HTA9_2_55_C7_S7_R1_001.sort.bam			126599439	4de60e61b58d92c7d3dbe2b4625faa3b								syn26536112
file				HTA9_2_55_C8_S8_R1_001.sort.bam			123600860	71ba6ab60c00a2f5ebca24ba0076677c								syn26536108
file				HTA9_2_55_C9_S9_R1_001.sort.bam			56076567	1c398049a15a93292674cdd376d2c22b								syn26536101
file				HTA9_3_1st_C101_S2909_R1_001.sort.bam			54104170	938a22fc3ed1dd6475911c47075c4cc9								syn26536117
file				HTA9_3_1st_C104_S2912_R1_001.sort.bam			59349566	568be72a7b3dde51569e1d6a36131ed6								syn26536124
file				HTA9_3_1st_C105_S2913_R1_001.sort.bam			82466137	06785030c4b7b7b81c9c9cf153e677c5								syn26536150
file				HTA9_3_1st_C108_S2916_R1_001.sort.bam			80174669	38171bcd9aaa5caf5998e0f61982e642								syn26536151
file				HTA9_3_1st_C109_S2917_R1_001.sort.bam			64038715	d19b89eb1247f88c3d8d813f1353cc5e								syn26536139
file				HTA9_3_1st_C110_S2918_R1_001.sort.bam			72619085	c4305990ff8c398e791f131bedbe10ae								syn26536153
file				HTA9_3_1st_C111_S2919_R1_001.sort.bam			42267834	0d00cb7a459b6255540cef27f33bb240								syn26536148
file				HTA9_3_1st_C112_S2920_R1_001.sort.bam			63112901	160f144e75ae53234ff088d3f67b5387								syn26536174
file				HTA9_3_1st_C115_S2923_R1_001.sort.bam			9047728	452e0237199bf3909eb2e70515a8491e								syn26536156
file				HTA9_3_1st_C117_S2925_R1_001.sort.bam			59052092	e91699ce65ed7d3b5586cf787f5a15c1								syn26536181
file				HTA9_3_1st_C120_S2928_R1_001.sort.bam			77219368	ecc6fec509a1098ca9dff906996bf96b								syn26536193
file				HTA9_3_1st_C121_S2929_R1_001.sort.bam			77792453	e08ff8651584229fbed1b72799a60db1								syn26536189
file				HTA9_3_1st_C122_S2930_R1_001.sort.bam			53042834	5a39c253d33d1322b34856a301cd8a1d								syn26536183
file				HTA9_3_1st_C124_S2932_R1_001.sort.bam			53737061	c1c036c32418779f377520ff77215275								syn26536199
file				HTA9_3_1st_C126_S2934_R1_001.sort.bam			47326455	08926a7bbe9364fdb2fd98a0f94601c4								syn26536202
file				HTA9_3_1st_C128_S2936_R1_001.sort.bam			86328374	35381ab8e9bb8f18132120de30d3f22d								syn26536208
file				HTA9_3_1st_C130_S2938_R1_001.sort.bam			8696204	63f07a9c8ed0595d2065b8efaa9c51a1								syn26536198
file				HTA9_3_1st_C131_S2939_R1_001.sort.bam			6323242	70fefdcb6ab584c04895e38f7438048c								syn26536196
file				HTA9_3_1st_C132_S2940_R1_001.sort.bam			29975108	f26bd684eeb73bdaa1b497ae4b9205fc								syn26536206
file				HTA9_3_1st_C136_S2944_R1_001.sort.bam			65380648	447f83bb3d92d49c4533cb5bb4dba353								syn26536209
file				HTA9_3_1st_C137_S2945_R1_001.sort.bam			70301514	f2036063d978b6f709d7ed84531d6692								syn26536213
file				HTA9_3_1st_C139_S2947_R1_001.sort.bam			56370686	b76d16a5c660f1129dc49a7301463eba								syn26536211
file				HTA9_3_1st_C140_S2948_R1_001.sort.bam			50264919	257291614a05b4f3c83b4927fbf97bd9								syn26536218
file				HTA9_3_1st_C141_S2949_R1_001.sort.bam			44843465	fec2e88deb3e080ad2743a9aa57f7d81								syn26536216
file				HTA9_3_1st_C142_S2950_R1_001.sort.bam			49002793	a67aca0cbd95d3871bfe7aaa21915f6d								syn26536221
file				HTA9_3_1st_C143_S2951_R1_001.sort.bam			46472141	f0d08492858c748fe7112c102da39660								syn26536224
file				HTA9_3_1st_C149_S2957_R1_001.sort.bam			49831867	d70f9d34b84036ebedc950776302333f								syn26536225
file				HTA9_3_1st_C153_S2961_R1_001.sort.bam			41546143	526b86b2f276805962bd8b971a692d4f								syn26536223
file				HTA9_3_1st_C155_S2963_R1_001.sort.bam			35873933	ab704b3af7e5826f514ae89a2d90dec4								syn26536231
file				HTA9_3_1st_C157_S2965_R1_001.sort.bam			34452204	607769560540ddb071f20f3c32410095								syn26536232
file				HTA9_3_1st_C159_S2967_R1_001.sort.bam			43784540	e7ff5a44a5ec19a28010e6d75837666a								syn26536236
file				HTA9_3_1st_C163_S2971_R1_001.sort.bam			6096622	b677ed8db19317e661b1d745d15cdb42								syn26536227
file				HTA9_3_1st_C164_S2972_R1_001.sort.bam			9013729	00ed099298479c21a14f373ab71ee9e4								syn26536230
file				HTA9_3_1st_C166_S2974_R1_001.sort.bam			45099987	c83756fe9e0bc292350709f8d5b5128d								syn26536240
file				HTA9_3_1st_C170_S2978_R1_001.sort.bam			39268956	d4db6e69cd81137c0883d70e8d6a9bcc								syn26536239
file				HTA9_3_1st_C172_S2980_R1_001.sort.bam			43506231	1a36ae204eefd27921deecfe92c91569								syn26536242
file				HTA9_3_1st_C183_S2991_R1_001.sort.bam			60474942	6a5ae401162d30ff5adc9f06689f3e28								syn26536244
file				HTA9_3_1st_C185_S2993_R1_001.sort.bam			44551706	05452877f164f7d236c294b4d87dda45								syn26536243
file				HTA9_3_1st_C186_S2994_R1_001.sort.bam			71774399	b4d69b50bbd8e1a2a2fd062cff1a7aa1								syn26536251
file				HTA9_3_1st_C189_S2997_R1_001.sort.bam			69480551	821ca68732bed80d1584374c4b522f16								syn26536466
file				HTA9_3_1st_C190_S2998_R1_001.sort.bam			75544272	5dce093ed59f363e56b5cfb7b3d2dbe3								syn26536256
file				HTA9_3_1st_C191_S2999_R1_001.sort.bam			52008630	388881fcb7ea61c89698f76f034f28b0								syn26536257
file				HTA9_3_1st_C194_S3002_R1_001.sort.bam			4131715	cd2476f2fd38397248cea48f218366b7								syn26536247
file				HTA9_3_1st_C196_S3004_R1_001.sort.bam			17984980	71dfc14711f20f4baa29265e50b29644								syn26536252
file				HTA9_3_1st_C197_S3005_R1_001.sort.bam			47257394	0ee389de65d39cf82b6835f1569ca900								syn26536260
file				HTA9_3_1st_C199_S3007_R1_001.sort.bam			74711318	7b1eaa6ddd78896c9e72ff716c5f7167								syn26536267
file				HTA9_3_1st_C19_S2827_R1_001.sort.bam			11982411	a694591049f7d6b0b5192a4a45e10e12								syn26536259
file				HTA9_3_1st_C201_S3009_R1_001.sort.bam			57026970	6f7338f057a218b3fa76c4bb6aa87aaf								syn26536261
file				HTA9_3_1st_C204_S3012_R1_001.sort.bam			65307089	b0b68fe798ed03fb0ebdd0e9e96a6f2c								syn26536283
file				HTA9_3_1st_C207_S3015_R1_001.sort.bam			67967278	5ac55753a4af3ac7c72e728b3fdae1a8								syn26536269
file				HTA9_3_1st_C208_S3016_R1_001.sort.bam			80669490	7a53d14a8667b2f5507be2156d825753								syn26536278
file				HTA9_3_1st_C210_S3018_R1_001.sort.bam			6237698	a7daff720d796a0ba9447cc550c0d94b								syn26536263
file				HTA9_3_1st_C213_S3021_R1_001.sort.bam			53877195	40e3aa4b652f4625de722ec6ff1fa9c6								syn26536271
file				HTA9_3_1st_C214_S3022_R1_001.sort.bam			47105574	86779d9b63e5927b9fa227788fae90ce								syn26536277
file				HTA9_3_1st_C215_S3023_R1_001.sort.bam			59646209	e51c5198a0528146a0e904f906e41fe8								syn26536280
file				HTA9_3_1st_C219_S3027_R1_001.sort.bam			69171991	ce8cfcfb00f86222029c970692d328d7								syn26536285
file				HTA9_3_1st_C21_S2829_R1_001.sort.bam			7325852	270c3370809648ddf0f0484db0ce66e7								syn26536272
file				HTA9_3_1st_C221_S3029_R1_001.sort.bam			63204873	a60c70d219e09af6e725696a89175d2e								syn26536287
file				HTA9_3_1st_C223_S3031_R1_001.sort.bam			58904225	5d9d156ea46f8d3f5caafa716dc959e2								syn26536286
file				HTA9_3_1st_C224_S3032_R1_001.sort.bam			72001259	a676d49308c268bb5f500e668b93573c								syn26536289
file				HTA9_3_1st_C228_S3036_R1_001.sort.bam			5411862	9db5771ced689967001557a7058d6300								syn26536281
file				HTA9_3_1st_C22_S2830_R1_001.sort.bam			11174765	632310c6d16d45e2079372e71318546e								syn26536284
file				HTA9_3_1st_C238_S3046_R1_001.sort.bam			68993481	69ea408bce98bb5702d377ab993da1f6								syn26536296
file				HTA9_3_1st_C239_S3047_R1_001.sort.bam			60091648	f23fc4a13dfce2100fc293f0623345b3								syn26536295
file				HTA9_3_1st_C240_S3048_R1_001.sort.bam			98404225	b4cd650c11b3d314119f6ce62f8b6e5b								syn26536319
file				HTA9_3_1st_C244_S3052_R1_001.sort.bam			11366356	fc15d917723d55506d70ed947f9cc7b6								syn26536291
file				HTA9_3_1st_C245_S3053_R1_001.sort.bam			54444692	26edfc665185988e36c68e8bc130ae6d								syn26536302
file				HTA9_3_1st_C247_S3055_R1_001.sort.bam			41567710	dcbcfdf2eb33b688050a5ac4f096e33b								syn26536299
file				HTA9_3_1st_C248_S3056_R1_001.sort.bam			39753996	3f8c024c8ba4e7de6c2297420a67552f								syn26536305
file				HTA9_3_1st_C249_S3057_R1_001.sort.bam			43952510	e623b225c88cd24797b0a5f9c2182c4f								syn26536303
file				HTA9_3_1st_C250_S3058_R1_001.sort.bam			32056077	80bcd7754e8785b2c3e25eb4af02dd25								syn26536307
file				HTA9_3_1st_C253_S3061_R1_001.sort.bam			27698617	46430bd29b7a171fa81f72347a600ae0								syn26536308
file				HTA9_3_1st_C254_S3062_R1_001.sort.bam			44678759	23d95223417fb19139bdeb2a9f4410a7								syn26536310
file				HTA9_3_1st_C25_S2833_R1_001.sort.bam			71306603	e4c74a5998d5bab633e5c714ff9daac0								syn26536317
file				HTA9_3_1st_C261_S3069_R1_001.sort.bam			69963374	7e6929becae46e91644538ae14f02dc2								syn26536316
file				HTA9_3_1st_C262_S3070_R1_001.sort.bam			60701461	ef1424c7ce736e58a35b51903baa6359								syn26536315
file				HTA9_3_1st_C263_S3071_R1_001.sort.bam			83910386	6e177eac849c84eb4501cbe4791ca54b								syn26536324
file				HTA9_3_1st_C264_S3072_R1_001.sort.bam			43743621	113966c4def51e943c03bdb6c2ddbe0e								syn26536320
file				HTA9_3_1st_C265_S3073_R1_001.sort.bam			48682684	6cffb016b7c24b93e135431377d206aa								syn26536323
file				HTA9_3_1st_C266_S3074_R1_001.sort.bam			54732988	50173494cb8e33bcf0cb1fbcdec3b703								syn26536329
file				HTA9_3_1st_C270_S3078_R1_001.sort.bam			62366149	d3ad8f517fbe9bd5cb5afef6f283edda								syn26536331
file				HTA9_3_1st_C272_S3080_R1_001.sort.bam			54371055	8d5c2cc5d3c2946021ba1e5854799105								syn26536338
file				HTA9_3_1st_C273_S3081_R1_001.sort.bam			2781472	470c900ede78f93dd20a615d35c103d1								syn26536327
file				HTA9_3_1st_C275_S3083_R1_001.sort.bam			10885013	ebe086d7bf15837b61c473cfb2cf5790								syn26536334
file				HTA9_3_1st_C277_S3085_R1_001.sort.bam			75569304	580978b781eb2ee230f5a2f98e74f55c								syn26536347
file				HTA9_3_1st_C279_S3087_R1_001.sort.bam			29732188	d209fc9f7af7c9d55e018b37e154fb83								syn26536337
file				HTA9_3_1st_C280_S3088_R1_001.sort.bam			56246454	2a49813cff5c30db221fd96685e2900c								syn26536346
file				HTA9_3_1st_C281_S3089_R1_001.sort.bam			46743678	44d5bb1dc6c0b5a9c92674966951f2b6								syn26536345
file				HTA9_3_1st_C282_S3090_R1_001.sort.bam			73649105	81760b0e1011ea57076b8e1bf190de80								syn26536358
file				HTA9_3_1st_C283_S3091_R1_001.sort.bam			39691475	d3330f097c20c5109c28f4e305983f35								syn26536352
file				HTA9_3_1st_C286_S3094_R1_001.sort.bam			63954102	983c27b6f60b65b955526d21117bf52c								syn26536364
file				HTA9_3_1st_C287_S3095_R1_001.sort.bam			72979005	d1d8df78fbbb5f82bea067ece19247f5								syn26536370
file				HTA9_3_1st_C288_S3096_R1_001.sort.bam			63534243	f7dc0cdf6eda699a6f728619e1cdc752								syn26536371
file				HTA9_3_1st_C289_S3097_R1_001.sort.bam			2991913	743d84d6983a535d816ece8e5a3efab6								syn26536354
file				HTA9_3_1st_C28_S2836_R1_001.sort.bam			80803856	969de013add070f19df7cabbc1218550								syn26536372
file				HTA9_3_1st_C290_S3098_R1_001.sort.bam			5970579	67cbb035069b39e98c512d0843a47a49								syn26536360
file				HTA9_3_1st_C291_S3099_R1_001.sort.bam			8399027	161dd1df72d04fc7d3998336991b5014								syn26536367
file				HTA9_3_1st_C294_S3102_R1_001.sort.bam			71193768	bcd40bcd839150274e3e01e04f32fea6								syn26536376
file				HTA9_3_1st_C295_S3103_R1_001.sort.bam			63129885	b576ff7768f4101f944ecdfbe2cfceaf								syn26536375
file				HTA9_3_1st_C297_S3105_R1_001.sort.bam			63253352	cb0d0a3def4da900976a36499f858dc1								syn26536381
file				HTA9_3_1st_C29_S2837_R1_001.sort.bam			79839069	aef9aa59be92f705becb01e962fb56e3								syn26536382
file				HTA9_3_1st_C300_S3108_R1_001.sort.bam			61642109	ba8f83f9f86c409aa8865b95ad03581b								syn26536383
file				HTA9_3_1st_C304_S3112_R1_001.sort.bam			83402518	75bb6ff925859befbf1350cf4ab132a7								syn26536407
file				HTA9_3_1st_C306_S3114_R1_001.sort.bam			2208807	46b97b53325dacb8b79c3fbe5bad534b								syn26536379
file				HTA9_3_1st_C307_S3115_R1_001.sort.bam			21752750	0d58623ac174d2876e3a49d2f4dc2527								syn26536385
file				HTA9_3_1st_C308_S3116_R1_001.sort.bam			14084581	87000945dcabaac3a2d934db5b87b7cb								syn26536384
file				HTA9_3_1st_C309_S3117_R1_001.sort.bam			73061565	0a38eb3bc82d0c7748d0a7c7d1c5cb7c								syn26536395
file				HTA9_3_1st_C30_S2838_R1_001.sort.bam			58582601	863610cc018cb90f1c7f27776a639d52								syn26536393
file				HTA9_3_1st_C310_S3118_R1_001.sort.bam			19495281	23742eb282a6b90a47335f96247eb64c								syn26536388
file				HTA9_3_1st_C313_S3121_R1_001.sort.bam			46173749	149ffea6648de4135b8fc64f93055d8c								syn26536397
file				HTA9_3_1st_C314_S3122_R1_001.sort.bam			69239238	8fb648e44af7f11bd5c0c1d0dd8da719								syn26536405
file				HTA9_3_1st_C315_S3123_R1_001.sort.bam			49827657	1619400822083b87c285b5fb121b9219								syn26536403
file				HTA9_3_1st_C318_S3126_R1_001.sort.bam			53962315	969b6735e69690917e66d436b0265773								syn26536404
file				HTA9_3_1st_C31_S2839_R1_001.sort.bam			64074280	fc5917b5684ac2b24d397fbad75c50a4								syn26536410
file				HTA9_3_1st_C320_S3128_R1_001.sort.bam			71193597	cc5d021029a2a8f24965fbc07be63d90								syn26536427
file				HTA9_3_1st_C323_S3131_R1_001.sort.bam			19486462	edb94d88d2b943744ac399624fe52977								syn26536413
file				HTA9_3_1st_C324_S3132_R1_001.sort.bam			8906232	4af60d08946650aa0d977abced39c716								syn26536412
file				HTA9_3_1st_C327_S3135_R1_001.sort.bam			64296558	57bd32ba31f3f17d672c643d4ea7c040								syn26536418
file				HTA9_3_1st_C328_S3136_R1_001.sort.bam			48289422	10946b03aef5ce9e532697108a53579b								syn26536424
file				HTA9_3_1st_C329_S3137_R1_001.sort.bam			49949131	e0b6111046891468d20141ae84181d18								syn26536422
file				HTA9_3_1st_C332_S3140_R1_001.sort.bam			50746916	49a69d88365917feeef84ba2f7403337								syn26536423
file				HTA9_3_1st_C333_S3141_R1_001.sort.bam			75353027	30120394d4dc06b0659c555bd784d810								syn26536428
file				HTA9_3_1st_C334_S3142_R1_001.sort.bam			66198554	54624ff6083f25ea8bbc63ee00bb71dd								syn26536430
file				HTA9_3_1st_C335_S3143_R1_001.sort.bam			67066090	66e7e0d16c2a09a764bc50fff85e0a68								syn26536439
file				HTA9_3_1st_C336_S3144_R1_001.sort.bam			14249393	d56809955100bb5f159216e5bc4dcac7								syn26536429
file				HTA9_3_1st_C340_S3148_R1_001.sort.bam			17017737	0f1c4b1555f3380dbebb9dab6d098d4a								syn26536434
file				HTA9_3_1st_C342_S3150_R1_001.sort.bam			83188635	cca4ce52d8575d111a2ab97d14d1ed05								syn26536445
file				HTA9_3_1st_C343_S3151_R1_001.sort.bam			72672629	3430d132269ff445487bc9568d92c5ee								syn26536447
file				HTA9_3_1st_C347_S3155_R1_001.sort.bam			42537530	adb82ae743188a787f29e41b737d1936								syn26536441
file				HTA9_3_1st_C350_S3158_R1_001.sort.bam			71175079	03004d40b39bc5a886d3f5549cccaf6e								syn26536449
file				HTA9_3_1st_C356_S3164_R1_001.sort.bam			11192759	bca71ad38b1a96456e19bcfa4853fdfc								syn26536444
file				HTA9_3_1st_C358_S3166_R1_001.sort.bam			19686660	691cca91467654bd8540d9adc94f5323								syn26536448
file				HTA9_3_1st_C360_S3168_R1_001.sort.bam			55624366	200696aad5d1fb4a36472dac3f232fc4								syn26536455
file				HTA9_3_1st_C361_S3169_R1_001.sort.bam			37184062	c0be30059a0077c8fbc943fd59fc0470								syn26536454
file				HTA9_3_1st_C365_S3173_R1_001.sort.bam			25890700	9ba346988be411c24f59087440bce2b4								syn26536451
file				HTA9_3_1st_C366_S3174_R1_001.sort.bam			72236105	616c50f2a2ade7495c126c71b26f3b5f								syn26536461
file				HTA9_3_1st_C373_S3181_R1_001.sort.bam			22626347	0a1917fc2649cc7e10f7ba7370950cd6								syn26536457
file				HTA9_3_1st_C376_S3184_R1_001.sort.bam			47445196	c6bdee7fab542ad29bf268d5f8f22c21								syn26536460
file				HTA9_3_1st_C377_S3185_R1_001.sort.bam			62955672	e5caeab5ce33e077efee2449327424a1								syn26536467
file				HTA9_3_1st_C379_S3187_R1_001.sort.bam			30899102	6d43931387bed48c5e327a15ece4b62a								syn26536462
file				HTA9_3_1st_C381_S3189_R1_001.sort.bam			18124235	ba1bc0d25539c808087285aded7f3e7b								syn26536465
file				HTA9_3_1st_C382_S3190_R1_001.sort.bam			59613240	1ec6008899a1af974bd13f14af4dcbc2								syn26536470
file				HTA9_3_1st_C40_S2848_R1_001.sort.bam			72608633	c8482756630860bdb5555b0a9ebfd73a								syn26536477
file				HTA9_3_1st_C44_S2852_R1_001.sort.bam			81998586	a6d39ecaf91cada8d37f7d1209e5f90c								syn26536479
file				HTA9_3_1st_C48_S2856_R1_001.sort.bam			14243558	a6ba9acbe3e6cf83a53c1de7a9d9e9a0								syn26536468
file				HTA9_3_1st_C53_S2861_R1_001.sort.bam			16827527	04163b969018f3755930efba6d8eeda0								syn26536472
file				HTA9_3_1st_C55_S2863_R1_001.sort.bam			24228006	8a10259ba6791d69ef5981c694ff71f7								syn26536478
file				HTA9_3_1st_C57_S2865_R1_001.sort.bam			60631640	113f3102bd880e82745d5389beb7e53f								syn26536485
file				HTA9_3_1st_C58_S2866_R1_001.sort.bam			60842477	0b131c2f920fdaef17feae2fdd3fb90e								syn26536486
file				HTA9_3_1st_C5_S2813_R1_001.sort.bam			10054944	fab3f0d4ad50f8a81a2b4300a5ed7177								syn26536480
file				HTA9_3_1st_C60_S2868_R1_001.sort.bam			61855599	4380e11e2dc7c968b00f1a0b79d66c4d								syn26536491
file				HTA9_3_1st_C61_S2869_R1_001.sort.bam			85932875	cf3241b4804a2a1ce34a971563d7a863								syn26536494
file				HTA9_3_1st_C62_S2870_R1_001.sort.bam			72630222	66b0f10acd3d3feaf279a0070af09e8f								syn26536493
file				HTA9_3_1st_C63_S2871_R1_001.sort.bam			71017652	e14ce2a15fdca8830746559460352db8								syn26536497
file				HTA9_3_1st_C66_S2874_R1_001.sort.bam			10626493	d9400a8aef0f1026a7b584377b30e9f7								syn26536487
file				HTA9_3_1st_C67_S2875_R1_001.sort.bam			9423473	a7425643886546b575f7344a70efe577								syn26536492
file				HTA9_3_1st_C70_S2878_R1_001.sort.bam			70198332	4dbc8ead50ee762b55a795d489a4c267								syn26536506
file				HTA9_3_1st_C73_S2881_R1_001.sort.bam			51403246	12c31117153e5a76367f7d1a7678f91c								syn26536503
file				HTA9_3_1st_C77_S2885_R1_001.sort.bam			48060968	5700a0010e1efb4e3a3ad0891974ef7f								syn26536504
file				HTA9_3_1st_C80_S2888_R1_001.sort.bam			15917376	e78c360be5601a5d5f763a351ab85b3e								syn26536500
file				HTA9_3_1st_C82_S2890_R1_001.sort.bam			9671792	3ca20d34ad7b473ca7ab7d61d0ff01fb								syn26536501
file				HTA9_3_1st_C83_S2891_R1_001.sort.bam			12175280	11745fa29e276b7c672a0d0e17a8fd38								syn26536505
file				HTA9_3_1st_C84_S2892_R1_001.sort.bam			11924678	d3ec169c2100009a1470e8009ccef2d9								syn26536508
file				HTA9_3_1st_C89_S2897_R1_001.sort.bam			48667146	1df7ad69e372e0efaa0da7add6b20117								syn26536511
file				HTA9_3_1st_C8_S2816_R1_001.sort.bam			61593648	ee1f3b360227352f212d392e9297b94e								syn26536517
file				HTA9_3_1st_C90_S2898_R1_001.sort.bam			56718257	d16ea72cbaca46650f76dbdb1e6ad6d3								syn26536516
file				HTA9_3_1st_C94_S2902_R1_001.sort.bam			59049907	6fdd3228fa3cbd0b46cc4923c1f04b83								syn26536519
file				HTA9_3_1st_C95_S2903_R1_001.sort.bam			68987891	fb740a30663dc0e7aa381f7f2f6da5e7								syn26536524
file				HTA9_3_1st_C9_S2817_R1_001.sort.bam			49063351	b541906382562576fa474db07ca1a01f								syn26536523
file				HTA9_3_2nd_C113_S881_R1_001.sort.bam			29583895	e7938567663f65383c75849e5fa37aab								syn26536521
file				HTA9_3_2nd_C114_S882_R1_001.sort.bam			62346615	e6219d3bf764e7c8a2081d8ff5a4dc28								syn26536529
file				HTA9_3_2nd_C115_S883_R1_001.sort.bam			54085851	e3a756210c708bc7d0f71634ea933944								syn26536528
file				HTA9_3_2nd_C117_S885_R1_001.sort.bam			48563808	c43259f37f2760d47b6538a55fffd56e								syn26536532
file				HTA9_3_2nd_C170_S938_R1_001.sort.bam			59408762	448f02ef3de28ab19ae103db5f028f8d								syn26536536
file				HTA9_3_2nd_C171_S939_R1_001.sort.bam			44104989	fbca0151cb676867ddb3431254de7db1								syn26536531
file				HTA9_3_2nd_C173_S941_R1_001.sort.bam			46678227	a85461b1eb96657d690306b2489f8cce								syn26536538
file				HTA9_3_2nd_C174_S942_R1_001.sort.bam			57934277	4721e5c9e13174ffaad6fa4ed2741186								syn26536539
file				HTA9_3_2nd_C175_S943_R1_001.sort.bam			45725436	7b62a331e5d0448b76a2b2c313e41ae2								syn26536540
file				HTA9_3_2nd_C178_S946_R1_001.sort.bam			57852544	2f452152b402ceae051de6a224ac516e								syn26536543
file				HTA9_3_2nd_C179_S947_R1_001.sort.bam			62089485	9832ecefe02cfff34651d6d9a30587b4								syn26536545
file				HTA9_3_2nd_C180_S948_R1_001.sort.bam			62344659	4edc0b90204a664fe0d80d432c69f4c7								syn26536549
file				HTA9_3_2nd_C181_S949_R1_001.sort.bam			50103206	9b40d5df3a04f021767602ba3e13f680								syn26536548
file				HTA9_3_2nd_C182_S950_R1_001.sort.bam			32435833	f42c22b96a0556d5db7f12d6afa463c0								syn26536551
file				HTA9_3_2nd_C184_S952_R1_001.sort.bam			49997445	9e400d08d6cbce1c115715eb9e287211								syn26536555
file				HTA9_3_2nd_C189_S957_R1_001.sort.bam			41060913	f29a9b85d3f8b87bc804abe17be1d314								syn26536553
file				HTA9_3_2nd_C18_S786_R1_001.sort.bam			12648922	49bba2aa51ab63a1a8918cca4615bc82								syn26536554
file				HTA9_3_2nd_C191_S959_R1_001.sort.bam			36800313	6b1984798b80035c3a3e33e1a91ce550								syn26536558
file				HTA9_3_2nd_C194_S962_R1_001.sort.bam			44244219	0897ab42f2806ab0cc4e81eda7bbf479								syn26536560
file				HTA9_3_2nd_C195_S963_R1_001.sort.bam			40770954	c520211776bbc4b012e31b05d25d3f76								syn26536562
file				HTA9_3_2nd_C196_S964_R1_001.sort.bam			33989983	4208f6256bd3848f50dc05ea7e2b73b5								syn26536563
file				HTA9_3_2nd_C197_S965_R1_001.sort.bam			38949227	efaa22de49393f9125bc701dc208a89b								syn26536564
file				HTA9_3_2nd_C199_S967_R1_001.sort.bam			50517036	a0e45c3d01a4c09f4141a482c69e5c6e								syn26536570
file				HTA9_3_2nd_C200_S968_R1_001.sort.bam			46615818	aa7780b4c28c77c5eb6cf780585051e5								syn26536571
file				HTA9_3_2nd_C201_S969_R1_001.sort.bam			33705779	a0cf99c30622a5b050f932c1064f6f52								syn26536569
file				HTA9_3_2nd_C202_S970_R1_001.sort.bam			35812529	2b071dc6e405edb40993315eab140275								syn26536572
file				HTA9_3_2nd_C203_S971_R1_001.sort.bam			42963976	d5f8127cbfb075ebd0679232fad3a904								syn26536573
file				HTA9_3_2nd_C204_S972_R1_001.sort.bam			33886944	4eb260555781c2b2f02c251499d31f1e								syn26536578
file				HTA9_3_2nd_C205_S973_R1_001.sort.bam			40068688	910566dffbc86b182467be814d94da85								syn26536577
file				HTA9_3_2nd_C206_S974_R1_001.sort.bam			34146963	328f82c0c238cf8bb1691225960b280b								syn26536580
file				HTA9_3_2nd_C207_S975_R1_001.sort.bam			50966890	f217cbe3e3c0cd267cd0f763e0102cf0								syn26536584
file				HTA9_3_2nd_C208_S976_R1_001.sort.bam			28602524	b021a23643b4e2edda1b8a4abcb6fec7								syn26536579
file				HTA9_3_2nd_C209_S977_R1_001.sort.bam			36266567	19877ef10fc76f99f66353372af204c3								syn26536585
file				HTA9_3_2nd_C210_S978_R1_001.sort.bam			46727741	98b777f7ba4e5d2432838d7a8aeef8ee								syn26536586
file				HTA9_3_2nd_C211_S979_R1_001.sort.bam			48187214	30db2392db8ad28e3fc888bc4ae9a33b								syn26536589
file				HTA9_3_2nd_C212_S980_R1_001.sort.bam			33617749	d91725bd9f1e543a994f3d2cc27ba0a7								syn26536588
file				HTA9_3_2nd_C214_S982_R1_001.sort.bam			44522516	fedc548a3cc3fed643c703cae4e4dd73								syn26536592
file				HTA9_3_2nd_C21_S789_R1_001.sort.bam			65059705	8ab1e648e117b9e212ccba4609101ad0								syn26536598
file				HTA9_3_2nd_C315_S1083_R1_001.sort.bam			33200830	7fc230105fc80c36bea3782f3e9e094e								syn26536595
file				HTA9_3_2nd_C317_S1085_R1_001.sort.bam			27099426	886b0e90ec0157bb704f47aa43b1063e								syn26536594
file				HTA9_3_2nd_C318_S1086_R1_001.sort.bam			32687654	4de343ab863ff21f80ef6ae3c92a20c4								syn26536596
file				HTA9_3_2nd_C321_S1089_R1_001.sort.bam			36648899	161cfb577bfa8ca585fd8f79b59eb757								syn26536602
file				HTA9_3_2nd_C322_S1090_R1_001.sort.bam			35713243	50c3f6d40269ed5af0995afa147ce40a								syn26536603
file				HTA9_3_2nd_C323_S1091_R1_001.sort.bam			40715808	55b7529adcd07af46ef58c9c4b5e6a7e								syn26536606
file				HTA9_3_2nd_C324_S1092_R1_001.sort.bam			33312420	4040ebc056c7c666f526671e270bd4d4								syn26536604
file				HTA9_3_2nd_C326_S1094_R1_001.sort.bam			35789222	e2991c15fd8e38a4ce3292e89c878ee2								syn26536605
file				HTA9_3_2nd_C329_S1097_R1_001.sort.bam			56697281	0363df871ae8eb20dd70830b934f4d6b								syn26536612
file				HTA9_3_2nd_C330_S1098_R1_001.sort.bam			67016860	a3d73060d65d293698c1bc2d407e25a3								syn26536613
file				HTA9_3_2nd_C333_S1101_R1_001.sort.bam			36092188	1cd6f3823f6222856e89c32dc4ab674b								syn26536611
file				HTA9_3_2nd_C336_S1104_R1_001.sort.bam			28442564	222d63428646c1e93d8e44fc87a0ca4b								syn26536608
file				HTA9_3_2nd_C338_S1106_R1_001.sort.bam			61990933	df9b7521ce89981afa5f28c8ef19fe63								syn26536618
file				HTA9_3_2nd_C339_S1107_R1_001.sort.bam			96981269	283bab089c1510b28da659da2e014e9d								syn26536622
file				HTA9_3_2nd_C340_S1108_R1_001.sort.bam			45451534	c541f9eed5817595ef4a778ba1f1f2cc								syn26536620
file				HTA9_3_2nd_C342_S1110_R1_001.sort.bam			61970805	95c21350d74f6dee3ca307607c7048a5								syn26536621
file				HTA9_3_2nd_C343_S1111_R1_001.sort.bam			12178638	9df0ce2455dd25ce5b1244e08a4ff1e4								syn26536616
file				HTA9_3_2nd_C344_S1112_R1_001.sort.bam			12657104	f58ceb2ced73b9aa76b5c7e0fe05acdc								syn26536619
file				HTA9_3_2nd_C345_S1113_R1_001.sort.bam			51284164	ae37f96a2ac39dbcc9ad202026b5a341								syn26536625
file				HTA9_3_2nd_C346_S1114_R1_001.sort.bam			54026396	02bc51df222a3d8c99d1dddc6f69e9b4								syn26536628
file				HTA9_3_2nd_C350_S1118_R1_001.sort.bam			44410351	24be44a47a77412d9b274d70eb2f46c8								syn26536630
file				HTA9_3_2nd_C352_S1120_R1_001.sort.bam			41373096	2f82647753a485ef8d12b2b33923db64								syn26536632
file				HTA9_3_2nd_C353_S1121_R1_001.sort.bam			60278413	3873ff63aff14f860279ed21f78e423a								syn26536639
file				HTA9_3_2nd_C355_S1123_R1_001.sort.bam			65986557	0aa1c0680408ddfa836a18ca77f24576								syn26536643
file				HTA9_3_2nd_C356_S1124_R1_001.sort.bam			41786991	e471fabed7b6aa23cdead87ff961fceb								syn26536641
file				HTA9_3_2nd_C359_S1127_R1_001.sort.bam			22820997	615de2c24b1c0131865c560e462c92f9								syn26536635
file				HTA9_3_2nd_C35_S803_R1_001.sort.bam			48467307	5b8e4b4559462ce3e2043eda3311ad47								syn26536637
file				HTA9_3_2nd_C360_S1128_R1_001.sort.bam			15365484	30c3d588ad7c3e6538016aff539eb485								syn26536640
file				HTA9_3_2nd_C361_S1129_R1_001.sort.bam			52510461	b520ebbce1d02b04e6fdef84ed6c119a								syn26536649
file				HTA9_3_2nd_C362_S1130_R1_001.sort.bam			44851817	573bd0c0cc6102fa5ae622190f86b2f3								syn26536647
file				HTA9_3_2nd_C364_S1132_R1_001.sort.bam			53900581	ba4d2e33a38b6c958f6fb3ba32919925								syn26536648
file				HTA9_3_2nd_C366_S1134_R1_001.sort.bam			51481046	ee5f8409a28586f5a9ea27dd4e5bc6ff								syn26536650
file				HTA9_3_2nd_C367_S1135_R1_001.sort.bam			48607463	f299e1ee83a821e9d85fa525db072f87								syn26536646
file				HTA9_3_2nd_C369_S1137_R1_001.sort.bam			56310423	196864513759a64fed5e8ee640ae7140								syn26536656
file				HTA9_3_2nd_C36_S804_R1_001.sort.bam			51675932	c7f021e25cddf1714cbc80dd836c5378								syn26536655
file				HTA9_3_2nd_C370_S1138_R1_001.sort.bam			66815035	e125f10bb12250e72e844323a34114d4								syn26536654
file				HTA9_3_2nd_C371_S1139_R1_001.sort.bam			78032451	06e986b927b9b8215d938462be2b12d7								syn26536660
file				HTA9_3_2nd_C372_S1140_R1_001.sort.bam			38667628	eea6a69999b953c19ceef7ec3e7483e8								syn26536653
file				HTA9_3_2nd_C373_S1141_R1_001.sort.bam			42540388	1d704851c924dfc3a8a06838e55a5c56								syn26536662
file				HTA9_3_2nd_C374_S1142_R1_001.sort.bam			29923236	1e33295980d8ecbb74755a514e763889								syn26536658
file				HTA9_3_2nd_C37_S805_R1_001.sort.bam			63821356	7d0dceb5c9da866e9661b0bb15626a84								syn26536666
file				HTA9_3_2nd_C380_S1148_R1_001.sort.bam			56809213	e8d176a7645ad2adb037d1a84c255a5d								syn26536665
file				HTA9_3_2nd_C381_S1149_R1_001.sort.bam			51246857	e56d34928846d5cd44ee527006d07d35								syn26536670
file				HTA9_3_2nd_C382_S1150_R1_001.sort.bam			53045519	a954b01f9e6110e24d1674bdf5329426								syn26536673
file				HTA9_3_2nd_C384_S1152_R1_001.sort.bam			28896619	ab4d855028c96ed2ad8c6adc98cdcda7								syn26536669
file				HTA9_3_2nd_C385_S1153_R1_001.sort.bam			61420158	74004e3f4ca937edaa17154128488275								syn26536678
file				HTA9_3_2nd_C387_S1155_R1_001.sort.bam			64213858	4e9e40ef3f0b4a0b69c213d82cf17290								syn26536682
file				HTA9_3_2nd_C388_S1156_R1_001.sort.bam			35735621	93c995fd14f646629ba4da5fa6a19fb2								syn26536677
file				HTA9_3_2nd_C390_S1158_R1_001.sort.bam			15187891	9fe1803a75d7147781538b56d1967395								syn26536674
file				HTA9_3_2nd_C391_S1159_R1_001.sort.bam			11033466	4593e8ad7b7990bd2d4a274accb8abd8								syn26536675
file				HTA9_3_2nd_C392_S1160_R1_001.sort.bam			9060650	1b19877abc2e300f34b1e192b9098a86								syn26536676
file				HTA9_3_2nd_C393_S1161_R1_001.sort.bam			24144025	9ac1977800e819ef2e6fe84b2073e350								syn26536683
file				HTA9_3_2nd_C394_S1162_R1_001.sort.bam			54028737	885b9a52cbffaf46d38c559f51b2db16								syn26536689
file				HTA9_3_2nd_C395_S1163_R1_001.sort.bam			52484949	ad10830ae04fbe290b9cf8d30e52999e								syn26536691
file				HTA9_3_2nd_C396_S1164_R1_001.sort.bam			50207582	36ff8e1d986a891c744f2135ddabd9e1								syn26536686
file				HTA9_3_2nd_C397_S1165_R1_001.sort.bam			46271090	29e8fd48d68543eb3d79cee4d0f2d771								syn26536690
file				HTA9_3_2nd_C398_S1166_R1_001.sort.bam			55005727	a24afbf5fbd2453d561927fed68e9be7								syn26536696
file				HTA9_3_2nd_C399_S1167_R1_001.sort.bam			65129762	3f28ce749c3e6d1970918110b34b1cba								syn26536701
file				HTA9_3_2nd_C3_S771_R1_001.sort.bam			23362063	30f9a15ae1fcc9dc325279e7cb9607ac								syn26536694
file				HTA9_3_2nd_C400_S1168_R1_001.sort.bam			34893470	d8e17bebdbcf4a35bd2ce1d1236b6a8a								syn26536699
file				HTA9_3_2nd_C402_S1170_R1_001.sort.bam			57901553	cdeca37150dd708a08039c4daa412aae								syn26536702
file				HTA9_3_2nd_C403_S1171_R1_001.sort.bam			88387878	16c06683006e045601fbbac3665d07d8								syn26536711
file				HTA9_3_2nd_C404_S1172_R1_001.sort.bam			53433043	d746bb24a75e53f0e244e2aedf098b53								syn26536707
file				HTA9_3_2nd_C405_S1173_R1_001.sort.bam			55369804	344b54c380a83ce2b026085faaa5d41d								syn26536709
file				HTA9_3_2nd_C406_S1174_R1_001.sort.bam			14520571	7ea0c58acb9025d1ad39e2b7e1d78038								syn26536704
file				HTA9_3_2nd_C407_S1175_R1_001.sort.bam			9540649	6e985f05b0701efce32cf2d2fdf69e5f								syn26536705
file				HTA9_3_2nd_C408_S1176_R1_001.sort.bam			6366453	1517e85e095417c978031e7ab365c710								syn26536706
file				HTA9_3_2nd_C409_S1177_R1_001.sort.bam			56829405	08140070d69297203db00acdd2ccf885								syn26536718
file				HTA9_3_2nd_C410_S1178_R1_001.sort.bam			39164040	034bc5bb46e317998d4a5aa4dc173876								syn26536714
file				HTA9_3_2nd_C411_S1179_R1_001.sort.bam			38457353	94df496a543322e0006ee87f2262fb89								syn26536717
file				HTA9_3_2nd_C412_S1180_R1_001.sort.bam			48574312	fb80091a502499d866a1fba7f861408a								syn26536722
file				HTA9_3_2nd_C414_S1182_R1_001.sort.bam			45240978	b60583fd81298390e4c9c1d7529a018c								syn26536724
file				HTA9_3_2nd_C417_S1185_R1_001.sort.bam			56318750	e36070215ca2e6937e4cbfe9185b4752								syn26536727
file				HTA9_3_2nd_C420_S1188_R1_001.sort.bam			50002898	01e3f31f8ad73d4705fb8fa3f0b578ff								syn26536730
file				HTA9_3_2nd_C421_S1189_R1_001.sort.bam			51881437	ec297673dddebb74dd32652da93664a0								syn26536729
file				HTA9_3_2nd_C425_S1193_R1_001.sort.bam			44395667	6621c19972aa7de5cef76f32dfc9c34d								syn26536734
file				HTA9_3_2nd_C426_S1194_R1_001.sort.bam			39895584	623a5f4397eeb0522a5bda86dec0e738								syn26536735
file				HTA9_3_2nd_C427_S1195_R1_001.sort.bam			45767682	647fe9d3761c08e6144fe2a51d5fb77f								syn26536736
file				HTA9_3_2nd_C430_S1198_R1_001.sort.bam			53204016	87608fd4ad769967b8311ee074db486b								syn26536738
file				HTA9_3_2nd_C431_S1199_R1_001.sort.bam			39984057	a697edf2d1244d175ac63e0b0170a7e2								syn26536737
file				HTA9_3_2nd_C432_S1200_R1_001.sort.bam			37081236	029627ce2236b3979943ff322722070f								syn26536740
file				HTA9_3_2nd_C434_S1202_R1_001.sort.bam			63508453	2d54fedec68dc3e0942d498513bee3f0								syn26536746
file				HTA9_3_2nd_C435_S1203_R1_001.sort.bam			96161294	074ad068dd429f0b3b182601aeff8d83								syn26536754
file				HTA9_3_2nd_C438_S1206_R1_001.sort.bam			50273126	3f5625a2dfb368ecaa08ae4cca103cc6								syn26536744
file				HTA9_3_2nd_C439_S1207_R1_001.sort.bam			12970343	710b458ff5c6737534b971a97dd0db07								syn26536742
file				HTA9_3_2nd_C441_S1209_R1_001.sort.bam			48774653	01819f9036c15b9727c3435ba414acea								syn26536751
file				HTA9_3_2nd_C442_S1210_R1_001.sort.bam			48950374	7d98104ec31e1800b5f822a89f474b75								syn26536752
file				HTA9_3_2nd_C443_S1211_R1_001.sort.bam			43601868	4379f713ccf542784fc46980c7a9315e								syn26536756
file				HTA9_3_2nd_C444_S1212_R1_001.sort.bam			42646881	836dfc90b88c010c51d739b4119fdb9b								syn26536755
file				HTA9_3_2nd_C445_S1213_R1_001.sort.bam			30869041	d3a2aaf88a2f406bc35185abc7dd07bf								syn26536750
file				HTA9_3_2nd_C446_S1214_R1_001.sort.bam			55647483	9c98e1917608f43c73a642534d350a53								syn26536763
file				HTA9_3_2nd_C447_S1215_R1_001.sort.bam			36140947	beb621dfe74d3c8fd94e35fe96f3a0b7								syn26536760
file				HTA9_3_2nd_C448_S1216_R1_001.sort.bam			26736827	f5011c979189d7b582fb71c2546cdce7								syn26536757
file				HTA9_3_2nd_C449_S1217_R1_001.sort.bam			45296748	b4b2cf41d6d2fa0433ba48957d86cb2c								syn26536762
file				HTA9_3_2nd_C451_S1219_R1_001.sort.bam			51168918	dcaf0c2921bc59407a8042aa68e36c13								syn26536765
file				HTA9_3_2nd_C452_S1220_R1_001.sort.bam			56583232	6636aeb30cf48dff89c0bbb2c2fc87e4								syn26536768
file				HTA9_3_2nd_C454_S1222_R1_001.sort.bam			14508258	1d93d0779f3907dae7a995f02a5b809f								syn26536764
file				HTA9_3_2nd_C457_S1225_R1_001.sort.bam			38389730	fb0adadb884fe5b698ed6bd5d9f712ca								syn26536767
file				HTA9_3_2nd_C458_S1226_R1_001.sort.bam			58723471	cacc639492a70551c55ca611890b5159								syn26536770
file				HTA9_3_2nd_C459_S1227_R1_001.sort.bam			48176063	966ddc066fcbdf6c2aaed8d1cfebbcaa								syn26536769
file				HTA9_3_2nd_C460_S1228_R1_001.sort.bam			60345452	77e54fdd073b7a7f5633d6963714bb62								syn26536771
file				HTA9_3_2nd_C462_S1230_R1_001.sort.bam			59094651	e8b22278e20fc558af526f8b4c99c08e								syn26536773
file				HTA9_3_2nd_C463_S1231_R1_001.sort.bam			45082647	69967cadfea6bb63de8d95e2dea0f8ec								syn26536772
file				HTA9_3_2nd_C464_S1232_R1_001.sort.bam			42368123	700cca604b24a20d3d9d29c287b36512								syn26536775
file				HTA9_3_2nd_C465_S1233_R1_001.sort.bam			56978996	a8671033bfaefa460fd8d46eb7662803								syn26536777
file				HTA9_3_2nd_C466_S1234_R1_001.sort.bam			41290175	7f2feffc94d140552401752efa35e39f								syn26536774
file				HTA9_3_2nd_C467_S1235_R1_001.sort.bam			111807279	e136a13caa53a127d929cb630fdb4f02								syn26536791
file				HTA9_3_2nd_C473_S1241_R1_001.sort.bam			38441702	df285124cefc0945c283996d7826f8b0								syn26536778
file				HTA9_3_2nd_C474_S1242_R1_001.sort.bam			41593231	a5f5a82b5ca3d62917d035ff8f2c95a5								syn26536782
file				HTA9_3_2nd_C475_S1243_R1_001.sort.bam			38339976	936efdde157194fdd44a8709c910f7b2								syn26536781
file				HTA9_3_2nd_C476_S1244_R1_001.sort.bam			44656005	b2ec3645f0b6bebf566e8719d13cd9e4								syn26536784
file				HTA9_3_2nd_C477_S1245_R1_001.sort.bam			44945217	0b28e587b330d90a169b716520faca2f								syn26536788
file				HTA9_3_2nd_C478_S1246_R1_001.sort.bam			48691935	996f604a294338d0154b1b9d6f5439c3								syn26536792
file				HTA9_3_2nd_C479_S1247_R1_001.sort.bam			56070154	b71fe0770c215c6d0574f99774ef8bde								syn26536795
file				HTA9_3_2nd_C480_S1248_R1_001.sort.bam			37996828	75edce59140b0e1bd7ec159a1891b32c								syn26536793
file				HTA9_3_2nd_C481_S1249_R1_001.sort.bam			39983127	168071b41d8c9d9b0073f8e62f053d11								syn26536797
file				HTA9_3_2nd_C484_S1252_R1_001.sort.bam			28932112	5d040eeeb64db71a0919642a3f6464e0								syn26536798
file				HTA9_3_2nd_C491_S1259_R1_001.sort.bam			51707512	c5718ec8cc11af92eb367cb7162124f6								syn26536802
file				HTA9_3_2nd_C493_S1261_R1_001.sort.bam			44219886	85b708cb0260f87852e9a7cd917e4002								syn26536805
file				HTA9_3_2nd_C495_S1263_R1_001.sort.bam			57531081	cca5a875f80d922c5bb8fe272b25a951								syn26536806
file				HTA9_3_2nd_C496_S1264_R1_001.sort.bam			28443340	d1020256d19daf461787d19e0879205a								syn26536809
file				HTA9_3_2nd_C498_S1266_R1_001.sort.bam			52322745	085089e8f575c37f57d983a2a3d0a8fb								syn26536808
file				HTA9_3_2nd_C499_S1267_R1_001.sort.bam			31113690	d0c886cbb760012c338b18428be1f30c								syn26536813
file				HTA9_3_2nd_C50_S818_R1_001.sort.bam			24900146	3f16a741ac37045d3fb9d9f27d95ba21								syn26536812
file				HTA9_3_2nd_C51_S819_R1_001.sort.bam			72168869	0c98f55611011df5c6c75e010c302c9d								syn26536816
file				HTA9_3_2nd_C52_S820_R1_001.sort.bam			62454646	52bc26efd78bb2b2a19be1c69c95169c								syn26536815
file				HTA9_3_2nd_C53_S821_R1_001.sort.bam			36616727	f13bde31d2225f83497e65869de18f28								syn26536818
file				HTA9_3_2nd_C5_S773_R1_001.sort.bam			63991372	e8074a51bf1341796c81274df1b9b5ce								syn26536820
file				HTA9_3_2nd_C65_S833_R1_001.sort.bam			17525220	ec6be9a02a2e2fae878d6ff79437e745								syn26536817
file				HTA9_3_2nd_C66_S834_R1_001.sort.bam			53235643	860e1f6e429db392ac6310fcaf1d340b								syn26536824
file				HTA9_3_2nd_C67_S835_R1_001.sort.bam			63935014	4f15f4cfca6f04fe510abc4dfd96f000								syn26536827
file				HTA9_3_2nd_C68_S836_R1_001.sort.bam			42106801	394515afc10542d6204d84b6eb24e127								syn26536821
file				HTA9_3_2nd_C69_S837_R1_001.sort.bam			52824289	ca15173965a3e809b9b32ba8a8fee8a5								syn26536826
file				HTA9_3_2nd_C97_S865_R1_001.sort.bam			19426451	d13ddaf4432869e794bea88fb4dfed08								syn26536822
file				HTA9_3_2nd_C99_S867_R1_001.sort.bam			54318176	0c0773ddd86b62a1205a390e136df163								syn26536828