type	study.study_id	sample.sample_id	file_name	file_type	file_size	md5sum	experimental_strategy_and_data_subtypes	entityid	file_description	file_url_in_cds	submission_version	checksum_value	checksum_algorithm	crdc_id	file_mapping_level	release_datetime	is_supplementary_file
file	phs002371_HTAN	HTA11_999999003_1	S003.ome.tif	OME-TIFF	55847611	245201091a4243d6f4a84a9bf27da488	Pathological	syn68383000									
file	phs002371_HTAN	HTA11_999999012_1	S012.ome.tif	OME-TIFF	203758657	1586ee501680cd79dbeb3ec6d1aec8e0	Pathological	syn68383004									
file	phs002371_HTAN	HTA11_999999026_1	S026.ome.tif	OME-TIFF	195768720	a5d253c374c4e183eb0c6b0c0d58fa1b	Pathological	syn68383006									
file	phs002371_HTAN	HTA11_999999040_1	S040.ome.tif	OME-TIFF	182683961	0339494078a65937092b453a9b21d71b	Pathological	syn68383007									
file	phs002371_HTAN	HTA11_999999043_1	S043.ome.tif	OME-TIFF	339505790	b842e80168a403ca7ccfa19ec0efa962	Pathological	syn68383008									
file	phs002371_HTAN	HTA11_999999053_1	S053.ome.tif	OME-TIFF	72927173	a9ef0c25a1255b91cc6dc2ef579b874f	Pathological	syn68383009									
file	phs002371_HTAN	HTA11_999999058_1	S058.ome.tif	OME-TIFF	480153459	d9dc48c3864888a097e91d2412a8498e	Pathological	syn68383011									
file	phs002371_HTAN	HTA11_999999060_1	S060.ome.tif	OME-TIFF	264401148	071ca4fc4ceb7e11b080660f98577255	Pathological	syn68383013									
file	phs002371_HTAN	HTA11_999999062_1	S062.ome.tif	OME-TIFF	363677457	a00da7a4b1478406bf40b7e96577c9ed	Pathological	syn68383014									
file	phs002371_HTAN	HTA11_999999074_1	S074.ome.tif	OME-TIFF	188580688	a3248ef6709c9bce7b69cc9de1d80ed6	Pathological	syn68383016									
file	phs002371_HTAN	HTA11_999999078_1	S078.ome.tif	OME-TIFF	649985159	fdbb8f8b9b66a4abec0552beae9f93c5	Pathological	syn68383019									
file	phs002371_HTAN	HTA11_999999091_1	S091.ome.tif	OME-TIFF	124123888	4b464513d4b27e5d66b0da48d191da58	Pathological	syn68383021									
file	phs002371_HTAN	HTA11_999999094_1	S094.ome.tif	OME-TIFF	465513303	6e1592a15f84b0bd8ca664c9e3dc1f18	Pathological	syn68383022									
file	phs002371_HTAN	HTA11_999999096_1	S096.ome.tif	OME-TIFF	109418095	f8fbd87491b4d870469e9444c22807a3	Pathological	syn68383023									
file	phs002371_HTAN	HTA11_999999099_1	S099.ome.tif	OME-TIFF	63450327	62e5df959b4df766cb32a74aa9996526	Pathological	syn68383024									
file	phs002371_HTAN	HTA11_999999100_1	S100.ome.tif	OME-TIFF	314358910	f196ed5b8fca09947e8eb1eebbc26168	Pathological	syn68383025									
file	phs002371_HTAN	HTA11_999999106_1	S106.ome.tif	OME-TIFF	179192238	6d5071dfe37e4c24cd29044af17029b2	Pathological	syn68383027									
file	phs002371_HTAN	HTA11_999999109_1	S109.ome.tif	OME-TIFF	150285151	174ef9f0da2033fa800bca460a9a44a1	Pathological	syn68383030									
file	phs002371_HTAN	HTA11_999999118_1	S118.ome.tif	OME-TIFF	183179402	67f82f16b905f3d7c2263f060c0d0d55	Pathological	syn68383031									
file	phs002371_HTAN	HTA11_999999125_1	S125.ome.tif	OME-TIFF	255893562	8a7f8d4954996c8650c6d3b6082a8c2c	Pathological	syn68383032									
file	phs002371_HTAN	HTA9_12_24	303653.ome.tif	OME-TIFF	91624189	2cca9bdcf883ea391b50e886d8f6cb46	Pathological	syn66271740									
file	phs002371_HTAN	HTA9_12_24	303653_ROI01.ome.tif	OME-TIFF	30944871	e514fd4f025c5ac00e3d7b771ecd1033	Pathological	syn66271741									
file	phs002371_HTAN	HTA9_12_24	303653_ROI02.ome.tif	OME-TIFF	6708722	23f4e549b93205e2831ba7959a8d9e00	Pathological	syn66271742									
file	phs002371_HTAN	HTA9_12_24	303653_ROI03.ome.tif	OME-TIFF	15065406	19909c14c5bed60a4b10ab069f7bc4fb	Pathological	syn66271744									
file	phs002371_HTAN	HTA9_12_24	303653_ROI04.ome.tif	OME-TIFF	12297679	49eb87f5aafba60b120911d1f6b7ccf8	Pathological	syn66271745									
file	phs002371_HTAN	HTA9_30_25	348095.ome.tif	OME-TIFF	197899497	0a4190ebfa5c2dad1ba10f4808bf3e72	Pathological	syn66271746									
file	phs002371_HTAN	HTA9_30_26	348103.ome.tif	OME-TIFF	84893947	bdf20a327ff62426e3074e96d3e9e507	Pathological	syn66271749									
file	phs002371_HTAN	HTA9_11_53	348111.ome.tif	OME-TIFF	200677448	15a9c962b778b9045783355e2d0bb969	Pathological	syn66271751									
file	phs002371_HTAN	HTA9_34_27	348143.ome.tif	OME-TIFF	39374265	4b8d2d1b7404d0697db2dc039202a7b5	Pathological	syn68516728									
file	phs002371_HTAN	HTA9_34_27	348143_ROI01.ome.tif	OME-TIFF	14509414	2cdd118dc29b2b9fcef76be8fb710552	Pathological	syn68516746									
file	phs002371_HTAN	HTA9_27_65	357628.ome.tif	OME-TIFF	209820387	3757f09a886c3db3e78ef71dcac6a328	Pathological	syn66271756									
file	phs002371_HTAN	HTA9_34_28	357640.ome.tif	OME-TIFF	118177787	7519896759bdedf139eb9104be49aa03	Pathological	syn68516772									
file	phs002371_HTAN	HTA9_34_28	357640_ROI01.ome.tif	OME-TIFF	18903883	8be3dbd084ecc04be57fdafddd380fbf	Pathological	syn68516773									
file	phs002371_HTAN	HTA9_34_28	357640_ROI02.ome.tif	OME-TIFF	43491576	f11f7a205e84ecd46e157f47d6cd808e	Pathological	syn68516774									
file	phs002371_HTAN	HTA9_25_58	357645.ome.tif	OME-TIFF	175646426	f905ff235485e51803836c84ce1bcb44	Pathological	syn66271767									
file	phs002371_HTAN	HTA9_12_75	357648.ome.tif	OME-TIFF	377059511	eab595fc21b8159bf3f4ae39e2b6179b	Pathological	syn66271775									
file	phs002371_HTAN	HTA9_25_59	357651.ome.tif	OME-TIFF	316647137	8808a76b05d1bda2c6c4ac1f8e9576d3	Pathological	syn66271781									
file	phs002371_HTAN	HTA9_26_55	357654.ome.tif	OME-TIFF	153809888	2a3039c93ae5eec2d02c8e696c313519	Pathological	syn66271787									
file	phs002371_HTAN	HTA9_26_54	357663.ome.tif	OME-TIFF	191963998	4728705a55291f3053f106adbbe903e6	Pathological	syn66271790									
file	phs002371_HTAN	HTA9_8_55	357670.ome.tif	OME-TIFF	218751074	0f4562a05d188954d3720efd12f69c03	Pathological	syn66271793									
file	phs002371_HTAN	HTA9_11_54	357671.ome.tif	OME-TIFF	86414518	24ae79391bfeb7cf69f57f972590a3ba	Pathological	syn66271796									
file	phs002371_HTAN	HTA9_27_64	376291.ome.tif	OME-TIFF	55012444	b6720cf8f0924b217bd6295479b113a6	Pathological	syn66271798									
file	phs002371_HTAN	HTA9_16_73	385528.ome.tif	OME-TIFF	234941716	8faaecf5bc0a48aed135dc3b8ff4ac5b	Pathological	syn66271802									
file	phs002371_HTAN	HTA9_16_74	385529.ome.tif	OME-TIFF	97137343	0cddcebd22dddcc8bca4c705c1209dcf	Pathological	syn66271829									
file	phs002371_HTAN	HTA9_14_73	424812.ome.tif	OME-TIFF	737632881	55f43ed4639d15da133b819306500eaf	Pathological	syn68516792									
file	phs002371_HTAN	HTA9_14_73	424812_ROI01.ome.tif	OME-TIFF	28366654	7785e5a478a4114263d6a51ae14bfa8a	Pathological	syn68516788									
file	phs002371_HTAN	HTA9_14_73	424812_ROI02.ome.tif	OME-TIFF	34479347	15d6a6ad9d92686fe492d2901c7f7130	Pathological	syn68516789									
file	phs002371_HTAN	HTA9_14_73	424812_ROI03.ome.tif	OME-TIFF	36891464	714ee40bedcb7ad251da7f59f8fb753f	Pathological	syn68516790									
file	phs002371_HTAN	HTA9_14_73	424812_ROI04.ome.tif	OME-TIFF	38229410	f966e62510574706676d0be57fe8a586	Pathological	syn68516793									
file	phs002371_HTAN	HTA9_8_56	433519.ome.tif	OME-TIFF	174316868	e1173906466c928086ec1ce1fa031b61	Pathological	syn66271834									
file	phs002371_HTAN	HTA9_10_59	433523.ome.tif	OME-TIFF	335678739	859544c25e4ca80d1ba6e65154147981	Pathological	syn66271846									
file	phs002371_HTAN	HTA9_7_74	433653.ome.tif	OME-TIFF	170284374	942e0f35f382e09f9e66425778610928	Pathological	syn66271865									
file	phs002371_HTAN	HTA9_15_91	433693.ome.tif	OME-TIFF	214948990	eecec2431eb6bafcf688100bb9799c29	Pathological	syn68516794									
file	phs002371_HTAN	HTA9_15_91	433693_ROI01.ome.tif	OME-TIFF	44872371	823f048b2fe4a9a90be23b2f8684126e	Pathological	syn68516797									
file	phs002371_HTAN	HTA9_15_91	433693_ROI02.ome.tif	OME-TIFF	61332599	635ff39466ec404d1a99f8ba913879b5	Pathological	syn68516799									
file	phs002371_HTAN	HTA9_15_91	433693_ROI03.ome.tif	OME-TIFF	24372331	19e1ec5b76bbd5bf24a76a4d391055a8	Pathological	syn68516800									
file	phs002371_HTAN	HTA9_15_91	433693_ROI04.ome.tif	OME-TIFF	47882358	bb8a9e4fb21bcd2cf814d0c938bf140c	Pathological	syn68516801									
file	phs002371_HTAN	HTA9_15_91	433693_ROI05.ome.tif	OME-TIFF	58491162	fd31995e5b49901bfdfe8c590b72ec8c	Pathological	syn68516802									
file	phs002371_HTAN	HTA9_14_91	434973.ome.tif	OME-TIFF	1063252153	e2d6697ab5cc9e09ba214330df10d2a4	Pathological	syn66271872									
file	phs002371_HTAN	HTA9_17_70	434976.ome.tif	OME-TIFF	380435601	2a92c2f2a9ddb96f553858a846815097	Pathological	syn66271876									
file	phs002371_HTAN	HTA9_17_71	434979.ome.tif	OME-TIFF	517333550	26185ce17154a78a8dc982d34bde3105	Pathological	syn66271885									
file	phs002371_HTAN	HTA9_1_164	434983.ome.tif	OME-TIFF	96528990	22b8d8a681202f5ac0388c7846823c2d	Pathological	syn68516803									
file	phs002371_HTAN	HTA9_1_164	434983_ROI01.ome.tif	OME-TIFF	57638103	d374f1fb0485987661bc82f92b7ca1ad	Pathological	syn68516804									
file	phs002371_HTAN	HTA9_1_164	434983_ROI02.ome.tif	OME-TIFF	55268837	51ed7136fabb6e7e201aef9f31a04b18	Pathological	syn68516805									
file	phs002371_HTAN	HTA9_14_90	438093.ome.tif	OME-TIFF	295055950	66a2b5756903fa4c05f325c961b7fc0d	Pathological	syn66271897									
file	phs002371_HTAN	HTA9_10_58	438858.ome.tif	OME-TIFF	57091682	5f98509790bf9a1f537995e306d2340c	Pathological	syn66271904									
file	phs002371_HTAN	HTA9_23_14	445029.ome.tif	OME-TIFF	1614805101	5dd1a4b9fe6043e6b47d03b6fa7f7232	Pathological	syn66271910									
file	phs002371_HTAN	HTA9_24_9	445037.ome.tif	OME-TIFF	392870498	ff74e7990a81876b12ade58797aa3cee	Pathological	syn66271915									
file	phs002371_HTAN	HTA9_24_9	445037_ROI01.ome.tif	OME-TIFF	32561602	c98054fbab31ba9abf9d455d3b5ac0e1	Pathological	syn66271916									
file	phs002371_HTAN	HTA9_24_9	445037_ROI02.ome.tif	OME-TIFF	51043536	29dd38ca7980baf52b185395cd30e4f5	Pathological	syn66271918									
file	phs002371_HTAN	HTA9_24_9	445037_ROI03.ome.tif	OME-TIFF	28584019	8f349bca882b3a8e9af03687ff7cabc0	Pathological	syn66271919									
file	phs002371_HTAN	HTA9_24_9	445037_ROI04.ome.tif	OME-TIFF	25275305	d77c81988ef5ff9fa7c7b0bd3b6ae86f	Pathological	syn66271921									
file	phs002371_HTAN	HTA9_24_9	445037_ROI05.ome.tif	OME-TIFF	38890531	0d3d92b2b7d044f3bf5a93a8f5b9da71	Pathological	syn66271922									
file	phs002371_HTAN	HTA9_24_9	445037_ROI06.ome.tif	OME-TIFF	26397337	c8d155b4aba916f76d48e51c6d97886e	Pathological	syn66271924									
file	phs002371_HTAN	HTA9_24_17	445045.ome.tif	OME-TIFF	314924471	c56d1cd0be67598867787db38eaf1648	Pathological	syn66271926									
file	phs002371_HTAN	HTA9_24_17	445045_ROI01.ome.tif	OME-TIFF	44771290	12043f18e7a7cf2ff7a5dcb3ea80a853	Pathological	syn66271927									
file	phs002371_HTAN	HTA9_24_17	445045_ROI02.ome.tif	OME-TIFF	28758350	367c15f0b7cadd3c2e4c0b18534f42b8	Pathological	syn66271928									
file	phs002371_HTAN	HTA9_24_17	445045_ROI03.ome.tif	OME-TIFF	33497089	e7dd0b786d1f3c9fdaf33e8c944c1413	Pathological	syn66271929									
file	phs002371_HTAN	HTA9_24_17	445045_ROI04.ome.tif	OME-TIFF	23871649	b4adee48885e0c93a759a7647d1582ab	Pathological	syn66271930									
file	phs002371_HTAN	HTA9_25_6	445053.ome.tif	OME-TIFF	708628847	7213cf6bebb7b9d1a9e26cc42b3d5aa4	Pathological	syn68516809									
file	phs002371_HTAN	HTA9_25_14	445061.ome.tif	OME-TIFF	332193504	5839cd74b764456f4f29012fad53fee3	Pathological	syn68516810									
file	phs002371_HTAN	HTA9_26_6	445069.ome.tif	OME-TIFF	432813882	814dc93e9d8f4a6e9be7904ef0e5a294	Pathological	syn68516829									
file	phs002371_HTAN	HTA9_26_14	445077.ome.tif	OME-TIFF	458089818	c957f7eec9d6ed3e9af5ac3142467850	Pathological	syn68516845									
file	phs002371_HTAN	HTA9_27_14	445093.ome.tif	OME-TIFF	413065313	159e8fb9d141d720083343263fde2edd	Pathological	syn66271933									
file	phs002371_HTAN	HTA9_29_16	468809.ome.tif	OME-TIFF	586697698	25d2f1aea1997be6fdf0d7630593ecda	Pathological	syn68516865									
file	phs002371_HTAN	HTA9_29_16	468809_ROI01.ome.tif	OME-TIFF	62044977	222469b5ee1199463febc74e117c34cb	Pathological	syn68516863									
file	phs002371_HTAN	HTA9_29_16	468809_ROI02.ome.tif	OME-TIFF	41176065	00c61a3f425ff01ac721afe565c308b6	Pathological	syn68516864									
file	phs002371_HTAN	HTA9_29_16	468809_ROI03.ome.tif	OME-TIFF	52535704	6ec80a2a6468c3f549f7c7380ce33b15	Pathological	syn68516866									
file	phs002371_HTAN	HTA9_29_16	468809_ROI04.ome.tif	OME-TIFF	59028236	96bf989af395ab813004965215d48836	Pathological	syn68516867									
file	phs002371_HTAN	HTA9_45_23	471278.ome.tif	OME-TIFF	957101339	11d4eee717572036c6891678f3f8ec1e	Pathological	syn68516875									
file	phs002371_HTAN	HTA9_45_23	471278_ROI01.ome.tif	OME-TIFF	34906393	195c24ec899fb35d6209235c00294e37	Pathological	syn68516871									
file	phs002371_HTAN	HTA9_45_23	471278_ROI02.ome.tif	OME-TIFF	41477174	462b47eb377db5c10a4963856449d235	Pathological	syn68516872									
file	phs002371_HTAN	HTA9_45_23	471278_ROI03.ome.tif	OME-TIFF	52896228	1243c056aebc9751c7ddf4c404e22f72	Pathological	syn68516873									
file	phs002371_HTAN	HTA9_45_23	471278_ROI04.ome.tif	OME-TIFF	45133505	1878a4439c4d6cfab66823fc70437ca4	Pathological	syn68516874									
file	phs002371_HTAN	HTA9_45_23	471278_ROI05.ome.tif	OME-TIFF	40916628	fcbd13e0100ade5a55acbd6b9a0856cc	Pathological	syn68516876									
file	phs002371_HTAN	HTA9_45_23	471278_ROI06.ome.tif	OME-TIFF	53362441	1dc4c0cad0bcf8b44b00c134bac8a35f	Pathological	syn68516877									
file	phs002371_HTAN	HTA9_45_24	471288.ome.tif	OME-TIFF	571650110	0d5f08c6fb3f840c6eb0e78b4afbcdce	Pathological	syn68516879									
file	phs002371_HTAN	HTA9_45_24	471288_ROI01.ome.tif	OME-TIFF	22127846	ba2e078a764dddd1d78ed620ca530865	Pathological	syn68516878									
file	phs002371_HTAN	HTA9_29_62	491753.ome.tif	OME-TIFF	817660087	275d03b303e539fde8eb1cc65ae22c1e	Pathological	syn68516886									
file	phs002371_HTAN	HTA9_29_62	491753_ROI01.ome.tif	OME-TIFF	48984362	1290427b0de09a37fdae454b937a6962	Pathological	syn68516881									
file	phs002371_HTAN	HTA9_29_62	491753_ROI02.ome.tif	OME-TIFF	51791823	27070a481c59c3d394ec16b1c5f0f79e	Pathological	syn68516882									
file	phs002371_HTAN	HTA9_29_62	491753_ROI03.ome.tif	OME-TIFF	53173151	11d4970db21b6161f25bab57042a9d41	Pathological	syn68516883									
file	phs002371_HTAN	HTA9_29_62	491753_ROI04.ome.tif	OME-TIFF	49696571	98f61decc1fbb89a2c0c037621a9fd37	Pathological	syn68516884									
file	phs002371_HTAN	HTA9_29_61	491761.ome.tif	OME-TIFF	894190766	27a9dd062684f83c6fb89300804742cd	Pathological	syn68516889									
file	phs002371_HTAN	HTA9_29_61	491761_ROI01.ome.tif	OME-TIFF	38338394	77dbc85f744bc935181fdbdc652daff2	Pathological	syn68516887									
file	phs002371_HTAN	HTA9_29_61	491761_ROI02.ome.tif	OME-TIFF	53295763	15b1f81628acf0772f68c0c50e529fe6	Pathological	syn68516888									
file	phs002371_HTAN	HTA9_36_12	504171.ome.tif	OME-TIFF	3388743825	a6843b5a133973af539dbdc1c93281e4	Pathological	syn68516912									
file	phs002371_HTAN	HTA9_36_12	504171_ROI01.ome.tif	OME-TIFF	47874803	60b746fa15322550f6225f68b6535e67	Pathological	syn68516891									
file	phs002371_HTAN	HTA9_36_12	504171_ROI02.ome.tif	OME-TIFF	36572790	7911f5e235cf4baee1bff524f9ea0f8a	Pathological	syn68516892									
file	phs002371_HTAN	HTA9_36_12	504171_ROI03.ome.tif	OME-TIFF	66933863	0132ca542221cc78e86739a82d31f1cd	Pathological	syn68516893									
file	phs002371_HTAN	HTA9_36_12	504171_ROI04.ome.tif	OME-TIFF	66294662	13b1014db6aae0c8bfb7ad68c17dc6f7	Pathological	syn68516894									
file	phs002371_HTAN	HTA9_36_12	504171_ROI05.ome.tif	OME-TIFF	81915119	332302173904fca1d9543637c9ed331c	Pathological	syn68516895									
file	phs002371_HTAN	HTA9_36_12	504171_ROI06.ome.tif	OME-TIFF	72267419	015cfeab7e50a0712462d8487bd65f2b	Pathological	syn68516896									
file	phs002371_HTAN	HTA9_36_12	504171_ROI07.ome.tif	OME-TIFF	60292559	94a9477ab7fd674e0d9ffd32cf6c1b25	Pathological	syn68516897									
file	phs002371_HTAN	HTA9_36_12	504171_ROI08.ome.tif	OME-TIFF	73410875	edd843c48af529caeafa946bebbfedc9	Pathological	syn68516898									
file	phs002371_HTAN	HTA9_36_12	504171_ROI09.ome.tif	OME-TIFF	53397917	f72c0d7c2f46f42935795048f7baff6b	Pathological	syn68516899									
file	phs002371_HTAN	HTA9_36_12	504171_ROI10.ome.tif	OME-TIFF	54233178	86f7d3746de9e8f18c6e30be7e775827	Pathological	syn68516900									
file	phs002371_HTAN	HTA9_36_12	504171_ROI11.ome.tif	OME-TIFF	44402386	217b8010d18444a33e0b8ca8a2776110	Pathological	syn68516901									
file	phs002371_HTAN	HTA9_36_12	504171_ROI12.ome.tif	OME-TIFF	56317976	b56231ab0d58cdce94ddc592662a7900	Pathological	syn68516902									
file	phs002371_HTAN	HTA9_36_12	504171_ROI13.ome.tif	OME-TIFF	47892790	fee9cfbfd1f2d528f0137b3ea9564b2e	Pathological	syn68516903									
file	phs002371_HTAN	HTA9_36_12	504171_ROI14.ome.tif	OME-TIFF	49019069	37d8997484e0ab705079955cdc3e10b4	Pathological	syn68516904									
file	phs002371_HTAN	HTA9_36_12	504171_ROI15.ome.tif	OME-TIFF	35436600	196b2fe60fd7cb5513968f1875850486	Pathological	syn68516906									
file	phs002371_HTAN	HTA9_36_12	504171_ROI16.ome.tif	OME-TIFF	61278235	2172b81f251d6ca6c275ec850d921ccf	Pathological	syn68516907									
file	phs002371_HTAN	HTA9_36_12	504171_ROI17.ome.tif	OME-TIFF	64265537	ec679fceda559bb2a82cbbe04546f72f	Pathological	syn68516908									
file	phs002371_HTAN	HTA9_36_12	504171_ROI18.ome.tif	OME-TIFF	47303723	14a8ccec4c2606d13fb1a080f6e3a473	Pathological	syn68516909									
file	phs002371_HTAN	HTA9_36_12	504171_ROI19.ome.tif	OME-TIFF	44883658	4cda9a4f3e49482242d304a803934a8c	Pathological	syn68516910									
file	phs002371_HTAN	HTA9_36_12	504171_ROI20.ome.tif	OME-TIFF	60060746	9d2b3a3ba9a4779d5373e7dc8270fe83	Pathological	syn68516911									
file	phs002371_HTAN	HTA9_42_30	504182.ome.tif	OME-TIFF	447246881	ad1403f628a55a8c3ff94cd70b4206e9	Pathological	syn68516913									
file	phs002371_HTAN	HTA9_42_30	504182_ROI01.ome.tif	OME-TIFF	40961229	131047c61d70bbce525425c835b96940	Pathological	syn68516914									
file	phs002371_HTAN	HTA9_18_75	504219.ome.tif	OME-TIFF	60043956	1fc4179bc4031f7787597ebb7a58e3e6	Pathological	syn68516915									
file	phs002371_HTAN	HTA9_18_75	504219_ROI01.ome.tif	OME-TIFF	26412422	086b9e473947b4fbaf00913154d533a7	Pathological	syn68516916									
file	phs002371_HTAN	HTA9_18_75	504219_ROI02.ome.tif	OME-TIFF	17823584	c7d18b4ef185f3e1ffe4933c055327ef	Pathological	syn68516917									
file	phs002371_HTAN	HTA9_18_75	504219_ROI03.ome.tif	OME-TIFF	19376524	33bc9cbf706615a745cfe843ad56517f	Pathological	syn68516918									
file	phs002371_HTAN	HTA9_3_110	HTA9-3-41_scene001.ome.tif	OME-TIFF	25444806219	67de6048b5cfba3fda7eb7f2bee6d74e	Pathological	syn68527575									
file	phs002371_HTAN	HTA9_2_93	HTAN9-2-254-Scene-001.ome.tif	OME-TIFF	3015692850	a4467dd9945469e4380e27f8febf2b6a	Pathological	syn68527646									
file	phs002371_HTAN	HTA9_2_93	HTAN9-2-254-Scene-002.ome.tif	OME-TIFF	12022736273	8bc02203b837281f9ca51b058f4eff37	Pathological	syn68527674									
file	phs002371_HTAN	HTA9_2_99	HTAN9-2-260-Scene-001.ome.tif	OME-TIFF	12864053900	677fb9070c1aebf4a089fbd7ddbb61bf	Pathological	syn68527712									
file	phs002371_HTAN	HTA9_2_99	HTAN9-2-260-Scene-002.ome.tif	OME-TIFF	14883286161	ef78d0fbb612575442ebe8b41c276d75	Pathological	syn68527764									
file	phs002371_HTAN	HTA9_3_24	HTAN9-3-284-Scene-001.ome.tif	OME-TIFF	5914097593	6de29bb6a5144ef9e6e6d8bb4964ef16	Pathological	syn68527765									
file	phs002371_HTAN	HTA9_3_24	HTAN9-3-284-Scene-002.ome.tif	OME-TIFF	9315248495	5de5b4a6ec52847fb691dcb40a7ed76e	Pathological	syn68527781									
file	phs002371_HTAN	HTA9_3_14	HTAN9-3-292-Scene-001.ome.tif	OME-TIFF	9199924274	dd4ce6449d88f2187b585e98870abba7	Pathological	syn68527801									
file	phs002371_HTAN	HTA9_3_14	HTAN9-3-292-Scene-002.ome.tif	OME-TIFF	10120006021	63ba362d941f0ce870c513e660560603	Pathological	syn68527840									
file	phs002371_HTAN	HTA7_926_9	CRC02-HE.ome.tif	OME-TIFF	18512914879	85a2c8eec55435d0d9bd6e67e05fc4b5	Pathological	syn61571254									
file	phs002371_HTAN	HTA7_927_10	CRC03-HE.ome.tif	OME-TIFF	13832000190	1adbfbe361bf1d9ff1f61e3899934d23	Pathological	syn61571280									
file	phs002371_HTAN	HTA7_932_10	CRC04-HE.ome.tif	OME-TIFF	16628595054	e5457f485199e2a1fdb3f9c9eb4be535	Pathological	syn61571537									
file	phs002371_HTAN	HTA7_934_10	CRC05-HE.ome.tif	OME-TIFF	13743918462	63350a4f81a8ee1e3f26af3d589931a1	Pathological	syn61571305									
file	phs002371_HTAN	HTA7_966_8	CRC06-HE.ome.tif	OME-TIFF	17405601726	b998a64ceed2f8276ca23fa212b36330	Pathological	syn61571592									
file	phs002371_HTAN	HTA7_947_10	CRC07-HE.ome.tif	OME-TIFF	11686578344	fff772d32300c4f0f23a49caa5da8434	Pathological	syn61571115									
file	phs002371_HTAN	HTA7_989_10	CRC08-HE.ome.tif	OME-TIFF	19332262520	b69239f7c9aac89b59a530aa164b440d	Pathological	syn61571770									
file	phs002371_HTAN	HTA7_920_10	CRC09-HE.ome.tif	OME-TIFF	13580338110	f7ce5a982cb044d3edd5db528dc6c55d	Pathological	syn61571269									
file	phs002371_HTAN	HTA7_922_10	CRC10-HE.ome.tif	OME-TIFF	20980787960	57d6f4df2955290651753ec56925199f	Pathological	syn61571925									
file	phs002371_HTAN	HTA7_931_10	CRC11-HE.ome.tif	OME-TIFF	14569194871	306a076a38558dfbbbda87944ccc04e4	Pathological	syn61571350									
file	phs002371_HTAN	HTA7_940_10	CRC12-HE.ome.tif	OME-TIFF	16056063822	000ba91f635fbffc1a4efde5c7b0e5f1	Pathological	syn61571464									
file	phs002371_HTAN	HTA7_963_9	CRC13-HE.ome.tif	OME-TIFF	8062644391	e26c0287f6d04fd2a62f5efb1286d0aa	Pathological	syn61570805									
file	phs002371_HTAN	HTA7_972_10	CRC14-HE.ome.tif	OME-TIFF	14140286238	35551a28ced0599fd79f1021c5d8178f	Pathological	syn61571353									
file	phs002371_HTAN	HTA7_925_10	CRC15-HE.ome.tif	OME-TIFF	13580338110	3c4583c3b64bef9c4d02c7f23df28f14	Pathological	syn61571299									
file	phs002371_HTAN	HTA7_982_10	CRC16-HE.ome.tif	OME-TIFF	16565679535	d300c49531179b3d84f31ab515617e51	Pathological	syn61571507									
file	phs002371_HTAN	HTA7_965_10	CRC17-HE.ome.tif	OME-TIFF	17730933368	71d5c1b26fcd9322994b1c268578125c	Pathological	syn61571633									
file	phs002371_HTAN	HTA7_1280_3	LSP17737.ome.tif	OME-TIFF	473227276	faa0067fa650b77743521c5f3419d80b	Pathological	syn68627335									
file	phs002371_HTAN	HTA7_1281_3	LSP17761.ome.tif	OME-TIFF	455868484	890b5188f138157073145a007658725c	Pathological	syn68627338									
file	phs002371_HTAN	HTA7_1261_3	LSP17765.ome.tif	OME-TIFF	720166109	cc75e901fdf1b83bd140b6a0040f406a	Pathological	syn68627339									
file	phs002371_HTAN	HTA7_1282_3	LSP17769.ome.tif	OME-TIFF	1137092939	c281fe702d706cac74f389dacc8cf873	Pathological	syn68627341									
file	phs002371_HTAN	HTA7_1283_3	LSP17789.ome.tif	OME-TIFF	755028042	f648c77901b7176b32004de4dc3dfe26	Pathological	syn68627342									
file	phs002371_HTAN	HTA7_1284_3	LSP17793.ome.tif	OME-TIFF	655885706	e1494565c25706592c91a94af6fc8608	Pathological	syn68627343									
file	phs002371_HTAN	HTA7_1262_3	LSP17805.ome.tif	OME-TIFF	534300842	82bc2dd9e7836f54d2a7312551d995b2	Pathological	syn68627344									
file	phs002371_HTAN	HTA7_1263_3	LSP17821.ome.tif	OME-TIFF	1090575905	a8e9aeed333d59639abb820164d4d252	Pathological	syn68627346									
file	phs002371_HTAN	HTA7_1264_3	LSP17825.ome.tif	OME-TIFF	781930578	cba1ce285a4b3ca9935b09a6760d23dd	Pathological	syn68627347									
file	phs002371_HTAN	HTA7_1265_3	LSP17853.ome.tif	OME-TIFF	819104815	7d62d84bd57c68deff68d4d4708069d5	Pathological	syn68627348									
file	phs002371_HTAN	HTA7_1272_3	LSP11062_20220207_160631_929669.ome.tiff	OME-TIFF	1629544972	a24c8efefa6d6fbbd60c5feeb0ee29d9	Pathological	syn68627388									
file	phs002371_HTAN	HTA7_1273_3	LSP11066_20220207_160631_813258.ome.tiff	OME-TIFF	2444313389	e47fb96a54268527ce66274152602882	Pathological	syn68627391									
file	phs002371_HTAN	HTA7_1271_3	LSP11070_20220207_175542_074563.ome.tiff	OME-TIFF	1868627597	b7606adbd1e742f8a34811539855ac62	Pathological	syn68627392									
file	phs002371_HTAN	HTA7_1274_3	LSP11074_20220207_160631_974324.ome.tiff	OME-TIFF	2287022189	1340fc877c3fddd7de5d74500b36e857	Pathological	syn68627394									
file	phs002371_HTAN	HTA7_1275_3	LSP11078_20220207_160631_721586.ome.tiff	OME-TIFF	2217814060	ca060691f20157d7cb0681b3e721403f	Pathological	syn68627395									
file	phs002371_HTAN	HTA7_1276_3	LSP11090_20220207_160631_849254.ome.tiff	OME-TIFF	2444313389	d076ef5612dc9fab529da670ef5694d2	Pathological	syn68627396									
file	phs002371_HTAN	HTA7_1246_3	RD-23-003.tif	OME-TIFF	6308057200	11be6d41b593d74663f7fd2247b68d2e	Pathological	syn68627406									
file	phs002371_HTAN	HTA7_1248_3	RD-23-001.tif	OME-TIFF	11315329710	811a9c9fcfaea54dee9b20305d660154	Pathological	syn68627407									
file	phs002371_HTAN	HTA7_1247_5	RD-23-002.tif	OME-TIFF	10331897768	de9f620668a586ad0ba11457740ad241	Pathological	syn68627408									
file	phs002371_HTAN	HTA7_1241_4	RD-23-008.tif	OME-TIFF	4316392740	ac891b8b7df538cefe7426a3a9109939	Pathological	syn68627412									
file	phs002371_HTAN	HTA7_1245_3	RD-23-004.tif	OME-TIFF	11557681524	d47b7ad8f208d662442476c9d775b787	Pathological	syn68627413									
file	phs002371_HTAN	HTA7_1243_3	RD-23-006.tif	OME-TIFF	7155896904	dcf8e509ba1385c3da04006c94d14b5d	Pathological	syn68627414									
file	phs002371_HTAN	HTA7_1242_3	RD-23-009.tif	OME-TIFF	5475966018	abe2495140a70374ccbbdb5d0cf6f88b	Pathological	syn68627415									
file	phs002371_HTAN	HTA7_1244_3	RD-23-005.tif	OME-TIFF	10934398138	797f5955939e4cfe6affd22e4e61d6b3	Pathological	syn68627416									
file	phs002371_HTAN	HTA7_1257_3	RD-23-007.tif	OME-TIFF	8793873801	652d5944090afe2be797468b8e98d066	Pathological	syn68627417									
file	phs002371_HTAN	HTA7_1255_3	RD-SS-002.tif	OME-TIFF	7644832649	21fa04a4d0efdaf9c43c2042eae49454	Pathological	syn68627438									
file	phs002371_HTAN	HTA7_1256_3	RD-SS-001.tif	OME-TIFF	12011868063	0259458eae2b7bc7482412bf6824695f	Pathological	syn68627469									
file	phs002371_HTAN	HTA7_1252_3	RD-SS-005.tif	OME-TIFF	3703303855	5c55061f8902697734f497211398819e	Pathological	syn68627502									
file	phs002371_HTAN	HTA7_1254_3	RD-SS-003.tif	OME-TIFF	10600699335	d2625b66f4db0ebb63fa69c25875d844	Pathological	syn68627536									
file	phs002371_HTAN	HTA7_1253_4	RD-SS-004.tif	OME-TIFF	11456847217	8c694aaa64877f453b4707f91175627f	Pathological	syn68627615									
file	phs002371_HTAN	HTA7_1251_3	RD-SS-006.tif	OME-TIFF	12449459417	37072edee342cf533794e4168a9362e5	Pathological	syn68627702									
file	phs002371_HTAN	HTA7_1250_3	RD-SS-007.tif	OME-TIFF	10886757729	49e75a274290cb95b2957c5c5a44816d	Pathological	syn68627727									
file	phs002371_HTAN	HTA7_1249_3	RD-SS-008.tif	OME-TIFF	10024934369	ea49842ecc3bd9cffbb5eec28fa124bf	Pathological	syn68627768									
file	phs002371_HTAN	HTA7_1258_3	Case_7.svs	SVS	1221356697	f6dd58b2d0f382d2d4dbbc5323fe684b	Pathological	syn68629518									
file	phs002371_HTAN	HTA7_1268_3	CD0302.01_009.svs	SVS	1739791681	025d4f19517cd359ada3756f98ed6a32	Pathological	syn68629519									
file	phs002371_HTAN	HTA7_1266_3	CD0302.02_863.svs	SVS	1855034671	c3deb7e6c7bbcc12a17f64e5b2dd177a	Pathological	syn68629520									
file	phs002371_HTAN	HTA7_1269_3	CD0302.03_706.svs	SVS	2465227131	974ec488f5fb5360dc06673b5234c25b	Pathological	syn68629521									
file	phs002371_HTAN	HTA7_1270_3	CD0302.05_964.svs	SVS	1650505339	5aea2099f585083aac06a7a6666333d9	Pathological	syn68629522									
file	phs002371_HTAN	HTA7_1267_3	CD0302.04_939.svs	SVS	2537254017	1bdc575b44e6ddbad705be18bf8d82ad	Pathological	syn68629531									
file	phs002371_HTAN	HTA7_1277_3	CD0302.06_2952.svs	SVS	2656139179	be04d5a21b38b57547508f436d437446	Pathological	syn68629539									
file	phs002371_HTAN	HTA7_1278_3	CD0302.07_6641.svs	SVS	1864537827	c8e19860623c1b129341f1a6e02089a0	Pathological	syn68629540									
file	phs002371_HTAN	HTA7_1279_4	CD0302.08_7923.svs	SVS	2162792503	6f0cfd54862c04293ec8f2a61bfa5d82	Pathological	syn68629544									
file	phs002371_HTAN	HTA7_1259_4	RD-SS-010.svs	SVS	2603062253	b03a0ede28be3ab5f67d448598a4a6b9	Pathological	syn68629545									
file	phs002371_HTAN	HTA7_1260_3	RD-SS-011.svs	SVS	4636317439	3ecb4eefefd01f00b34d16c58daf5e7a	Pathological	syn68629549									
file	phs002371_HTAN	HTA3_70119_1019101	119_LMB_A_GS2_PCGA02_20119_1019101.ndpi	SVS	56777934	147d56e8341194650c88c5203f40528e	Pathological	syn68493539									
file	phs002371_HTAN	HTA3_70119_1019101	119_LMB_A_GS2_PCGA02_20119_1019101.ndpi.ndpa	SVS	144624	21ec4a0892ba8cbbec40e2d88d1e1131	Pathological	syn68493475									
file	phs002371_HTAN	HTA3_70119_1019102	119_LMB_GS2_PCGA02_20119_1019102.ndpi	SVS	41591062	e5b18da34ae25526ebffc28146392b1f	Pathological	syn68493540									
file	phs002371_HTAN	HTA3_70119_1019102	119_LMB_GS2_PCGA02_20119_1019102.ndpi.ndpa	SVS	7876	00b99264609458d06d9ee5731da1a8e9	Pathological	syn68493476									
file	phs002371_HTAN	HTA3_70119_1019103	119-B-LMB_PCGA02_20119_1019103.ndpi	SVS	20566574	d20d078522bb49c384bccab742a87716	Pathological	syn68493538									
file	phs002371_HTAN	HTA3_70119_1019103	119-B-LMB_PCGA02_20119_1019103.ndpi.ndpa	SVS	10343	b7fed5cdf15a0ebbc04a7187f917f793	Pathological	syn68493484									
file	phs002371_HTAN	HTA3_70119_1019105	119aLUL-GS3_PCGA02_20119_1019105.ndpi	SVS	23261752	2f2ccd3afcdbf6ac6bd2247cab611cdc	Pathological	syn68493535									
file	phs002371_HTAN	HTA3_70119_1019105	119aLUL-GS3_PCGA02_20119_1019105.ndpi.ndpa	SVS	43278	a30492b4f2e82f13b3903b82f406dcaa	Pathological	syn68493485									
file	phs002371_HTAN	HTA3_70119_1019106	119aLULSTUMP-GS2_PCGA02_20119_1019106.ndpi	SVS	30446619	e41ac8071eab3b1f3c8cd0e1573b0712	Pathological	syn68493536									
file	phs002371_HTAN	HTA3_70119_1019106	119aLULSTUMP-GS2_PCGA02_20119_1019106.ndpi.ndpa	SVS	252812	f76f45e880b6003315e8061bf92df602	Pathological	syn68493473									
file	phs002371_HTAN	HTA3_70119_1019107	119aLULSTUMP-GS2_PCGA02_20119_1019107.ndpi	SVS	28673568	92e0b714aa53fd96c2d84d458d95dde2	Pathological	syn68493537									
file	phs002371_HTAN	HTA3_70119_1019107	119aLULSTUMP-GS2_PCGA02_20119_1019107.ndpi.ndpa	SVS	211267	45fed57eda28650cd80b940bd301212b	Pathological	syn68493478									
file	phs002371_HTAN	HTA3_70119_1019108	119LMB-GS2_PCGA02_20119_1019108.ndpi	SVS	18674288	c3a45a02993ccf930a4d7eb6981c6c83	Pathological	syn68493542									
file	phs002371_HTAN	HTA3_70119_1019108	119LMB-GS2_PCGA02_20119_1019108.ndpi.ndpa	SVS	145823	879114be58ddea431eb889fd75cbf614	Pathological	syn68493477									
file	phs002371_HTAN	HTA3_70119_1019104	119LUL-GS2_PCGA02_20119_1019104.ndpi	SVS	17771465	3fb2e2846fce9128394a0a7d1d074faf	Pathological	syn68493543									
file	phs002371_HTAN	HTA3_70137_1037101	137_RMB_A_L1_PCGA02_20137_1037101.ndpi	SVS	168665918	cf97608633fdc5d1c4615ffd383b2dee	Pathological	syn68493548									
file	phs002371_HTAN	HTA3_70137_1037101	137_RMB_A_L1_PCGA02_20137_1037101.ndpi.ndpa	SVS	177513	4dad3cb8d3f349a9acfe468abd087a8b	Pathological	syn68493482									
file	phs002371_HTAN	HTA3_70137_1037102	137_RML_L1_PCGA02_20137_1037102.ndpi	SVS	246832475	7436ab9005ca108142eabba1fe2b15dd	Pathological	syn68493550									
file	phs002371_HTAN	HTA3_70137_1037102	137_RML_L1_PCGA02_20137_1037102.ndpi.ndpa	SVS	133706	a3e53d9d249e4c884a3c71790e14cf72	Pathological	syn68493493									
file	phs002371_HTAN	HTA3_70142_1014201	142_RMB_GS1_PCGA02_20142_1014201.ndpi	SVS	21754371	73dbf3b21cc4ee48ea7b9ae25d5805ec	Pathological	syn68493552									
file	phs002371_HTAN	HTA3_70142_1014201	142_RMB_GS1_PCGA02_20142_1014201.ndpi.ndpa	SVS	18308	6482992c01b611938c2dced846f2a5f3	Pathological	syn68493486									
file	phs002371_HTAN	HTA3_70142_1014202	142ARMB_GS3_PCGA02_20142_1014202.ndpi	SVS	26275690	bb4117f9737134ebfff4c67642c80303	Pathological	syn68493551									
file	phs002371_HTAN	HTA3_70142_1014202	142ARMB_GS3_PCGA02_20142_1014202.ndpi.ndpa	SVS	29566	b17756dd01621478c4942c91f726d8c5	Pathological	syn68493487									
file	phs002371_HTAN	HTA3_70145_1014506	145-B-SL_PCGA02_20145_1014506.ndpi	SVS	25588801	967b1e90dc49a93f7f908a6197319d55	Pathological	syn68493558									
file	phs002371_HTAN	HTA3_70145_1014506	145-B-SL_PCGA02_20145_1014506.ndpi.ndpa	SVS	7462	bbcfe1d78421be06e4b62fc19785a62a	Pathological	syn68493495									
file	phs002371_HTAN	HTA3_70145_1014505	145-SL-GS2_PCGA02_20145_1014505.ndpi	SVS	21543465	48c76bf879f77a37d4c35adafe0bbf88	Pathological	syn68493559									
file	phs002371_HTAN	HTA3_70145_1014505	145-SL-GS2_PCGA02_20145_1014505.ndpi.ndpa	SVS	286891	cdb897beb06a7ac3e10fd21afb363688	Pathological	syn68493502									
file	phs002371_HTAN	HTA3_70145_1014503	145A_sup_ling_PCGA02_20145_1014503.ndpi	SVS	4778396	763628c8692798fb7eb6a89748420291	Pathological	syn68493557									
file	phs002371_HTAN	HTA3_70145_1014503	145A_sup_ling_PCGA02_20145_1014503.ndpi.ndpa	SVS	86789	4431ffd95631b41877dc4c96a771ef15	Pathological	syn68493494									
file	phs002371_HTAN	HTA3_70145_1014502	145ASL_GS2_PCGA02_20145_1014502.ndpi	SVS	12394017	abbae9c5dfb14ad0d6feff4da6e284ea	Pathological	syn68493553									
file	phs002371_HTAN	HTA3_70145_1014502	145ASL_GS2_PCGA02_20145_1014502.ndpi.ndpa	SVS	181662	86cffe33c4136f09b93c243553ee8375	Pathological	syn68493490									
file	phs002371_HTAN	HTA3_70145_1014504	145ASL_GS2_PCGA02_20145_1014504.ndpi	SVS	22319821	36cebdba882c5532edfd8b7e16e4a895	Pathological	syn68493554									
file	phs002371_HTAN	HTA3_70145_1014504	145ASL_GS2_PCGA02_20145_1014504.ndpi.ndpa	SVS	123263	9f42927f9815a77e036ab8e30824cb28	Pathological	syn68493489									
file	phs002371_HTAN	HTA3_70145_1014501	145ASL_GS3_PCGA02_20145_1014501.ndpi	SVS	6076545	f22ba0ab3c512138516bd04ca7a03282	Pathological	syn68493555									
file	phs002371_HTAN	HTA3_70145_1014501	145ASL_GS3_PCGA02_20145_1014501.ndpi.ndpa	SVS	36628	5ec2214d4fb0858c1638073a9396d71f	Pathological	syn68493491									
file	phs002371_HTAN	HTA3_70147_1047101	147_MC_L2_PCGA02_20147_1047101.ndpi	SVS	9194505	0305bcbc889e9f157de6339c9735a782	Pathological	syn68493412									
file	phs002371_HTAN	HTA3_70147_1047101	147_MC_L2_PCGA02_20147_1047101.ndpi.ndpa	SVS	370589	c43f2470c0401259ebf3c83e405b2ba6	Pathological	syn68493413									
file	phs002371_HTAN	HTA3_70147_1047102	147-LLLstump-GS2_PCGA02_20147_1047102.ndpi	SVS	55789788	bce96d535899ccad1427e5d1fb7ca44a	Pathological	syn68493407									
file	phs002371_HTAN	HTA3_70147_1047102	147-LLLstump-GS2_PCGA02_20147_1047102.ndpi.ndpa	SVS	450295	89007dd77b9ca59e567e0182667a0bb5	Pathological	syn68493408									
file	phs002371_HTAN	HTA3_70147_1047104	147-LLLstump-GS2_PCGA02_20147_1047104.ndpi	SVS	9304186	7fe0be9f714e453f6c72aedf0563990a	Pathological	syn68493410									
file	phs002371_HTAN	HTA3_70147_1047104	147-LLLstump-GS2_PCGA02_20147_1047104.ndpi.ndpa	SVS	223121	4ee7ed6384024e9a8fe699fd8e33737f	Pathological	syn68493409									
file	phs002371_HTAN	HTA3_70147_1047103	147-LLLstump-GS3_PCGA02_20147_1047103.ndpi	SVS	22356499	6fb5d02409325cc6b797745031f90f8b	Pathological	syn68493411									
file	phs002371_HTAN	HTA3_70147_1047103	147-LLLstump-GS3_PCGA02_20147_1047103.ndpi.ndpa	SVS	16570	3d4b61890d14daed896a55f104768e5f	Pathological	syn68493414									
file	phs002371_HTAN	HTA3_70149_1049103	149_LUL-LLL_PCGA02_20149_1049103.ndpi	SVS	18899819	40ab6bf5c8939cdec54e5f5fe2b4271c	Pathological	syn68493562									
file	phs002371_HTAN	HTA3_70149_1049103	149_LUL-LLL_PCGA02_20149_1049103.ndpi.ndpa	SVS	540	75af03e3d192d8eb7ceeac0c1ae6e776	Pathological	syn68493498									
file	phs002371_HTAN	HTA3_70149_1049110	149_MC_GS2_PCGA02_20149_1049110.ndpi	SVS	25782428	e466d4fd14cbd1d5d7907d1d1a6a000f	Pathological	syn68493565									
file	phs002371_HTAN	HTA3_70149_1049110	149_MC_GS2_PCGA02_20149_1049110.ndpi.ndpa	SVS	34388	2654d739871f79854667de038969146d	Pathological	syn68493501									
file	phs002371_HTAN	HTA3_70149_1049101	149LUL_GS2_PCGA02_20149_1049101.ndpi	SVS	17739204	f29274fd2e27f2c30c57f1d7377019ef	Pathological	syn68493560									
file	phs002371_HTAN	HTA3_70149_1049101	149LUL_GS2_PCGA02_20149_1049101.ndpi.ndpa	SVS	172961	6cdbd924a85f221bd872a09d04e3b5e9	Pathological	syn68493496									
file	phs002371_HTAN	HTA3_70149_1049102	149LUL_GS2_PCGA02_20149_1049102.ndpi	SVS	51531471	1a9d37f0d99752ff96dbe89f6f6aafed	Pathological	syn68493561									
file	phs002371_HTAN	HTA3_70149_1049102	149LUL_GS2_PCGA02_20149_1049102.ndpi.ndpa	SVS	136012	125400602041cea7a46b8a9e718043fa	Pathological	syn68493497									
file	phs002371_HTAN	HTA3_70152_1000079	152_LMB(A)_GS2_PCGA02_20152_1000079.ndpi	SVS	53014975	df64fbaad8d2dcc6036dcc72f65a9b88	Pathological	syn68493574									
file	phs002371_HTAN	HTA3_70152_1000079	152_LMB(A)_GS2_PCGA02_20152_1000079.ndpi.ndpa	SVS	552	b5b5e6b35a5789ea11b1a39ef392f8d6	Pathological	syn68493511									
file	phs002371_HTAN	HTA3_70152_1015215	152_RIB_GS2_PCGA02_20152_1015215.ndpi	SVS	72786303	0654aebd8d10f595accfd3a597708b4f	Pathological	syn68493577									
file	phs002371_HTAN	HTA3_70152_1015215	152_RIB_GS2_PCGA02_20152_1015215.ndpi.ndpa	SVS	15074	9d519a44123e8bb512186b39339f1662	Pathological	syn68493514									
file	phs002371_HTAN	HTA3_70152_1000045	152_RIB-B_GS4_PCGA02_20152_1000045.ndpi	SVS	37723346	6de2f11a34bc28075082c8a5f3198328	Pathological	syn68493576									
file	phs002371_HTAN	HTA3_70152_1000045	152_RIB-B_GS4_PCGA02_20152_1000045.ndpi.ndpa	SVS	9462	8f4e926b9889f7636911280e159a5185	Pathological	syn68493513									
file	phs002371_HTAN	HTA3_70152_1015212	152-A_RIB_GS1_PCGA02_20152_1015212.ndpi	SVS	39058006	62d0c611e9e0071ef8961f409bb4dc2f	Pathological	syn68493569									
file	phs002371_HTAN	HTA3_70152_1015212	152-A_RIB_GS1_PCGA02_20152_1015212.ndpi.ndpa	SVS	32384	a7d07e77c54431cfd2a85513d0520b85	Pathological	syn68493506									
file	phs002371_HTAN	HTA3_70152_1052115	152-RIB-L2_PCGA02_20152_1052115.ndpi	SVS	138634188	76d9aa0d3c1ecaad50af96254a0996e2	Pathological	syn68493578									
file	phs002371_HTAN	HTA3_70152_1052115	152-RIB-L2_PCGA02_20152_1052115.ndpi.ndpa	SVS	545	b6a0c3101b984d6946274ce0b9fd25c2	Pathological	syn68493515									
file	phs002371_HTAN	HTA3_70152_1052110	152-trachea-GS2_PCGA02_20152_1052110.ndpi	SVS	112619659	afe68a86eaa21e38678dc1c683915ec4	Pathological	syn68493580									
file	phs002371_HTAN	HTA3_70152_1052110	152-trachea-GS2_PCGA02_20152_1052110.ndpi.ndpa	SVS	452737	c1268206c7cd13d7f90c28f5d9c33b1d	Pathological	syn68493517									
file	phs002371_HTAN	HTA3_70152_1052109	152-Trachea-L1_PCGA02_20152_1052109.ndpi	SVS	46398195	8c766a4303dfc0c1e0cb20a03bb856ec	Pathological	syn68493581									
file	phs002371_HTAN	HTA3_70152_1052109	152-Trachea-L1_PCGA02_20152_1052109.ndpi.ndpa	SVS	275198	74e403697e6a095c86e628b3213cacba	Pathological	syn68493521									
file	phs002371_HTAN	HTA3_70152_1015214	152A-RIB-HE2_PCGA02_20152_1015214.ndpi	SVS	4758323	17337d1322d39b34674fc285ce0b897d	Pathological	syn68493570									
file	phs002371_HTAN	HTA3_70152_1015214	152A-RIB-HE2_PCGA02_20152_1015214.ndpi.ndpa	SVS	166031	a1cfa70dfeab2873a3d07fa5d11804b9	Pathological	syn68493507									
file	phs002371_HTAN	HTA3_70152_1052111	152a-trachea-GS2_PCGA02_20152_1052111.ndpi	SVS	15473923	17044872a17bcdfa2500f20b4c6531ef	Pathological	syn68493571									
file	phs002371_HTAN	HTA3_70152_1052111	152a-trachea-GS2_PCGA02_20152_1052111.ndpi.ndpa	SVS	240817	bb1c8663b3638fbc8f685ee9fc4674c7	Pathological	syn68493508									
file	phs002371_HTAN	HTA3_70152_1015202	152ALMB_GS2_PCGA02_20152_1015202.ndpi	SVS	18757880	d7447848c4825df30bf7cc488808bddf	Pathological	syn68493567									
file	phs002371_HTAN	HTA3_70152_1015202	152ALMB_GS2_PCGA02_20152_1015202.ndpi.ndpa	SVS	202959	a7147c7d2102b844078c3f7a58152607	Pathological	syn68493504									
file	phs002371_HTAN	HTA3_70152_1015203	152ALMB_GS2_PCGA02_20152_1015203.ndpi	SVS	25778740	d92b6a56bb5ebe12c3d61d154d1d05a5	Pathological	syn68493568									
file	phs002371_HTAN	HTA3_70152_1015203	152ALMB_GS2_PCGA02_20152_1015203.ndpi.ndpa	SVS	405531	8cd6b67ebe247156742e5957908138b6	Pathological	syn68493505									
file	phs002371_HTAN	HTA3_70152_1015213	152B-RIB-HE2_PCGA02_20152_1015213.ndpi	SVS	6182146	90388a54fb4fb4484c4accf55907b3c3	Pathological	syn68493573									
file	phs002371_HTAN	HTA3_70152_1015213	152B-RIB-HE2_PCGA02_20152_1015213.ndpi.ndpa	SVS	171690	021d0d5d168f531bc693fe8e18074446	Pathological	syn68493510									
file	phs002371_HTAN	HTA3_70152_1015201	152BLMB-GS2_PCGA02_20152_1015201.ndpi	SVS	12187424	ac27056641e09142867c23d0b633521c	Pathological	syn68493572									
file	phs002371_HTAN	HTA3_70152_1015201	152BLMB-GS2_PCGA02_20152_1015201.ndpi.ndpa	SVS	86511	9d786601b19f8e4f6c8fde82b9ae67a1	Pathological	syn68493509									
file	phs002371_HTAN	HTA3_70152_1015204	152LMB-GS2_PCGA02_20152_1015204.ndpi	SVS	96093272	0556be6f298cad1b1406337cf198ad1f	Pathological	syn68493575									
file	phs002371_HTAN	HTA3_70152_1015204	152LMB-GS2_PCGA02_20152_1015204.ndpi.ndpa	SVS	1770516	b54c755fe842b5ad38b3029d6f0a3bc0	Pathological	syn68493512									
file	phs002371_HTAN	HTA3_70152_1015211	152RIBPROX_GS2_PCGA02_20152_1015211.ndpi	SVS	26206543	cdeb237d4e67c26880d936608c601fc5	Pathological	syn68493579									
file	phs002371_HTAN	HTA3_70152_1015211	152RIBPROX_GS2_PCGA02_20152_1015211.ndpi.ndpa	SVS	127808	9b6bfacbcbbe6f5181be123799b1c9df	Pathological	syn68493516									
file	phs002371_HTAN	HTA3_70153_1053101	153Atrachea-GS2PCGA02_20153_1053101.ndpi	SVS	19834836	7fe112bbe4615417c5fd314b6ff26900	Pathological	syn68493420									
file	phs002371_HTAN	HTA3_70153_1053101	153Atrachea-GS2PCGA02_20153_1053101.ndpi.ndpa	SVS	54945	0a9a06843c359c796e38b620fa5a5259	Pathological	syn68493421									
file	phs002371_HTAN	HTA3_70155_1000059	155_RUL_PCGA02_20155_1000059.ndpi	SVS	11734367	d5ece8eb31f35ce0ba67e88fab4af7f4	Pathological	syn68493582									
file	phs002371_HTAN	HTA3_70155_1000059	155_RUL_PCGA02_20155_1000059.ndpi.ndpa	SVS	30978	121f9d358488f82e8abcd49b2fdb8007	Pathological	syn68493518									
file	phs002371_HTAN	HTA3_70155_1055101	156-B_RLL-ap_GS2_PCGA02_20160_1060126.ndpi	SVS	30280739	132af3ee6adbd553a39546b702e9f325	Pathological	syn68493422									
file	phs002371_HTAN	HTA3_70155_1055101	156-B_RLL-ap_GS2_PCGA02_20160_1060126.ndpi.ndpa	SVS	21877	bb71c6871b658e6b7e07a932747a538d	Pathological	syn68493424									
file	phs002371_HTAN	HTA3_70160_1060106	EAR005-A_RLLap_GS2_PCGA02_20160_1060106.ndpi	SVS	54035964	c9a62a51bd33405276d1d478e2df186d	Pathological	syn68493585									
file	phs002371_HTAN	HTA3_70160_1060106	EAR005-A_RLLap_GS2_PCGA02_20160_1060106.ndpi.ndpa	SVS	41580	9325c3150bd45c7e62e9a2031b9792d7	Pathological	syn68493520									
file	phs002371_HTAN	HTA3_70160_1060103	EAR005-B_MC_GS1_PCGA02_20160_1060103.ndpi	SVS	37058030	9ecd8f8db5385dee5281319601fc3d16	Pathological	syn68493586									
file	phs002371_HTAN	HTA3_70160_1060103	EAR005-B_MC_GS1_PCGA02_20160_1060103.ndpi.ndpa	SVS	19627	bfa855eb5e4e8640ea6463183b68aaf3	Pathological	syn68493522									
file	phs002371_HTAN	HTA3_70153_1053102	EAR006a-LMB-GS3_PCGA02_20153_1053102.ndpi	SVS	10424698	03b31d23432656696c8c007df6242e1b	Pathological	syn68493437									
file	phs002371_HTAN	HTA3_70153_1053102	EAR006a-LMB-GS3_PCGA02_20153_1053102.ndpi.ndpa	SVS	548	5f6b710a3ffe64049b047a1f071154fc	Pathological	syn68493435									
file	phs002371_HTAN	HTA3_70163_1063102	EAR009a-LT-GS3_PCGA02_20163_1063102.ndpi	SVS	8207651	a9ea50b725393872c353a3d31bd5a1d3	Pathological	syn68493439									
file	phs002371_HTAN	HTA3_70163_1063102	EAR009a-LT-GS3_PCGA02_20163_1063102.ndpi.ndpa	SVS	46417	7199dcaeda99fecc6ca191d7850328a3	Pathological	syn68493440									
file	phs002371_HTAN	HTA3_50422_6902296	PCGA02_10422_1002296_deid.svs	SVS	65164591	8c6ebc1c30c688b84f9c27573d384eee	Pathological	syn53640632									
file	phs002371_HTAN	HTA3_50422_6902295	PCGA02_10422_1002295_deid.svs	SVS	87829109	13ac63525a478d98b34d9da6fecfee79	Pathological	syn53640631									
file	phs002371_HTAN	HTA3_50422_6902294	PCGA02_10422_1002294_deid.svs	SVS	82095297	2f2774488621003e6025b3acf5d8b7c6	Pathological	syn53640630									
file	phs002371_HTAN	HTA3_50421_6902284	PCGA02_10421_1002284_deid.svs	SVS	92947709	4ec68fe74400655b3b2d9824dc329668	Pathological	syn53640629									
file	phs002371_HTAN	HTA3_50421_6902283	PCGA02_10421_1002283_deid.svs	SVS	97170397	3ecae12bf3ef579e9aedb81e5eb6dff0	Pathological	syn53640628									
file	phs002371_HTAN	HTA3_50420_6903421	PCGA02_10420_1003421_deid.svs	SVS	149871067	b947c8fb15adb83a632e30415d491720	Pathological	syn53640627									
file	phs002371_HTAN	HTA3_50420_6903420	PCGA02_10420_1003420_deid.svs	SVS	123209131	f46292c91b27e7e3c2cc3e576333425e	Pathological	syn53640626									
file	phs002371_HTAN	HTA3_50420_6903419	PCGA02_10420_1003419_deid.svs	SVS	84243355	759362d2a8b390cec08aaf56063ad86f	Pathological	syn53640625									
file	phs002371_HTAN	HTA3_50420_6902537	PCGA02_10420_1002537_deid.svs	SVS	103996027	092fcfab338ccfdad063e37724d7fb0a	Pathological	syn53640624									
file	phs002371_HTAN	HTA3_50420_6902536	PCGA02_10420_1002536_deid.svs	SVS	90171959	e801c57db0bbf4770bb04e528fb6b5e1	Pathological	syn53640623									
file	phs002371_HTAN	HTA3_50420_6901725	PCGA02_10420_1001725_deid.svs	SVS	81221623	3acdc8a3ee801dd2262334f8f9f5895a	Pathological	syn53640622									
file	phs002371_HTAN	HTA3_50420_6901724	PCGA02_10420_1001724_deid.svs	SVS	79290193	54daae17380b7678aeede5e0cd1bcbf9	Pathological	syn53640621									
file	phs002371_HTAN	HTA3_50420_6901723	PCGA02_10420_1001723_deid.svs	SVS	114015639	5e2f37db9887f901ab87d5b7ad76621c	Pathological	syn53640620									
file	phs002371_HTAN	HTA3_50419_6902526	PCGA02_10419_1002526_deid.svs	SVS	330547971	0dd534db5287e34a677a580adc129dc9	Pathological	syn53640619									
file	phs002371_HTAN	HTA3_50419_6902525	PCGA02_10419_1002525_deid.svs	SVS	300174905	9fad3d7a4319ce19320745ed31a8566c	Pathological	syn53640618									
file	phs002371_HTAN	HTA3_50418_6902729	PCGA02_10418_1002729_deid.svs	SVS	123301279	84d8571663e3785a8e2d9b17f9b8a171	Pathological	syn53640617									
file	phs002371_HTAN	HTA3_50418_6902728	PCGA02_10418_1002728_deid.svs	SVS	103887281	60cd1e3c5e99581c297530df14f33293	Pathological	syn53640616									
file	phs002371_HTAN	HTA3_50417_6903727	PCGA02_10417_1003727_deid.svs	SVS	119974413	1d317e1896f33c06aaefdd1e97547f29	Pathological	syn53640615									
file	phs002371_HTAN	HTA3_50417_6903726	PCGA02_10417_1003726_deid.svs	SVS	133833225	ad77772bd78bac44a9f8415da525ba93	Pathological	syn53640614									
file	phs002371_HTAN	HTA3_50417_6903725	PCGA02_10417_1003725_deid.svs	SVS	74636315	e2c4c068a450f63713a21ab14c834cca	Pathological	syn53640613									
file	phs002371_HTAN	HTA3_50417_6903724	PCGA02_10417_1003724_deid.svs	SVS	80983789	dd1a63b2912c9fe932dfe64f85af89c0	Pathological	syn53640612									
file	phs002371_HTAN	HTA3_50417_6902835	PCGA02_10417_1002835_deid.svs	SVS	58920935	2ff662687a64edc0f755bb9a7a7ca6d9	Pathological	syn53640611									
file	phs002371_HTAN	HTA3_50417_6902834	PCGA02_10417_1002834_deid.svs	SVS	42737289	79fe9ec8a9a9f31485373a8c88d00dd7	Pathological	syn53640610									
file	phs002371_HTAN	HTA3_50417_6902833	PCGA02_10417_1002833_deid.svs	SVS	51902727	c2cc7b1e1f2308b93edc62e74eddb1d1	Pathological	syn53640609									
file	phs002371_HTAN	HTA3_50417_6902832	PCGA02_10417_1002832_deid.svs	SVS	86900693	5ee93cc6565a89db33a4d5f1419665ce	Pathological	syn53640608									
file	phs002371_HTAN	HTA3_50416_6902116	PCGA02_10416_1002116_deid.svs	SVS	87006049	326ecf386d01b026b4805238373542f8	Pathological	syn53640607									
file	phs002371_HTAN	HTA3_50416_6902115	PCGA02_10416_1002115_deid.svs	SVS	150607823	13b90bb51dff4dacb41a52ae112beeaa	Pathological	syn53640606									
file	phs002371_HTAN	HTA3_50416_6902114	PCGA02_10416_1002114_deid.svs	SVS	181270127	ec8c25f50261077ccf019c47c1a317a6	Pathological	syn53640605									
file	phs002371_HTAN	HTA3_50415_6902071	PCGA02_10415_1002071_deid.svs	SVS	60660175	09469b6b9c64dd989bd8255c9fa8be2b	Pathological	syn53640604									
file	phs002371_HTAN	HTA3_50415_6902070	PCGA02_10415_1002070_deid.svs	SVS	41528217	dadca16b07023a7576bc4f7fd2fe9622	Pathological	syn53640603									
file	phs002371_HTAN	HTA3_50415_6901690	PCGA02_10415_1001690_deid.svs	SVS	105098257	9a2ba0de16b1c70039f9cd0463611d78	Pathological	syn53640602									
file	phs002371_HTAN	HTA3_50415_6901689	PCGA02_10415_1001689_deid.svs	SVS	102899877	97943c3f5217c27237c74e4e75af2592	Pathological	syn53640601									
file	phs002371_HTAN	HTA3_50415_6901688	PCGA02_10415_1001688_deid.svs	SVS	64723915	0a52799e62cf2495cba474e2d978bf3b	Pathological	syn53640600									
file	phs002371_HTAN	HTA3_50414_6902157	PCGA02_10414_1002157_deid.svs	SVS	42872535	816e59cbd666fcd1371b1ebe0071513b	Pathological	syn53640599									
file	phs002371_HTAN	HTA3_50414_6902156	PCGA02_10414_1002156_deid.svs	SVS	43866569	b30b7c548842f191300e1107d763e848	Pathological	syn53640598									
file	phs002371_HTAN	HTA3_50414_6902154	PCGA02_10414_1002154_deid.svs	SVS	80867623	45c85450de4114046d2a9587c842f4dc	Pathological	syn53640597									
file	phs002371_HTAN	HTA3_50414_6902153	PCGA02_10414_1002153_deid.svs	SVS	59399737	d3f3e5085186c7fba48bf1ae96019bed	Pathological	syn53640596									
file	phs002371_HTAN	HTA3_50414_6901759	PCGA02_10414_1001759_deid.svs	SVS	185222689	7001008ccbf965aa9ae42088c9ade842	Pathological	syn53640595									
file	phs002371_HTAN	HTA3_50414_6901758	PCGA02_10414_1001758_deid.svs	SVS	86917217	fd845de8ad7273169a6a9beaa811b7d8	Pathological	syn53640594									
file	phs002371_HTAN	HTA3_50414_6901178	PCGA02_10414_1001178_deid.svs	SVS	113634915	efc1b63a8541fb1cfe549dbe09346cf9	Pathological	syn53640593									
file	phs002371_HTAN	HTA3_50414_6901177	PCGA02_10414_1001177_deid.svs	SVS	179142071	c0469d448dc025ade467a8be8c3e1c1c	Pathological	syn53640592									
file	phs002371_HTAN	HTA3_50413_6901971	PCGA02_10413_1001971_deid.svs	SVS	78489731	d70b39c5f0d8ac05362129a90c406afe	Pathological	syn53640591									
file	phs002371_HTAN	HTA3_50413_6901970	PCGA02_10413_1001970_deid.svs	SVS	78977463	8145e55b17cb2cbd19fe23b101e68591	Pathological	syn53640590									
file	phs002371_HTAN	HTA3_50413_6901664	PCGA02_10413_1001664_deid.svs	SVS	86074713	6e66b0e1792050eb069347ff1b6b1d07	Pathological	syn53640589									
file	phs002371_HTAN	HTA3_50412_6906579	PCGA02_10412_1806579_deid.svs	SVS	60649167	cda504c68c1e64139176a2134ecd5c3f	Pathological	syn53640588									
file	phs002371_HTAN	HTA3_50412_6906578	PCGA02_10412_1806578_deid.svs	SVS	82445949	ca186c684731792248fccc16ced17748	Pathological	syn53640587									
file	phs002371_HTAN	HTA3_50412_6906550	PCGA02_10412_1006550_deid.svs	SVS	46868699	1de04cf7e377a110c0f59890c8cc74b4	Pathological	syn53640586									
file	phs002371_HTAN	HTA3_50412_6905107	PCGA02_10412_1005107_deid.svs	SVS	69200841	907c4044e333545d85f96872d4bdab68	Pathological	syn53640585									
file	phs002371_HTAN	HTA3_50412_6905106	PCGA02_10412_1005106_deid.svs	SVS	52130973	97f5a5478b0bbfe68c69fce0e7134a6e	Pathological	syn53640584									
file	phs002371_HTAN	HTA3_50412_6902083	PCGA02_10412_1002083_deid.svs	SVS	97840625	91a1341a9ea210ceb1efc8f88e6185cf	Pathological	syn53640583									
file	phs002371_HTAN	HTA3_50412_6902082	PCGA02_10412_1002082_deid.svs	SVS	107889367	7334d6605caa0a57a15981f1a8794480	Pathological	syn53640582									
file	phs002371_HTAN	HTA3_50412_6901705	PCGA02_10412_1001705_deid.svs	SVS	139670113	6949d94bfafa6845c663afd86044a4b7	Pathological	syn53640581									
file	phs002371_HTAN	HTA3_50411_6901935	PCGA02_10411_1001935_deid.svs	SVS	110751599	98b71be79afce2b75758c2eba3b00dc5	Pathological	syn53640580									
file	phs002371_HTAN	HTA3_50411_6901934	PCGA02_10411_1001934_deid.svs	SVS	100009321	186687decc57f7375f6297c66ba8551e	Pathological	syn53640579									
file	phs002371_HTAN	HTA3_50411_6901660	PCGA02_10411_1001660_deid.svs	SVS	70749603	203787a58a0f6eeb61de7ee6a55f739c	Pathological	syn53640578									
file	phs002371_HTAN	HTA3_50411_6901659	PCGA02_10411_1001659_deid.svs	SVS	65117633	802acc0601ef51e5db972d904adef2ee	Pathological	syn53640577									
file	phs002371_HTAN	HTA3_50411_6901658	PCGA02_10411_1001658_deid.svs	SVS	65093667	de3e0d6f64bc8e421143cc251eb93462	Pathological	syn53640576									
file	phs002371_HTAN	HTA3_50410_6901946	PCGA02_10410_1001946_deid.svs	SVS	174304877	e2d68edb52195a51b618c92470ffbf21	Pathological	syn53640575									
file	phs002371_HTAN	HTA3_50410_6901945	PCGA02_10410_1001945_deid.svs	SVS	181585097	2bcd549cad8beb920824f1ea07ba1b01	Pathological	syn53640574									
file	phs002371_HTAN	HTA3_50408_6901891	PCGA02_10408_1001891_deid.svs	SVS	67295433	a3bb0b9060db37bea69a668ac53e9752	Pathological	syn53640573									
file	phs002371_HTAN	HTA3_50408_6901890	PCGA02_10408_1001890_deid.svs	SVS	57598577	316e6437323448cc03d13033d16534e7	Pathological	syn53640572									
file	phs002371_HTAN	HTA3_50408_6901889	PCGA02_10408_1001889_deid.svs	SVS	132700021	5753102a1d14adf6357ffdd0865e996d	Pathological	syn53640571									
file	phs002371_HTAN	HTA3_50408_6901888	PCGA02_10408_1001888_deid.svs	SVS	108290643	aa08530d6dd9f5a5d5cc2bdad6a3ffe7	Pathological	syn53640570									
file	phs002371_HTAN	HTA3_50408_6901887	PCGA02_10408_1001887_deid.svs	SVS	121234921	da4b04cf66ab4fcd81332cd73f4dfba6	Pathological	syn53640569									
file	phs002371_HTAN	HTA3_50408_6901886	PCGA02_10408_1001886_deid.svs	SVS	130213383	bdb0f9e0876a1f3ddd87ee841303141b	Pathological	syn53640568									
file	phs002371_HTAN	HTA3_50408_6901632	PCGA02_10408_1001632_deid.svs	SVS	137222357	bdd84b431f79f7beb17fad2919470de8	Pathological	syn53640567									
file	phs002371_HTAN	HTA3_50408_6901631	PCGA02_10408_1001631_deid.svs	SVS	129102687	e9a9d24538fe7e5ac85d36ec9fce2fbd	Pathological	syn53640566									
file	phs002371_HTAN	HTA3_50408_6901630	PCGA02_10408_1001630_deid.svs	SVS	131372377	626fe927143b84f7aa756444ff5472b2	Pathological	syn53640565									
file	phs002371_HTAN	HTA3_50408_6901547	PCGA02_10408_1001547_deid.svs	SVS	86558029	9b01ba78f102bf469d8b809274335ff3	Pathological	syn53640564									
file	phs002371_HTAN	HTA3_50408_6901461	PCGA02_10408_1001461_deid.svs	SVS	70894179	41b0b70c929bfe0af6b248a6801e359f	Pathological	syn53640563									
file	phs002371_HTAN	HTA3_50407_6901732	PCGA02_10407_1001732_deid.svs	SVS	67238645	c56303d54e86f3ec5af75b5c63ffbf1c	Pathological	syn53640562									
file	phs002371_HTAN	HTA3_50407_6901731	PCGA02_10407_1001731_deid.svs	SVS	60831669	d1716bb4be7df53cf19a85ee3e010555	Pathological	syn53640561									
file	phs002371_HTAN	HTA3_50406_6901827	PCGA02_10406_1001827_deid.svs	SVS	79089039	9f352af7f81eeddef9172c4b8f1fdd88	Pathological	syn53640560									
file	phs002371_HTAN	HTA3_50406_6901826	PCGA02_10406_1001826_deid.svs	SVS	108126135	d555f0b05c2ef395d6dc9ef706722c06	Pathological	syn53640559									
file	phs002371_HTAN	HTA3_50406_6901825	PCGA02_10406_1001825_deid.svs	SVS	85842197	c88b76d5a394b8164b2e55a03dd1cbcc	Pathological	syn53640558									
file	phs002371_HTAN	HTA3_50405_6901779	PCGA02_10405_1001779_deid.svs	SVS	74693161	02c07859546ef045bb379fe12f2649b4	Pathological	syn53640557									
file	phs002371_HTAN	HTA3_50405_6901778	PCGA02_10405_1001778_deid.svs	SVS	79672769	52e9ac2d58269745825061a11f390f7d	Pathological	syn53640556									
file	phs002371_HTAN	HTA3_50404_6904417	PCGA02_10404_1004417_deid.svs	SVS	66108455	e873c1e6763d52d488cc7489d284fda0	Pathological	syn53640555									
file	phs002371_HTAN	HTA3_50404_6904416	PCGA02_10404_1004416_deid.svs	SVS	71318287	d37ce0e4859197c903d48969a40cd0c6	Pathological	syn53640554									
file	phs002371_HTAN	HTA3_50404_6904415	PCGA02_10404_1004415_deid.svs	SVS	58171871	60735053ca515523048c5f7461cd5916	Pathological	syn53640553									
file	phs002371_HTAN	HTA3_50404_6904414	PCGA02_10404_1004414_deid.svs	SVS	66179685	44ea73db19ed6418bb95238f726bf786	Pathological	syn53640552									
file	phs002371_HTAN	HTA3_50404_6901849	PCGA02_10404_1001849_deid.svs	SVS	69630995	74be79b26b73a3b7bbee3ea7acbc49b1	Pathological	syn53640549									
file	phs002371_HTAN	HTA3_50404_6901848	PCGA02_10404_1001848_deid.svs	SVS	67464657	28b7d631a7222a6c7d7d314958ad0ec5	Pathological	syn53640548									
file	phs002371_HTAN	HTA3_50404_6901847	PCGA02_10404_1001847_deid.svs	SVS	123605553	f2b2baf5ad9f36e68c6d3f6ab5ccd113	Pathological	syn53640547									
file	phs002371_HTAN	HTA3_50404_6901846	PCGA02_10404_1001846_deid.svs	SVS	98074769	9fff7536704306cd2c3e7d02ed7ba395	Pathological	syn53640546									
file	phs002371_HTAN	HTA3_50404_6901601	PCGA02_10404_1001601_deid.svs	SVS	76676477	a45fb19b2884275beb84cb8d6ea7750e	Pathological	syn53640545									
file	phs002371_HTAN	HTA3_50403_6901903	PCGA02_10403_1001903_deid.svs	SVS	150607729	88510116824ce5b7e6035975859d0b1c	Pathological	syn53640544									
file	phs002371_HTAN	HTA3_50403_6901902	PCGA02_10403_1001902_deid.svs	SVS	121430687	29ee7af45c98049f65b8d1d25b440ef3	Pathological	syn53640543									
file	phs002371_HTAN	HTA3_50403_6901901	PCGA02_10403_1001901_deid.svs	SVS	93270641	4c64f43133b953f7758d92914e1b68df	Pathological	syn53640542									
file	phs002371_HTAN	HTA3_50403_6901768	PCGA02_10403_1001768_deid.svs	SVS	60781019	5d283b53ffc92e4b198474365be28209	Pathological	syn53640541									
file	phs002371_HTAN	HTA3_50403_6901767	PCGA02_10403_1001767_deid.svs	SVS	80058131	ab0bb78fdfab525f1cb8bdd59778415a	Pathological	syn53640540									
file	phs002371_HTAN	HTA3_50403_6901766	PCGA02_10403_1001766_deid.svs	SVS	78598821	da404203727bf25e23f6e8b26ec84f30	Pathological	syn53640539									
file	phs002371_HTAN	HTA3_50402_6901712	PCGA02_10402_1001712_deid.svs	SVS	69192171	55ce1c4c92b04cefb49977aeb8f20793	Pathological	syn53640538									
file	phs002371_HTAN	HTA3_50402_6901711	PCGA02_10402_1001711_deid.svs	SVS	72557313	a83df8e93b3b376800ad9c406664c2b5	Pathological	syn53640537									
file	phs002371_HTAN	HTA3_50401_6905636	PCGA02_10401_1005636_deid.svs	SVS	70127633	81124069c52480217c548e85b21573f9	Pathological	syn53640536									
file	phs002371_HTAN	HTA3_50401_6905613	PCGA02_10401_1005613_deid.svs	SVS	67426965	5e829e286be52adf7ad3b5aadf145009	Pathological	syn53640535									
file	phs002371_HTAN	HTA3_50401_6905162	PCGA02_10401_1005162_deid.svs	SVS	56635187	f2922d06aeef75bbbfc4fd26a8232196	Pathological	syn53640534									
file	phs002371_HTAN	HTA3_50401_6905161	PCGA02_10401_1005161_deid.svs	SVS	86363521	651dd12ba2e7b17ab539a3824fd5e417	Pathological	syn53640533									
file	phs002371_HTAN	HTA3_50401_6901818	PCGA02_10401_1001818_deid.svs	SVS	145075667	91a3ee3339bd07b8e83fad41b55b9ebf	Pathological	syn53640532									
file	phs002371_HTAN	HTA3_50401_6901817	PCGA02_10401_1001817_deid.svs	SVS	152219359	23f614b21a47302110e50c4f296bb4a1	Pathological	syn53640531									
file	phs002371_HTAN	HTA3_50401_6901816	PCGA02_10401_1001816_deid.svs	SVS	105023541	4fad3a4c5b6ac618c728813e28e8a8f9	Pathological	syn53640530									
file	phs002371_HTAN	HTA3_50401_6901815	PCGA02_10401_1001815_deid.svs	SVS	107569477	266f3dd4c283eddc624252eac65d21a9	Pathological	syn53640529									
file	phs002371_HTAN	HTA3_50313_6902057	PCGA02_10313_1002057_deid.svs	SVS	96964067	6c4aa85dc0ca7a482a43f21cdebcec96	Pathological	syn53640528									
file	phs002371_HTAN	HTA3_50313_6902056	PCGA02_10313_1002056_deid.svs	SVS	106570255	d92b0a4694a26dc91fb39f0b11112e71	Pathological	syn53640527									
file	phs002371_HTAN	HTA3_50313_6901806	PCGA02_10313_1001806_deid.svs	SVS	85481201	f0e7568b22ed8f19c00b1c1634e7f5df	Pathological	syn53640526									
file	phs002371_HTAN	HTA3_50313_6901805	PCGA02_10313_1001805_deid.svs	SVS	157404739	fcdc4cc3c6c44f3cb5e18b55f82c9bdd	Pathological	syn53640525									
file	phs002371_HTAN	HTA3_50313_6901804	PCGA02_10313_1001804_deid.svs	SVS	149270535	dc5a6a7531f99746c0e68d776dc798bb	Pathological	syn53640524									
file	phs002371_HTAN	HTA3_50313_6901803	PCGA02_10313_1001803_deid.svs	SVS	151971403	694808415941c0e6added46ae72a3e71	Pathological	syn53640523									
file	phs002371_HTAN	HTA3_50312_6901789	PCGA02_10312_1001789_deid.svs	SVS	48275591	9c81849059396e67e27973a185c59d68	Pathological	syn53640522									
file	phs002371_HTAN	HTA3_50312_6901788	PCGA02_10312_1001788_deid.svs	SVS	221310117	2733b477b2c15ce153a2fcadf5f77226	Pathological	syn53640521									
file	phs002371_HTAN	HTA3_50312_6901787	PCGA02_10312_1001787_deid.svs	SVS	197210365	270cd38f326fff00834a0b78e356439b	Pathological	syn53640520									
file	phs002371_HTAN	HTA3_50311_6901495	PCGA02_10311_1001495_deid.svs	SVS	67745775	300e0594ac49a45399579db25dc0f656	Pathological	syn53640761									
file	phs002371_HTAN	HTA3_50311_6901494	PCGA02_10311_1001494_deid.svs	SVS	45851579	ec89f6b8475018a4ac6b01f4d61de5d0	Pathological	syn53640760									
file	phs002371_HTAN	HTA3_50311_6901070	PCGA02_10311_1001070_deid.svs	SVS	93164901	a0e8adb0abf5fbde84a364ca2174c4da	Pathological	syn53640759									
file	phs002371_HTAN	HTA3_50311_6901068	PCGA02_10311_1001068_deid.svs	SVS	118304035	41dc743cfc8b93c7f3b0a4d71084468e	Pathological	syn53640758									
file	phs002371_HTAN	HTA3_50310_6901054	PCGA02_10310_1001054_deid.svs	SVS	93119659	ca79aea5b463f77eed7bac316ebbea9a	Pathological	syn53640757									
file	phs002371_HTAN	HTA3_50309_6906141	PCGA02_10309_1006141_deid.svs	SVS	48035451	93e40f6b3aa89407699d99ffa14c8177	Pathological	syn53640756									
file	phs002371_HTAN	HTA3_50309_6906122	PCGA02_10309_1006122_deid.svs	SVS	61597229	cc2e384358d0fb7b6057005a8e9c4033	Pathological	syn53640755									
file	phs002371_HTAN	HTA3_50309_6906121	PCGA02_10309_1006121_deid.svs	SVS	31266723	2d64532be375fbaab329ebc1dd785f5e	Pathological	syn53640754									
file	phs002371_HTAN		PCGA02_10309_1006073_deid.svs	SVS	41055515	eb5bb32135d92140a463c2a92271da17	Pathological	syn53640753									
file	phs002371_HTAN	HTA3_50309_6901333	PCGA02_10309_1001333_deid.svs	SVS	212767357	f6cf0c6b26a943d379311f517104146e	Pathological	syn53640752									
file	phs002371_HTAN	HTA3_50308_6901374	PCGA02_10308_1001374_deid.svs	SVS	66891863	d4f65227fbc0f3ba448672ef78134be3	Pathological	syn53640751									
file	phs002371_HTAN	HTA3_50307_6901531	PCGA02_10307_1001531_deid.svs	SVS	83510079	de0193541ccb9b333217f7ecbb3fc377	Pathological	syn53640750									
file	phs002371_HTAN	HTA3_50307_6901530	PCGA02_10307_1001530_deid.svs	SVS	111356107	4e91698435f6a122df5686487c1c9587	Pathological	syn53640749									
file	phs002371_HTAN	HTA3_50307_6901529	PCGA02_10307_1001529_deid.svs	SVS	110985575	53229b5d2979c433552ed46aa48ecc11	Pathological	syn53640748									
file	phs002371_HTAN	HTA3_50307_6901528	PCGA02_10307_1001528_deid.svs	SVS	167076633	ea970ee9d5f7467f26df6abee6fd8940	Pathological	syn53640746									
file	phs002371_HTAN	HTA3_50307_6901527	PCGA02_10307_1001527_deid.svs	SVS	156781871	a4def49f9c5f923e4f25ba7d2a79443b	Pathological	syn53640745									
file	phs002371_HTAN	HTA3_50307_6900685	PCGA02_10307_1000685_deid.svs	SVS	95581353	6963399fcd03ab9fbc08f0e4972c1ec8	Pathological	syn53640744									
file	phs002371_HTAN	HTA3_50307_6900684	PCGA02_10307_1000684_deid.svs	SVS	110630803	04125c3fc49fcf6e1165b37ab81d6d18	Pathological	syn53640743									
file	phs002371_HTAN	HTA3_50307_6900683	PCGA02_10307_1000683_deid.svs	SVS	111821847	1a9f2ab67d6211c2fce0afa40dea417c	Pathological	syn53640742									
file	phs002371_HTAN	HTA3_50307_6900682	PCGA02_10307_1000682_deid.svs	SVS	102414249	c33722db6a30c7218d30a35960c459a8	Pathological	syn53640741									
file	phs002371_HTAN	HTA3_50307_6900681	PCGA02_10307_1000681_deid.svs	SVS	180370507	cb89634a79a818f06a7c908536b4ed19	Pathological	syn53640740									
file	phs002371_HTAN	HTA3_50306_6901566	PCGA02_10306_1001566_deid.svs	SVS	135986433	c626f2a1480c97619450c1dcb09b3fce	Pathological	syn53640736									
file	phs002371_HTAN	HTA3_50306_6901565	PCGA02_10306_1001565_deid.svs	SVS	120798183	69c9d1ac49edb2c1b3de4135ce61dfce	Pathological	syn53640735									
file	phs002371_HTAN	HTA3_50306_6901564	PCGA02_10306_1001564_deid.svs	SVS	162110527	2069a19f50634dbb2358acf6733d56ff	Pathological	syn53640734									
file	phs002371_HTAN	HTA3_50306_6901563	PCGA02_10306_1001563_deid.svs	SVS	125383565	56a03b0d36e1776095ecdfcb956f54a3	Pathological	syn53640733									
file	phs002371_HTAN	HTA3_50306_6901562	PCGA02_10306_1001562_deid.svs	SVS	147493457	0261dcce568463a6bd0361c9db67948c	Pathological	syn53640732									
file	phs002371_HTAN	HTA3_50306_6901510	PCGA02_10306_1001510_deid.svs	SVS	427528861	3a2d8408f95e680b41564b61f96d2c5d	Pathological	syn53640731									
file	phs002371_HTAN	HTA3_50306_6901509	PCGA02_10306_1001509_deid.svs	SVS	655956027	2cf10aecd9f79bc394209da5942252b1	Pathological	syn53640730									
file	phs002371_HTAN	HTA3_50306_6901508	PCGA02_10306_1001508_deid.svs	SVS	116650607	c0e3721503f1f30a363c826c4c0fede5	Pathological	syn53640729									
file	phs002371_HTAN	HTA3_50306_6901507	PCGA02_10306_1001507_deid.svs	SVS	109428143	0ac2c206d04b8fc91af2ba4981a41ea1	Pathological	syn53640728									
file	phs002371_HTAN	HTA3_50306_6901506	PCGA02_10306_1001506_deid.svs	SVS	116137557	c0d38d3586c1bb2425afbd240fe3ea48	Pathological	syn53640727									
file	phs002371_HTAN	HTA3_50306_6901449	PCGA02_10306_1001449_deid.svs	SVS	131492633	f789457d6e3618f867a666b04a2bd869	Pathological	syn53640726									
file	phs002371_HTAN	HTA3_50306_6901448	PCGA02_10306_1001448_deid.svs	SVS	151002889	9d1ae8872ba374d606728c1998f05a30	Pathological	syn53640725									
file	phs002371_HTAN	HTA3_50306_6901447	PCGA02_10306_1001447_deid.svs	SVS	162274699	eedfaf491296fe23c7e60012b68f87f4	Pathological	syn53640724									
file	phs002371_HTAN	HTA3_50306_6901386	PCGA02_10306_1001386_deid.svs	SVS	190791775	0f2a655f7671a785fd17507165d6edef	Pathological	syn53640723									
file	phs002371_HTAN	HTA3_50306_6901385	PCGA02_10306_1001385_deid.svs	SVS	196973817	86aad35f64d0058064384af1ae8a09ec	Pathological	syn53640722									
file	phs002371_HTAN	HTA3_50306_6901384	PCGA02_10306_1001384_deid.svs	SVS	265914823	02a26d5fa77448699e6848564fa46d92	Pathological	syn53640721									
file	phs002371_HTAN	HTA3_50305_6901554	PCGA02_10305_1001554_deid.svs	SVS	149962899	c60ff919dd43d8a9eb0a283279d2c68a	Pathological	syn53640720									
file	phs002371_HTAN	HTA3_50305_6901468	PCGA02_10305_1001468_deid.svs	SVS	121534809	7256438b4dc6fe82b528a0be4d8aee4d	Pathological	syn53640719									
file	phs002371_HTAN	HTA3_50304_6901544	PCGA02_10304_1001544_deid.svs	SVS	147860319	5830404e685dbe26238c4d36ef8b05fe	Pathological	syn53640718									
file	phs002371_HTAN	HTA3_50304_6901543	PCGA02_10304_1001543_deid.svs	SVS	156401999	6327952e3d606d9f9dc9313ee0338d5b	Pathological	syn53640717									
file	phs002371_HTAN	HTA3_50304_6901429	PCGA02_10304_1001429_deid.svs	SVS	146436095	c963f73d9704b20f94db45a90de9866f	Pathological	syn53640716									
file	phs002371_HTAN	HTA3_50304_6901427	PCGA02_10304_1001427_deid.svs	SVS	179616467	917a01656240b3b8cde3830601d59818	Pathological	syn53640715									
file	phs002371_HTAN	HTA3_50303_6901524	PCGA02_10303_1001524_deid.svs	SVS	50975405	ce01dbcffaa82f379525a4895cd56c73	Pathological	syn53640714									
file	phs002371_HTAN	HTA3_50303_6901523	PCGA02_10303_1001523_deid.svs	SVS	104915735	706867299e1f36c8e4764358c78a859c	Pathological	syn53640713									
file	phs002371_HTAN	HTA3_50303_6901522	PCGA02_10303_1001522_deid.svs	SVS	103028653	489e1f89ed64f95c81ad208003d196d2	Pathological	syn53640712									
file	phs002371_HTAN	HTA3_50303_6901520	PCGA02_10303_1001520_deid.svs	SVS	97551359	383ad946cec44505f86a6d6dcd89fe11	Pathological	syn53640711									
file	phs002371_HTAN	HTA3_50303_6901519	PCGA02_10303_1001519_deid.svs	SVS	170352041	130f2a0029c4b552796791b127d8fde7	Pathological	syn53640710									
file	phs002371_HTAN	HTA3_50303_6901424	PCGA02_10303_1001424_deid.svs	SVS	102638241	0836641b8ab384ef170482d104e158ef	Pathological	syn53640709									
file	phs002371_HTAN	HTA3_50303_6901422	PCGA02_10303_1001422_deid.svs	SVS	148067403	75eb627cbe5d384e99b4216f4383e9cf	Pathological	syn53640708									
file	phs002371_HTAN	HTA3_50303_6901421	PCGA02_10303_1001421_deid.svs	SVS	166162289	d81b38f5d8b0effcc5a215e4c087fb6a	Pathological	syn53640706									
file	phs002371_HTAN	HTA3_50303_6901420	PCGA02_10303_1001420_deid.svs	SVS	196413721	1793a6437ce60dfde1d0f1be4fb21219	Pathological	syn53640705									
file	phs002371_HTAN	HTA3_50303_6901419	PCGA02_10303_1001419_deid.svs	SVS	161647571	de46705e5f57b064d8b35dbca1648bc3	Pathological	syn53640704									
file	phs002371_HTAN	HTA3_50302_6901084	PCGA02_10302_1001084_deid.svs	SVS	97011879	dbe7a604711ffe4d07b33738fb71925d	Pathological	syn53640703									
file	phs002371_HTAN	HTA3_50302_6901083	PCGA02_10302_1001083_deid.svs	SVS	87144503	71f505ec25aa18dd5819abb5e210a67b	Pathological	syn53640702									
file	phs002371_HTAN	HTA3_50302_6901082	PCGA02_10302_1001082_deid.svs	SVS	102669931	908092988c54a77c51f213b92d400199	Pathological	syn53640698									
file	phs002371_HTAN	HTA3_50301_6901536	PCGA02_10301_1001536_deid.svs	SVS	149008557	dfeb72cfbc928f1685b1290a9da95829	Pathological	syn53640697									
file	phs002371_HTAN	HTA3_50301_6901535	PCGA02_10301_1001535_deid.svs	SVS	105626383	e1570e64b94b63413f6d546149343e2f	Pathological	syn53640696									
file	phs002371_HTAN	HTA3_50301_6901534	PCGA02_10301_1001534_deid.svs	SVS	68547203	8a81144265e3ca6d540737defea5daa2	Pathological	syn53640695									
file	phs002371_HTAN	HTA3_50301_6901458	PCGA02_10301_1001458_deid.svs	SVS	116206995	ab37a0a18cd1cf7684141e36faf68961	Pathological	syn53640694									
file	phs002371_HTAN	HTA3_50301_6901457	PCGA02_10301_1001457_deid.svs	SVS	125919035	17247c696caa2d6b261d969a157cf578	Pathological	syn53640693									
file	phs002371_HTAN	HTA3_50301_6901456	PCGA02_10301_1001456_deid.svs	SVS	150327341	cc533215a7253bd6c450eb8ce462cf56	Pathological	syn53640692									
file	phs002371_HTAN	HTA3_50206_6901596	PCGA02_10206_1001596_deid.svs	SVS	101569491	fd53d319889f6717609f5d368411e364	Pathological	syn53640519									
file	phs002371_HTAN	HTA3_50206_6901595	PCGA02_10206_1001595_deid.svs	SVS	102984219	8a01b53752cb76a0861e3a51c444ccf1	Pathological	syn53640518									
file	phs002371_HTAN	HTA3_50204_6901619	PCGA02_10204_1001619_deid.svs	SVS	36976379	0c32463f95416c9a67563159085f604d	Pathological	syn53640517									
file	phs002371_HTAN	HTA3_50203_6901869	PCGA02_10203_1001869_deid.svs	SVS	86279753	809411776ce4a6ff299763bb06f163b0	Pathological	syn53640516									
file	phs002371_HTAN	HTA3_50203_6901868	PCGA02_10203_1001868_deid.svs	SVS	71599215	01ee10320eaba5621ea28c9555887889	Pathological	syn53640515									
file	phs002371_HTAN	HTA3_50203_6901614	PCGA02_10203_1001614_deid.svs	SVS	108374511	60ea3e3a03d5fd56491542041fedfb90	Pathological	syn53640514									
file	phs002371_HTAN	HTA3_50203_6901613	PCGA02_10203_1001613_deid.svs	SVS	90821907	6f057a06f59a9e7a658c0bf3462ecba8	Pathological	syn53640513									
file	phs002371_HTAN	HTA3_50202_6901624	PCGA02_10202_1001624_deid.svs	SVS	85129321	ca67d8b6e9fa34470bc3b7af1bf90b12	Pathological	syn53640512									
file	phs002371_HTAN	HTA3_50044_6901838	PCGA02_10044_1001838_deid.svs	SVS	41166215	e5cd60b16fbc7d9d2a05f368320694b8	Pathological	syn53640511									
file	phs002371_HTAN	HTA3_50044_6901836	PCGA02_10044_1001836_deid.svs	SVS	95819403	352eb86170b3f4f5d3a04cdc214d61c8	Pathological	syn53640510									
file	phs002371_HTAN	HTA3_50044_6901592	PCGA02_10044_1001592_deid.svs	SVS	175674343	7d783f8e9e90cbc8bce8a96c5c01c5ed	Pathological	syn53640509									
file	phs002371_HTAN	HTA3_50044_6901588	PCGA02_10044_1001588_deid.svs	SVS	124915875	1564fe09c85eeebe53183978d1afb3d5	Pathological	syn53640508									
file	phs002371_HTAN	HTA3_50857_6911051	HTA3_50857_6911051_deid.svs	SVS	351686319	def29de07bbd5212b021bb2aec2c221c	Pathological	syn58926321									
file	phs002371_HTAN	HTA3_50857_6911044	HTA3_50857_6911044_deid.svs	SVS	394665911	ecbc6c23d8bf8ac0c1e52602b0158296	Pathological	syn58926305									
file	phs002371_HTAN	HTA3_50856_6990051	HTA3_50856_6990051_deid.svs	SVS	537145099	ee45c079a4c3a0b7431b37700f42c095	Pathological	syn58926256									
file	phs002371_HTAN	HTA3_50856_6990044	HTA3_50856_6990044_deid.svs	SVS	559467951	48fba0b21de6901a132f62a81657c11f	Pathological	syn58926233									
file	phs002371_HTAN	HTA3_50855_6980051	HTA3_50855_6980051_deid.svs	SVS	365335545	3cf641343314a3f64e6bc46c8c0f5981	Pathological	syn58926216									
file	phs002371_HTAN	HTA3_50855_6980044	HTA3_50855_6980044_deid.svs	SVS	479361613	6bacdbf8f36ba534f257f1bba2b4ede4	Pathological	syn58926204									
file	phs002371_HTAN	HTA3_50854_6970051	HTA3_50854_6970051_deid.svs	SVS	1066811729	df8fc256124585ccdeea869a629e18ab	Pathological	syn58926165									
file	phs002371_HTAN	HTA3_50854_6970044	HTA3_50854_6970044_deid.svs	SVS	1056166611	c9daceafc0e4334b0b749677cc6854d9	Pathological	syn58926156									
file	phs002371_HTAN	HTA3_50853_6960044	HTA3_50853_6960044_deid.svs	SVS	500231615	76be9363c5ad7015eba427ae60aa746f	Pathological	syn58926117									
file	phs002371_HTAN	HTA3_50805_6912069	HTA3_50805_6912069_deid.svs	SVS	312561035	d1c7dc92ed0a9ea7b925dd2974199a6a	Pathological	syn58925793									
file	phs002371_HTAN	HTA3_50805_6912062	HTA3_50805_6912062_deid.svs	SVS	322119061	721044e0e388776c6e48d2e4e1209ad0	Pathological	syn58925781									
file	phs002371_HTAN	HTA3_50805_6912055	HTA3_50805_6912055_deid.svs	SVS	314282053	e7eb40360eb29203da429196ea8c52fb	Pathological	syn58925771									
file	phs002371_HTAN	HTA3_50805_6912049	HTA3_50805_6912049_deid.svs	SVS	399799097	4d11257921a05ed7b77879937558d2b7	Pathological	syn58925748									
file	phs002371_HTAN	HTA3_50805_6912042	HTA3_50805_6912042_deid.svs	SVS	419890111	f48d52fb4d7ed398e1f1fec8a3400fab	Pathological	syn58925717									
file	phs002371_HTAN	HTA3_50805_6912035	HTA3_50805_6912035_deid.svs	SVS	400503709	2e66fc679982f82397df5ed07c5531da	Pathological	syn58925701									
file	phs002371_HTAN	HTA3_50805_6912029	HTA3_50805_6912029_deid.svs	SVS	842907871	93b63eb8d21cf12b1f8dd824f0cd6891	Pathological	syn58925691									
file	phs002371_HTAN	HTA3_50805_6912025	HTA3_50805_6912025_deid.svs	SVS	842622779	a1872863f063b48c1b371aa8f49834d3	Pathological	syn58925677									
file	phs002371_HTAN	HTA3_50805_6912021	HTA3_50805_6912021_deid.svs	SVS	906642279	76a9fc0d6545eb2e6363e3a0d6e2ee5d	Pathological	syn58925623									
file	phs002371_HTAN	HTA3_50805_6912015	HTA3_50805_6912015_deid.svs	SVS	1038525015	35b4f9f25d8ce6bb5e7a5eb624065a3b	Pathological	syn58925609									
file	phs002371_HTAN	HTA3_50805_6912011	HTA3_50805_6912011_deid.svs	SVS	1081389055	72432a533c81f7bd594ddda8d49f36e5	Pathological	syn58925563									
file	phs002371_HTAN	HTA3_50805_6912007	HTA3_50805_6912007_deid.svs	SVS	1124419235	630492a239ad7627c0eaff3771f9a245	Pathological	syn58925528									
file	phs002371_HTAN	HTA3_50804_6950063	HTA3_50804_6950063_deid.svs	SVS	200674257	1264469ba4b101cf637cd2abfba4d97b	Pathological	syn58925496									
file	phs002371_HTAN	HTA3_50804_6950056	HTA3_50804_6950056_deid.svs	SVS	213378075	19692f9e4d4aa5a3a62914c30b1118cb	Pathological	syn58925463									
file	phs002371_HTAN	HTA3_50804_6950049	HTA3_50804_6950049_deid.svs	SVS	193565195	969f221c015790b66424dd267f369cc7	Pathological	syn58925449									
file	phs002371_HTAN	HTA3_50804_6950043	HTA3_50804_6950043_deid.svs	SVS	186331331	46c2a04b62965d57cdd5f4f072a54016	Pathological	syn58925432									
file	phs002371_HTAN	HTA3_50804_6950039	HTA3_50804_6950039_deid.svs	SVS	190815055	e9678d027a02ec280ca5711fef5cd81c	Pathological	syn58925423									
file	phs002371_HTAN	HTA3_50804_6950035	HTA3_50804_6950035_deid.svs	SVS	197183203	4644ecadba8c6208c79ca8b858257749	Pathological	syn58925412									
file	phs002371_HTAN	HTA3_50804_6950029	HTA3_50804_6950029_deid.svs	SVS	632740759	ea792997ae0eb69ff0a8ed64d098b2e8	Pathological	syn58925399									
file	phs002371_HTAN	HTA3_50804_6950025	HTA3_50804_6950025_deid.svs	SVS	635568701	dc1ecaf885dfcbab63a4619f7feb15f4	Pathological	syn58925375									
file	phs002371_HTAN	HTA3_50804_6950021	HTA3_50804_6950021_deid.svs	SVS	645979869	f9139787ffda371a6ae19db771a4901e	Pathological	syn58925366									
file	phs002371_HTAN	HTA3_50804_6950015	HTA3_50804_6950015_deid.svs	SVS	279845299	58f165bfd52ad295548d54fcedce4ab2	Pathological	syn58925354									
file	phs002371_HTAN	HTA3_50804_6950007	HTA3_50804_6950007_deid.svs	SVS	291961435	0f728c2b8aa3d4575877fceefb5bae9f	Pathological	syn58925335									
file	phs002371_HTAN	HTA3_50803_6940069	HTA3_50803_6940069_deid.svs	SVS	461312993	25833b6122f6081690b3a53ecb7cf4d7	Pathological	syn58925311									
file	phs002371_HTAN	HTA3_50803_6940062	HTA3_50803_6940062_deid.svs	SVS	442687335	f59b00e8fa069cbf2095367d6da4440f	Pathological	syn58925303									
file	phs002371_HTAN	HTA3_50803_6940055	HTA3_50803_6940055_deid.svs	SVS	445903519	c587569c7b9a6b81e774c928a7d87773	Pathological	syn58925283									
file	phs002371_HTAN	HTA3_50803_6940049	HTA3_50803_6940049_deid.svs	SVS	455565813	a4477ef5dbd2b24dee413caf8b4a7108	Pathological	syn58925263									
file	phs002371_HTAN	HTA3_50803_6940045	HTA3_50803_6940045_deid.svs	SVS	428509359	92f4d43813ce12fe8938b43618920b86	Pathological	syn58925242									
file	phs002371_HTAN	HTA3_50803_6940041	HTA3_50803_6940041_deid.svs	SVS	447347559	c9846149f0cdccf02957614e9ceeb6b8	Pathological	syn58925228									
file	phs002371_HTAN	HTA3_50803_6940035	HTA3_50803_6940035_deid.svs	SVS	574166865	8d92019a30d581015da6d677019748ae	Pathological	syn58925214									
file	phs002371_HTAN	HTA3_50803_6940031	HTA3_50803_6940031_deid.svs	SVS	604453677	b9e34af62cf4c0ba45297e721c05a5b1	Pathological	syn58925207									
file	phs002371_HTAN	HTA3_50803_6940027	HTA3_50803_6940027_deid.svs	SVS	641659289	b37f7115756cfd3a085ff7e287582047	Pathological	syn58925199									
file	phs002371_HTAN	HTA3_50803_6940021	HTA3_50803_6940021_deid.svs	SVS	599368347	25f81415f681068d2711a6bbb906aa57	Pathological	syn58925189									
file	phs002371_HTAN	HTA3_50803_6940014	HTA3_50803_6940014_deid.svs	SVS	635397697	df3aa3619e0f36ff22479926a9f1d12a	Pathological	syn58925153									
file	phs002371_HTAN	HTA3_50803_6940007	HTA3_50803_6940007_deid.svs	SVS	572907979	c3b9504e54d8e2758a4f79a1a913ed95	Pathological	syn58925148									
file	phs002371_HTAN	HTA3_50802_6930075	HTA3_50802_6930075_deid.svs	SVS	636474531	4c0c62b3e4ad33a9a34c43bafb78793d	Pathological	syn58925134									
file	phs002371_HTAN	HTA3_50802_6930068	HTA3_50802_6930068_deid.svs	SVS	615017295	2d01306b62172edcb5364682bae2155f	Pathological	syn58925129									
file	phs002371_HTAN	HTA3_50802_6930061	HTA3_50802_6930061_deid.svs	SVS	625308235	1281e314ec23d3002b121b3b34587b62	Pathological	syn58925119									
file	phs002371_HTAN	HTA3_50802_6930055	HTA3_50802_6930055_deid.svs	SVS	287793803	62dde35815bab040cbe89a49de758016	Pathological	syn58925105									
file	phs002371_HTAN	HTA3_50802_6930051	HTA3_50802_6930051_deid.svs	SVS	329907997	6d709d221591c8ad4c5c2ec9e409a549	Pathological	syn58925096									
file	phs002371_HTAN	HTA3_50802_6930047	HTA3_50802_6930047_deid.svs	SVS	335531065	b5fa2b9af0adaeac6f76292be07c69ae	Pathological	syn58925091									
file	phs002371_HTAN	HTA3_50802_6930041	HTA3_50802_6930041_deid.svs	SVS	577279405	6536d7633496d51a9bcf51a04ccb661c	Pathological	syn58925088									
file	phs002371_HTAN	HTA3_50802_6930034	HTA3_50802_6930034_deid.svs	SVS	575251699	b91e73efa31ab3c3f8e5e1e8af6d48ac	Pathological	syn58925085									
file	phs002371_HTAN	HTA3_50802_6930027	HTA3_50802_6930027_deid.svs	SVS	513748473	378a1b3dde43d60323a4592d20149117	Pathological	syn58925080									
file	phs002371_HTAN	HTA3_50802_6930021	HTA3_50802_6930021_deid.svs	SVS	659874451	e9c0c7b9543f495391ed3c5abe9eafc6	Pathological	syn58925076									
file	phs002371_HTAN	HTA3_50802_6930014	HTA3_50802_6930014_deid.svs	SVS	649134015	b7b57ba0f9183181975813af2ab8b9a4	Pathological	syn58925068									
file	phs002371_HTAN	HTA3_50802_6930007	HTA3_50802_6930007_deid.svs	SVS	638058981	6a9631ae83caf23af38e04a5d45f14bf	Pathological	syn58925059									
file	phs002371_HTAN	HTA3_50801_6920069	HTA3_50801_6920069_deid.svs	SVS	502054525	09c870fcd95438ccbe1ae52f88d038db	Pathological	syn58925049									
file	phs002371_HTAN	HTA3_50801_6920065	HTA3_50801_6920065_deid.svs	SVS	510397719	444f1138362645175f9b9f7891b54ad0	Pathological	syn58925046									
file	phs002371_HTAN	HTA3_50801_6920061	HTA3_50801_6920061_deid.svs	SVS	514832893	f1c7deeb89c58ab3bf287424e0bf2f58	Pathological	syn58925037									
file	phs002371_HTAN	HTA3_50801_6920055	HTA3_50801_6920055_deid.svs	SVS	510162967	2a20daa650ee0c541674b8e1ea715701	Pathological	syn58925026									
file	phs002371_HTAN	HTA3_50801_6920048	HTA3_50801_6920048_deid.svs	SVS	473932609	77ae775d076542b80bb1b38bcf95cefd	Pathological	syn58925018									
file	phs002371_HTAN	HTA3_50801_6920041	HTA3_50801_6920041_deid.svs	SVS	496552435	d2dfd9783a42dc85046df5f784cb537b	Pathological	syn58925015									
file	phs002371_HTAN	HTA3_50801_6920035	HTA3_50801_6920035_deid.svs	SVS	481907455	4247d7112300ef8a5dce314dd85a932e	Pathological	syn58925001									
file	phs002371_HTAN	HTA3_50801_6920028	HTA3_50801_6920028_deid.svs	SVS	496225371	829166373d702866283163cdb2ac08b4	Pathological	syn58924997									
file	phs002371_HTAN	HTA3_50801_6920021	HTA3_50801_6920021_deid.svs	SVS	445666363	b10dd41adae139c0c0c93b1ab7e154c0	Pathological	syn58924988									
file	phs002371_HTAN	HTA3_50801_6920015	HTA3_50801_6920015_deid.svs	SVS	519565181	669ca293602291e3beb50d68abdd3493	Pathological	syn58924983									
file	phs002371_HTAN	HTA3_50801_6920011	HTA3_50801_6920011_deid.svs	SVS	506840881	69d333d2fa2fb44e0ef34818804d3c89	Pathological	syn58924974									
file	phs002371_HTAN	HTA3_50801_6920007	HTA3_50801_6920007_deid.svs	SVS	536167385	ef9252e69e73e4414158a64f1362c871	Pathological	syn58924918									
file	phs002371_HTAN	HTA3_50805_1512049	50805_B8_deid.svs	SVS	435890837	5f59b1fd35b78f36b5d0616d0b1e4617	Pathological	syn53640811									
file	phs002371_HTAN	HTA3_50805_1512029	50805_B6_deid.svs	SVS	394488405	42949ba9034a225d16c1216ce031ee55	Pathological	syn53640809									
file	phs002371_HTAN	HTA3_50805_1512015	50805_B4_deid.svs	SVS	872564115	ddf787f19dec9789f80b89cb911efb5c	Pathological	syn53640806									
file	phs002371_HTAN	HTA3_50805_1512001	50805_B3_deid.svs	SVS	1058516405	3c2cab96381ce5a73026e7ca2dbe44c0	Pathological	syn53640803									
file	phs002371_HTAN	HTA3_50804_1550001	50804_C3_deid.svs	SVS	531258309	0bc25ee30cda3e17573faded2c241251	Pathological	syn53640801									
file	phs002371_HTAN	HTA3_50804_1550015	50804_C2_deid.svs	SVS	1047010425	d619686470a0c19523b94a10898ce9dc	Pathological	syn53640799									
file	phs002371_HTAN	HTA3_50804_1550043	50804_C1_deid.svs	SVS	461757907	0f112ebcdaf17592368ebf12a195e6a1	Pathological	syn53640796									
file	phs002371_HTAN	HTA3_50804_1550029	50804_B1_deid.svs	SVS	529931961	9dd81a0f9b51521086643985914a702c	Pathological	syn53640794									
file	phs002371_HTAN	HTA3_50803_1540049	50803_C2_deid.svs	SVS	415293527	413da389d052c735ccdc7a90dcd6dd14	Pathological	syn53640792									
file	phs002371_HTAN	HTA3_50803_1540021	50803_B2_deid.svs	SVS	865320979	cc8f3b00a9ffb563edfc4a0ce4dfbc3e	Pathological	syn53640790									
file	phs002371_HTAN	HTA3_50803_1540001	50803_A3_deid.svs	SVS	867263567	9631d61d62e4c3779698b8b9e7b2faa4	Pathological	syn53640786									
file	phs002371_HTAN	HTA3_50803_1540035	50803_A1_deid.svs	SVS	469921245	8aa1753c6c827e2892d445302666301f	Pathological	syn53640784									
file	phs002371_HTAN	HTA3_50802_1530021	50802_C2_deid.svs	SVS	681240249	fe80269c21d3b55895e5ce5e7523f8e0	Pathological	syn58924682									
file	phs002371_HTAN	HTA3_50802_1530001	50802_A4_deid.svs	SVS	995864511	4b07dd4efbec8d20c25b0557fbbe52c4	Pathological	syn53640780									
file	phs002371_HTAN	HTA3_50802_1530055	50802_A2_deid.svs	SVS	724066833	3c97c4307d02ef9f3781c368b1372452	Pathological	syn53640778									
file	phs002371_HTAN	HTA3_50802_1530041	50802_A1_deid.svs	SVS	397598991	bd1f282b9ceb8ba74c5367f1a3dfcdd4	Pathological	syn53640775									
file	phs002371_HTAN	HTA3_50801_1520055	50801_D8_deid.svs	SVS	995209095	52e620e816b48f4a6bf50ca2c176999d	Pathological	syn53640773									
file	phs002371_HTAN	HTA3_50801_1520035	50801_D7_deid.svs	SVS	951787271	9565e84d16ebd6f4c461c4fee9a4ac6f	Pathological	syn53640767									
file	phs002371_HTAN	HTA3_50801_1520015	50801_A5_deid.svs	SVS	428633055	c708fdb407500dedc186f6a610fc489c	Pathological	syn53640765									
file	phs002371_HTAN	HTA3_50801_1520001	50801_A13_deid.svs	SVS	1274010139	126c11eb9fa9566db30b10ee3c89c54c	Pathological	syn53640763									
file	phs002371_HTAN	HTA3_50735_1526031	50735_H6_deid.svs	SVS	849981357	19bd755cbbd9f01c36e51d91a2729e8b	Pathological	syn58924516									
file	phs002371_HTAN	HTA3_50735_1526016	50735_H5_deid.svs	SVS	1106399835	455710cb3d03fd98b26eebcda059f493	Pathological	syn58924510									
file	phs002371_HTAN	HTA3_50735_1526001	50735_H4_deid.svs	SVS	1444237957	18b5c627bf71762d5ba0384db8fea4b4	Pathological	syn58924498									
file	phs002371_HTAN	HTA3_50734_1525031	50734_A4_deid.svs	SVS	373727565	e66bdb8aa27b7e24cae90b29b34bfbf7	Pathological	syn58924488									
file	phs002371_HTAN	HTA3_50734_1525016	50734_A3_deid.svs	SVS	628938237	330649c65943a9821e58b9908c242906	Pathological	syn58924481									
file	phs002371_HTAN	HTA3_50734_1525001	50734_A1_deid.svs	SVS	464955017	c1592f7fdb0b197d5a1f42469e951ac0	Pathological	syn58924479									
file	phs002371_HTAN	HTA3_50733_1524031	50733_A4_deid.svs	SVS	472435343	35473b9e5f44bcc95221c54c3e9e78dc	Pathological	syn58924474									
file	phs002371_HTAN	HTA3_50733_1524001	50733_A2_deid.svs	SVS	926360537	a0352dcdaf5b8a9c0185edcafc111ca9	Pathological	syn58924472									
file	phs002371_HTAN	HTA3_50733_1524016	50733_A1_deid.svs	SVS	661842903	c177d3742e482cc7382475da8a9f12c1	Pathological	syn58924471									
file	phs002371_HTAN	HTA3_50732_1522031	50732_M8_deid.svs	SVS	454463113	31107b613bcac4cc79b0a0707d64effb	Pathological	syn58924468									
file	phs002371_HTAN	HTA3_50732_1522016	50732_L4_deid.svs	SVS	502537463	0f520f5a0914a971a5f1457580dd8b15	Pathological	syn58924466									
file	phs002371_HTAN	HTA3_50732_1522001	50732_L3_deid.svs	SVS	761840077	d87c7545e883374a0a58f55ff308f6b2	Pathological	syn58924465									
file	phs002371_HTAN	HTA3_50730_1523031	50730_H5_deid.svs	SVS	914199757	f09440e003b54b405cdf134018c8a7cd	Pathological	syn58924463									
file	phs002371_HTAN	HTA3_50730_1523001	50730_H4_deid.svs	SVS	773126209	35c47a7b10e31e4a15e151285768f560	Pathological	syn58924459									
file	phs002371_HTAN	HTA3_50730_1523016	50730_H3_deid.svs	SVS	744186653	547b8c274be628e3b71c23f1f36c0295	Pathological	syn58924454									
file	phs002371_HTAN	HTA3_50729_1512001	50729_G6_deid.svs	SVS	941401455	02d88231cc7451544ba3e6ff69393377	Pathological	syn58924450									
file	phs002371_HTAN	HTA3_50729_1512016	50729_G4_deid.svs	SVS	850644865	136bbd1e25a1ac8b7861eccd8b0f3368	Pathological	syn58924444									
file	phs002371_HTAN	HTA3_50729_1512031	50729_G3_deid.svs	SVS	424249483	2cdcef04c73a2e78403d2502a4d274ac	Pathological	syn58924440									
file	phs002371_HTAN	HTA3_50729_1512052	50729_G2_deid.svs	SVS	354655567	b2279d2f6a55af51750f3737f70b9f20	Pathological	syn58924439									
file	phs002371_HTAN	HTA3_50728_1511016	50728_E9_deid.svs	SVS	653821647	b7c87d412b4d9d4903366b6df05c3bda	Pathological	syn58924438									
file	phs002371_HTAN	HTA3_50728_1511031	50728_E5_deid.svs	SVS	415976475	f33a957fead40a59ee18e2d7d269d871	Pathological	syn58924433									
file	phs002371_HTAN	HTA3_50728_1511001	50728_E4_deid.svs	SVS	735773893	1dd5856d2b3fa1e9a19de7ce017aee9f	Pathological	syn58924428									
file	phs002371_HTAN	HTA3_50727_1590001	50727_E4_deid.svs	SVS	1049239511	2e14efbd0b840cbd38aa28beb7652803	Pathological	syn58924427									
file	phs002371_HTAN	HTA3_50727_1590043	50727_E13_deid.svs	SVS	291217143	58d607e567a04df4270babd5aebc32bd	Pathological	syn58924419									
file	phs002371_HTAN	HTA3_50727_1590022	50727_E12_deid.svs	SVS	362094821	f3f617897d41ec97bd65f9b2da043d8b	Pathological	syn58924416									
file	phs002371_HTAN	HTA3_50726_1517022	50726_E5_deid.svs	SVS	563186313	3933489a1d0f87c4a3ed3ed2c6afb6ba	Pathological	syn58924415									
file	phs002371_HTAN	HTA3_50726_1517043	50726_E4_deid.svs	SVS	1100321161	eb09a3df4a12576f0e2b470714adf58c	Pathological	syn58924411									
file	phs002371_HTAN	HTA3_50726_1517001	50726_A2_deid.svs	SVS	721741129	492de4ad070aea55e89853f38172404e	Pathological	syn58924404									
file	phs002371_HTAN	HTA3_50723_1518022	50723_A6_deid.svs	SVS	537231961	8f8cbc5fae858c92b7304594a817763e	Pathological	syn58924398									
file	phs002371_HTAN	HTA3_50723_1518043	50723_A4_deid.svs	SVS	908221211	7a408931c0cb911b2d021e3d5f9b529d	Pathological	syn58924392									
file	phs002371_HTAN	HTA3_50723_1518001	50723_A2_deid.svs	SVS	850107835	9e719eec91b870e3b51fb1137040feff	Pathological	syn58924387									
file	phs002371_HTAN	HTA3_50721_1521037	50721_D7_deid.svs	SVS	522769813	cc3d51f11a82e982cd2c2ae46af67456	Pathological	syn58924380									
file	phs002371_HTAN	HTA3_50721_1521052	50721_D6_deid.svs	SVS	490870255	a598b35f341eed0ca8aca6dd5d07331b	Pathological	syn58924375									
file	phs002371_HTAN	HTA3_50721_1521016	50721_D5_deid.svs	SVS	866620965	75eda054a29a450951c747859d8c223f	Pathological	syn58924369									
file	phs002371_HTAN	HTA3_50721_1521001	50721_D3_deid.svs	SVS	823226045	3e96e2ff636ea38c53e5b26e44f6af92	Pathological	syn58924363									
file	phs002371_HTAN	HTA3_50720_1580031	50720_B6_deid.svs	SVS	372393425	9ecd5443a0dd93210fdc6c509a57733f	Pathological	syn58924359									
file	phs002371_HTAN	HTA3_50720_1580052	50720_A4_deid.svs	SVS	481532627	754adf5444a0d2adabf988d7fc578111	Pathological	syn58924356									
file	phs002371_HTAN	HTA3_50720_1580001	50720_A2_deid.svs	SVS	326089067	6487e576f41897388c25d78c3fa58d97	Pathological	syn58924353									
file	phs002371_HTAN	HTA3_50720_1580016	50720_A1_deid.svs	SVS	327493827	7e63b87eeadcd13e9d1769a2600d4bff	Pathological	syn58924351									
file	phs002371_HTAN	HTA3_50719_1570037	50719_F3_deid.svs	SVS	511785965	da3314d6293d1478434d50311e41407e	Pathological	syn58924350									
file	phs002371_HTAN	HTA3_50719_1570016	50719_F1_deid.svs	SVS	1213268477	4e88c04d3db52c73a0305c8e51b7de13	Pathological	syn58924349									
file	phs002371_HTAN	HTA3_50719_1570001	50719_E4_deid.svs	SVS	898154361	abcccbda5188e5c88f1d5fea6c086fb7	Pathological	syn58924341									
file	phs002371_HTAN	HTA3_50718_1516037	50718_D2_deid.svs	SVS	486186403	3d1331df8ccbb808f6eeb2723a4a615e	Pathological	syn58924334									
file	phs002371_HTAN	HTA3_50718_1516016	50718_A4_deid.svs	SVS	631221425	a1c63f52bc9596d95fc6799f89661baf	Pathological	syn58924330									
file	phs002371_HTAN	HTA3_50718_1516001	50718_A2_deid.svs	SVS	815860495	7f47282cea75a709e9e837e1ad04680a	Pathological	syn58924326									
file	phs002371_HTAN	HTA3_50717_1515031	50717_A6_deid.svs	SVS	1456549005	6fb6c41d6097fb0e1a922c0a75cb66d6	Pathological	syn58924319									
file	phs002371_HTAN	HTA3_50717_1515001	50717_A4_deid.svs	SVS	942199945	ca3a1e4032e34cee68083a9f56593e6b	Pathological	syn58924301									
file	phs002371_HTAN	HTA3_50717_1515016	50717_A13_deid.svs	SVS	993887659	e53b52a0dfbec2855d583dfb9344ec95	Pathological	syn58924298									
file	phs002371_HTAN	HTA3_50716_1514031	50716_E7_deid.svs	SVS	408250579	540cc42ba1ca2ca7d2403bc3039e55de	Pathological	syn58924292									
file	phs002371_HTAN	HTA3_50716_1514052	50716_E6_deid.svs	SVS	628380879	1d90d18a71b311589974958ebf2730f1	Pathological	syn58924290									
file	phs002371_HTAN	HTA3_50716_1514016	50716_E3_deid.svs	SVS	885435661	3e598a38775e7aa1ce4ae989ea73c4e7	Pathological	syn58924284									
file	phs002371_HTAN	HTA3_50716_1514001	50716_E2_deid.svs	SVS	1154708997	dcf76cb5d6351f6b9ce802ca832b76fe	Pathological	syn58924279									
file	phs002371_HTAN	HTA3_50715_1560043	50715_G4_deid.svs	SVS	624229835	24c35b217998a7284e108094d128a92d	Pathological	syn58924274									
file	phs002371_HTAN	HTA3_50715_1560022	50715_G3_deid.svs	SVS	626018595	4f410dbe9f040e51989f169208d6768c	Pathological	syn58924271									
file	phs002371_HTAN	HTA3_50715_1560001	50715_E2_deid.svs	SVS	1021511117	454a14152377f2bc265be5fb48f3f526	Pathological	syn58924268									
file	phs002371_HTAN	HTA3_50714_1550022	50714_I3_deid.svs	SVS	1181828979	9ffe782dac34ac85759c31b3cd193e31	Pathological	syn58924264									
file	phs002371_HTAN	HTA3_50714_1550043	50714_F2_deid.svs	SVS	428519825	3d9426cd52617454bc7c0f92ad7c42b8	Pathological	syn58924254									
file	phs002371_HTAN	HTA3_50714_1550001	50714_F1_deid.svs	SVS	160484893	42f494b72cdd65c8fca53f37494c5fb7	Pathological	syn58924252									
file	phs002371_HTAN	HTA3_50713_1540016	50713_B5_deid.svs	SVS	565809255	892401d794e5769f51d50469df473b56	Pathological	syn58924251									
file	phs002371_HTAN	HTA3_50713_1540001	50713_B3_deid.svs	SVS	365099637	9d70f9273d3abed1877fe64fa29d8f0b	Pathological	syn58924250									
file	phs002371_HTAN	HTA3_50712_1520022	50712_F6_deid.svs	SVS	948259441	fd2290b5535cf474c5b0be2f52fbf47f	Pathological	syn58924249									
file	phs002371_HTAN	HTA3_50712_1520043	50712_B4_deid.svs	SVS	576734315	b1ea22e516f49162f6ae24c2ca8da0b9	Pathological	syn58924246									
file	phs002371_HTAN	HTA3_50712_1520001	50712_B3_deid.svs	SVS	355014779	615e1a774a7ccebfa196d3d614da6012	Pathological	syn58924244									
file	phs002371_HTAN	HTA3_50711_1510016	50711_A5_deid.svs	SVS	615405405	ac8925af4216775479abd00ba238a1fd	Pathological	syn58924243									
file	phs002371_HTAN	HTA3_50711_1510001	50711_A4_deid.svs	SVS	618751737	87904765f2d98dafe2cc1a2e25d15e28	Pathological	syn58924240									
file	phs002371_HTAN	HTA3_50711_1510052	50711_A12_deid.svs	SVS	1018579155	04aaa50208cf6c661a88210b3c1016f2	Pathological	syn58924234									
file	phs002371_HTAN	HTA3_50711_1510031	50711_A10_deid.svs	SVS	634269663	19fe3f918b3345d57fe9f0974e5035e3	Pathological	syn58924224									
file	phs002371_HTAN	HTA3_50710_1530022	50710_C1_deid.svs	SVS	469535609	3578548806340cce16a0268fda8dacc7	Pathological	syn58924217									
file	phs002371_HTAN	HTA3_50710_1530001	50710_B1_deid.svs	SVS	884756883	a88dfebdf35e4f7db00be52eade6eae7	Pathological	syn58924212									
file	phs002371_HTAN	HTA3_80033_1903000	SD30415_3204_CleanHEScan1.qptiff	TIFF	442236481	63f4622c3180d1c2a98a221eaf03769f	Pathological	syn61625280									
file	phs002371_HTAN	HTA3_80033_1901000	SD30415_3197_CleanHEScan1.qptiff	TIFF	697945895	11b1025630c80b2a9275bae58d3a00b6	Pathological	syn61625277									
file	phs002371_HTAN	HTA3_80024_1902000	SD23664_A7_CleanHEScan1.qptiff	TIFF	726566848	be737685e8b1c56bcc78e7e318007acb	Pathological	syn61625259									
file	phs002371_HTAN	HTA3_80024_1901000	SD23664_A6_CleanHEScan1.qptiff	TIFF	728251649	a6d52c0579883c1b55ea504851c1ba53	Pathological	syn61625254									
file	phs002371_HTAN	HTA3_80019_1903000	SD21647_A5_CleanHEScan1.qptiff	TIFF	1167237420	5ecf5f14aff2f1ee726cd241c8f813ed	Pathological	syn61625248									
file	phs002371_HTAN	HTA3_80019_1902000	SD21647_A4_CleanHEScan1.qptiff	TIFF	632768952	c4796600c6470d63c7505b364cf37b32	Pathological	syn61625239									
file	phs002371_HTAN	HTA3_80019_1901000	SD21647_A2_CleanHEScan1.qptiff	TIFF	614908880	465355f5a31ded05a29bef03b04a213e	Pathological	syn61625232									
file	phs002371_HTAN	HTA3_80016_1904000	SD19462_A9_CleanHEScan1.qptiff	TIFF	809672555	9078cb68890bb43b9b6088c3916293ce	Pathological	syn61625224									
file	phs002371_HTAN	HTA3_80016_1903000	SD19462_A8_CleanHEScan1.qptiff	TIFF	641782560	5372d94fa55f9f09aaebf14bcdcfd3be	Pathological	syn61625217									
file	phs002371_HTAN	HTA3_80016_1902000	SD19462_A7_CleanHEScan1.qptiff	TIFF	270787152	c829b33fc1e5f9f0ffc0adaeaeff19ae	Pathological	syn61625204									
file	phs002371_HTAN	HTA3_80016_1901000	SD19462_A3_CleanHEScan1.qptiff	TIFF	354792602	5afd342ad8c5e5c57279d5df3d6252fe	Pathological	syn61625199									
file	phs002371_HTAN	HTA3_80016_1905000	SD19462_A11_CleanHEScan1.qptiff	TIFF	157839246	b5b78c8f5ab4932b9cfcf125645f2ef2	Pathological	syn61625195									
file	phs002371_HTAN	HTA3_80015_1903000	SD19399_C7_CleanHEScan1.qptiff	TIFF	595326523	5f19ed752da62648bab9a2f869edb4ba	Pathological	syn61625192									
file	phs002371_HTAN	HTA3_80015_1902000	SD19399_C6_CleanHEScan1.qptiff	TIFF	905769744	3aa85f3f9937289df71861567e36a065	Pathological	syn61625187									
file	phs002371_HTAN	HTA3_80015_1901000	SD19399_C5_CleanHEScan1.qptiff	TIFF	606864391	b405b83ed2c6b3b61fb11b483a9fbc62	Pathological	syn61625180									
file	phs002371_HTAN	HTA3_80014_1905000	SD17778_G8_CleanHEScan1.qptiff	TIFF	960001320	f1b37c95bf9b7aef3474b163dba2a5ff	Pathological	syn61625175									
file	phs002371_HTAN	HTA3_80014_1904000	SD17778_G6_CleanHEScan1.qptiff	TIFF	992207767	eaff27a4a8282df75b0a673a24cfbb30	Pathological	syn61625164									
file	phs002371_HTAN	HTA3_80014_1903000	SD17778_G5_CleanHEScan1.qptiff	TIFF	1066883941	4a2b48af8a60461452bc4b7300e28a7a	Pathological	syn61625158									
file	phs002371_HTAN	HTA3_80014_1902000	SD17778_G4_CleanHEScan1.qptiff	TIFF	944343337	a2eaa3089b40e11bba77ce3d44b74aa8	Pathological	syn61625149									
file	phs002371_HTAN	HTA3_80014_1901000	SD17778_G3_CleanHEScan1.qptiff	TIFF	873738052	8aa0fae2fd9039b13d4322921e882c81	Pathological	syn61625141									
file	phs002371_HTAN	HTA3_80014_1908000	SD17778_G13_CleanHEScan1.qptiff	TIFF	912590855	9426e8647a8f1646252bd6d35044267a	Pathological	syn61625134									
file	phs002371_HTAN	HTA3_80014_1907000	SD17778_G12_CleanHEScan1.qptiff	TIFF	1076758541	16c01cdedcb69513d88ec5c914eadef9	Pathological	syn61625128									
file	phs002371_HTAN	HTA3_80014_1906000	SD17778_G11_CleanHEScan1.qptiff	TIFF	977563899	044508d6ac74ec2f3639b29edfe91832	Pathological	syn61625118									
file	phs002371_HTAN	HTA3_80023_1905000	SD15882_H3_CleanHEScan1.qptiff	TIFF	776013334	fe997cd7d867d34da1eb4fcc9634bf85	Pathological	syn61625110									
file	phs002371_HTAN	HTA3_80023_1904000	SD15882_A6_CleanHEScan1.qptiff	TIFF	466007669	2ccaedf4eb006832ebf9e2d322f09175	Pathological	syn61625104									
file	phs002371_HTAN	HTA3_80023_1903000	SD15882_A3_CleanHEScan1.qptiff	TIFF	638353730	1285d0ab7d1278545028f6eb3e61fbb3	Pathological	syn61625099									
file	phs002371_HTAN	HTA3_80023_1902000	SD15882_A2_CleanHEScan1.qptiff	TIFF	358402450	61b84c111d785f675442bffc58fe1fa2	Pathological	syn61625089									
file	phs002371_HTAN	HTA3_80023_1901000	SD15882_A1_CleanHEScan1.qptiff	TIFF	353350142	e9c6ed112cd22b8774941d6308ffa3aa	Pathological	syn61625083									
file	phs002371_HTAN	HTA3_80005_1904000	SD15756_A7_CleanHEScan1.qptiff	TIFF	447116904	067f1d44e096ce20cf4e1d96d993377b	Pathological	syn61625080									
file	phs002371_HTAN	HTA3_80005_1903000	SD15756_A6_CleanHEScan1.qptiff	TIFF	387422525	2aaaf88bd863cee5bab1fbb3a7483940	Pathological	syn61625073									
file	phs002371_HTAN	HTA3_80005_1902000	SD15756_A5_CleanHEScan1.qptiff	TIFF	502257037	e74ebe6f55100e84dc382f6951f23165	Pathological	syn61625069									
file	phs002371_HTAN	HTA3_80005_1901000	SD15756_A2_CleanHEScan1.qptiff	TIFF	291461855	7880efcd5bb6b799cdf1374c78773743	Pathological	syn61625065									
file	phs002371_HTAN	HTA3_80030_1908000	SD14513_J9_CleanHEScan1.qptiff	TIFF	490105599	f9cfd2c0d30cbf4dd9cc40dc706528e9	Pathological	syn61625062									
file	phs002371_HTAN	HTA3_80030_1907000	SD14513_J6_CleanHEScan1.qptiff	TIFF	446827743	6a5e0c547236e483465ed420e315a6b2	Pathological	syn61625057									
file	phs002371_HTAN	HTA3_80030_1906000	SD14513_J5_CleanHEScan1.qptiff	TIFF	586866286	cf0b74684bfefc22b7eaddb8d6a00a1d	Pathological	syn61625053									
file	phs002371_HTAN	HTA3_80030_1905000	SD14513_J4_CleanHEScan1.qptiff	TIFF	351292800	6ba7ab8a89fa4af64b0a29c44b9635a6	Pathological	syn61625048									
file	phs002371_HTAN	HTA3_80030_1904000	SD14513_J3_CleanHEScan1.qptiff	TIFF	834598018	21cf74742710311ebb25bc9bf8cbf045	Pathological	syn61625045									
file	phs002371_HTAN	HTA3_80030_1903000	SD14513_J2_CleanHEScan1.qptiff	TIFF	614022126	ee1c235eb7709b619fcac68de3288462	Pathological	syn61625037									
file	phs002371_HTAN	HTA3_80030_1911000	SD14513_J13_CleanHEScan1.qptiff	TIFF	427094501	1e139ec23b137a124fb42fc7ede55124	Pathological	syn61625031									
file	phs002371_HTAN	HTA3_80030_1910000	SD14513_J11_CleanHEScan1.qptiff	TIFF	899756646	43db8290a21d42867e41c0d9383c39e9	Pathological	syn61625024									
file	phs002371_HTAN	HTA3_80030_1909000	SD14513_J10_CleanHEScan1.qptiff	TIFF	661226397	c440978892d6dc56c5faf71ca3c3885a	Pathological	syn61625011									
file	phs002371_HTAN	HTA3_80030_1902000	SD14513_I6_CleanHEScan1.qptiff	TIFF	409740587	f079c527620a7b35f85973d5dbbfbec9	Pathological	syn61625005									
file	phs002371_HTAN	HTA3_80030_1901000	SD14513_I2_CleanHEScan1.qptiff	TIFF	971729285	511b6ca5e66533f4789673da4345c5ca	Pathological	syn61624995									
file	phs002371_HTAN	HTA3_80017_1904000	SD12988_F8_CleanHEScan1.qptiff	TIFF	251541429	94783f8f1ffb109fb98617b971164212	Pathological	syn61624987									
file	phs002371_HTAN	HTA3_80017_1903000	SD12988_F5_CleanHEScan1.qptiff	TIFF	803900953	c5a0fce20a8d383e1aef34996a852487	Pathological	syn61624983									
file	phs002371_HTAN	HTA3_80017_1902000	SD12988_F4_CleanHEScan1.qptiff	TIFF	796338179	f0b4b275945d32724d25019f3b54a186	Pathological	syn61624978									
file	phs002371_HTAN	HTA3_80017_1901000	SD12988_F3_CleanHEScan1.qptiff	TIFF	705518802	04d61ec338cf627d5c1d0eb882d41349	Pathological	syn61624973									
file	phs002371_HTAN	HTA3_80022_1902000	SD11883_B9_CleanHEScan1.qptiff	TIFF	713329405	0af94f5e50536608cf0caf760ff19408	Pathological	syn61624968									
file	phs002371_HTAN	HTA3_80022_1901000	SD11883_B5_CleanHEScan1.qptiff	TIFF	524799419	a75182b4d773ee69c84ff38948de8df5	Pathological	syn61624961									
file	phs002371_HTAN	HTA3_80022_1903000	SD11883_B10_CleanHEScan1.qptiff	TIFF	533599558	de1845d7cc9a44af98409de63b157ec5	Pathological	syn61624956									
file	phs002371_HTAN	HTA3_80021_1903000	SD10768_O8_CleanHEScan1.qptiff	TIFF	789473401	0928e37ed9dfa497d626c5f2ca02c9cc	Pathological	syn61624953									
file	phs002371_HTAN	HTA3_80021_1904000	SD10768_O7_CleanHEScan1.qptiff	TIFF	383226975	4580277252183785c016b6b17ca40576	Pathological	syn61624947									
file	phs002371_HTAN	HTA3_80021_1902000	SD10768_O3_CleanHEScan1.qptiff	TIFF	467179362	0d0774cd20976c037901f74055709198	Pathological	syn61624943									
file	phs002371_HTAN	HTA3_80021_1901000	SD10768_J7_CleanHEScan1.qptiff	TIFF	895082512	cc11ee3404fecf7d3071603d31f16012	Pathological	syn61624938									
file	phs002371_HTAN	HTA3_80029_1903000	SD05561_B2_CleanHEScan1.qptiff	TIFF	211274938	c7b0dd8014bba61a4f746321245109a8	Pathological	syn61624854									
file	phs002371_HTAN	HTA3_80029_1902000	SD05561_A8_CleanHEScan1.qptiff	TIFF	363778651	06902e3356baa257453e296b1952c811	Pathological	syn61624851									
file	phs002371_HTAN	HTA3_80029_1901000	SD05561_A5_CleanHEScan1.qptiff	TIFF	698505062	5aebda023c5c91ac94740217b4f83da3	Pathological	syn61624847									
file	phs002371_HTAN	HTA3_80013_1901000	SD03844_G9_CleanHEScan1.qptiff	TIFF	851877126	c91365c5ae9ba0388fc623f55e409cec	Pathological	syn61624839									
file	phs002371_HTAN	HTA3_80013_1905000	SD03844_G15_CleanHEScan1.qptiff	TIFF	677888947	eebe3042f86e68f1e41108966c1deefa	Pathological	syn61624833									
file	phs002371_HTAN	HTA3_80013_1904000	SD03844_G14_CleanHEScan1.qptiff	TIFF	836836962	bd80dca92749735120e243bb2fefc581	Pathological	syn61624826									
file	phs002371_HTAN	HTA3_80013_1903000	SD03844_G11_CleanHEScan1.qptiff	TIFF	494695549	85edc412c2a505255e8af996f0f1d854	Pathological	syn61624819									
file	phs002371_HTAN	HTA3_80013_1902000	SD03844_G10_CleanHEScan1.qptiff	TIFF	460019338	56ece5f3a65deb8ed9c115e5b422eff2	Pathological	syn61624810									
file	phs002371_HTAN	HTA3_80002_1904000	SD03621_B9_CleanHEScan1.qptiff	TIFF	546403803	9e5d9b224bfb4ee5ddfc227b5bec70bb	Pathological	syn61624806									
file	phs002371_HTAN	HTA3_80002_1903000	SD03621_B6_CleanHEScan1.qptiff	TIFF	567147957	748ad9b73743bcbc03367abf6b69f572	Pathological	syn61624799									
file	phs002371_HTAN	HTA3_80002_1902000	SD03621_B4_CleanHEScan1.qptiff	TIFF	363850845	c23def45eedefeae25d5728dab986df8	Pathological	syn61624795									
file	phs002371_HTAN	HTA3_80002_1901000	SD03621_B1_CleanHEScan1.qptiff	TIFF	268160733	96ec7137a58f0bb74c867ddb86279b3e	Pathological	syn61624791									
file	phs002371_HTAN	HTA3_80020_1911000	SD03161_K3_CleanHEScan1.qptiff	TIFF	429937504	5390b8c8b5a9e3986f30200f7a0781c5	Pathological	syn61624788									
file	phs002371_HTAN	HTA3_80020_1910000	SD03161_K1_CleanHEScan1.qptiff	TIFF	452996284	fde8a21a17011545b32cba0e3846933b	Pathological	syn61624784									
file	phs002371_HTAN	HTA3_80020_1909000	SD03161_D1_CleanHEScan1.qptiff	TIFF	346202524	5385148ec58dff0daff7d1c7208622ab	Pathological	syn61624780									
file	phs002371_HTAN	HTA3_80020_1908000	SD03161_C6_CleanHEScan1.qptiff	TIFF	630288277	f60bdb7ba3b467d8724bc84fd92988fe	Pathological	syn61624777									
file	phs002371_HTAN	HTA3_80020_1907000	SD03161_C5_CleanHEScan1.qptiff	TIFF	867944802	4cd6cf2b6db3d6e5037d82eb078a9f7e	Pathological	syn61624773									
file	phs002371_HTAN	HTA3_80020_1906000	SD03161_C3_CleanHEScan1.qptiff	TIFF	699215026	639581330ec50e67eb4531f84f23f229	Pathological	syn61624767									
file	phs002371_HTAN	HTA3_80020_1905000	SD03161_C2_CleanHEScan1.qptiff	TIFF	362892968	2136c17ccae86a60206fe29c0c84e48f	Pathological	syn61624761									
file	phs002371_HTAN	HTA3_80020_1904000	SD03161_B3_CleanHEScan1.qptiff	TIFF	429423556	9d7be50ff227650863d20e7d17e93ce7	Pathological	syn61624757									
file	phs002371_HTAN	HTA3_80020_1903000	SD03161_B2_CleanHEScan1.qptiff	TIFF	285417535	2a50faca05761dfab9be0dc356e99b35	Pathological	syn61624753									
file	phs002371_HTAN	HTA3_80020_1902000	SD03161_A5_CleanHEScan1.qptiff	TIFF	909204410	52d03a9a204df3d2f59bc30130e7fca6	Pathological	syn61624750									
file	phs002371_HTAN	HTA3_80020_1901000	SD03161_A1_CleanHEScan1.qptiff	TIFF	583026904	a1c5a161a7c93717e362dc26603834b8	Pathological	syn61624744									
file	phs002371_HTAN	HTA3_80028_1905000	SD02892_C6_CleanHEScan1.qptiff	TIFF	1118313052	fcb5501b8052babdbb3342d57a29b2e1	Pathological	syn61624739									
file	phs002371_HTAN	HTA3_80028_1904000	SD02892_C2_CleanHEScan1.qptiff	TIFF	581259760	7a490cd0aa736e8f5342bbe6fdc498f0	Pathological	syn61624734									
file	phs002371_HTAN	HTA3_80028_1903000	SD02892_B5_CleanHEScan1.qptiff	TIFF	671987678	1e70423c3b0f75ce932f4f4ae217f5f6	Pathological	syn61624729									
file	phs002371_HTAN	HTA3_80028_1902000	SD02892_B3_CleanHEScan1.qptiff	TIFF	629913767	927a7e1bfcd9968075a317c4bf6ace9d	Pathological	syn61624725									
file	phs002371_HTAN	HTA3_80028_1901000	SD02892_B2_CleanHEScan1.qptiff	TIFF	524190014	d0cb0361ee1cc0b80ddb0729a29e3ece	Pathological	syn61624718									
file	phs002371_HTAN	HTA3_80027_1904000	SD01094_B7_CleanHEScan1.qptiff	TIFF	899053571	02078eee9120ae10dd79a96a1d9816ee	Pathological	syn61624713									
file	phs002371_HTAN	HTA3_80027_1903000	SD01094_B6_CleanHEScan1.qptiff	TIFF	421682442	f7bdb626f18b10683f09655bbc5f45d2	Pathological	syn61624708									
file	phs002371_HTAN	HTA3_80027_1902000	SD01094_B5_CleanHEScan1.qptiff	TIFF	397603831	e01488546a8a12ca8615cff0b96cfaca	Pathological	syn61624703									
file	phs002371_HTAN	HTA3_80027_1901000	SD01094_B4_CleanHEScan1.qptiff	TIFF	648736088	849b2d8ba94c07f3715a5f30779c12b8	Pathological	syn61624700									
file	phs002371_HTAN	HTA3_80026_1910000	SD00971_I6_CleanHEScan1.qptiff	TIFF	940460538	14a0d78444a90d4e98556c8eead1e39b	Pathological	syn61624693									
file	phs002371_HTAN	HTA3_80026_1909000	SD00971_I5_CleanHEScan1.qptiff	TIFF	432832402	89ff9ab9ab3a5b7002587350277912af	Pathological	syn61624686									
file	phs002371_HTAN	HTA3_80026_1903000	SD00971_A9_CleanHEScan1.qptiff	TIFF	854644740	ae75912dd2bffdfbceb097e392fb0755	Pathological	syn61624680									
file	phs002371_HTAN	HTA3_80026_1902000	SD00971_A4_CleanHEScan1.qptiff	TIFF	850637534	6386dcfd67aa2f2499f2a839971a689e	Pathological	syn61624675									
file	phs002371_HTAN	HTA3_80026_1901000	SD00971_A3_CleanHEScan1.qptiff	TIFF	966783300	83b84e8a54bdfc04c19238bff01ee51d	Pathological	syn61624671									
file	phs002371_HTAN	HTA3_80026_1908000	SD00971_A15_CleanHEScan1.qptiff	TIFF	501211126	63aab7e44fb293b81d379617f62690fd	Pathological	syn61624667									
file	phs002371_HTAN	HTA3_80026_1907000	SD00971_A14_CleanHEScan1.qptiff	TIFF	1245309503	ff59418a7825767efd02a53dba3625e1	Pathological	syn61624663									
file	phs002371_HTAN	HTA3_80026_1905000	SD00971_A13_CleanHEScan1.qptiff	TIFF	1000762238	f5421053ccf18ea106745c9e84068897	Pathological	syn61624656									
file	phs002371_HTAN	HTA3_80026_1904000	SD00971_A10_CleanHEScan1.qptiff	TIFF	445236266	1790c812f5a8d41614e035af629b87c0	Pathological	syn61624653									
file	phs002371_HTAN	HTA3_80025_1903000	SD00764_B7_CleanHEScan1.qptiff	TIFF	590540705	3cf80b90341ee833dd7dd967dfcd5d13	Pathological	syn61624649									
file	phs002371_HTAN	HTA3_80025_1902000	SD00764_B4_CleanHEScan1.qptiff	TIFF	510335365	4fbb1260db25e78332efe3dbfd567285	Pathological	syn61624643									
file	phs002371_HTAN	HTA3_80025_1901000	SD00764_B3_CleanHEScan1.qptiff	TIFF	445107969	7ff55bb448300074bee0cdc08fb54b75	Pathological	syn61624639									
file	phs002371_HTAN	HTA3_50801_6920069	50801_A13_AN_deid.svs	SVS	1008339763	ff99a2ff7b5d69bfa68645d5037009a4	Pathological	syn53640762									
file	phs002371_HTAN	HTA3_50802_6930075	50802_A4_AN_deid.svs	SVS	884206337	a377b873a300a66a4f6445f8479721dd	Pathological	syn53640779									
file	phs002371_HTAN	HTA3_50803_6940069	50803_A3_AN_deid.svs	SVS	656154299	1cff9bfb90dcf9008ba9b1ef9f02ff7c	Pathological	syn53640785									
file	phs002371_HTAN	HTA3_50804_6950063	50804_C3_AN_deid.svs	SVS	420455995	0ae5cb1e9485fbb1b3ecc9a5b2465905	Pathological	syn53640800									
file	phs002371_HTAN	HTA3_50805_6912069	50805_B3_AN_deid.svs	SVS	1074242409	c4547e99cb8059a35b5edfc745b4730e	Pathological	syn53640802									
file	phs002371_HTAN	HTA3_80045_1901000	SD05610_B4-1_CleanHE_40X_deid.svs	SVS	1574917263	fb3e9293547d2ad8200116156a22c67a	Pathological	syn64613028									
file	phs002371_HTAN	HTA3_80045_1902000	SD05610_B9-1_CleanHE_40X_deid.svs	SVS	1909710179	475aff9b36407484d4d9e0551b808a9a	Pathological	syn64613130									
file	phs002371_HTAN	HTA3_80032_1901000	SD10088_3808_CleanHE_40X_deid.svs	SVS	1016065685	89c30369f9e373d5ae41d42023336006	Pathological	syn64613200									
file	phs002371_HTAN	HTA3_80032_1902000	SD10088_3809_CleanHE_40X_deid.svs	SVS	3668697653	58ea4fdd9e0c22b61c677108be6142e7	Pathological	syn64613247									
file	phs002371_HTAN	HTA3_80032_1903000	SD10088_D10_CleanHE_40X_deid.svs	SVS	1869352991	9dc401ed9876ffa1c1a3fc387f60adde	Pathological	syn64613245									
file	phs002371_HTAN	HTA3_80031_1901000	SD26228_F3_CleanHE_40X_deid.svs	SVS	3736957769	c17e8a5fe530b4afa0e49ef87218ae21	Pathological	syn64613122									
file	phs002371_HTAN	HTA3_80031_1902000	SD26228_F4_CleanHE_40X_deid.svs	SVS	3232491175	436aaf8e6db2a80b618450117ed43560	Pathological	syn64613073									
file	phs002371_HTAN	HTA3_80031_1903000	SD26228_F5_CleanHE_40X_deid.svs	SVS	3267672295	c80259609b33e73c900f58809d743ab4	Pathological	syn64613168									
file	phs002371_HTAN	HTA3_80011_1901000	SD03675_A3-1_deid.svs	SVS	534594797	43814eb137fe06bb27ba97072b41cf32	Pathological	syn53640664									
file	phs002371_HTAN	HTA3_80011_1902000	SD03675_A4-1_deid.svs	SVS	477669721	60711a0bab01ddb2c108dafb48b5cb9d	Pathological	syn53640665									
file	phs002371_HTAN	HTA3_80011_1903000	SD03675_A5-1_deid.svs	SVS	561308885	34e41b6290d6bdae663e61d61926f41b	Pathological	syn53640666									
file	phs002371_HTAN	HTA3_80011_1904000	SD03675_A6-1_deid.svs	SVS	564923685	53be2458548708a80441aee92eb780f0	Pathological	syn53640667									
file	phs002371_HTAN	HTA3_80011_1905000	SD03675_A7-1_deid.svs	SVS	1047326773	01590483438220452d1a9ccd54ff03e0	Pathological	syn53640668									
file	phs002371_HTAN	HTA3_80013_1902000	138680_deid.svs	SVS	615855669	d1b05e08011e2070202a034a8eacfdc3	Pathological	syn53640635									
file	phs002371_HTAN	HTA3_80013_1903000	138681_deid.svs	SVS	663488587	6750af1fbd81c4df46b171f0924e21a9	Pathological	syn53640636									
file	phs002371_HTAN	HTA3_80013_1904000	138682_deid.svs	SVS	1019672181	695b26f49ec1181518bb278131571a88	Pathological	syn53640637									
file	phs002371_HTAN	HTA3_80013_1905000	138683_deid.svs	SVS	905704969	5a1127615722bd2b9088f3a0dd9c3585	Pathological	syn53640638									
file	phs002371_HTAN	HTA3_80013_1901000	138679_deid.svs	SVS	1058220903	3f0db47a25ccb9d14b89968975f7d0d6	Pathological	syn53640634									
file	phs002371_HTAN	HTA3_80010_1901000	SD04139_A1-2_deid.svs	SVS	824228207	25e269c7617892bb2d3f2995afdae240	Pathological	syn53640669									
file	phs002371_HTAN	HTA3_80010_1902000	SD04139_A3-1_deid.svs	SVS	799950247	32467c12039c0fbf7e614dc3fe59a84b	Pathological	syn53640670									
file	phs002371_HTAN	HTA3_80010_1903000	SD04139_A4-1_deid.svs	SVS	827855905	beb91275fd70f8569025ab46afb749d8	Pathological	syn53640671									
file	phs002371_HTAN	HTA3_80010_1904000	SD04139_A5-1_deid.svs	SVS	776145937	b97f2be9e27688cf5adabd6db83cfaf6	Pathological	syn53640673									
file	phs002371_HTAN	HTA3_80010_1905000	SD04139_A6-1_deid.svs	SVS	831256313	5ae7d3eaf047b978f9c54e0b492a0348	Pathological	syn53640674									
file	phs002371_HTAN	HTA3_80010_1906000	SD04139_A8-1_deid.svs	SVS	687964703	325a4520ab80a1dd9a15cda80191a238	Pathological	syn53640675									
file	phs002371_HTAN	HTA3_80009_1901000	SD05199_D5-1_deid.svs	SVS	756088213	a6a78e57cdcd27f7e16d93c93cd4d2a6	Pathological	syn53640676									
file	phs002371_HTAN	HTA3_80009_1902000	SD05199_D7-1_deid.svs	SVS	953542209	c83c4962795437b415e1e3c685068ff7	Pathological	syn53640677									
file	phs002371_HTAN	HTA3_80008_1903000	SD12223_B11-1_deid.svs	SVS	340899633	e45681a2d333075feeb668bfd8ceeae8	Pathological	syn53640678									
file	phs002371_HTAN	HTA3_80008_1904000	SD12223_B14-1_deid.svs	SVS	455505747	b477c808c3da5c7a34aec22da7adbcc7	Pathological	syn53640679									
file	phs002371_HTAN	HTA3_80008_1901000	SD12223_B3-1_deid.svs	SVS	491029377	8533ba09090b9570c07192579574a1b0	Pathological	syn53640680									
file	phs002371_HTAN	HTA3_80008_1902000	SD12223_B5-1_deid.svs	SVS	769281439	008aba28ac2cf09d1d9abf5f596e54c3	Pathological	syn53640681									
file	phs002371_HTAN	HTA3_80017_1901000	138700_deid.svs	SVS	850163257	2c0e17760d106fd18d2a1bcb24357bfd	Pathological	syn53640660									
file	phs002371_HTAN	HTA3_80017_1902000	138701_deid.svs	SVS	969767741	65b1da0fbff77069926676eb07f56194	Pathological	syn53640661									
file	phs002371_HTAN	HTA3_80017_1903000	138702_deid.svs	SVS	958242739	47eb2c020ebb8161d3e55ab94fa2b86d	Pathological	syn53640662									
file	phs002371_HTAN	HTA3_80017_1904000	138703_deid.svs	SVS	350424143	08b01c5ccf68e284d95000986d26604b	Pathological	syn53640663									
file	phs002371_HTAN	HTA3_80012_1907000	SD13377_A10-1_deid.svs	SVS	689072875	eb666371ad295687a59003da7be114b6	Pathological	syn53640682									
file	phs002371_HTAN	HTA3_80012_1906000	SD13377_A6-1_deid.svs	SVS	1113803341	1e34b68c773b637c306413b68c102298	Pathological	syn53640683									
file	phs002371_HTAN	HTA3_80012_1901000	SD13377_A7-1_deid.svs	SVS	914277287	229570e57bd62366be8278321958c50e	Pathological	syn53640686									
file	phs002371_HTAN	HTA3_80012_1902000	SD13377_A8-1_deid.svs	SVS	427640019	aeb660746208d959821c2aee936c4ab4	Pathological	syn53640688									
file	phs002371_HTAN	HTA3_80012_1903000	SD13377_A9-1_deid.svs	SVS	335497127	76d06777fcf638538c747c3d596167a7	Pathological	syn53640689									
file	phs002371_HTAN	HTA3_80014_1906000	138689_deid.svs	SVS	1126078085	1bc2f919b58a20497a68c45878a32d88	Pathological	syn53640648									
file	phs002371_HTAN	HTA3_80014_1907000	138690_deid.svs	SVS	1381961857	dc854777f30851057da13e17d53c35ea	Pathological	syn53640649									
file	phs002371_HTAN	HTA3_80014_1908000	138691_deid.svs	SVS	1123184901	ae5657b370448b96c43aa1d357cd0ad8	Pathological	syn53640650									
file	phs002371_HTAN	HTA3_80014_1901000	138684_deid.svs	SVS	1070693097	0a8f2acaa968cc0198e3ea2b9a0d1d53	Pathological	syn53640639									
file	phs002371_HTAN	HTA3_80014_1902000	138685_deid.svs	SVS	1106086755	3b8983107909f41ac616096381385a29	Pathological	syn53640643									
file	phs002371_HTAN	HTA3_80014_1903000	138686_deid.svs	SVS	1208039847	c5bda01daf38a4cd9723571640621036	Pathological	syn53640645									
file	phs002371_HTAN	HTA3_80014_1904000	138687_deid.svs	SVS	1157542635	f2296cb7dc03c49ac0c1e183e4fa5488	Pathological	syn53640646									
file	phs002371_HTAN	HTA3_80014_1905000	138688_deid.svs	SVS	1279128363	6668af66e148b4aa8636779307439b38	Pathological	syn53640647									
file	phs002371_HTAN	HTA3_80015_1901000	138692_deid.svs	SVS	795830719	d0b1112fa16c4d48959b4df4aad4abc6	Pathological	syn53640651									
file	phs002371_HTAN	HTA3_80015_1902000	138693_deid.svs	SVS	1154294519	bfac276755d59c4ff54a7411758472c7	Pathological	syn53640652									
file	phs002371_HTAN	HTA3_80015_1903000	138694_deid.svs	SVS	720924531	6fca92437bf0726de1333acd38db4027	Pathological	syn53640653									
file	phs002371_HTAN	HTA3_80016_1905000	138699_deid.svs	SVS	173035833	b112adb437c5cdf555bd8fab49be598c	Pathological	syn53640659									
file	phs002371_HTAN	HTA3_80016_1901000	138695_deid.svs	SVS	450669361	c547a5238f85ca55a1e13e37ed85ce5e	Pathological	syn53640654									
file	phs002371_HTAN	HTA3_80016_1902000	138696_deid.svs	SVS	456000967	872d1b43f03a58697baeee691f729bb8	Pathological	syn53640656									
file	phs002371_HTAN	HTA3_80016_1903000	138697_deid.svs	SVS	948610165	1fb3f3751db890d02ad16bbc7f7c1cd4	Pathological	syn53640657									
file	phs002371_HTAN	HTA3_80016_1904000	138698_deid.svs	SVS	1177807859	bee116ed33e37f43aa9173d0d8452ec7	Pathological	syn53640658									
file	phs002371_HTAN	HTA3_80054_1901000	SD00816_F3-1_CleanHE_40X_deid.svs	SVS	3131402345	c6eb3e486b74e8861a359e9994239e65	Pathological	syn64613228									
file	phs002371_HTAN	HTA3_80054_1902000	SD00816_F4-1_CleanHE_40X_deid.svs	SVS	2694715467	f47c8a89dce4b0e820a07247d5d5ac81	Pathological	syn64613265									
file	phs002371_HTAN	HTA3_80054_1903000	SD00816_F5-1_CleanHE_40X_deid.svs	SVS	1717075843	b0938e76dffdeb8c5ec79da8bc0274cb	Pathological	syn64613152									
file	phs002371_HTAN	HTA3_80026_1906000	SD00971_A12_CleanHE_40X_deid.svs	SVS	2711543443	8f782977d67c3a7beeb3e3fb519a4bd4	Pathological	syn64613106									
file	phs002371_HTAN	HTA3_80011_1901000	SD03675_A3_CleanHE_40X_deid.svs	SVS	1484525021	0c1f14274333317b7bc7e8fa8824257c	Pathological	syn64613202									
file	phs002371_HTAN	HTA3_80011_1902000	SD03675_A4_CleanHE_40X_deid.svs	SVS	1400018035	4c314d0f8c1cf8aad6cc59b59d8795c4	Pathological	syn64613164									
file	phs002371_HTAN	HTA3_80011_1903000	SD03675_A5_CleanHE_40X_deid.svs	SVS	1728962957	53dc367aacf17114cde915d93986cbc3	Pathological	syn64613114									
file	phs002371_HTAN	HTA3_80011_1904000	SD03675_A6_CleanHE_40X_deid.svs	SVS	1671110045	52003964bbe2108ad839e23d36fa1a98	Pathological	syn64613123									
file	phs002371_HTAN	HTA3_80011_1905000	SD03675_A7_CleanHE_40X_deid.svs	SVS	3153087687	ff6a8535f4794aa49d57223f1be8a40c	Pathological	syn64613230									
file	phs002371_HTAN	HTA3_80013_1902000	SD03844_G10_CleanHE_40X_deid.svs	SVS	1673866135	2af1662b0660ec6b02852d0c73218fe2	Pathological	syn64613176									
file	phs002371_HTAN	HTA3_80013_1903000	SD03844_G11_CleanHE_40X_deid.svs	SVS	1958639863	e642b5c86e84bc4d62adb4c8f110fefb	Pathological	syn64613222									
file	phs002371_HTAN	HTA3_80013_1904000	SD03844_G14_CleanHE_40X_deid.svs	SVS	3103339879	6fc43ffc402e4bd0bb7f2fbde3f160ae	Pathological	syn64613145									
file	phs002371_HTAN	HTA3_80013_1905000	SD03844_G15_CleanHE_40X_deid.svs	SVS	2540489991	2d26287919033726e1ac82e48e8f5905	Pathological	syn64613242									
file	phs002371_HTAN	HTA3_80013_1901000	SD03844_G9_CleanHE_40X_deid.svs	SVS	3087899351	edf39b87d1da96dcf9d759901c13b141	Pathological	syn64613205									
file	phs002371_HTAN	HTA3_80010_1901000	SD04139_A1_CleanHE_40X_deid.svs	SVS	2228575049	c81a425666573c01f8551ea31f0b015a	Pathological	syn64613169									
file	phs002371_HTAN	HTA3_80010_1902000	SD04139_A3_CleanHE_40X_deid.svs	SVS	2555514441	1ed99214b0e63f728c78c33040c7af61	Pathological	syn64613223									
file	phs002371_HTAN	HTA3_80010_1903000	SD04139_A4_CleanHE_40X_deid.svs	SVS	2635462523	f17bf00d34cfab4e18bc118887be93bc	Pathological	syn64613186									
file	phs002371_HTAN	HTA3_80010_1904000	SD04139_A5_CleanHE_40X_deid.svs	SVS	2541666639	9d652600bc2bfbb7cdd7f41cdbb99084	Pathological	syn64613261									
file	phs002371_HTAN	HTA3_80010_1905000	SD04139_A6_CleanHE_40X_deid.svs	SVS	2791924451	8346ebf016c7ddda2a11af31d207a65e	Pathological	syn64613148									
file	phs002371_HTAN	HTA3_80010_1906000	SD04139_A8_CleanHE_40X_deid.svs	SVS	2293065423	7efb35eb23aec4d3c6285193e574928c	Pathological	syn64613120									
file	phs002371_HTAN	HTA3_80009_1901000	SD05199_D5_CleanHE_40X_deid.svs	SVS	2234270255	6ae6c22e54ad8cf56a5a160779a6aa56	Pathological	syn64613170									
file	phs002371_HTAN	HTA3_80009_1902000	SD05199_D7_CleanHE_40X_deid.svs	SVS	3028400523	8b11f03aca10c61e729028807c329bad	Pathological	syn64613212									
file	phs002371_HTAN	HTA3_80008_1903000	SD12223_B11_CleanHE_40X_deid.svs	SVS	994977629	de5f04f04c8ba883ce36b916d6826973	Pathological	syn64613241									
file	phs002371_HTAN	HTA3_80008_1904000	SD12223_B14_CleanHE_40X_deid.svs	SVS	1465488411	cd19eb337117360dc5b06e70641b51f4	Pathological	syn64613065									
file	phs002371_HTAN	HTA3_80008_1901000	SD12223_B3_CleanHE_40X_deid.svs	SVS	1498755357	99051aca9cd57d25d70c4949938cd3c2	Pathological	syn64613180									
file	phs002371_HTAN	HTA3_80008_1902000	SD12223_B5_CleanHE_40X_deid.svs	SVS	2358824763	61b41247397f5e88cd5f3949eb37a8a8	Pathological	syn64613233									
file	phs002371_HTAN	HTA3_80017_1901000	SD12988_F3_CleanHE_40X_deid.svs	SVS	2528218839	7b1f5f2db721c015867ff14bcaec8182	Pathological	syn64613144									
file	phs002371_HTAN	HTA3_80017_1902000	SD12988_F4_CleanHE_40X_deid.svs	SVS	2681151825	7e25f9d7cb7eb92f43dcba4b34ff1744	Pathological	syn64613251									
file	phs002371_HTAN	HTA3_80017_1903000	SD12988_F5_CleanHE_40X_deid.svs	SVS	2706923525	d95ca02082f71cdbc3bc74132d70105c	Pathological	syn64613128									
file	phs002371_HTAN	HTA3_80017_1904000	SD12988_F8_CleanHE_40X_deid.svs	SVS	860869353	b645879c7bb10318efbea30e4f9f21a5	Pathological	syn64613155									
file	phs002371_HTAN	HTA3_80012_1907000	SD13377_A10_CleanHE_40X_deid.svs	SVS	2159055683	750cc4ed2d25ed473f2848fb8e081ddc	Pathological	syn64613253									
file	phs002371_HTAN	HTA3_80012_1906000	SD13377_A6_CleanHE_40X_deid.svs	SVS	3684524237	32c80e2fe984605afbf5a1fac8004b20	Pathological	syn64613214									
file	phs002371_HTAN	HTA3_80012_1901000	SD13377_A7_CleanHE_40X_deid.svs	SVS	2864337403	2eb8d0dee5a3c1163c7e620e7cf361b2	Pathological	syn64613225									
file	phs002371_HTAN	HTA3_80012_1902000	SD13377_A8_CleanHE_40X_deid.svs	SVS	1404791287	e2658f537d7b8e825dcc4be5e85d11ed	Pathological	syn64613207									
file	phs002371_HTAN	HTA3_80012_1903000	SD13377_A9_CleanHE_40X_deid.svs	SVS	1012128953	2b51f2741eaf51557e847fc121a51e52	Pathological	syn64613229									
file	phs002371_HTAN	HTA3_80014_1906000	SD17778_G11_CleanHE_40X_deid.svs	SVS	3073438867	a6abe4f284d0719f4aea9ad64bcb1bc6	Pathological	syn64613121									
file	phs002371_HTAN	HTA3_80014_1907000	SD17778_G12_CleanHE_40X_deid.svs	SVS	3875664997	7bfd02f8e0b28f7f02238ea34ee7ad45	Pathological	syn64613171									
file	phs002371_HTAN	HTA3_80014_1908000	SD17778_G13_CleanHE_40X_deid.svs	SVS	2349463769	d5ad9a3dbf4ba4d8cde87035036001f1	Pathological	syn64613163									
file	phs002371_HTAN	HTA3_80014_1901000	SD17778_G3_CleanHE_40X_deid.svs	SVS	2194197259	5d409563462042e3366f263971319a35	Pathological	syn64613192									
file	phs002371_HTAN	HTA3_80014_1902000	SD17778_G4_CleanHE_40X_deid.svs	SVS	2729825147	b32b08ca5357feaebbb88b223eca8144	Pathological	syn64613268									
file	phs002371_HTAN	HTA3_80014_1903000	SD17778_G5_CleanHE_40X_deid.svs	SVS	3373008143	ef0ab4bc4cb65edbe1371328ed090ab5	Pathological	syn64613183									
file	phs002371_HTAN	HTA3_80014_1904000	SD17778_G6_CleanHE_40X_deid.svs	SVS	2386231873	72654bc2d0711146658acb9e3639b98e	Pathological	syn64613219									
file	phs002371_HTAN	HTA3_80014_1905000	SD17778_G8_CleanHE_40X_deid.svs	SVS	3005127827	14bf0b3fb4edbf16c23c0069525978f6	Pathological	syn64613209									
file	phs002371_HTAN	HTA3_80018_1905000	SD18289_A10_CleanHE_40X_deid.svs	SVS	3012565801	e516aa8218bb82ec47021ea304f8040e	Pathological	syn64613270									
file	phs002371_HTAN	HTA3_80018_1907000	SD18289_A16_CleanHE_40X_deid.svs	SVS	3525975237	a0c173dd4259700468b5c51efed7829e	Pathological	syn64613081									
file	phs002371_HTAN	HTA3_80018_1908000	SD18289_A18_CleanHE_40X_deid.svs	SVS	2892645311	daae2d32edb4cc1092eea16e86912895	Pathological	syn64613158									
file	phs002371_HTAN	HTA3_80018_1909000	SD18289_A19_CleanHE_40X_deid.svs	SVS	3186462625	b4256e1ac4c255f8257fddd723e43679	Pathological	syn64613199									
file	phs002371_HTAN	HTA3_80018_1910000	SD18289_A25_CleanHE_40X_deid.svs	SVS	2288904361	dfe50f39606ec4e5f27cdf8ec7a67dd4	Pathological	syn64613096									
file	phs002371_HTAN	HTA3_80018_1911000	SD18289_A27_CleanHE_40X_deid.svs	SVS	3017473915	f71e85e8d900def71ebd2891fef435b8	Pathological	syn64613208									
file	phs002371_HTAN	HTA3_80018_1901000	SD18289_A3_CleanHE_40X_deid.svs	SVS	5280246161	5277b1025f7e37eb9a7b0eb1f26cfe3b	Pathological	syn64613172									
file	phs002371_HTAN	HTA3_80018_1912000	SD18289_A30_CleanHE_40X_deid.svs	SVS	2822674951	22ccd591abb593020751404dcd49f145	Pathological	syn64613235									
file	phs002371_HTAN	HTA3_80018_1902000	SD18289_A4_CleanHE_40X_deid.svs	SVS	3469993663	5a8048ded207e83221f735a38cd9254c	Pathological	syn64613210									
file	phs002371_HTAN	HTA3_80018_1903000	SD18289_A5_CleanHE_40X_deid.svs	SVS	1554618675	96ad36a508354ff9d0ced200dade2171	Pathological	syn64613266									
file	phs002371_HTAN	HTA3_80018_1904000	SD18289_A7_CleanHE_40X_deid.svs	SVS	1884468573	28b1ab410b22bc88567ef5c3fa0f6c28	Pathological	syn64613198									
file	phs002371_HTAN	HTA3_80015_1901000	SD19399_C5_CleanHE_40X_deid.svs	SVS	2608926481	62f9804aeb7032399977edcd7654fc75	Pathological	syn64613232									
file	phs002371_HTAN	HTA3_80015_1902000	SD19399_C6_CleanHE_40X_deid.svs	SVS	3701268315	9e86909c6e30f22901f88f0ca9420cfd	Pathological	syn64613227									
file	phs002371_HTAN	HTA3_80015_1903000	SD19399_C7_CleanHE_40X_deid.svs	SVS	2327072587	7e40db0fa7baff54a4af7f6137001f2c	Pathological	syn64613112									
file	phs002371_HTAN	HTA3_80016_1905000	SD19462_A11_CleanHE_40X_deid.svs	SVS	548869313	b4a2d0917e55ad7e1bfa3472bfefa3d6	Pathological	syn64613150									
file	phs002371_HTAN	HTA3_80016_1901000	SD19462_A3_CleanHE_40X_deid.svs	SVS	1436993435	657b499750c21930604304e263dab6eb	Pathological	syn64613248									
file	phs002371_HTAN	HTA3_80016_1902000	SD19462_A7_CleanHE_40X_deid.svs	SVS	1283551699	3d292573c953cbbd39da21e9bdbf1c15	Pathological	syn64613237									
file	phs002371_HTAN	HTA3_80016_1903000	SD19462_A8_CleanHE_40X_deid.svs	SVS	2821814117	51ece4a6c401d908c76c10e6e77b4bb8	Pathological	syn64613190									
file	phs002371_HTAN	HTA3_80016_1904000	SD19462_A9_CleanHE_40X_deid.svs	SVS	3248524541	33affda189f5853dfd106037984e596b	Pathological	syn64613196									
file	phs002371_HTAN	HTA3_80051_1902000	SD26011_A10-1_CleanHE_40X_deid.svs	SVS	2783947923	3403cef1ab5f9cd0d81df01cbb7c1454	Pathological	syn64613111									
file	phs002371_HTAN	HTA3_80051_1903000	SD26011_A11-1_CleanHE_40X_deid.svs	SVS	1949508755	47d94fd3e48e2ec763ba57ee54313854	Pathological	syn64613226									
file	phs002371_HTAN	HTA3_80051_1901000	SD26011_A5-1_CleanHE_40X_deid.svs	SVS	3631051709	c13ec860ef6546b26c2b2883c0978d61	Pathological	syn64613217									
file	phs002371_HTAN	HTA3_80031_1904000	SD26228_F7_CleanHE_40X_deid.svs	SVS	1905113457	43fd697efe3e610fbb5b7af721a5730c	Pathological	syn64613215									
file	phs002371_HTAN	HTA3_80052_1901000	SD29283_D3-1_CleanHE_40X_deid.svs	SVS	1619461499	e20972d35c9abc9a05bd489fce4cb0b1	Pathological	syn64613267									
file	phs002371_HTAN	HTA3_80052_1902000	SD29283_D4-1_CleanHE_40X_deid.svs	SVS	1217535689	277f555d5dcf231d804f38dfaa4deaad	Pathological	syn64613086									
file	phs002371_HTAN	HTA3_80052_1903000	SD29283_D5-1_CleanHE_40X_deid.svs	SVS	1206864175	3aaffa4a6d47bd08b9b876cdaf6fd0cb	Pathological	syn64613203									
file	phs002371_HTAN	HTA3_80052_1904000	SD29283_D7-4_CleanHE_40X_deid.svs	SVS	3512077251	bb5c1cc0a21e71c6c82bb3564885294e	Pathological	syn64613234									
file	phs002371_HTAN	HTA3_80052_1905000	SD29283_D8-2_CleanHE_40X_deid.svs	SVS	2297114627	1aa72c6d26085a9c8745c13c46e4ddcb	Pathological	syn64613179									
file	phs002371_HTAN	HTA3_80053_1901000	SD29297_A1-1_CleanHE_40X_deid.svs	SVS	1980674293	e285bae61334a9187a0c7d4136fcedaf	Pathological	syn64613224									
file	phs002371_HTAN	HTA3_80053_1902000	SD29297_A4-1_CleanHE_40X_deid.svs	SVS	1865436701	0cc6fefc9045bdf6daa3f4a51168d07e	Pathological	syn64613187									
file	phs002371_HTAN	HTA3_80033_1901000	SD30415_3197_CleanHE_40X_deid.svs	SVS	2690972597	614901d5a4f1a4e9447b8096992aced8	Pathological	syn64613257									
file	phs002371_HTAN	HTA3_80033_1903000	SD30415_3204_CleanHE_40X_deid.svs	SVS	1896794935	4ecd6da2c44784d6c4e9507684145cf3	Pathological	syn64613184									
file	phs002371_HTAN	HTA3_80001_1902000	SD26731_A2_HEScan1.qptiff	TIFF	613956083	d67b30938efac8e703fdbfa772f33d39	Pathological	syn64613118									
file	phs002371_HTAN	HTA3_80003_1902000	SD07462_E7_CleanHEScan1.qptiff	TIFF	901545330	19d0c78faaf4003d703d2be07836bbe5	Pathological	syn61624869									
file	phs002371_HTAN	HTA3_80004_1901000	SD07688_A2_CleanHEScan1.qptiff	TIFF	689084635	dc187e137736794401014a6a463e8d1d	Pathological	syn61624878									
file	phs002371_HTAN	HTA3_80004_1902000	SD07688_B1_CleanHEScan1.qptiff	TIFF	524608503	dc7deff9cecba7226c0ce646b33350c8	Pathological	syn61624882									
file	phs002371_HTAN	HTA3_80201_1902000	SD04779_C10_CleanHEScan1.qptiff	TIFF	435882539	8893c03d185d67c269284cbbc6141028	Pathological	syn64613244									
file	phs002371_HTAN	HTA3_80201_1903000	SD04779_C12_CleanHEScan2.qptiff	TIFF	606525630	261db2c55d66ada1b8324a44d518e064	Pathological	syn64613259									
file	phs002371_HTAN	HTA3_80201_1904000	SD04779_C13_CleanHEScan2.qptiff	TIFF	929906105	0f9d7845e74d42026ec0d58c0fb0159b	Pathological	syn64613175									
file	phs002371_HTAN	HTA3_80201_1901000	SD04779_C3_CleanHEScan1.qptiff	TIFF	361654017	e8080b17052b24b57d1844a18524dfc9	Pathological	syn64613263									
file	phs002371_HTAN	HTA3_80048_1901000	SD12826_F5-1_CleanHE_40X_deid.svs	SVS	2087066339	7a777e1c08e6a98c06e37349902d7a4a	Pathological	syn64613109									
file	phs002371_HTAN	HTA3_80048_1902000	SD12826_F8-1_CleanHE_40X_deid.svs	SVS	1901320345	afece6bba888e41b352ef9cda51b3373	Pathological	syn64613193									
file	phs002371_HTAN	HTA3_80048_1903000	SD12826_F9-1_CleanHE_40X_deid.svs	SVS	3877601949	310b027cae3a28aefd87dacd89cd40f9	Pathological	syn64613113									
file	phs002371_HTAN	HTA3_80050_1902000	SD25134_C13-17_CleanHE_40X_deid.svs	SVS	2403883311	2a88385d7bf2a1abc6872517b0ada336	Pathological	syn64613153									
file	phs002371_HTAN	HTA3_80050_1903000	SD25134_C14-1_CleanHE_40X_deid.svs	SVS	1708133575	1f00eb58b9453a4cbd3931a7df274896	Pathological	syn64613204									
file	phs002371_HTAN	HTA3_80050_1904000	SD25134_C16-1_CleanHE_40X_deid.svs	SVS	1555714683	721ae2d33df94978ee12972f4f311835	Pathological	syn64613097									
file	phs002371_HTAN	HTA3_80050_1905000	SD25134_C23-1_CleanHE_40X_deid.svs	SVS	1865815045	eda24a1f9bff98b4a7b9de1207f15944	Pathological	syn64613137									
file	phs002371_HTAN	HTA3_80050_1901000	SD25134_C7-17_CleanHE_40X_deid.svs	SVS	2299815275	83422d626375d3b2c3b3257355d1bcca	Pathological	syn64613260									
file	phs002371_HTAN	HTA3_80208_1903000	SD02760_B13-1_CleanHE_40X_deid.svs	SVS	3081715223	63e875d7b3145bb3c7cd1e97b49a7e3e	Pathological	syn64613213									
file	phs002371_HTAN	HTA3_80208_1901000	SD02760_B4-1_CleanHE_40X_deid.svs	SVS	1418856387	a652b9bef97e3be091b54c15e23f2a59	Pathological	syn64613246									
file	phs002371_HTAN	HTA3_80208_1902000	SD02760_B5-1_CleanHE_40X_deid.svs	SVS	1155250723	ee0db7bd719acf91a799674995301fd9	Pathological	syn64613138									
file	phs002371_HTAN	HTA3_80202_1901000	SD05999_G7-1_CleanHE_40X_deid.svs	SVS	2006781319	708fdc032a2de84e4d754f731e92a2e5	Pathological	syn64613191									
file	phs002371_HTAN	HTA3_80202_1902000	SD05999_G9-1_CleanHE_40X_deid.svs	SVS	3254771225	5601181174c5e7f4163cfc45ff3b3994	Pathological	syn64613206									
file	phs002371_HTAN	HTA3_80203_1901000	SD08175_I3_CleanHE_40X_deid.svs	SVS	2937208779	d5b24475411591b8429331a64eac2a27	Pathological	syn64613256									
file	phs002371_HTAN	HTA3_80203_1902000	SD08175_I6_CleanHE_40X_deid.svs	SVS	2295031027	0402bf4d8034a4ab42f51ce2ea24ba2c	Pathological	syn64613240									
file	phs002371_HTAN	HTA3_80204_1901000	SD08251_G2_CleanHE_40X_deid.svs	SVS	2209738341	4ecbf204fcbb85cdd6361fbfcce7a358	Pathological	syn64613185									
file	phs002371_HTAN	HTA3_80204_1902000	SD08251_G5_CleanHE_40X_deid.svs	SVS	1771050197	154c626c8a9fdc720902a738860d22c5	Pathological	syn64613255									
file	phs002371_HTAN	HTA3_80204_1903000	SD08251_G8_CleanHE_40X_deid.svs	SVS	2446822891	ec74e6c92711ae276decf9873fb8ebfc	Pathological	syn64613174									
file	phs002371_HTAN	HTA3_80205_1901000	SD11778_A5-1_CleanHE_40X_deid.svs	SVS	3357020445	f6054034a38dbd308f1761362168bb20	Pathological	syn64613201									
file	phs002371_HTAN	HTA3_80205_1902000	SD11778_E3-1_CleanHE_40X_deid.svs	SVS	2169867555	8c100554a9396c1b940441799201d624	Pathological	syn64613218									
file	phs002371_HTAN	HTA3_80200_1901000	SD13553_A1-2_CleanHE_40X_deid.svs	SVS	1624735371	862bb243b416c4f5abd3506ca8dbc3a4	Pathological	syn64613117									
file	phs002371_HTAN	HTA3_80200_1903000	SD13553_A21-1_CleanHE_40X_deid.svs	SVS	3113900195	758c0d526a078b736650356bc9d73d05	Pathological	syn64613098									
file	phs002371_HTAN	HTA3_80200_1902000	SD13553_A9-1_CleanHE_40X_deid.svs	SVS	2687007287	12273856feea1f868f51fa73e23165a4	Pathological	syn64613107									
file	phs002371_HTAN	HTA3_80200_1904000	SD13553_B6-1_CleanHE_40X_deid.svs	SVS	1598891993	c8af15dbc347b529c6745d3eeb57acc8	Pathological	syn64613262									
file	phs002371_HTAN	HTA3_80200_1905000	SD13553_B9-1_CleanHE_40X_deid.svs	SVS	4064093725	25c0f5cd2d3346a8c572b9654f0ee99e	Pathological	syn64613162									
file	phs002371_HTAN	HTA3_80206_1901000	SD17076_F2-1_CleanHE_40X_deid.svs	SVS	2537950999	fef82195c0bb4f5bd66a69cd4c33d8c2	Pathological	syn64613236									
file	phs002371_HTAN	HTA3_80206_1902000	SD17076_F3-1_CleanHE_40X_deid.svs	SVS	1756186345	29c3b2d2353bc0dce48e190e28e11399	Pathological	syn64613156									
file	phs002371_HTAN	HTA3_80207_1901000	SD28213_H8-1_CleanHE_40X_deid.svs	SVS	4008800077	8cdcb1ab7de15af793ce53cc6230a023	Pathological	syn64613269									
file	phs002371_HTAN	HTA3_0001_1900897	PCGA-01-0001-029-19762-00897BX_deid.svs	SVS	85374655	ea1d59bf061109603a9f3a9d7f2bae67	Pathological	syn64612902									
file	phs002371_HTAN	HTA3_0001_1900902	PCGA-01-0001-070-19762-00902BX_deid.svs	SVS	185371397	0ca48ba5219c6bc700d442604a38987e	Pathological	syn64612909									
file	phs002371_HTAN	HTA3_0003_1900412	PCGA-01-0003-089-23883-00412BX_deid.svs	SVS	55696259	fc1af8a946435b5f8ad0247d44066a33	Pathological	syn64612908									
file	phs002371_HTAN	HTA3_0005_1900728	PCGA-01-0005-050-17489-00728BX_deid.svs	SVS	232002809	a032c21e7c5edad2baed041166becc92	Pathological	syn64612915									
file	phs002371_HTAN	HTA3_0008_1900839	PCGA-01-0008-010-21682-00839BX_deid.svs	SVS	218753379	9f6fd62f47efed6f1b584410d8e506c8	Pathological	syn64612907									
file	phs002371_HTAN	HTA3_0021_1900464	PCGA-01-0021-010-19434-00464BX_deid.svs	SVS	174513993	050d74f53f411198a2cc524a86e93b78	Pathological	syn64612910									
file	phs002371_HTAN	HTA3_0029_1900811	PCGA-01-0029-089-22678-00811BX_deid.svs	SVS	134153421	d2136e570163dd8dd4762a8f505bdaa4	Pathological	syn64612911									
file	phs002371_HTAN	HTA3_0031_1900536	PCGA-01-0031-021-23830-00536BX_deid.svs	SVS	42312611	c11327b6289faa3daad726ea96b660b3	Pathological	syn64612912									
file	phs002371_HTAN	HTA3_0049_1901188	PCGA-01-0049-050-23043-01188BX_deid.svs	SVS	1105050497	65e1e968893581bf230b22a139c7d1a4	Pathological	syn64612913									
file	phs002371_HTAN	HTA3_0049_1901344	PCGA-01-0049-050-23272-01344BX_deid.svs	SVS	1089172871	1a7e677f92bf24db1b94f35432bdbf44	Pathological	syn64612914									
file	phs002371_HTAN	HTA3_0049_1101188	PCGA-01-0049-050-23043-01188BX.svs	SVS	1105050497	145f66fd20a8d7b612c8edbad46bf01d	Pathological	syn64555828									
file	phs002371_HTAN	HTA3_0049_1101344	PCGA-01-0049-050-23272-01344BX.svs	SVS	1089172871	b039de7c8e91edbc34050fbc2e0dc68d	Pathological	syn64555829									
file	phs002371_HTAN	HTA3_0001_1100897	PCGA-01-0001-029-19762-00897BX.svs	SVS	85374655	e369cac0b927b379f73f2fc3b4d3a323	Pathological	syn64555819									
file	phs002371_HTAN	HTA3_0001_1100902	PCGA-01-0001-070-19762-00902BX.svs	SVS	185371397	a6613ce45f60be6eb5863fb5b8675d39	Pathological	syn64555821									
file	phs002371_HTAN	HTA3_0003_1100412	PCGA-01-0003-089-23883-00412BX.svs	SVS	55696259	f24c47b5d675bf5c41a9e8e205982146	Pathological	syn64555822									
file	phs002371_HTAN	HTA3_0005_1100728	PCGA-01-0005-050-17489-00728BX.svs	SVS	232002809	8aa472abac2a22b62cdfb65c5a151ece	Pathological	syn64555826									
file	phs002371_HTAN	HTA3_0008_1100839	PCGA-01-0008-010-21682-00839BX.svs	SVS	218753379	e279921a21568d7d187b6d0c75834296	Pathological	syn64555825									
file	phs002371_HTAN	HTA3_0021_1100464	PCGA-01-0021-010-19434-00464BX.svs	SVS	174513993	771ce78600f26127364d443a9bccf8f1	Pathological	syn64556373									
file	phs002371_HTAN	HTA3_0029_1100811	PCGA-01-0029-089-22678-00811BX.svs	SVS	134153421	3e906bc6b195d836158b1b89966be071	Pathological	syn64555820									
file	phs002371_HTAN	HTA3_0031_1100536	PCGA-01-0031-021-23830-00536BX.svs	SVS	42312611	9e4f8129672c9c420b87f9af30fc471b	Pathological	syn64555818									
file	phs002371_HTAN	HTA3_0008_7419838	8-838.scn	SCN	2344799295	11cb1ba5fa9034a0b7da25ecc79c8582	Pathological	syn64697644									
file	phs002371_HTAN	HTA3_0009_1919558	9-558_ROI1.ome.tiff	OME-TIFF	43274547	4be7579a96cffaecde575bb24d763eaf	Pathological	syn64697645									
file	phs002371_HTAN	HTA3_50202_1001624	PCGA02_10202_1624.mcd	Md	179697809	c490902ed68d65bb6496a28a22475a50	Pathological	syn68262280									
file	phs002371_HTAN	HTA3_50203_1001868	PCGA02_10203_1868.mcd	Md	76593282	a67bcf0b024b888b2eb5cd3bb0ed2f60	Pathological	syn68262281									
file	phs002371_HTAN	HTA3_50312_1001787	PCGA02_10312_1787.mcd	Md	80336415	9675c93435b7ef1fee79b04488921209	Pathological	syn68262282									
file	phs002371_HTAN	HTA3_50313_1001804	PCGA02_10313_1804.mcd	Md	131402592	8db3ac37ff65fcf2ddb76c5496b7005c	Pathological	syn68262283									
file	phs002371_HTAN	HTA3_50401_1001815	PCGA02_10401_1815.mcd	Md	73908298	079b8b14651e653caa12a58a68a250ad	Pathological	syn68262285									
file	phs002371_HTAN	HTA3_50401_1001817	PCGA02_10401_1817.mcd	Md	79046964	7d7049a2156800afddd1420646cc93e6	Pathological	syn68262286									
file	phs002371_HTAN	HTA3_50403_1001766	PCGA02_10403_1766.mcd	Md	87752569	75d2b6413b7181a1d17a75c6b7c3cb5d	Pathological	syn68262287									
file	phs002371_HTAN	HTA3_50403_1001902	PCGA02_10403_1902.mcd	Md	126057682	ab0128981e9cae306f6e3e0feaf7c48e	Pathological	syn68262288									
file	phs002371_HTAN	HTA3_50404_1001601	PCGA02_10404_1601.mcd	Md	135932400	31789ffac06882be82fb67115d6733bb	Pathological	syn68262291									
file	phs002371_HTAN	HTA3_50404_1001846	PCGA02_10404_1846.mcd	Md	79036935	583e128ee380dbd68234104b0bf5a8a6	Pathological	syn68262293									
file	phs002371_HTAN	HTA3_50405_1001778	PCGA02_10405_1778.mcd	Md	53035736	de83ce734fda5f35cfd16bb6415262dc	Pathological	syn68262294									
file	phs002371_HTAN	HTA3_50408_1001630	PCGA02_10408_1630.mcd	Md	180764243	687fcf15b7381455a5befaf06fcbe176	Pathological	syn68262296									
file	phs002371_HTAN	HTA3_50408_1001886	PCGA02_10408_1886.mcd	Md	73841390	6beb63739a84c874ac0fff66adbc4f9c	Pathological	syn68262297									
file	phs002371_HTAN	HTA3_50408_1001890	PCGA02_10408_1890.mcd	Md	107560616	7d521d5f8e810c205dcd80d94cbb9a2f	Pathological	syn68262298									
file	phs002371_HTAN	HTA3_50410_1001945	PCGA02_10410_1945.mcd	Md	88191888	d86ab2223ec00265760905dca401735d	Pathological	syn68262299									
file	phs002371_HTAN	HTA3_50411_1001934	PCGA02_10411_1934.mcd	Md	42546498	1dca7f4dc33200995c70354ee005d540	Pathological	syn68262300									
file	phs002371_HTAN	HTA3_50415_1001689	PCGA02_10415_1689.mcd	Md	141644343	d604f8de0010072548ad0c80b4b4383b	Pathological	syn68262302									
file	phs002371_HTAN	HTA3_50415_1002070	PCGA02_10415_2070.mcd	Md	16384	06c39a6156fb361136b1a1f3b22158d1	Pathological	syn68262303									
file	phs002371_HTAN	HTA3_50417_1002834	PCGA02_10417_2834.mcd	Md	24747329	3b9b4c14936e62c8b057b7fd3033cb22	Pathological	syn68262304									
file	phs002371_HTAN	HTA3_50417_1003724	PCGA02_10417_3724.mcd	Md	84335620	4892554164bd238c09d51a1054a3ef30	Pathological	syn68262305									
file	phs002371_HTAN	HTA3_50417_1003726	PCGA02_10417_3726.mcd	Md	57492004	56a52a20b6c718ae792e83f2e81f3bb3	Pathological	syn68262306									
file	phs002371_HTAN	HTA3_50419_1002525	PCGA02_10419_2525.mcd	Md	70684996	877c72e0f3483ade17ae8d74b852dbc4	Pathological	syn68262307									
file	phs002371_HTAN	HTA3_50420_1001724	PCGA02_10420_1724.mcd	Md	68003026	3429077cab7d0f839c07bb36e74816ab	Pathological	syn68262308									
file	phs002371_HTAN	HTA3_50421_1002283	PCGA02_10421_2283.mcd	Md	16384	cf115827038ff03d10b0ffde32d0e83b	Pathological	syn68262309									
file	phs002371_HTAN	HTA5_1487_1402	0300290_T2_Scan1.ome.tiff	OME-TIFF	779102735	83e6756b6040eae7b056788b834a1769	Pathological	syn61804144									
file	phs002371_HTAN	HTA5_1172_1405	1172.ome.tiff	OME-TIFF	143609262	e8bd9b72ecf4dcf08180aad490002155	Pathological	syn61804054									
file	phs002371_HTAN	HTA5_1190_1405	1190.ome.tiff	OME-TIFF	522698841	2647c27ed098844fcc1f8fc62415ddca	Pathological	syn61804004									
file	phs002371_HTAN	HTA5_1315_1305	1315.ome.tiff	OME-TIFF	276400177	12032e39034d881c02d62d3ca6516e51	Pathological	syn61804064									
file	phs002371_HTAN	HTA5_1344_1305	1344.ome.tiff	OME-TIFF	274035739	a66ff0204354044c6f888da8da75454f	Pathological	syn61804039									
file	phs002371_HTAN	HTA5_1499_1405	1499.ome.tiff	OME-TIFF	189816985	a73ff3e121a6a9035a471b1cd2bd6954	Pathological	syn61804016									
file	phs002371_HTAN	HTA5_1534_1305	1534.ome.tiff	OME-TIFF	370779638	4493a4656d6c8f23673dfb8531d29686	Pathological	syn61804020									
file	phs002371_HTAN	HTA5_1620_1405	1620.ome.tiff	OME-TIFF	539686053	6ac31a637fe8c9b2cb6623a53b510cdb	Pathological	syn61803993									
file	phs002371_HTAN	HTA5_1694_1305	1694.ome.tiff	OME-TIFF	277261492	af19d78f2b3e5164409b752982feda29	Pathological	syn61804027									
file	phs002371_HTAN	HTA5_1746_1305	1746.ome.tiff	OME-TIFF	814678404	af67437e14208333a9380e6094059233	Pathological	syn61804051									
file	phs002371_HTAN	HTA5_1782_1305	1782.ome.tiff	OME-TIFF	576382407	3d98949f93e910b00a0b5e131c7715c0	Pathological	syn61803998									
file	phs002371_HTAN	HTA5_1794_1405	1794.ome.tiff	OME-TIFF	140491313	20e4c5ea64bf357045009d74a5d939b2	Pathological	syn61804011									
file	phs002371_HTAN	HTA5_1853_1305	1853.ome.tiff	OME-TIFF	236958275	0585a5ea1f77c1333e61f0aa3240a29b	Pathological	syn61804042									
file	phs002371_HTAN	HTA5_1865_1105	1865.ome.tiff	OME-TIFF	267445581	117cb018428dd76da36944e3eb65c2a5	Pathological	syn61804061									
file	phs002371_HTAN	HTA5_1892_1305	1892.ome.tiff	OME-TIFF	265002662	fc72b07fca802963856a350dbf9b347c	Pathological	syn61804030									
file	phs002371_HTAN	HTA5_1909_1405	1909.ome.tiff	OME-TIFF	570876743	8e02ed064ef0dc8fd138fc25ae97088c	Pathological	syn61804073									
file	phs002371_HTAN	HTA5_1925_1305	1925.ome.tiff	OME-TIFF	262079507	d93f684801f60f5b23d5244bb1559862	Pathological	syn61803991									
file	phs002371_HTAN	HTA5_1279_1302	HTA5_1279_1003_Scan1.ome.tiff	OME-TIFF	342189310	6e1cf16fc1e127a3a787b86cfb67a1f1	Pathological	syn61804139									
file	phs002371_HTAN	HTA5_1305_1302	HTA5_1305_1003_Scan1.ome.tiff	OME-TIFF	418774747	5d2848106549aa4d2eed3a6022810676	Pathological	syn61804101									
file	phs002371_HTAN	HTA5_1375_1302	HTA5_1375_1003_Scan1.ome.tiff	OME-TIFF	224930447	776edfce3777243c130bdf1f60a8922c	Pathological	syn61804086									
file	phs002371_HTAN	HTA5_1416_1302	HTA5_1416_1003_Scan1.ome.tiff	OME-TIFF	332540766	7554a4ef66f8dc80ef4bdc80c5c3a53f	Pathological	syn61804075									
file	phs002371_HTAN	HTA5_1457_1302	HTA5_1457_1003_Scan1.ome.tiff	OME-TIFF	407237462	8a689c5d3a921092cb8bd25a8c8fb485	Pathological	syn61804076									
file	phs002371_HTAN	HTA5_1466_1302	HTA5_1466_1003_Scan1.ome.tiff	OME-TIFF	293280001	83996bd991235de0f9b680e6100cfc66	Pathological	syn61804133									
file	phs002371_HTAN	HTA5_1475_1402	HTA5_1475_1004_Scan1.ome.tiff	OME-TIFF	428587956	de2e2c9243bc4b2c3b540ba06404ee16	Pathological	syn61804129									
file	phs002371_HTAN	HTA5_1843_1302	HTA5_1843_1003_Scan1.ome.tiff	OME-TIFF	506976731	3b19265ec00414fb59269d487f068537	Pathological	syn61804081									
file	phs002371_HTAN	HTA5_1868_1402	HTA5_1868_1004_Scan1.ome.tiff	OME-TIFF	963830472	c84ac122e286ce1aa0e72cf1a027e8a4	Pathological	syn61804111									
file	phs002371_HTAN	HTA5_1872_1303	HTA5_1872_1003_Scan1.ome.tiff	OME-TIFF	1566252207	04162f6888c3a0fff41e64715419aeb8	Pathological	syn61804124									
file	phs002371_HTAN	HTA5_1957_1003	HTA5_1957_1003_Scan1.ome.tiff	OME-TIFF	452191423	8a27348ccb58693fa55903f5cd5a2292	Pathological	syn61804094									
file	phs002371_HTAN	HTA5_1787_1205	1787-1205_1789-1305_Scan1.ome.tiff	OME-TIFF	4793934780	78e8ebcd0136b23464145dd2c005e65c	Pathological	syn62048282									
file	phs002371_HTAN	HTA5_1789_1305	1789.ome.tiff	OME-TIFF	359392036	7aeb5bd7d3d72d14f5cc6028a187f9b8	Pathological	syn62048285									
file	phs002371_HTAN	HTA5_1147_1306	HTA5_1147_1302.ome.tiff	OME-TIFF	26380663	ab8eac0f96cdfb59f7c2ab20bb055220	Pathological	syn63837928									
file	phs002371_HTAN	HTA5_1147_1314	HTA5_1147_1310.ome.tiff	OME-TIFF	30653947	8a49825e2a27d5b4ba5a77ae166a4d6e	Pathological	syn63837901									
file	phs002371_HTAN	HTA5_1147_1322	HTA5_1147_1318.ome.tiff	OME-TIFF	32195586	1d7256627350a98a7f39ae4f3affb337	Pathological	syn63837909									
file	phs002371_HTAN	HTA5_1287_1299	HTA5_1287_1002_Scan1.ome.tiff	OME-TIFF	1417133896	855d3e61555e8835668926c123485c3f	Pathological	syn63676036									
file	phs002371_HTAN	HTA5_1314_1306	HTA5_1314_1302.ome.tiff	OME-TIFF	12923589	138e45fc99da785a88145bd744d4010e	Pathological	syn63837907									
file	phs002371_HTAN	HTA5_1314_1314	HTA5_1314_1310.ome.tiff	OME-TIFF	18433943	734ad35801c3e6704338619ad4b0a834	Pathological	syn63837917									
file	phs002371_HTAN	HTA5_1314_1322	HTA5_1314_1318.ome.tiff	OME-TIFF	17930110	a56e3107c25e685425a1bbb2c8e3859a	Pathological	syn63837923									
file	phs002371_HTAN	HTA5_1340_1299	HTA5_1340_1002_Scan1.ome.tiff	OME-TIFF	2844064313	cd66fa114555092b93e273345cfa1d07	Pathological	syn63676044									
file	phs002371_HTAN	HTA5_1348_1606	HTA5_1348_1602.ome.tiff	OME-TIFF	28933861	f3e7aea2142981d5c8987b92c39edc61	Pathological	syn63837925									
file	phs002371_HTAN	HTA5_1348_1614	HTA5_1348_1610.ome.tiff	OME-TIFF	28944363	36898c66c094c37fcb43445088511ae6	Pathological	syn63837899									
file	phs002371_HTAN	HTA5_1348_1622	HTA5_1348_1618.ome.tiff	OME-TIFF	29951516	b924b78dc7258fde9028bc49d1e8d3a3	Pathological	syn63837903									
file	phs002371_HTAN	HTA5_1361_1306	HTA5_1361_1302.ome.tiff	OME-TIFF	22022583	25b605fa1278c0ae61f67e228f705568	Pathological	syn63837905									
file	phs002371_HTAN	HTA5_1361_1314	HTA5_1361_1310.ome.tiff	OME-TIFF	20812210	9efee56502bddfea0a1f60dceb8b82fe	Pathological	syn63837918									
file	phs002371_HTAN	HTA5_1361_1322	HTA5_1361_1318.ome.tiff	OME-TIFF	23072395	8165fd8c0bf7234f0b1d95ffefb0894e	Pathological	syn63837924									
file	phs002371_HTAN	HTA5_1380_1299	HTA5_1380_1002_Scan1.ome.tiff	OME-TIFF	1203376061	5771cf17fb3b989224ea0a0947e02b90	Pathological	syn63676026									
file	phs002371_HTAN	HTA5_1430_1406	HTA5_1430_1402.ome.tiff	OME-TIFF	27443277	fc75907440e9232edc2af244bc054ef3	Pathological	syn63837913									
file	phs002371_HTAN	HTA5_1430_1414	HTA5_1430_1410.ome.tiff	OME-TIFF	27079448	21ce3286181f53ba0ef405734020210b	Pathological	syn63837930									
file	phs002371_HTAN	HTA5_1430_1422	HTA5_1430_1418.ome.tiff	OME-TIFF	26572742	edb6fe76fe27f78756cf6258d29ce30b	Pathological	syn63837932									
file	phs002371_HTAN	HTA5_1529_1399	HTA5_1529_1003_Scan1.ome.tiff	OME-TIFF	2446596226	c8addfc268dda60a76eb4ae471fcccf8	Pathological	syn63676016									
file	phs002371_HTAN	HTA5_1627_1399	HTA5_1627_1003_Scan1.ome.tiff	OME-TIFF	1247491100	eb942bdba4cd7112b1070d334c482423	Pathological	syn63676040									
file	phs002371_HTAN	HTA5_1654_1299	HTA5_1654_1002_Scan1.ome.tiff	OME-TIFF	1758982381	2d154f78d0988645552baea36610658e	Pathological	syn63676011									
file	phs002371_HTAN	HTA5_1664_1306	HTA5_1664_1302.ome.tiff	OME-TIFF	19835693	9aa6ae6c32ac28be7aff6d2fc2552790	Pathological	syn63837921									
file	phs002371_HTAN	HTA5_1664_1406	HTA5_1664_1402.ome.tiff	OME-TIFF	19571453	7da0e44300cc4f7f25d4526affb00532	Pathological	syn63837919									
file	phs002371_HTAN	HTA5_1664_1506	HTA5_1664_1502.ome.tiff	OME-TIFF	26010366	a2d738379baf2fda04ab0362520333ee	Pathological	syn63837915									
file	phs002371_HTAN	HTA5_1678_1306	HTA5_1678_1302.ome.tiff	OME-TIFF	22196539	b487aefd3570d9ca1a24addd29282d36	Pathological	syn63837934									
file	phs002371_HTAN	HTA5_1678_1314	HTA5_1678_1310.ome.tiff	OME-TIFF	21829193	637cee8545d6c43e1b0a3b80601b5549	Pathological	syn63837910									
file	phs002371_HTAN	HTA5_1678_1322	HTA5_1678_1318.ome.tiff	OME-TIFF	23383878	0f90d6b731a693cb5e110aaba149fa8d	Pathological	syn63837914									
file	phs002371_HTAN	HTA5_1703_1306	HTA5_1703_1302.ome.tiff	OME-TIFF	25906787	8ffdba6601d1a350925764c85ec17fe5	Pathological	syn63837902									
file	phs002371_HTAN	HTA5_1703_1314	HTA5_1703_1310.ome.tiff	OME-TIFF	26218050	238f564dfbddd1ebb4e0bf49c9fad359	Pathological	syn63837927									
file	phs002371_HTAN	HTA5_1703_1322	HTA5_1703_1318.ome.tiff	OME-TIFF	24808397	aaac750d04db9b82da695709101a13d3	Pathological	syn63837920									
file	phs002371_HTAN	HTA5_1733_1332	HTA5_1733_1003_Scan1.ome.tiff	OME-TIFF	776512316	37ef798b9a323f4c4135f7a932b97651	Pathological	syn63676035									
file	phs002371_HTAN	HTA5_1734_1202	HTA5_1734_1002_Scan1.ome.tiff	OME-TIFF	621032843	5c7fe54b8223406b3502ae772ef518a4	Pathological	syn63676021									
file	phs002371_HTAN	HTA5_1791_1606	HTA5_1791_1602.ome.tiff	OME-TIFF	32042257	4b5ca369c6ec4083f0e87c2366f6afe5	Pathological	syn63837906									
file	phs002371_HTAN	HTA5_1791_1614	HTA5_1791_1610.ome.tiff	OME-TIFF	39389542	f3b316698c6b67d2edd344c52c364769	Pathological	syn63837916									
file	phs002371_HTAN	HTA5_1791_1622	HTA5_1791_1618.ome.tiff	OME-TIFF	31930208	f557dcf2973c15fddb6cdd0c74be7c02	Pathological	syn63837922									
file	phs002371_HTAN	HTA5_1805_1306	HTA5_1805_1302.ome.tiff	OME-TIFF	22355711	18676a3db14016be69c72a5e1ef43232	Pathological	syn63837929									
file	phs002371_HTAN	HTA5_1805_1314	HTA5_1805_1310.ome.tiff	OME-TIFF	22190345	aa4981f532f3dcdbb376e99733eb41f8	Pathological	syn63837900									
file	phs002371_HTAN	HTA5_1805_1322	HTA5_1805_1318.ome.tiff	OME-TIFF	26572742	a7ec8eb7ba6b7bc96ade64016806d03a	Pathological	syn63837908									
file	phs002371_HTAN	HTA5_1847_1399	HTA5_1847_1003_Scan1.ome.tiff	OME-TIFF	1325506965	4461f1cb428f9b45392953c056cab8b3	Pathological	syn63676020									
file	phs002371_HTAN	HTA5_1876_1699	HTA5_1876_1006_Scan1.ome.tiff	OME-TIFF	3278131913	ba6ce9b5f6e10bc7648522eb6a80a25b	Pathological	syn63676022									
file	phs002371_HTAN	HTA5_1876_1702	HTA5_1876_1007_Scan1.ome.tiff	OME-TIFF	2480223383	9a384b1a2ed408d9de827b104f6bed08	Pathological	syn63676033									
file	phs002371_HTAN	HTA5_1904_1306	HTA5_1904_1302.ome.tiff	OME-TIFF	19316300	819596fce8440cbe0e67ab05b0051901	Pathological	syn63837912									
file	phs002371_HTAN	HTA5_1904_1314	HTA5_1904_1310.ome.tiff	OME-TIFF	26656062	3e9cddd049c9a5af30520a20f248f784	Pathological	syn63837931									
file	phs002371_HTAN	HTA5_1904_1322	HTA5_1904_1318.ome.tiff	OME-TIFF	15957316	4721574405748a32ffa14d7c328823c2	Pathological	syn63837933									
file	phs002371_HTAN	HTA5_1918_1299	HTA5_1918_1002_Scan1.ome.tiff	OME-TIFF	651385748	32ed63558bd50bdb92c5138851101bd7	Pathological	syn63676034									
file	phs002371_HTAN	HTA5_1942_1399	HTA5_1942_1003_Scan1.ome.tiff	OME-TIFF	5134166286	abf2f2b282a499e19a36b22a0c3d7b08	Pathological	syn63676039									
file	phs002371_HTAN	HTA10_41_00801	1.tiff	TIFF	121897166	82badfcade13b13be8b7fbd350761afe	Pathological	syn66310829									
file	phs002371_HTAN	HTA10_41_00802	2.tiff	TIFF	99877070	5afecb431cb19e7182493d6762f1c327	Pathological	syn66310840									
file	phs002371_HTAN	HTA10_41_00803	3.tiff	TIFF	119537870	958d0e7a342ab43dba35528a1898d393	Pathological	syn66310844									
file	phs002371_HTAN	HTA10_41_00804	4.tiff	TIFF	121897166	0abfec01b0837a98a08ba3a7cde2b2d9	Pathological	syn66310845									
file	phs002371_HTAN	HTA10_41_00805	5.tiff	TIFF	88375502	1f3ad7a52cc890d0ac7e104080396713	Pathological	syn66310846									
file	phs002371_HTAN	HTA10_41_00806	6.tiff	TIFF	110469326	a3d1b5b5f22d2237d22df6d31bbfc22f	Pathological	syn66310847									
file	phs002371_HTAN	HTA10_41_00807	7.tiff	TIFF	110469326	592c8d6697b946ed0579f867974830cc	Pathological	syn66310848									
file	phs002371_HTAN	HTA10_41_00808	8.tiff	TIFF	110469326	0af101bc4c8867cc2a75105b2d90296f	Pathological	syn66310849									
file	phs002371_HTAN	HTA10_41_00809	9.tiff	TIFF	81264846	2b17f06a969d09372b9a7418178a3984	Pathological	syn66310850									
file	phs002371_HTAN	HTA10_41_00810	10.tiff	TIFF	81264846	87054a5b3f132c2c69a033118fce0265	Pathological	syn66310819									
file	phs002371_HTAN	HTA10_41_00811	11.tiff	TIFF	101601486	47275d2e3e4b16efaf82f4fe89035646	Pathological	syn66310820									
file	phs002371_HTAN	HTA10_41_00812	12.tiff	TIFF	81264846	351cd84e9c5e10e831460a7b444f309f	Pathological	syn66310821									
file	phs002371_HTAN	HTA10_41_00813	13.tiff	TIFF	99041486	610c18355dec4259bbe46a893dfdd5f8	Pathological	syn66310822									
file	phs002371_HTAN	HTA10_41_00814	14.tiff	TIFF	79233230	0b7ca083998dc5daf62964a2debef5e2	Pathological	syn66310823									
file	phs002371_HTAN	HTA10_41_00815	15.tiff	TIFF	99041486	a2c63c1449f6ed8a46961aa307029180	Pathological	syn66310824									
file	phs002371_HTAN	HTA10_41_00816	16.tiff	TIFF	99041486	704e5412c73f64ddb89980d3120ec072	Pathological	syn66310825									
file	phs002371_HTAN	HTA10_41_00817	17.tiff	TIFF	123166926	e41057d3bf1ab877eaee2c81db9e1c48	Pathological	syn66310826									
file	phs002371_HTAN	HTA10_41_00818	18.tiff	TIFF	123166926	bd1a041e02bb676bd7b3e88d66c4fd05	Pathological	syn66310827									
file	phs002371_HTAN	HTA10_41_00819	19.tiff	TIFF	98533582	6c106f8f57d57782559846fe27aa578d	Pathological	syn66310828									
file	phs002371_HTAN	HTA10_41_00820	20.tiff	TIFF	123166926	e65220996f4ee69197e79f5a0b0e9b08	Pathological	syn66310830									
file	phs002371_HTAN	HTA10_41_00821	21.tiff	TIFF	101581006	a15afd7502749977300799687827750b	Pathological	syn66310831									
file	phs002371_HTAN	HTA10_41_00822	22.tiff	TIFF	101581006	0ad5198adbae98a5256acfac698a2137	Pathological	syn66310832									
file	phs002371_HTAN	HTA10_41_00823	23.tiff	TIFF	101581006	d3b2069654aecbe25d5dbbbcca41bdbf	Pathological	syn66310833									
file	phs002371_HTAN	HTA10_41_00824	24.tiff	TIFF	101581006	463b98485f6def09a58d962e69e678b9	Pathological	syn66310834									
file	phs002371_HTAN	HTA10_41_00825	25.tiff	TIFF	87359694	0a0d860599c55bea8f15102e44a99ee6	Pathological	syn66310835									
file	phs002371_HTAN	HTA10_41_00826	26.tiff	TIFF	109199566	c7aaec621bc78a6fff464a398e3a707c	Pathological	syn66310836									
file	phs002371_HTAN	HTA10_41_00827	27.tiff	TIFF	109199566	af92f7dc9a18c736c149b10e1599c5f9	Pathological	syn66310837									
file	phs002371_HTAN	HTA10_41_00828	28.tiff	TIFF	87359694	fb3b8406bc1ec352c4b01c45380443c9	Pathological	syn66310838									
file	phs002371_HTAN	HTA10_41_00829	29.tiff	TIFF	79233230	f2535d3d823405f0d590bbbc8f580f3c	Pathological	syn66310839									
file	phs002371_HTAN	HTA10_41_00830	30.tiff	TIFF	79233230	2d88e790201f7f53b75cf672be754872	Pathological	syn66310841									
file	phs002371_HTAN	HTA10_41_00831	31.tiff	TIFF	79233230	a82efa321abbb6b1d7ba6c281278f41e	Pathological	syn66310842									
file	phs002371_HTAN	HTA10_41_00832	32.tiff	TIFF	99041486	2862736b0c555e846dedea7e8a047f7f	Pathological	syn66310843									