type	study.study_id	sample.sample_id	file_name	file_type	file_size	md5sum	experimental_strategy_and_data_subtypes	entityid	file_description	file_url_in_cds	submission_version	checksum_value	checksum_algorithm	crdc_id	file_mapping_level	release_datetime	is_supplementary_file
file	phs002371_HTAN	HTA11_546_2000001011	HTA11_546_2000001011523001.ome.tiff	OME-TIFF	1137350197	2076e0d96dc7f28f4fa1b5a94070231f	WXS; RNA-Seq	syn53977567									
file	phs002371_HTAN	HTA11_10711_2000001011	HTA11_10711_2000001011523001.ome.tif	OME-TIFF	400828123	63e707fc6afc3e41a0aa8bbf10b0f36c	WXS; RNA-Seq	syn61376132									
file	phs002371_HTAN	HTA11_1391_2000001011	HTA11_1391_2000001011523001.ome.tif	OME-TIFF	1507921887	63f463ef6a2987a473496f4de89ca920	WXS; RNA-Seq	syn61376134									
file	phs002371_HTAN	HTA11_1391_2000001011	HTA11_1391_2000001011523002.ome.tif	OME-TIFF	1524121689	97f83284def956cc81cdb14ac5457408	WXS; RNA-Seq	syn61376135									
file	phs002371_HTAN	HTA11_1391_2000001011	HTA11_1391_2000001011523003.ome.tif	OME-TIFF	85185871	4fb46eafb2b2716db3fa4b8d1d818ccf	WXS; RNA-Seq	syn61376157									
file	phs002371_HTAN	HTA11_1938_2000001011	HTA11_1938_2000001011523001.ome.tif	OME-TIFF	1576139808	a3e80b51db8b466ef18580e0de6a6d69	WXS; RNA-Seq	syn61376159									
file	phs002371_HTAN	HTA11_1938_2000001011	HTA11_1938_2000001011523002.ome.tif	OME-TIFF	1103936640	a893a7a94b7cb6fe0b271ad221ae014d	WXS; RNA-Seq	syn61376162									
file	phs002371_HTAN	HTA11_2112_2000001011	HTA11_2112_2000001011523001.ome.tif	OME-TIFF	1839324419	5a3e0117dd875267c5f7d5ac8dd1a007	WXS; RNA-Seq	syn61376165									
file	phs002371_HTAN	HTA11_2112_2000001011	HTA11_2112_2000001011523002.ome.tif	OME-TIFF	1510663285	549187091952b1fad45aec0f23c9084a	WXS; RNA-Seq	syn61376168									
file	phs002371_HTAN	HTA11_2112_2000001011	HTA11_2112_2000001011523003.ome.tif	OME-TIFF	1451581391	c95e5503e716f91ce13a2cd910b7b517	WXS; RNA-Seq	syn61376170									
file	phs002371_HTAN	HTA11_2112_2000001011	HTA11_2112_2000001011523004.ome.tif	OME-TIFF	2652584423	f99ef1d90548e8299c018241a395713e	WXS; RNA-Seq	syn61376171									
file	phs002371_HTAN	HTA11_2235_2000001011	HTA11_2235_2000001011523001.ome.tif	OME-TIFF	2854307041	cd59c2e5c10511e2e6031c5fedd08593	WXS; RNA-Seq	syn61376174									
file	phs002371_HTAN	HTA11_2235_2000001011	HTA11_2235_2000001011523002.ome.tif	OME-TIFF	1184720911	1e3093df492f3b70ea06167e5dde35ae	WXS; RNA-Seq	syn61376175									
file	phs002371_HTAN	HTA11_2235_2000001011	HTA11_2235_2000001011523003.ome.tif	OME-TIFF	881522329	f54eef8d9cbf2205a2aa744a09f452c3	WXS; RNA-Seq	syn61376178									
file	phs002371_HTAN	HTA11_2487_2000001011	HTA11_2487_2000001011523001.ome.tif	OME-TIFF	7645410629	a73f758b8589b6e403bdf553344290f0	WXS; RNA-Seq	syn61376190									
file	phs002371_HTAN	HTA11_2487_2000001011	HTA11_2487_2000001011523002.ome.tif	OME-TIFF	7133458923	2d68c37a62de292e30908881cdeeaad3	WXS; RNA-Seq	syn61376201									
file	phs002371_HTAN	HTA11_2951_2000001011	HTA11_2951_2000001011523001.ome.tif	OME-TIFF	5453906975	9a58113fccec02b99c147161ee37ef54	WXS; RNA-Seq	syn61376205									
file	phs002371_HTAN	HTA11_2951_2000001011	HTA11_2951_2000001011523002.ome.tif	OME-TIFF	8452983195	2119b36e5bd969491b9d12dc1c4527ea	WXS; RNA-Seq	syn61376224									
file	phs002371_HTAN	HTA11_2951_2000001011	HTA11_2951_2000001011523003.ome.tif	OME-TIFF	3696597165	994e9816e018b7bc20c1c5cbbcd5f477	WXS; RNA-Seq	syn61376227									
file	phs002371_HTAN	HTA11_3077_2000001011	HTA11_3077_2000001011523001.ome.tif	OME-TIFF	6284155027	0d047f2e67a498453d4e8858f4abe367	WXS; RNA-Seq	syn61376241									
file	phs002371_HTAN	HTA11_3077_2000001011	HTA11_3077_2000001011523002.ome.tif	OME-TIFF	11827954709	ce1cf56fbc092f19f6ecd609a61b3ee5	WXS; RNA-Seq	syn61376250									
file	phs002371_HTAN	HTA11_3077_2000001011	HTA11_3077_2000001011523003.ome.tif	OME-TIFF	4024843718	8f2bd6f57a6eb0303300b96dbe7a8813	WXS; RNA-Seq	syn61376256									
file	phs002371_HTAN	HTA11_3077_2000001011	HTA11_3077_2000001011523004.ome.tif	OME-TIFF	6170815015	6fd9b67466d000a83db86af84cb055d9	WXS; RNA-Seq	syn61376260									
file	phs002371_HTAN	HTA11_3252_2000001011	HTA11_3252_2000001011523001.ome.tif	OME-TIFF	2317710893	5779d1e934cdd83d7642aa264c9cb974	WXS; RNA-Seq	syn61376263									
file	phs002371_HTAN	HTA11_3252_2000001011	HTA11_3252_2000001011523002.ome.tif	OME-TIFF	2065788213	0c77423570c95932c8b8e0e2ae7a751c	WXS; RNA-Seq	syn61376268									
file	phs002371_HTAN	HTA11_3252_2000001011	HTA11_3252_2000001011523003.ome.tif	OME-TIFF	609877413	463318a88d436373726bc026d53f4e58	WXS; RNA-Seq	syn61376270									
file	phs002371_HTAN	HTA11_3252_2000001011	HTA11_3252_2000001011523004.ome.tif	OME-TIFF	1052525053	29e2b4ed17411597826b0caff77a8d55	WXS; RNA-Seq	syn61376272									
file	phs002371_HTAN	HTA11_3252_2000001011	HTA11_3252_2000001011523005.ome.tif	OME-TIFF	2166278749	f816bb5a09a685f3bbc0186deff38ea0	WXS; RNA-Seq	syn61376275									
file	phs002371_HTAN	HTA11_3252_2000001011	HTA11_3252_2000001011523006.ome.tif	OME-TIFF	2360697049	6d31167fb351c5822b03516c7c00990d	WXS; RNA-Seq	syn61376277									
file	phs002371_HTAN	HTA11_3331_2000001011	HTA11_3331_2000001011523001.ome.tif	OME-TIFF	41347551721	f79b766c45116313ac9bc78439b90291	WXS; RNA-Seq	syn61376334									
file	phs002371_HTAN	HTA11_3361_2000001011	HTA11_3361_2000001011523001.ome.tif	OME-TIFF	558091335	40fc0e019d107b18e496e32ff8603f94	WXS; RNA-Seq	syn61376339									
file	phs002371_HTAN	HTA11_3361_2000001011	HTA11_3361_2000001011523002.ome.tif	OME-TIFF	1346809899	734898f66cf3316667e1f423941f6a06	WXS; RNA-Seq	syn61376340									
file	phs002371_HTAN	HTA11_3361_2000001011	HTA11_3361_2000001011523003.ome.tif	OME-TIFF	1067556689	a7d44f8105b2daa2caf216133333eb06	WXS; RNA-Seq	syn61376347									
file	phs002371_HTAN	HTA11_3361_2000001011	HTA11_3361_2000001011523004.ome.tif	OME-TIFF	1322486993	466dd81b7160adf252874127ec71a41c	WXS; RNA-Seq	syn61376349									
file	phs002371_HTAN	HTA11_3361_2000001011	HTA11_3361_2000001011523005.ome.tif	OME-TIFF	1462962967	0d5fc83da7d0cf2b6a775318388886a0	WXS; RNA-Seq	syn61376352									
file	phs002371_HTAN	HTA11_3361_2000001011	HTA11_3361_2000001011523006.ome.tif	OME-TIFF	1441565131	cb4d4cdeb1976fab20a1b68cb8fad0c8	WXS; RNA-Seq	syn61376355									
file	phs002371_HTAN	HTA11_3361_2000001011	HTA11_3361_2000001011523007.ome.tif	OME-TIFF	1078529835	570fb3e0e1c36b4faaeac2c93e469229	WXS; RNA-Seq	syn61376363									
file	phs002371_HTAN	HTA11_3361_2000001011	HTA11_3361_2000001011523008.ome.tif	OME-TIFF	591315857	2bbdb32bd8de4df7736aa8e473fcc25f	WXS; RNA-Seq	syn61376367									
file	phs002371_HTAN	HTA11_3361_2000001011	HTA11_3361_2000001011523009.ome.tif	OME-TIFF	892683759	2778c7800ccbcf74da72a05db83b8e86	WXS; RNA-Seq	syn61376370									
file	phs002371_HTAN	HTA11_3361_2000001011	HTA11_3361_2000001011523010.ome.tif	OME-TIFF	491753261	05448263ed82a565f3281e46f4eff088	WXS; RNA-Seq	syn61376372									
file	phs002371_HTAN	HTA11_3410_2000001011	HTA11_3410_2000001011523001.ome.tif	OME-TIFF	4721357022	bbab4ddfc210d9946fb3f8b50429cb19	WXS; RNA-Seq	syn61376393									
file	phs002371_HTAN	HTA11_3410_2000001011	HTA11_3410_2000001011523002.ome.tif	OME-TIFF	2474106667	787e891d2f7f3c9108e482e826d3ea12	WXS; RNA-Seq	syn61376410									
file	phs002371_HTAN	HTA11_3410_2000001011	HTA11_3410_2000001011523003.ome.tif	OME-TIFF	1614388919	3c844379ae6966470fb269640d4fb35d	WXS; RNA-Seq	syn61376418									
file	phs002371_HTAN	HTA11_3410_2000001011	HTA11_3410_2000001011523004.ome.tif	OME-TIFF	2956894429	142ee486c787996471af8bb58117ceae	WXS; RNA-Seq	syn61376427									
file	phs002371_HTAN	HTA11_3410_2000001011	HTA11_3410_2000001011523005.ome.tif	OME-TIFF	1578854377	df8d359ccf90925561c8aedf3d63b910	WXS; RNA-Seq	syn61376432									
file	phs002371_HTAN	HTA11_347_2000001011	HTA11_347_2000001011523001.ome.tif	OME-TIFF	3403618672	08d663a7d4aee4da2051b278516f7e16	WXS; RNA-Seq	syn61376444									
file	phs002371_HTAN	HTA11_347_2000001011	HTA11_347_2000001011523002.ome.tif	OME-TIFF	3398323940	c6fc9172e10a630a559c0190da8f51e9	WXS; RNA-Seq	syn61376460									
file	phs002371_HTAN	HTA11_347_2000001011	HTA11_347_2000001011523003.ome.tif	OME-TIFF	2874206418	bf0e8bdbff3a1419bcdf45affa292199	WXS; RNA-Seq	syn61376481									
file	phs002371_HTAN	HTA11_377_2000001011	HTA11_377_2000001011523001.ome.tif	OME-TIFF	2548359247	f284503807696ef546a253d6753b7439	WXS; RNA-Seq	syn61376496									
file	phs002371_HTAN	HTA11_377_2000001011	HTA11_377_2000001011523002.ome.tif	OME-TIFF	3726568915	aed7d8c42df0ccbab3d0581c13666ec3	WXS; RNA-Seq	syn61376515									
file	phs002371_HTAN	HTA11_377_2000001011	HTA11_377_2000001011523003.ome.tif	OME-TIFF	614591591	27440fc7ebf41daf1639ff6312c100b6	WXS; RNA-Seq	syn61376517									
file	phs002371_HTAN	HTA11_4255_2000001011	HTA11_4255_2000001011523001.ome.tif	OME-TIFF	832065811	fa37b37f92fe2d70ee52a4ef0e450904	WXS; RNA-Seq	syn61376573									
file	phs002371_HTAN	HTA11_4255_2000001011	HTA11_4255_2000001011523002.ome.tif	OME-TIFF	1597992213	49a691b3baec7177b013d336d45ffe45	WXS; RNA-Seq	syn61376576									
file	phs002371_HTAN	HTA11_4781_2000001011	HTA11_4781_2000001011523001.ome.tif	OME-TIFF	2342651481	099709249515567f8b7e1b8bcdd5f86b	WXS; RNA-Seq	syn61376582									
file	phs002371_HTAN	HTA11_4781_2000001011	HTA11_4781_2000001011523002.ome.tif	OME-TIFF	1536135245	e8d75525732a1b0147b49d057434e922	WXS; RNA-Seq	syn61376589									
file	phs002371_HTAN	HTA11_4781_2000001011	HTA11_4781_2000001011523003.ome.tif	OME-TIFF	4497654241	22d16850de6261ba0f41985d9350d310	WXS; RNA-Seq	syn61376595									
file	phs002371_HTAN	HTA11_4814_2000001011	HTA11_4814_2000001011523001.ome.tif	OME-TIFF	2666576072	e5841e2174d84c2143ff494df7426f9e	WXS; RNA-Seq	syn61376599									
file	phs002371_HTAN	HTA11_5212_2000001011	HTA11_5212_2000001011523001.ome.tif	OME-TIFF	4788492669	efaf060cf12b96e560bf5da7faa94851	WXS; RNA-Seq	syn61376605									
file	phs002371_HTAN	HTA11_5216_2000001011	HTA11_5216_2000001011523001.ome.tif	OME-TIFF	1642056011	486e3469a236ce9c3cfbc417aa3bb7bc	WXS; RNA-Seq	syn61376608									
file	phs002371_HTAN	HTA11_5216_2000001011	HTA11_5216_2000001011523002.ome.tif	OME-TIFF	1368441265	66359f43229366932b54edd6f4e752dd	WXS; RNA-Seq	syn61376614									
file	phs002371_HTAN	HTA11_5363_2000001011	HTA11_5363_2000001011523001.ome.tif	OME-TIFF	5234212319	ae3ead1caa37dd28690362bb4593eae5	WXS; RNA-Seq	syn61376622									
file	phs002371_HTAN	HTA11_546_2000001011	HTA11_546_2000001011523001.ome.tif	OME-TIFF	1137350195	255df012778ce90e07fffbce0b8e4fb8	WXS; RNA-Seq	syn61376624									
file	phs002371_HTAN	HTA11_546_2000001011	HTA11_546_2000001011523002.ome.tif	OME-TIFF	3939133360	5e33da694af43f9424595039bd5d7e06	WXS; RNA-Seq	syn61376635									
file	phs002371_HTAN	HTA11_6025_2000001011	HTA11_6025_2000001011523001.ome.tif	OME-TIFF	2281923677	3ba42679aa1bb1910210fbbb8e0bca55	WXS; RNA-Seq	syn61376673									
file	phs002371_HTAN	HTA11_6025_2000001011	HTA11_6025_2000001011523002.ome.tif	OME-TIFF	1793618115	182fef77bf51aef0cfde8ebe8b1f6c5e	WXS; RNA-Seq	syn61376677									
file	phs002371_HTAN	HTA11_6025_2000001011	HTA11_6025_2000001011523003.ome.tif	OME-TIFF	2842508855	fc5188212fdd522e3bafa92be02b2327	WXS; RNA-Seq	syn61376685									
file	phs002371_HTAN	HTA11_6025_2000001011	HTA11_6025_2000001011523004.ome.tif	OME-TIFF	4944323517	8bcbbaabe470686717bb3b1bcb838bd9	WXS; RNA-Seq	syn61376690									
file	phs002371_HTAN	HTA11_6134_2000001011	HTA11_6134_2000001011523001.ome.tif	OME-TIFF	186279313	4d5f884e6cf64af3e6f992ada6420c82	WXS; RNA-Seq	syn61376691									
file	phs002371_HTAN	HTA11_6147_2000001011	HTA11_6147_2000001011523001.ome.tif	OME-TIFF	2684399861	14d8d181be45827cdd779da0633b74c7	WXS; RNA-Seq	syn61376695									
file	phs002371_HTAN	HTA11_6310_2000001011	HTA11_6310_2000001011523001.ome.tif	OME-TIFF	1796913903	1b3fe01dbe307b7bbc956a9e751f9460	WXS; RNA-Seq	syn61376699									
file	phs002371_HTAN	HTA11_6310_2000001011	HTA11_6310_2000001011523002.ome.tif	OME-TIFF	706036113	fb63aad064a340ae6dbea8cbb68c0952	WXS; RNA-Seq	syn61376700									
file	phs002371_HTAN	HTA11_6310_2000001011	HTA11_6310_2000001011523003.ome.tif	OME-TIFF	1594785461	00f2ab6269739f2d27ddfb2818cc3a29	WXS; RNA-Seq	syn61376702									
file	phs002371_HTAN	HTA11_6310_2000001011	HTA11_6310_2000001011523004.ome.tif	OME-TIFF	1727017125	f67670a263af448d1add42632239e698	WXS; RNA-Seq	syn61376708									
file	phs002371_HTAN	HTA11_696_2000001011	HTA11_696_2000001011523001.ome.tif	OME-TIFF	1860484025	d6629ffb961880caf98a316c129ded51	WXS; RNA-Seq	syn61376711									
file	phs002371_HTAN	HTA11_7663_2000001011	HTA11_7663_2000001011523001.ome.tif	OME-TIFF	137895726	6d266d54cff7dc3558630fdc8b044967	WXS; RNA-Seq	syn61376712									
file	phs002371_HTAN	HTA11_7663_2000001011	HTA11_7663_2000001011523002.ome.tif	OME-TIFF	370116469	d2884c0eb6fe08bcafb8646c3b094ed7	WXS; RNA-Seq	syn61376714									
file	phs002371_HTAN	HTA11_7862_2000002021	HTA11_7862_2000002021523001.ome.tif	OME-TIFF	280820552	626172953637fad1b1e4524f4da610ce	WXS; RNA-Seq	syn61376716									
file	phs002371_HTAN	HTA11_7862_2000002021	HTA11_7862_2000002021523002.ome.tif	OME-TIFF	102285862	600028f1929f2e31ee1e186b89466b48	WXS; RNA-Seq	syn61376717									
file	phs002371_HTAN	HTA11_7862_2000002021	HTA11_7862_2000002021523003.ome.tif	OME-TIFF	55020020	491d50e00f008422593a9d80d0c88d4b	WXS; RNA-Seq	syn61376718									
file	phs002371_HTAN	HTA11_8622_2000001011	HTA11_8622_2000001011523001.ome.tif	OME-TIFF	50664700	588c1d3d662763edca7580e83c4d4697	WXS; RNA-Seq	syn61376720									
file	phs002371_HTAN	HTA11_8622_2000001011	HTA11_8622_2000001011523002.ome.tif	OME-TIFF	191460076	5457f391c7677fd42917e0e6f040106c	WXS; RNA-Seq	syn61376721									
file	phs002371_HTAN	HTA11_8622_2000001011	HTA11_8622_2000001011523003.ome.tif	OME-TIFF	246069002	cb10675ad6fbd32d83be90425c79b7e3	WXS; RNA-Seq	syn61376723									
file	phs002371_HTAN	HTA11_8622_2000001011	HTA11_8622_2000001011523004.ome.tif	OME-TIFF	164485961	d28f27bd3122aeccff77298856f783f9	WXS; RNA-Seq	syn61376724									
file	phs002371_HTAN	HTA11_8622_2000001011	HTA11_8622_2000001011523005.ome.tif	OME-TIFF	145520627	e25f2eff05c4bcd6a012243378814ca2	WXS; RNA-Seq	syn61376727									
file	phs002371_HTAN	HTA11_99999900222_33476	HTA11_99999900222_33476523001.ome.tif	OME-TIFF	8752413379	638bcfdde29941eb5d290e0c1348de85	WXS; RNA-Seq	syn61376745									
file	phs002371_HTAN	HTA11_99999900222_33476	HTA11_99999900222_33476523002.ome.tif	OME-TIFF	16348012281	d93ec13f68d46d65f33762b147daa045	WXS; RNA-Seq	syn61376791									
file	phs002371_HTAN	HTA11_99999900222_33476	HTA11_99999900222_33476523003.ome.tif	OME-TIFF	11446082505	f67dd2fc0e5d2051b746acb93c743110	WXS; RNA-Seq	syn61376836									
file	phs002371_HTAN	HTA11_99999901587_33475	HTA11_99999901587_33475523001.ome.tif	OME-TIFF	9440433509	90808c7467db3f12095b7527fe0987e6	WXS; RNA-Seq	syn61376860									
file	phs002371_HTAN	HTA11_99999901587_33475	HTA11_99999901587_33475523002.ome.tif	OME-TIFF	9204763902	08b4cf05473246b661107190e9f3bb80	WXS; RNA-Seq	syn61376884									
file	phs002371_HTAN	HTA11_99999901587_33475	HTA11_99999901587_33475523003.ome.tif	OME-TIFF	10844264085	88a7faa87742fc0ee1352cabb7aa990a	WXS; RNA-Seq	syn61376914									
file	phs002371_HTAN	HTA11_99999905785_33468	HTA11_99999905785_33468523001.ome.tif	OME-TIFF	9131188027	86aaff7100e6034e7cf862e0b90be032	WXS; RNA-Seq	syn61376940									
file	phs002371_HTAN	HTA11_99999905785_33468	HTA11_99999905785_33468523002.ome.tif	OME-TIFF	10732655229	480583f22db8dd16be53bab47227c227	WXS; RNA-Seq	syn61376972									
file	phs002371_HTAN	HTA11_99999905785_33468	HTA11_99999905785_33468523003.ome.tif	OME-TIFF	8506664433	aa55fd6339170f2a3507fc2257afcc75	WXS; RNA-Seq	syn61377005									
file	phs002371_HTAN	HTA11_9999991586_84599	HTA11_9999991586_84599523001.ome.tif	OME-TIFF	22369415149	5df3bd7e319e3b4a40660ed8e5166265	WXS; RNA-Seq	syn61377049									
file	phs002371_HTAN	HTA11_9999991586_84599	HTA11_9999991586_84599523002.ome.tif	OME-TIFF	25451742169	74b6560213de06466a79ecc6b5592817	WXS; RNA-Seq	syn61377100									
file	phs002371_HTAN	HTA11_9999991586_84599	HTA11_9999991586_84599523003.ome.tif	OME-TIFF	24036796277	016132394aa5e95fb90b04b5b10e30f2	WXS; RNA-Seq	syn61377134									
file	phs002371_HTAN	HTA11_99999933430_84221	HTA11_99999933430_84221523001.ome.tif	OME-TIFF	12553571351	5e68e441d12560783a2795834ba17cd8	WXS; RNA-Seq	syn61377161									
file	phs002371_HTAN	HTA11_99999933430_84221	HTA11_99999933430_84221523002.ome.tif	OME-TIFF	15530625889	437a4df2501c2317869c11d7352bb5fc	WXS; RNA-Seq	syn61377186									
file	phs002371_HTAN	HTA11_99999933430_84221	HTA11_99999933430_84221523003.ome.tif	OME-TIFF	8124132566	c41cbc0951119526ce6da46ab1611446	WXS; RNA-Seq	syn61377210									
file	phs002371_HTAN	HTA11_99999933430_84221	HTA11_99999933430_84221523004.ome.tif	OME-TIFF	13427879127	02dc15170d661016bc1adeb7bb8146d5	WXS; RNA-Seq	syn61377232									
file	phs002371_HTAN	HTA11_99999933430_84221	HTA11_99999933430_84221523005.ome.tif	OME-TIFF	7105352597	30a3373726fc7ffa4021a9e78603f83e	WXS; RNA-Seq	syn61377241									
file	phs002371_HTAN	HTA11_99999933430_84221	HTA11_99999933430_84221523006.ome.tif	OME-TIFF	2755490362	b9a4b695ec451c8be60abefdf0858f1f	WXS; RNA-Seq	syn61377244									
file	phs002371_HTAN	HTA11_99999940364_33479	HTA11_99999940364_33479523001.ome.tif	OME-TIFF	6910262225	4185be4e31ff6841cfc1a90228d87cd4	WXS; RNA-Seq	syn61377251									
file	phs002371_HTAN	HTA11_99999940364_33479	HTA11_99999940364_33479523002.ome.tif	OME-TIFF	9254879767	76370c183dcc6fce249e5b71c9cd5076	WXS; RNA-Seq	syn61377265									
file	phs002371_HTAN	HTA11_99999940364_33479	HTA11_99999940364_33479523003.ome.tif	OME-TIFF	6464245898	39a532aed61a7123bd796cb9eb3dfd76	WXS; RNA-Seq	syn61377273									
file	phs002371_HTAN	HTA11_99999940364_33479	HTA11_99999940364_33479523004.ome.tif	OME-TIFF	9230816643	05e4a65493621917f84d048e17a8a87b	WXS; RNA-Seq	syn61377285									
file	phs002371_HTAN	HTA11_99999940364_33479	HTA11_99999940364_33479523005.ome.tif	OME-TIFF	7072469740	ecddafe80f0dac00b1c8f10be3d82ab8	WXS; RNA-Seq	syn61377299									
file	phs002371_HTAN	HTA11_99999940364_33479	HTA11_99999940364_33479523006.ome.tif	OME-TIFF	4657284680	5f8e1b5012901f4f700bbc6110ac80e4	WXS; RNA-Seq	syn61377309									
file	phs002371_HTAN	HTA11_99999954273_84216	HTA11_99999954273_84216523001.ome.tif	OME-TIFF	16268641617	f3f80e71c455910e61273f37301060e9	WXS; RNA-Seq	syn61377332									
file	phs002371_HTAN	HTA11_99999954273_84216	HTA11_99999954273_84216523002.ome.tif	OME-TIFF	27512173495	ef121a25e1ca3b41e38a5060290f07bf	WXS; RNA-Seq	syn61377370									
file	phs002371_HTAN	HTA11_99999954273_84216	HTA11_99999954273_84216523003.ome.tif	OME-TIFF	20209384821	c377194cd06f2709c8ecde3fe0f22939	WXS; RNA-Seq	syn61377394									
file	phs002371_HTAN	HTA11_99999954273_84216	HTA11_99999954273_84216523004.ome.tif	OME-TIFF	11939003833	bace4a60db39e877dbcde343aff83c27	WXS; RNA-Seq	syn61377409									
file	phs002371_HTAN	HTA11_99999959460_84226	HTA11_99999959460_84226523001.ome.tif	OME-TIFF	17774565403	c8188cad0d861fbb905191c810d62be3	WXS; RNA-Seq	syn61377464									
file	phs002371_HTAN	HTA11_99999959460_84226	HTA11_99999959460_84226523002.ome.tif	OME-TIFF	17712151183	665a789cfde5763a952680d8af629d82	WXS; RNA-Seq	syn61377506									
file	phs002371_HTAN	HTA11_99999959460_84226	HTA11_99999959460_84226523003.ome.tif	OME-TIFF	18391882933	f99be6f524957d76fb1fc87517a13ef7	WXS; RNA-Seq	syn61377559									
file	phs002371_HTAN	HTA11_99999959460_84226	HTA11_99999959460_84226523004.ome.tif	OME-TIFF	19070372041	96715561dbc9c9d333ca16a3d03fca57	WXS; RNA-Seq	syn61377602									
file	phs002371_HTAN	HTA11_99999959460_84226	HTA11_99999959460_84226523005.ome.tif	OME-TIFF	13285866995	d563ae50285020ceae6ad40546e6e142	WXS; RNA-Seq	syn61377639									
file	phs002371_HTAN	HTA11_99999959600_84594	HTA11_99999959600_84594523001.ome.tif	OME-TIFF	1588511710	289c5cab898d75be76f922a4d48b0168	WXS; RNA-Seq	syn61377645									
file	phs002371_HTAN	HTA11_99999959600_84594	HTA11_99999959600_84594523002.ome.tif	OME-TIFF	1649598898	61f85f23cb88b0cc776277a18a45e574	WXS; RNA-Seq	syn61377650									
file	phs002371_HTAN	HTA11_99999959600_84594	HTA11_99999959600_84594523003.ome.tif	OME-TIFF	1509471452	e3021b63776d578e9b5810afd8682e97	WXS; RNA-Seq	syn61377654									
file	phs002371_HTAN	HTA11_99999959600_84594	HTA11_99999959600_84594523004.ome.tif	OME-TIFF	996793264	ec09a2c105764d211d3575d9578782ce	WXS; RNA-Seq	syn61377658									
file	phs002371_HTAN	HTA11_99999959667_84596	HTA11_99999959667_84596523001.ome.tif	OME-TIFF	1614170778	7cd081880f2e677c17847d47481d359e	WXS; RNA-Seq	syn61377665									
file	phs002371_HTAN	HTA11_99999959667_84596	HTA11_99999959667_84596523002.ome.tif	OME-TIFF	1722207446	3044831369accfede5c6dd949406cca5	WXS; RNA-Seq	syn61377670									
file	phs002371_HTAN	HTA11_99999959667_84596	HTA11_99999959667_84596523003.ome.tif	OME-TIFF	1445880378	7eaea71c4c4624060cdf5a3bb3640fa4	WXS; RNA-Seq	syn61377680									
file	phs002371_HTAN	HTA11_99999959667_84596	HTA11_99999959667_84596523004.ome.tif	OME-TIFF	822391181	dae3f8b434de8d3361d75461e419ff2e	WXS; RNA-Seq	syn61377684									
file	phs002371_HTAN	HTA11_99999959667_84596	HTA11_99999959667_84596523005.ome.tif	OME-TIFF	652635806	73c4951be7db82ec7ec046af78d6c6d2	WXS; RNA-Seq	syn61377686									
file	phs002371_HTAN	HTA11_99999971397_80384186056	HTA11_99999971397_80384186056523002.ome.tif	OME-TIFF	16621870207	f08fe8216727d89c0bc2d0d535bf188d	WXS; RNA-Seq	syn61377739									
file	phs002371_HTAN	HTA11_99999971397_80384186056	HTA11_99999971397_80384186056523003.ome.tif	OME-TIFF	16539540915	a90b6a04206e9983ab24879194c8c164	WXS; RNA-Seq	syn61377787									
file	phs002371_HTAN	HTA11_99999971397_80384186056	HTA11_99999971397_80384186056523004.ome.tif	OME-TIFF	19281921427	3998e09611e0a0bac2155395c631368f	WXS; RNA-Seq	syn61377828									
file	phs002371_HTAN	HTA11_99999971397_80384286055	HTA11_99999971397_80384286055523001.ome.tif	OME-TIFF	1769568442	551b397a837c611bafd54562e59dc1c1	WXS; RNA-Seq	syn61377834									
file	phs002371_HTAN	HTA11_99999971397_80384286055	HTA11_99999971397_80384286055523002.ome.tif	OME-TIFF	1681964058	1f58821a4070a3743c1781cfc4dbbd1e	WXS; RNA-Seq	syn61377839									
file	phs002371_HTAN	HTA11_99999971397_80384286055	HTA11_99999971397_80384286055523003.ome.tif	OME-TIFF	1876931620	f787152212e43e9cf97f8da20b32fe29	WXS; RNA-Seq	syn61377843									
file	phs002371_HTAN	HTA11_99999971397_80384286055	HTA11_99999971397_80384286055523004.ome.tif	OME-TIFF	1609921044	aae669a4fa4a32ec5f11cd1cfac3bb62	WXS; RNA-Seq	syn61377852									
file	phs002371_HTAN	HTA11_99999971397_80384286055	HTA11_99999971397_80384286055523005.ome.tif	OME-TIFF	1476127351	cd20eacf9f0f9fbc42ea222e63e18b1a	WXS; RNA-Seq	syn61377857									
file	phs002371_HTAN	HTA11_99999971397_80384286055	HTA11_99999971397_80384286055523006.ome.tif	OME-TIFF	1095450353	7dcde426e2b5a6fc40ae2143a0b709a3	WXS; RNA-Seq	syn61377860									
file	phs002371_HTAN	HTA11_999999003_1	S003T.ome.tiff	OME-TIFF	1199855659	76d39c15a1be5458940e1200f0ab4753	WXS; RNA-Seq	syn68383207									
file	phs002371_HTAN	HTA11_999999012_1	S012TL.ome.tiff	OME-TIFF	3817341088	aeceb7b0dc2c2cec5d6ef3e8f9f090e5	WXS; RNA-Seq	syn68383218									
file	phs002371_HTAN	HTA11_999999026_1	S026TL.ome.tiff	OME-TIFF	2833838760	0c120ee4e8f8fee6883d20642921c359	WXS; RNA-Seq	syn68383230									
file	phs002371_HTAN	HTA11_999999040_1	S040TL.ome.tiff	OME-TIFF	3609075860	27ac7cbc39477e2636a49433117f18ba	WXS; RNA-Seq	syn68383249									
file	phs002371_HTAN	HTA11_999999043_1	S043TL.ome.tiff	OME-TIFF	5964349892	68d8ed39cbc61a472b410f102774aad4	WXS; RNA-Seq	syn68383266									
file	phs002371_HTAN	HTA11_999999053_1	S053TL.ome.tiff	OME-TIFF	1733564194	ed07c0f860561ad4c50b81d8a49318f0	WXS; RNA-Seq	syn68383267									
file	phs002371_HTAN	HTA11_999999058_1	S058TLF.ome.tiff	OME-TIFF	7284210910	32ac0c4fa1a19787ca13ee03b8034da1	WXS; RNA-Seq	syn68383275									
file	phs002371_HTAN	HTA11_999999060_1	S060TRF.ome.tiff	OME-TIFF	3629926058	3751f1d3ffb43564a50e6455cc62ade5	WXS; RNA-Seq	syn68383281									
file	phs002371_HTAN	HTA11_999999062_1	S062TLF.ome.tiff	OME-TIFF	5644764714	3a7f833eb5f42efce37e08065c9cea0e	WXS; RNA-Seq	syn68383289									
file	phs002371_HTAN	HTA11_999999074_1	S074TLF.ome.tiff	OME-TIFF	3008571084	3fa9d2dc6e5aed54f22abba590bdde69	WXS; RNA-Seq	syn68383293									
file	phs002371_HTAN	HTA11_999999078_1	S078TLF.ome.tiff	OME-TIFF	9000993634	50542e2ece85a524ea5b32a5de9de858	WXS; RNA-Seq	syn68383300									
file	phs002371_HTAN	HTA11_999999091_1	S091TRF.ome.tiff	OME-TIFF	3060280850	8d39383e5d3f39c408514a66c4cfe352	WXS; RNA-Seq	syn68383304									
file	phs002371_HTAN	HTA11_999999094_1	S094TRF.ome.tiff	OME-TIFF	5758307928	bd0a3354a96d176281c441ec4f759796	WXS; RNA-Seq	syn68383322									
file	phs002371_HTAN	HTA11_999999096_1	S096TLF.ome.tiff	OME-TIFF	2021882240	85bffbd4d234d085515f52e8490f5f0e	WXS; RNA-Seq	syn68383328									
file	phs002371_HTAN	HTA11_999999099_1	S099TRF.ome.tiff	OME-TIFF	1403880246	e4e941a9a11ee02b29b1dd2999811cea	WXS; RNA-Seq	syn68383330									
file	phs002371_HTAN	HTA11_999999100_1	S100TLF.ome.tiff	OME-TIFF	3474137546	0f6ce0bdb2e5a7d1e73209411059c865	WXS; RNA-Seq	syn68383338									
file	phs002371_HTAN	HTA11_999999106_1	S106TLF.ome.tiff	OME-TIFF	3315115168	5c0a1d1e37f79b3253e42a826212b14e	WXS; RNA-Seq	syn68383344									
file	phs002371_HTAN	HTA11_999999109_1	S109TRF.ome.tiff	OME-TIFF	2286166828	71b5308484514ccdc592636ba50a763c	WXS; RNA-Seq	syn68383352									
file	phs002371_HTAN	HTA11_999999118_1	S118TRF.ome.tiff	OME-TIFF	4295090688	d8b9f96c5ac89d84625a907abb086f66	WXS; RNA-Seq	syn68383404									
file	phs002371_HTAN	HTA11_999999125_1	S125TRF.ome.tiff	OME-TIFF	5406452328	b671d1e147647fdc37f686274c02adef	WXS; RNA-Seq	syn68383408									
file	phs002371_HTAN	HTA11_999999003_1	S003_GeoMx.ome.tif	OME-TIFF	638631691	3b66f6ebf2f3ca6a763f3ea4ddec07b5	WXS; RNA-Seq	syn68383783									
file	phs002371_HTAN	HTA11_999999012_1	S012_GeoMx.ome.tif	OME-TIFF	1989991498	199933627b6c61b80078b2e6484c599a	WXS; RNA-Seq	syn68383790									
file	phs002371_HTAN	HTA11_999999026_1	S026_GeoMx.ome.tif	OME-TIFF	1920104872	767d5cca8e2e280c596ad7445ee1d345	WXS; RNA-Seq	syn68383799									
file	phs002371_HTAN	HTA11_999999040_1	S040_GeoMx.ome.tif	OME-TIFF	1905695623	d12c36583a451c6017767b28d408ee5d	WXS; RNA-Seq	syn68383808									
file	phs002371_HTAN	HTA11_999999043_1	S043_GeoMx.ome.tif	OME-TIFF	3271118731	ac90eef5ade9ae8aef8c8844fbab3d23	WXS; RNA-Seq	syn68383818									
file	phs002371_HTAN	HTA11_999999053_1	S053_GeoMx.ome.tif	OME-TIFF	1121775745	0ee6071e5ff5eb2273d6deb60a5ff5a0	WXS; RNA-Seq	syn68383821									
file	phs002371_HTAN	HTA11_999999058_1	S058_GeoMx.ome.tif	OME-TIFF	4263495220	1e777ac90d918088dcc37429812f2c9b	WXS; RNA-Seq	syn68383835									
file	phs002371_HTAN	HTA11_999999060_1	S060_GeoMx.ome.tif	OME-TIFF	2813966600	4e13cb68077e8b0474811d49ff4b878a	WXS; RNA-Seq	syn68383848									
file	phs002371_HTAN	HTA11_999999062_1	S062_GeoMx.ome.tif	OME-TIFF	3180346224	c95939caf0132517af2239f05adf9af8	WXS; RNA-Seq	syn68383849									
file	phs002371_HTAN	HTA11_999999074_1	S074_GeoMx.ome.tif	OME-TIFF	2239233818	9cfe1bdd46027298e55794ca2ba8750e	WXS; RNA-Seq	syn68383850									
file	phs002371_HTAN	HTA11_999999078_1	S078_GeoMx.ome.tif	OME-TIFF	5957508271	1fd4cd9e9c959a813e6f1811c0f3c6b1	WXS; RNA-Seq	syn68383865									
file	phs002371_HTAN	HTA11_999999091_1	S091_GeoMx.ome.tif	OME-TIFF	2165581089	23fea5eef11ffd6e237c2be6042d521f	WXS; RNA-Seq	syn68383874									
file	phs002371_HTAN	HTA11_999999094_1	S094_GeoMx.ome.tif	OME-TIFF	3941524016	9ca29516a1b14264930d5ed6d48a971e	WXS; RNA-Seq	syn68383878									
file	phs002371_HTAN	HTA11_999999096_1	S096_GeoMx.ome.tif	OME-TIFF	1145613788	223371a3e1a5b0a0d2e892f46843faa2	WXS; RNA-Seq	syn68383879									
file	phs002371_HTAN	HTA11_999999099_1	S099_GeoMx.ome.tif	OME-TIFF	980386101	d3dc2793932a433623d9b20151b9c8cd	WXS; RNA-Seq	syn68383882									
file	phs002371_HTAN	HTA11_999999100_1	S100_GeoMx.ome.tif	OME-TIFF	2450838259	8872482b44c87e0aace3a7fa65578e3e	WXS; RNA-Seq	syn68383885									
file	phs002371_HTAN	HTA11_999999106_1	S106_GeoMx.ome.tif	OME-TIFF	2003780602	f075cc7d7edf4888aa5156d1e5fe244f	WXS; RNA-Seq	syn68383887									
file	phs002371_HTAN	HTA11_999999109_1	S109_GeoMx.ome.tif	OME-TIFF	1558587508	45b75b58b94368c4c3349b64a50f90b6	WXS; RNA-Seq	syn68383889									
file	phs002371_HTAN	HTA11_999999118_1	S118_GeoMx.ome.tif	OME-TIFF	1912495337	e6a46d4e2095073a27de3ae9e7a8f747	WXS; RNA-Seq	syn68383891									
file	phs002371_HTAN	HTA11_999999125_1	S125_GeoMx.ome.tif	OME-TIFF	2758298084	a02a79e70b61a5b9010ad29cdb81af52	WXS; RNA-Seq	syn68383895									
file	phs002371_HTAN	HTA11_392_3000011011	HTA11_392_300001101523001.ome.tif	OME-TIFF	9832537831	7634c8d2bbc8b4f1978b61bcc1b81756	WXS; RNA-Seq	syn69075323									
file	phs002371_HTAN	HTA11_392_3000011011	HTA11_392_300001101523002.ome.tif	OME-TIFF	4866256515	169af3ce3b4fd2ad3616eee432a85fe0	WXS; RNA-Seq	syn69075328									
file	phs002371_HTAN	HTA11_392_3000011011	HTA11_392_300001101523003.ome.tif	OME-TIFF	3420131240	0eb5f0ca8170e00c65e5a655eaceb20c	WXS; RNA-Seq	syn69075329									
file	phs002371_HTAN	HTA11_392_3000011011	HTA11_392_300001101523004.ome.tif	OME-TIFF	4877722543	06f626ddd9d2dc7c258d2894093579fd	WXS; RNA-Seq	syn69075404									
file	phs002371_HTAN	HTA11_392_3000011011	HTA11_392_300001101523005.ome.tif	OME-TIFF	7257415053	8ae701b271b431af9cbba22d2136800d	WXS; RNA-Seq	syn69075405									
file	phs002371_HTAN	HTA11_392_3000011011	HTA11_392_300001101523006.ome.tif	OME-TIFF	4539069923	df3df9d6fdb013d4cef9d7cabd8df36e	WXS; RNA-Seq	syn69075414									
file	phs002371_HTAN	HTA11_5994_2000001011	HTA11_5994_2000001011523001.ome.tif	OME-TIFF	5069849251	a10aa2c67d66c375bc15dc8aa4bd982a	WXS; RNA-Seq	syn69075416									
file	phs002371_HTAN	HTA11_5994_2000001011	HTA11_5994_2000001011523002.ome.tif	OME-TIFF	2195018793	95e6265a91c6b7410b6720a048b45075	WXS; RNA-Seq	syn69075419									
file	phs002371_HTAN	HTA11_5994_2000001011	HTA11_5994_2000001011523003.ome.tif	OME-TIFF	3822861879	9012bcc050df02c96d4fa01132e3b5b1	WXS; RNA-Seq	syn69075422									
file	phs002371_HTAN	HTA11_5994_2000001011	HTA11_5994_2000001011523004.ome.tif	OME-TIFF	2707298155	7180ffff30e08d45feb7ee222168a615	WXS; RNA-Seq	syn69075426									
file	phs002371_HTAN	HTA11_5994_2000001011	HTA11_5994_2000001011523005.ome.tif	OME-TIFF	3147210898	c07b5bf3c98289d288badef83430d236	WXS; RNA-Seq	syn69075429									
file	phs002371_HTAN	HTA11_5994_2000001011	HTA11_5994_2000001011523006.ome.tif	OME-TIFF	2909916218	8264f7c70b58a9118f6781677e09409c	WXS; RNA-Seq	syn69075430									
file	phs002371_HTAN	HTA9_30_25	348095_ROI01.ome.tif	OME-TIFF	33881423	dcf837e1adf5c8d49275462fb6f9ad74	WXS; RNA-Seq	syn66271747									
file	phs002371_HTAN	HTA9_30_26	348103_ROI01.ome.tif	OME-TIFF	92504691	91cef27ef903e80f4aba772ca484caba	WXS; RNA-Seq	syn66271750									
file	phs002371_HTAN	HTA9_11_53	348111_ROI01.ome.tif	OME-TIFF	58291080	77920addc35a9e1265f3003e332c48d4	WXS; RNA-Seq	syn66271752									
file	phs002371_HTAN	HTA9_11_53	348111_ROI02.ome.tif	OME-TIFF	68429259	856434e1094db91001f914db80e00522	WXS; RNA-Seq	syn66271753									
file	phs002371_HTAN	HTA9_11_53	348111_ROI03.ome.tif	OME-TIFF	49453901	1fa5d23f7e5e086a4729998663ea5f64	WXS; RNA-Seq	syn66271755									
file	phs002371_HTAN	HTA9_27_65	357628_ROI01.ome.tif	OME-TIFF	41118538	538f9347f3e4372fd2b40680def5b340	WXS; RNA-Seq	syn66271757									
file	phs002371_HTAN	HTA9_27_65	357628_ROI02.ome.tif	OME-TIFF	23383133	bc975159e24ba16bf64083e006eaa846	WXS; RNA-Seq	syn66271758									
file	phs002371_HTAN	HTA9_27_65	357628_ROI03.ome.tif	OME-TIFF	29647865	269373449e553e8a4ffb84e84062ff28	WXS; RNA-Seq	syn66271760									
file	phs002371_HTAN	HTA9_27_65	357628_ROI04.ome.tif	OME-TIFF	17549960	5da948151da3c6943e455a0c3b82eef5	WXS; RNA-Seq	syn66271761									
file	phs002371_HTAN	HTA9_27_65	357628_ROI05.ome.tif	OME-TIFF	40369359	03176399c7d212ed33fae99bfb20c560	WXS; RNA-Seq	syn66271762									
file	phs002371_HTAN	HTA9_27_65	357628_ROI06.ome.tif	OME-TIFF	44688707	16bccdf40037816b9c6e89902887fc82	WXS; RNA-Seq	syn66271763									
file	phs002371_HTAN	HTA9_25_58	357645_ROI01.ome.tif	OME-TIFF	201525770	0f45e9c07c15e3e16aaecd4aae52572e	WXS; RNA-Seq	syn66271771									
file	phs002371_HTAN	HTA9_25_58	357645_ROI02.ome.tif	OME-TIFF	164345452	bf00327ee5a6b2a49ae8059be4f9b9cd	WXS; RNA-Seq	syn66271772									
file	phs002371_HTAN	HTA9_12_75	357648_ROI01.ome.tif	OME-TIFF	79000492	befc235a99c062e12d6a88111a21ee84	WXS; RNA-Seq	syn66271776									
file	phs002371_HTAN	HTA9_12_75	357648_ROI02.ome.tif	OME-TIFF	123292793	be0a40a97b11dfae516c29ba209b31be	WXS; RNA-Seq	syn66271778									
file	phs002371_HTAN	HTA9_12_75	357648_ROI03.ome.tif	OME-TIFF	164903633	867c3b548bc6561fb93dab6a1555b8e3	WXS; RNA-Seq	syn66271780									
file	phs002371_HTAN	HTA9_25_59	357651_ROI01.ome.tif	OME-TIFF	213689782	cf6d0361a439896d91e2dceaa0597057	WXS; RNA-Seq	syn66271783									
file	phs002371_HTAN	HTA9_25_59	357651_ROI02.ome.tif	OME-TIFF	114595907	b1306a70ca71350f74c5b63eb3831fa2	WXS; RNA-Seq	syn66271784									
file	phs002371_HTAN	HTA9_25_59	357651_ROI03.ome.tif	OME-TIFF	118377015	8f5012a17f608ff4458f08c3bc6bb4ec	WXS; RNA-Seq	syn66271785									
file	phs002371_HTAN	HTA9_26_55	357654_ROI01.ome.tif	OME-TIFF	131649129	424ebce3a4b7d232c8d3c9eba1118d46	WXS; RNA-Seq	syn66271788									
file	phs002371_HTAN	HTA9_26_54	357663_ROI01.ome.tif	OME-TIFF	93820130	74efde72b1c35f8f856cb4b04aa20a5f	WXS; RNA-Seq	syn66271791									
file	phs002371_HTAN	HTA9_26_54	357663_ROI02.ome.tif	OME-TIFF	37651314	7245f409b4682e7db26b1e910a2592f3	WXS; RNA-Seq	syn66271792									
file	phs002371_HTAN	HTA9_8_55	357670_ROI01.ome.tif	OME-TIFF	142884624	be540bd287c5bff8ef50fe4d44d6a9cd	WXS; RNA-Seq	syn66271795									
file	phs002371_HTAN	HTA9_11_54	357671_ROI01.ome.tif	OME-TIFF	130120224	17b3af6644631bb82b9964dc05d4a315	WXS; RNA-Seq	syn66271797									
file	phs002371_HTAN	HTA9_27_64	376291_ROI01.ome.tif	OME-TIFF	32011240	8ebb5a534d84b3f0ba1d30dc0fc5b448	WXS; RNA-Seq	syn66271800									
file	phs002371_HTAN	HTA9_16_73	385528_ROI01.ome.tif	OME-TIFF	32117745	973087f2d4388e6e80a98de5e9030699	WXS; RNA-Seq	syn66271810									
file	phs002371_HTAN	HTA9_16_73	385528_ROI02.ome.tif	OME-TIFF	51323528	e47c322da1ebd01318d07c0a7b2dbc7e	WXS; RNA-Seq	syn66271815									
file	phs002371_HTAN	HTA9_16_73	385528_ROI03.ome.tif	OME-TIFF	38105218	1d7ce8284460fbc368677b354662167d	WXS; RNA-Seq	syn66271819									
file	phs002371_HTAN	HTA9_16_73	385528_ROI04.ome.tif	OME-TIFF	36446850	be73ca1851c79a40487caad41ad6867c	WXS; RNA-Seq	syn66271824									
file	phs002371_HTAN	HTA9_16_73	385528_ROI05.ome.tif	OME-TIFF	13005153	72fdcba27b51ced7e1d94e69c63b2372	WXS; RNA-Seq	syn66271828									
file	phs002371_HTAN	HTA9_16_74	385529_ROI01.ome.tif	OME-TIFF	40847508	ace4c28d1f62a85e9c3466aabb2ff6dd	WXS; RNA-Seq	syn66271830									
file	phs002371_HTAN	HTA9_16_74	385529_ROI02.ome.tif	OME-TIFF	32822725	956fbe20b08180257b74a3b91372b60e	WXS; RNA-Seq	syn66271831									
file	phs002371_HTAN	HTA9_16_74	385529_ROI03.ome.tif	OME-TIFF	11185005	d56705d66b1ab2fa0ec537c40ef6b459	WXS; RNA-Seq	syn66271832									
file	phs002371_HTAN	HTA9_8_56	433519_ROI01.ome.tif	OME-TIFF	48387051	b39d0ffd4d1f85ead68b3ac761799d06	WXS; RNA-Seq	syn66271835									
file	phs002371_HTAN	HTA9_8_56	433519_ROI02.ome.tif	OME-TIFF	64109891	b0e277fd451256869d5ac62d5a01a133	WXS; RNA-Seq	syn66271836									
file	phs002371_HTAN	HTA9_8_56	433519_ROI03.ome.tif	OME-TIFF	61969739	8277cf039913102511e17f59659e622d	WXS; RNA-Seq	syn66271837									
file	phs002371_HTAN	HTA9_8_56	433519_ROI04.ome.tif	OME-TIFF	39150175	ba475ee2b8ebae1cb0de7fac9695d100	WXS; RNA-Seq	syn66271839									
file	phs002371_HTAN	HTA9_10_59	433523_ROI01.ome.tif	OME-TIFF	47543691	5f890045f808af3d42dc87232c37e9f8	WXS; RNA-Seq	syn66271850									
file	phs002371_HTAN	HTA9_10_59	433523_ROI02.ome.tif	OME-TIFF	41941375	908e25c9c3c1af1cf413a2ac66913d1f	WXS; RNA-Seq	syn66271851									
file	phs002371_HTAN	HTA9_10_59	433523_ROI03.ome.tif	OME-TIFF	40265103	c2fd88ebe601c0115a9b36ea60cb4157	WXS; RNA-Seq	syn66271853									
file	phs002371_HTAN	HTA9_10_59	433523_ROI04.ome.tif	OME-TIFF	33950013	0693594b6e6126dc538ab8784192b4bb	WXS; RNA-Seq	syn66271854									
file	phs002371_HTAN	HTA9_7_74	433653_ROI01.ome.tif	OME-TIFF	32788429	1e118ee75159844746e118b087da1774	WXS; RNA-Seq	syn66271866									
file	phs002371_HTAN	HTA9_14_91	434973_ROI01.ome.tif	OME-TIFF	169307625	4fc84df2ccb6cb99865a66deb9d9e461	WXS; RNA-Seq	syn66271873									
file	phs002371_HTAN	HTA9_17_70	434976_ROI01.ome.tif	OME-TIFF	184442069	d2a5996b95e7416d4db5a928b7793461	WXS; RNA-Seq	syn66271880									
file	phs002371_HTAN	HTA9_17_70	434976_ROI02.ome.tif	OME-TIFF	199665095	1b7194e593913ca7265f17aad3f179ea	WXS; RNA-Seq	syn66271882									
file	phs002371_HTAN	HTA9_17_70	434976_ROI03.ome.tif	OME-TIFF	191339683	fef0d01246031f4f878b06280c7ba7a7	WXS; RNA-Seq	syn66271883									
file	phs002371_HTAN	HTA9_17_71	434979_ROI01.ome.tif	OME-TIFF	181950165	20322b0b9ed47eb3d424cf9acabcff1f	WXS; RNA-Seq	syn66271886									
file	phs002371_HTAN	HTA9_17_71	434979_ROI02.ome.tif	OME-TIFF	180933753	0d70b52df86e32efa356a1ad16e9e7af	WXS; RNA-Seq	syn66271889									
file	phs002371_HTAN	HTA9_17_71	434979_ROI03.ome.tif	OME-TIFF	155849713	49ca9417719f1aa8ee9d3fc215a9ed89	WXS; RNA-Seq	syn66271890									
file	phs002371_HTAN	HTA9_17_71	434979_ROI04.ome.tif	OME-TIFF	163452587	72e7861a90e8be471222abbcdd3fb4eb	WXS; RNA-Seq	syn66271893									
file	phs002371_HTAN	HTA9_17_71	434979_ROI05.ome.tif	OME-TIFF	133005257	a4d8e13de017ec15641f1811c8c32091	WXS; RNA-Seq	syn66271894									
file	phs002371_HTAN	HTA9_17_71	434979_ROI06.ome.tif	OME-TIFF	70047027	f46f600704cc7df2a639e1e3db83d378	WXS; RNA-Seq	syn66271896									
file	phs002371_HTAN	HTA9_14_90	438093_ROI01.ome.tif	OME-TIFF	67237101	314c48ed82ebf375b111df80c2941222	WXS; RNA-Seq	syn66271898									
file	phs002371_HTAN	HTA9_14_90	438093_ROI02.ome.tif	OME-TIFF	75434355	3792adac8ca127c4de7f95386984c7a1	WXS; RNA-Seq	syn66271900									
file	phs002371_HTAN	HTA9_14_90	438093_ROI03.ome.tif	OME-TIFF	72160171	ff8948a338a0a9866fdc52fb386c604c	WXS; RNA-Seq	syn66271902									
file	phs002371_HTAN	HTA9_14_90	438093_ROI04.ome.tif	OME-TIFF	85808305	93ec52505ac03af612f4fa22fc474499	WXS; RNA-Seq	syn66271903									
file	phs002371_HTAN	HTA9_10_58	438858_ROI01.ome.tif	OME-TIFF	45851363	69b7abf5ba583154912adf0e4d71440e	WXS; RNA-Seq	syn66271905									
file	phs002371_HTAN	HTA9_10_58	438858_ROI02.ome.tif	OME-TIFF	30049385	0f42cdb95120347af47a888a77e75fed	WXS; RNA-Seq	syn66271906									
file	phs002371_HTAN	HTA9_23_14	445029_ROI01.ome.tif	OME-TIFF	39707773	d2cef96a285f0e1d900a549587e5ac9f	WXS; RNA-Seq	syn66271912									
file	phs002371_HTAN	HTA9_23_14	445029_ROI02.ome.tif	OME-TIFF	32946950	549105e9e55ae299a8777ef41500d573	WXS; RNA-Seq	syn66271913									
file	phs002371_HTAN	HTA9_23_14	445029_ROI03.ome.tif	OME-TIFF	27867396	230277424f9978a9f3c5a2bad79541cf	WXS; RNA-Seq	syn66271914									
file	phs002371_HTAN	HTA9_25_6	445053_ROI01.ome.tif	OME-TIFF	43607251	9689e260d5dcfb09d29657fc07319388	WXS; RNA-Seq	syn68516806									
file	phs002371_HTAN	HTA9_25_6	445053_ROI02.ome.tif	OME-TIFF	35680148	2e48dbd785f50bdb09badbd90e4a7070	WXS; RNA-Seq	syn68516807									
file	phs002371_HTAN	HTA9_25_6	445053_ROI03.ome.tif	OME-TIFF	35645385	9c25550bee72877fbb051e5999632b90	WXS; RNA-Seq	syn68516808									
file	phs002371_HTAN	HTA9_25_14	445061_ROI01.ome.tif	OME-TIFF	21771743	b3e9c45e889fec730f4272c2a77f5bea	WXS; RNA-Seq	syn68516811									
file	phs002371_HTAN	HTA9_25_14	445061_ROI02.ome.tif	OME-TIFF	28567279	7c2dfca7b912c527c131ced436ad55e2	WXS; RNA-Seq	syn68516812									
file	phs002371_HTAN	HTA9_25_14	445061_ROI03.ome.tif	OME-TIFF	41215924	8b690584869ed1380e13018f3bda9d30	WXS; RNA-Seq	syn68516813									
file	phs002371_HTAN	HTA9_25_14	445061_ROI04.ome.tif	OME-TIFF	43769118	95ccf74d04dd6851fb4f65d25d82edfc	WXS; RNA-Seq	syn68516814									
file	phs002371_HTAN	HTA9_25_14	445061_ROI05.ome.tif	OME-TIFF	31261238	e6e95b39d4fa694ddfeb25691c3fa39c	WXS; RNA-Seq	syn68516816									
file	phs002371_HTAN	HTA9_25_14	445061_ROI06.ome.tif	OME-TIFF	39694199	44a2f13d02eda89670983f65d3a751db	WXS; RNA-Seq	syn68516817									
file	phs002371_HTAN	HTA9_25_14	445061_ROI07.ome.tif	OME-TIFF	15906605	f60d73ceb5d5a1a51e443e77526882d5	WXS; RNA-Seq	syn68516818									
file	phs002371_HTAN	HTA9_25_14	445061_ROI08.ome.tif	OME-TIFF	57487223	7959e3b151f186a1f87f3c8baa917046	WXS; RNA-Seq	syn68516819									
file	phs002371_HTAN	HTA9_25_14	445061_ROI09.ome.tif	OME-TIFF	42330459	5674d80a3a52273f4939f42c2a124e2b	WXS; RNA-Seq	syn68516820									
file	phs002371_HTAN	HTA9_25_14	445061_ROI10.ome.tif	OME-TIFF	39614707	e59f9159abe5445df5d5a80cde61cf53	WXS; RNA-Seq	syn68516821									
file	phs002371_HTAN	HTA9_25_14	445061_ROI11.ome.tif	OME-TIFF	8869821	65cedd45bc5054a7309dce98ae593899	WXS; RNA-Seq	syn68516822									
file	phs002371_HTAN	HTA9_25_14	445061_ROI12.ome.tif	OME-TIFF	23351717	189b98874c92f6228e03f9767555aabd	WXS; RNA-Seq	syn68516823									
file	phs002371_HTAN	HTA9_25_14	445061_ROI13.ome.tif	OME-TIFF	34865411	a19ffd77e278c1851c4f20a8f4daeb16	WXS; RNA-Seq	syn68516824									
file	phs002371_HTAN	HTA9_26_6	445069_ROI01.ome.tif	OME-TIFF	26001250	8510adc7d8db6cc02489d062036e2f33	WXS; RNA-Seq	syn68516827									
file	phs002371_HTAN	HTA9_26_6	445069_ROI02.ome.tif	OME-TIFF	22901778	45ac2c7331d82f5823e2ffe88bd6be71	WXS; RNA-Seq	syn68516828									
file	phs002371_HTAN	HTA9_26_6	445069_ROI03.ome.tif	OME-TIFF	26470384	bcf4199be1c9f930dacb2ac54cd4bb1d	WXS; RNA-Seq	syn68516831									
file	phs002371_HTAN	HTA9_26_6	445069_ROI04.ome.tif	OME-TIFF	29595207	a2efcf3ce6bc802e290fa7bf675ea708	WXS; RNA-Seq	syn68516832									
file	phs002371_HTAN	HTA9_26_6	445069_ROI05.ome.tif	OME-TIFF	22725763	e9e764f19e07b697c2769cf79ec58365	WXS; RNA-Seq	syn68516833									
file	phs002371_HTAN	HTA9_26_6	445069_ROI06.ome.tif	OME-TIFF	13899574	fcedc4b4317a307d1047e254842b7102	WXS; RNA-Seq	syn68516834									
file	phs002371_HTAN	HTA9_26_6	445069_ROI07.ome.tif	OME-TIFF	26787356	2685d81b33252a9f9fc3a9fb990d92ed	WXS; RNA-Seq	syn68516835									
file	phs002371_HTAN	HTA9_26_6	445069_ROI08.ome.tif	OME-TIFF	24454013	bab0632f45052cfae03719d92e10797b	WXS; RNA-Seq	syn68516836									
file	phs002371_HTAN	HTA9_26_6	445069_ROI09.ome.tif	OME-TIFF	24605808	f4da69645cbed7f8c469a28335d2b018	WXS; RNA-Seq	syn68516837									
file	phs002371_HTAN	HTA9_26_6	445069_ROI10.ome.tif	OME-TIFF	22560372	0f510bc1bbf947f5ca5f34e13ba4ac29	WXS; RNA-Seq	syn68516839									
file	phs002371_HTAN	HTA9_26_6	445069_ROI11.ome.tif	OME-TIFF	21164798	b314733f12eeae4c7fb719f688941b22	WXS; RNA-Seq	syn68516840									
file	phs002371_HTAN	HTA9_26_6	445069_ROI12.ome.tif	OME-TIFF	22069006	ba59773be180ac718267aa836a7ca42d	WXS; RNA-Seq	syn68516841									
file	phs002371_HTAN	HTA9_26_6	445069_ROI13.ome.tif	OME-TIFF	17359714	a2935ea5c5fa5d9421e1ad4c30ca79b7	WXS; RNA-Seq	syn68516842									
file	phs002371_HTAN	HTA9_26_14	445077_ROI01.ome.tif	OME-TIFF	21457774	5e85a62c9f828d001d7504afeefd6dc8	WXS; RNA-Seq	syn68516843									
file	phs002371_HTAN	HTA9_26_14	445077_ROI02.ome.tif	OME-TIFF	34881040	4228660ffec1cc2992b3162efa35e451	WXS; RNA-Seq	syn68516844									
file	phs002371_HTAN	HTA9_26_14	445077_ROI03.ome.tif	OME-TIFF	37150200	24b9fa235317c8b5d3cc64c3755ac580	WXS; RNA-Seq	syn68516847									
file	phs002371_HTAN	HTA9_26_14	445077_ROI04.ome.tif	OME-TIFF	25620663	3298a188293d996b2b6bd461da8f2578	WXS; RNA-Seq	syn68516848									
file	phs002371_HTAN	HTA9_26_14	445077_ROI05.ome.tif	OME-TIFF	13611404	56ada60285106c4d38d75a6988c60745	WXS; RNA-Seq	syn68516849									
file	phs002371_HTAN	HTA9_26_14	445077_ROI06.ome.tif	OME-TIFF	28165520	e3da58a9b62ba516422afd6f90c4cc5b	WXS; RNA-Seq	syn68516850									
file	phs002371_HTAN	HTA9_26_14	445077_ROI07.ome.tif	OME-TIFF	30387659	53389f2fe9445090099aff9b95e4e8cf	WXS; RNA-Seq	syn68516851									
file	phs002371_HTAN	HTA9_26_14	445077_ROI08.ome.tif	OME-TIFF	16717001	5bcb79981c485ab19b60cb3566e411fa	WXS; RNA-Seq	syn68516852									
file	phs002371_HTAN	HTA9_26_14	445077_ROI09.ome.tif	OME-TIFF	21539918	767de7b9c1dccd9e649f00ac2cad9d79	WXS; RNA-Seq	syn68516853									
file	phs002371_HTAN	HTA9_26_14	445077_ROI10.ome.tif	OME-TIFF	29536400	3acbabd5548aadab74534323ce5ac522	WXS; RNA-Seq	syn68516854									
file	phs002371_HTAN	HTA9_26_14	445077_ROI11.ome.tif	OME-TIFF	28539249	fde2d79f7e72ddac38473a41a6f5408d	WXS; RNA-Seq	syn68516855									
file	phs002371_HTAN	HTA9_26_14	445077_ROI12.ome.tif	OME-TIFF	26645698	c7b174a0e9538b3b5f7b2b1ac3e52067	WXS; RNA-Seq	syn68516856									
file	phs002371_HTAN	HTA9_26_14	445077_ROI13.ome.tif	OME-TIFF	33639708	31e59df0518b52c644ada373317c3b35	WXS; RNA-Seq	syn68516859									
file	phs002371_HTAN	HTA9_26_14	445077_ROI14.ome.tif	OME-TIFF	29237636	b3d86ee584ba4602cef5768b09d63da8	WXS; RNA-Seq	syn68516860									
file	phs002371_HTAN	HTA9_27_14	445093_ROI01.ome.tif	OME-TIFF	38076738	2c34d486f561fdd75b6d29378c810b41	WXS; RNA-Seq	syn66271934									
file	phs002371_HTAN	HTA9_27_14	445093_ROI02.ome.tif	OME-TIFF	38801572	efc346561a7e45001a77ce1fb7e78eaf	WXS; RNA-Seq	syn66271935									
file	phs002371_HTAN	HTA9_27_14	445093_ROI03.ome.tif	OME-TIFF	46409895	8cc0914680ce78160379a8b02c53406d	WXS; RNA-Seq	syn66271936									
file	phs002371_HTAN	HTA9_27_14	445093_ROI04.ome.tif	OME-TIFF	39789244	229e345d90de302564d90f11b58787aa	WXS; RNA-Seq	syn66271937									
file	phs002371_HTAN	HTA9_27_14	445093_ROI05.ome.tif	OME-TIFF	28835226	9764b5e6d695725ea26dfc18be22db5c	WXS; RNA-Seq	syn66271939									
file	phs002371_HTAN	HTA9_27_14	445093_ROI06.ome.tif	OME-TIFF	34262947	206427a1b45f4560083be1db3e487d71	WXS; RNA-Seq	syn66271940									
file	phs002371_HTAN	HTA9_27_14	445093_ROI07.ome.tif	OME-TIFF	41906097	fdda5192618d45aa6090cc1d349ff4b4	WXS; RNA-Seq	syn66271941									
file	phs002371_HTAN	HTA9_27_14	445093_ROI08.ome.tif	OME-TIFF	11131442	2258393a7710330748b2e0a39346df0c	WXS; RNA-Seq	syn66271942									
file	phs002371_HTAN	HTA9_12_27	HTA303656.ome.tiff	OME-TIFF	850913106	9071616ad95ea722155ff7e45982288c	WXS; RNA-Seq	syn68499221									
file	phs002371_HTAN	HTA9_32_26	HTA344280.ome.tiff	OME-TIFF	442782181	d695c3cda44b6614c5ae59d29f606b29	WXS; RNA-Seq	syn68499225									
file	phs002371_HTAN	HTA9_40_32	HTA354935.ome.tiff	OME-TIFF	727417598	cb25fc5a3d7751fa1cdb7119a3a06c75	WXS; RNA-Seq	syn68499232									
file	phs002371_HTAN	HTA9_15_20	HTA388804_10262021.ome.tiff	OME-TIFF	889949035	1d407a62f4fda616c616a04caec6d564	WXS; RNA-Seq	syn68499237									
file	phs002371_HTAN	HTA9_15_12	HTA388812_10262021.ome.tiff	OME-TIFF	703830551	021573df1280a68a2dc3503ef659583e	WXS; RNA-Seq	syn68499242									
file	phs002371_HTAN	HTA9_14_11	HTA388820_10262021.ome.tiff	OME-TIFF	187220825	50778466bfb019bcbd1c6db7193f463b	WXS; RNA-Seq	syn68499243									
file	phs002371_HTAN	HTA9_14_19	HTA388828_newslide_11042021.ome.tiff	OME-TIFF	3825212977	64fd68fb8cadb10fac2a1a813cd2e06e	WXS; RNA-Seq	syn68499261									
file	phs002371_HTAN	HTA9_15_89	HTA396019.ome.tiff	OME-TIFF	478655502	101f8bfccafa58390ff0ec7ae0a20f9c	WXS; RNA-Seq	syn68499268									
file	phs002371_HTAN	HTA9_1_158	HTA396068.ome.tiff	OME-TIFF	980725486	069ec26c42e7677e870a5cd1739c6755	WXS; RNA-Seq	syn68499277									
file	phs002371_HTAN	HTA9_1_133	HTA397762.ome.tiff	OME-TIFF	751738141	97d9652a0a7a131ebd8e9b12e83256f4	WXS; RNA-Seq	syn68499293									
file	phs002371_HTAN	HTA9_14_76	HTA424815.ome.tiff	OME-TIFF	956638739	ffb655a2ab8ff5d192a5deb146df5473	WXS; RNA-Seq	syn68499299									
file	phs002371_HTAN	HTA9_45_25	HTA523427.ome.tiff	OME-TIFF	1035295966	f86a05319707d82b8b731a0a84b5ee6a	WXS; RNA-Seq	syn68499312									
file	phs002371_HTAN	HTA9_10_11	HTA9-10-1_303616.ome.tiff	OME-TIFF	198839540	4610b4eb8a39c9acbd5cd6eab722b087	WXS; RNA-Seq	syn68499320									
file	phs002371_HTAN	HTA9_10_19	HTA9-10-2_303624.ome.tiff	OME-TIFF	3011876571	0ec1ad7d013411703a3b29a52f934350	WXS; RNA-Seq	syn68499339									
file	phs002371_HTAN	HTA9_10_61	HTA9-10_504160.ome.tiff	OME-TIFF	446568387	f34b476525ae682f49ee92bb34ffe960	WXS; RNA-Seq	syn68499343									
file	phs002371_HTAN	HTA9_10_62	HTA9-10_504162.ome.tiff	OME-TIFF	4469222803	53d21c7a8f466665e821ceef61a252d3	WXS; RNA-Seq	syn68499378									
file	phs002371_HTAN	HTA9_11_10	HTA9-11-1_303632.ome.tiff	OME-TIFF	333052570	731046f8e66423cb64f357b86f047517	WXS; RNA-Seq	syn68499380									
file	phs002371_HTAN	HTA9_11_18	HTA9-11-2_303640.ome.tiff	OME-TIFF	466975705	a522612763bcdc864d007595d1128f89	WXS; RNA-Seq	syn68499386									
file	phs002371_HTAN	HTA9_11_55	HTA9-11_504168.ome.tiff	OME-TIFF	680472732	7c77ed2f54ff826cd9ed4ca554ad6718	WXS; RNA-Seq	syn68499390									
file	phs002371_HTAN	HTA9_12_11	HTA9-12-11-303648.ome.tiff	OME-TIFF	823475726	c62b3e24d006e662ecfd3b7c8ffcdb99	WXS; RNA-Seq	syn68499393									
file	phs002371_HTAN	HTA9_12_19	HTA9-12-19-303779.ome.tiff	OME-TIFF	985754947	bee7570a9e3771d09ceee76ffaa09a0e	WXS; RNA-Seq	syn68499394									
file	phs002371_HTAN	HTA9_12_79	HTA9-12_504208.ome.tiff	OME-TIFF	746438846	b4a751a0825bbc4341442b9d4dd009b0	WXS; RNA-Seq	syn68499396									
file	phs002371_HTAN	HTA9_12_80	HTA9-12_504210.ome.tiff	OME-TIFF	1783534140	a960760cc6b0a80a4a2e3e7faf7f0d11	WXS; RNA-Seq	syn68499404									
file	phs002371_HTAN	HTA9_13_10	HTA9-13-10-303664.ome.tiff	OME-TIFF	1499735333	c06ee80492c7ca50eaf9f7a755936cf1	WXS; RNA-Seq	syn68499406									
file	phs002371_HTAN	HTA9_13_18	HTA9-13-18-303672.ome.tiff	OME-TIFF	867079751	85dff8d972a0b776f2d76ed9087fb315	WXS; RNA-Seq	syn68499407									
file	phs002371_HTAN	HTA9_16_11	HTA9-16-11-303688.ome.tiff	OME-TIFF	528998791	8a874630d6017d997677ed1d44aed37b	WXS; RNA-Seq	syn68499410									
file	phs002371_HTAN	HTA9_16_19	HTA9-16-19-303680.ome.tiff	OME-TIFF	740586105	d1953511d57bb3025d5f0f98f8cec026	WXS; RNA-Seq	syn68499411									
file	phs002371_HTAN	HTA9_17_11	HTA9-17-11-303704.ome.tiff	OME-TIFF	1377086628	cde2aec44cfe46d7684a6a9a87e6745c	WXS; RNA-Seq	syn68499416									
file	phs002371_HTAN	HTA9_17_19	HTA9-17-19-303696.ome.tiff	OME-TIFF	1275768023	d7334762f354098b04eb414a13e2fcbc	WXS; RNA-Seq	syn68499427									
file	phs002371_HTAN	HTA9_17_73	HTA9-17_504184.ome.tiff	OME-TIFF	2036288555	577e3b348c6fb7e3ab6e71e6bd8639dd	WXS; RNA-Seq	syn68499443									
file	phs002371_HTAN	HTA9_17_74	HTA9-17_504186.ome.tiff	OME-TIFF	1735634236	8eb9e568dd62caf9fa54120f2816003a	WXS; RNA-Seq	syn68499447									
file	phs002371_HTAN	HTA9_18_11	HTA9-18-11-303712.ome.tiff	OME-TIFF	864376529	9f9f4cc2163b5803f95c67553cf2df99	WXS; RNA-Seq	syn68499453									
file	phs002371_HTAN	HTA9_18_19	HTA9-18-19-303720.ome.tiff	OME-TIFF	504387683	0fdd46f6f261e8caf861bb5877487858	WXS; RNA-Seq	syn68499456									
file	phs002371_HTAN	HTA9_18_72	HTA9-18_504213.ome.tiff	OME-TIFF	979015792	bdccfebc17230358a484e762ee487695	WXS; RNA-Seq	syn68499462									
file	phs002371_HTAN	HTA9_18_73	HTA9-18_504218.ome.tiff	OME-TIFF	717072582	64a8a6a98b8420e7da4072eeb760f35a	WXS; RNA-Seq	syn68499465									
file	phs002371_HTAN	HTA9_23_17	HTA9-23-17-445032.ome.tiff	OME-TIFF	3832337938	f5164f5411b4d771585259f3f7fd37e6	WXS; RNA-Seq	syn68499473									
file	phs002371_HTAN	HTA9_23_9	HTA9-23-9-445024.ome.tiff	OME-TIFF	2202312712	4d85a5f236f503c9477594f2f334a9f9	WXS; RNA-Seq	syn68499494									
file	phs002371_HTAN	HTA9_24_12	HTA9-24-12-445040.ome.tiff	OME-TIFF	604475727	e1f3b562d14a08e8491ea1cdb25233e6	WXS; RNA-Seq	syn68499503									
file	phs002371_HTAN	HTA9_24_20	HTA9-24-20-445048.ome.tiff	OME-TIFF	552212518	cb4d8cf945c174f32a071de8932e9ce5	WXS; RNA-Seq	syn68499545									
file	phs002371_HTAN	HTA9_25_17	HTA9-25-17-445064.ome.tiff	OME-TIFF	874634680	57b58a88694ee8ef1a76ebd384095fc9	WXS; RNA-Seq	syn68499554									
file	phs002371_HTAN	HTA9_25_9	HTA9-25-9-445056.ome.tiff	OME-TIFF	1134037412	62ca3bf4fa1d478dfc623f3f640a6445	WXS; RNA-Seq	syn68499560									
file	phs002371_HTAN	HTA9_26_17	HTA9-26-17-445080.ome.tiff	OME-TIFF	1140110212	69b0ffeab42c1c1e5b0d96bdf787df46	WXS; RNA-Seq	syn68499570									
file	phs002371_HTAN	HTA9_26_9	HTA9-26-9-445072.ome.tiff	OME-TIFF	750553005	1b26a5054b6e7d67009bb365d3737b9e	WXS; RNA-Seq	syn68499605									
file	phs002371_HTAN	HTA9_27_17	HTA9-27-17-445096.ome.tiff	OME-TIFF	722221700	d7604af94a04307b8cb5c19c2d958063	WXS; RNA-Seq	syn68499709									
file	phs002371_HTAN	HTA9_27_9	HTA9-27-9-445088.ome.tiff	OME-TIFF	435183377	87a099b62bffd51199cc71fa849e7d50	WXS; RNA-Seq	syn68499724									
file	phs002371_HTAN	HTA9_28_10	HTA9-28-10-456322.ome.tiff	OME-TIFF	921795527	897771c8d7f83e6da6924543ae2d5d9b	WXS; RNA-Seq	syn68499736									
file	phs002371_HTAN	HTA9_28_18	HTA9-28-18-456330.ome.tiff	OME-TIFF	381180677	1c735c5275555ecd8ebd864b497ff382	WXS; RNA-Seq	syn68499752									
file	phs002371_HTAN	HTA9_29_11	HTA9-29-468804.ome.tiff	OME-TIFF	1333576331	693f3e1fcceb5c692ed6919bb5f3f07f	WXS; RNA-Seq	syn68499773									
file	phs002371_HTAN	HTA9_29_19	HTA9-29-468812.ome.tiff	OME-TIFF	1730582748	8ca9a8faf3f01c43538e8c26d3141f30	WXS; RNA-Seq	syn68499810									
file	phs002371_HTAN	HTA9_30_29	HTA9-30-29_444871.ome.tiff	OME-TIFF	380864562	190576ea075964ed3e4ea7c9248c7772	WXS; RNA-Seq	syn68499818									
file	phs002371_HTAN	HTA9_30_41	HTA9-30_375476.ome.tiff	OME-TIFF	885782645	1ab253ca580814a96589a973a84e9a11	WXS; RNA-Seq	syn68499846									
file	phs002371_HTAN	HTA9_32_23	HTA9-32_444869.ome.tiff	OME-TIFF	440930495	e44e0c60fcbc2a9646248a74ef646a85	WXS; RNA-Seq	syn68499856									
file	phs002371_HTAN	HTA9_34_26	HTA9-34_444867.ome.tiff	OME-TIFF	641074394	ee11ecb55f7f19e07bede54136b583ca	WXS; RNA-Seq	syn68499862									
file	phs002371_HTAN	HTA9_36_11	HTA9-36_504170.ome.tiff	OME-TIFF	5251443358	4352edfcf1a9a6566140c2a5a3b608bc	WXS; RNA-Seq	syn68500068									
file	phs002371_HTAN	HTA9_38_31	HTA9-38_444873.ome.tiff	OME-TIFF	5402713116	9c74710470d035e4310b7c65b72addad	WXS; RNA-Seq	syn68500146									
file	phs002371_HTAN	HTA9_41_14	HTA9-41_367111.ome.tiff	OME-TIFF	1024156727	98365fc96c501203ce8811be6bfadbfc	WXS; RNA-Seq	syn68500175									
file	phs002371_HTAN	HTA9_42_26	HTA9-42_408998.ome.tiff	OME-TIFF	438665211	a288c0a3b7884ecd3f3dbec23e7e7a9d	WXS; RNA-Seq	syn68500189									
file	phs002371_HTAN	HTA9_42_27	HTA9-42_409513.ome.tiff	OME-TIFF	630150312	6faeee8b1ed0eeab57bbc2000dabdc86	WXS; RNA-Seq	syn68500206									
file	phs002371_HTAN	HTA9_42_29	HTA9-42_504180.ome.tiff	OME-TIFF	974074089	9cab409110e766f5c223e8efabe1fb66	WXS; RNA-Seq	syn68500231									
file	phs002371_HTAN	HTA9_42_28	HTA9-42_504380.ome.tiff	OME-TIFF	990463264	cd25d4d6b09fa39cc1866b9787645ecb	WXS; RNA-Seq	syn68500252									
file	phs002371_HTAN	HTA9_43_24	HTA9-43_407001.ome.tiff	OME-TIFF	3899918274	64340eeb46e03401a76e1c6c02203d25	WXS; RNA-Seq	syn68500359									
file	phs002371_HTAN	HTA9_43_25	HTA9-43_504222.ome.tiff	OME-TIFF	3535160698	23892fd4d2180046d59b82beae639dbd	WXS; RNA-Seq	syn68500411									
file	phs002371_HTAN	HTA9_43_26	HTA9-43_504228.ome.tiff	OME-TIFF	3796033212	833688c02339dc5ec9419d147ac6d643	WXS; RNA-Seq	syn68500453									
file	phs002371_HTAN	HTA9_43_23	HTA9-43_521697.ome.tiff	OME-TIFF	4250406454	c78982868d2bf22133dc6eb0bb38462f	WXS; RNA-Seq	syn68500468									
file	phs002371_HTAN	HTA9_44_28	HTA9-44_466814.ome.tiff	OME-TIFF	1027642039	27d45153a35a6fa8e3f3daa4859904d7	WXS; RNA-Seq	syn68500473									
file	phs002371_HTAN	HTA9_44_27	HTA9-44_521699.ome.tiff	OME-TIFF	1228018368	f4160b874de84c12826d3f3f06aaffc3	WXS; RNA-Seq	syn68500478									
file	phs002371_HTAN	HTA9_7_11	HTA9-7-1_409985.ome.tiff	OME-TIFF	364092480	fe1910abb713211fe450084a8cb52a02	WXS; RNA-Seq	syn68500479									
file	phs002371_HTAN	HTA9_7_19	HTA9-7-2_303576.ome.tiff	OME-TIFF	202441941	200879e975ef42d0c184a76a73e8792f	WXS; RNA-Seq	syn68500488									
file	phs002371_HTAN	HTA9_7_76	HTA9-7_504200.ome.tiff	OME-TIFF	936566766	2a9e18684fe7b6669baa86cbbd786832	WXS; RNA-Seq	syn68500508									
file	phs002371_HTAN	HTA9_8_10	HTA9-8-1_303584.ome.tiff	OME-TIFF	892125601	c49fc009bd093274f5f1aaa7ead41144	WXS; RNA-Seq	syn68500533									
file	phs002371_HTAN	HTA9_8_18	HTA9-8-2_303592.ome.tiff	OME-TIFF	813801071	941d9fc44b48df8a8c9f5b2b7bfe440a	WXS; RNA-Seq	syn68500538									
file	phs002371_HTAN	HTA9_8_58	HTA9-8_504156.ome.tiff	OME-TIFF	1295838426	5566ff7a7bcd6101bf96bea6f06272be	WXS; RNA-Seq	syn68500551									
file	phs002371_HTAN	HTA9_8_59	HTA9-8_504158.ome.tiff	OME-TIFF	603210845	eed1b2d5c37eabd655acac112264d6f4	WXS; RNA-Seq	syn68500555									
file	phs002371_HTAN	HTA9_9_11	HTA9-9-1_303600.ome.tiff	OME-TIFF	552375505	a216011ed2b1590eb9e95a5b8c5dde3c	WXS; RNA-Seq	syn68500559									
file	phs002371_HTAN	HTA9_9_19	HTA9-9-2_303608.ome.tiff	OME-TIFF	263368911	72cd991bb2f5e9f23b310734f0b6c683	WXS; RNA-Seq	syn68500562									
file	phs002371_HTAN	HTA9_9_68	HTA9-9_504164.ome.tiff	OME-TIFF	513332435	b9eac6fe0909e85caf21b227ce9525b5	WXS; RNA-Seq	syn68500565									
file	phs002371_HTAN	HTA9_9_69	HTA9-9_504166.ome.tiff	OME-TIFF	845807000	d0695219b0c5a25ccfaf06950858806c	WXS; RNA-Seq	syn68500573									
file	phs002371_HTAN	HTA7_1272_2	LSP11060.ome.tif	OME-TIFF	77582602835	482ca5d6e9dd1787f8018542a606f634	WXS; RNA-Seq	syn68348943									
file	phs002371_HTAN	HTA7_1271_2	LSP11068.ome.tif	OME-TIFF	1.05037E+11	d1a781875f384868258d0617dba80fef	WXS; RNA-Seq	syn68348953									
file	phs002371_HTAN	HTA7_1274_2	LSP11072.ome.tif	OME-TIFF	1.12595E+11	ff0c2b46ad86a290088dd3ef9caef1dc	WXS; RNA-Seq	syn68348956									
file	phs002371_HTAN	HTA7_1273_2	LSP11064.ome.tif	OME-TIFF	1.3338E+11	0984824f0d5c825f268e92ed7b253da9	WXS; RNA-Seq	syn68348965									
file	phs002371_HTAN	HTA7_1275_2	LSP11076.ome.tif	OME-TIFF	1.23043E+11	25599b02dbaf2344a4d1ad0567558e9e	WXS; RNA-Seq	syn68349087									
file	phs002371_HTAN	HTA7_1276_2	LSP11088.ome.tif	OME-TIFF	1.4405E+11	b4c07fad4be4afe7e55dd366a16d9ffe	WXS; RNA-Seq	syn68349099									
file	phs002371_HTAN	HTA7_1247_2	LSP15331.ome.tif	OME-TIFF	1.68725E+11	cebf7f6d4fc159fbd18b5a302118a09c	WXS; RNA-Seq	syn68349113									
file	phs002371_HTAN	HTA7_1248_2	LSP15327.ome.tif	OME-TIFF	1.78507E+11	027aae3adb999f93a698f4588ca93e35	WXS; RNA-Seq	syn68349119									
file	phs002371_HTAN	HTA7_1246_2	LSP15335.ome.tif	OME-TIFF	1.29489E+11	02d695e6772759d97e80484a2f8a6618	WXS; RNA-Seq	syn68349166									
file	phs002371_HTAN	HTA7_1243_2	LSP15347.ome.tif	OME-TIFF	1.10594E+11	ebacc3a830aa2eb31a3d385f98d3f71b	WXS; RNA-Seq	syn68349171									
file	phs002371_HTAN	HTA7_1245_2	LSP15339.ome.tif	OME-TIFF	1.51053E+11	1ec7c394bb6a63d9faf73cbfaed2e714	WXS; RNA-Seq	syn68349176									
file	phs002371_HTAN	HTA7_1244_2	LSP15343.ome.tif	OME-TIFF	1.80285E+11	5ec8c148227889abd0c2b5bd7e95ed00	WXS; RNA-Seq	syn68349179									
file	phs002371_HTAN	HTA7_1241_2	LSP15355.ome.tif	OME-TIFF	1.08927E+11	c4cba840eeef6ae006a4d0ab98fbf269	WXS; RNA-Seq	syn68349180									
file	phs002371_HTAN	HTA7_1242_2	LSP15359.ome.tif	OME-TIFF	1.05815E+11	daaa12377598f4e2e6027984097f95b4	WXS; RNA-Seq	syn68349185									
file	phs002371_HTAN	HTA7_1257_2	LSP16136.ome.tif	OME-TIFF	1.50386E+11	fb1bcdcde491e6f68f26614e4eb1defa	WXS; RNA-Seq	syn68349215									
file	phs002371_HTAN	HTA7_1255_2	LSP16141.ome.tif	OME-TIFF	1.28711E+11	e619a02b4555d4c128395e2ec6733633	WXS; RNA-Seq	syn68349229									
file	phs002371_HTAN	HTA7_1256_2	LSP16138.ome.tif	OME-TIFF	1.83842E+11	a12f3fd612df7a10caf02be64e06a84a	WXS; RNA-Seq	syn68349234									
file	phs002371_HTAN	HTA7_1252_2	LSP16150.ome.tif	OME-TIFF	36679500069	f1400b6e558564b08e210ba70ea8e251	WXS; RNA-Seq	syn68349245									
file	phs002371_HTAN	HTA7_1254_2	LSP16144.ome.tif	OME-TIFF	1.78951E+11	7cbab24ff105d0d66db97466f4aa7ba7	WXS; RNA-Seq	syn68349249									
file	phs002371_HTAN	HTA7_1253_2	LSP16147.ome.tif	OME-TIFF	1.71171E+11	cfe7db757bb3a664835921c6c066d12a	WXS; RNA-Seq	syn68349253									
file	phs002371_HTAN	HTA7_1251_2	LSP16153.ome.tif	OME-TIFF	1.4405E+11	0570de915409d18df9d1c34c4885b953	WXS; RNA-Seq	syn68349279									
file	phs002371_HTAN	HTA7_1249_2	LSP16159.ome.tif	OME-TIFF	1.11594E+11	1b89e208fbc464bd8f4cd477d99a200f	WXS; RNA-Seq	syn68349280									
file	phs002371_HTAN	HTA7_1250_2	LSP16156.ome.tif	OME-TIFF	1.7884E+11	fafbc791e2b2d22dbf1edb05059d6ddc	WXS; RNA-Seq	syn68349290									
file	phs002371_HTAN	HTA7_1258_2	LSP17722.ome.tif	OME-TIFF	1.22709E+11	53832b10eb4f77ad154ade74575f049f	WXS; RNA-Seq	syn68349294									
file	phs002371_HTAN	HTA7_1259_2	LSP17726.ome.tif	OME-TIFF	1.15707E+11	56621fa666ce98e49687776a40042292	WXS; RNA-Seq	syn68349309									
file	phs002371_HTAN	HTA7_1280_2	LSP17734.ome.tif	OME-TIFF	71727312127	9b5522d937ce00bce01e25908d2a0391	WXS; RNA-Seq	syn68349335									
file	phs002371_HTAN	HTA7_1281_2	LSP17758.ome.tif	OME-TIFF	1.04097E+11	5247bd4ba5be5bc589170b17ddbf6738	WXS; RNA-Seq	syn68349359									
file	phs002371_HTAN	HTA7_1260_2	LSP17730.ome.tif	OME-TIFF	1.86954E+11	a9f3f3d0ec6e3caff6c281c6682e0778	WXS; RNA-Seq	syn68349364									
file	phs002371_HTAN	HTA7_1261_2	LSP17762.ome.tif	OME-TIFF	1.2506E+11	fa43859b04156d3470acd4b250eee27f	WXS; RNA-Seq	syn68349403									
file	phs002371_HTAN	HTA7_1282_2	LSP17766.ome.tif	OME-TIFF	1.32356E+11	c10cceeefb956110dc2fff8776f8a260	WXS; RNA-Seq	syn68349409									
file	phs002371_HTAN	HTA7_1284_2	LSP17790.ome.tif	OME-TIFF	92382280543	9da20033b0d6ae385cf89968c11da35f	WXS; RNA-Seq	syn68349410									
file	phs002371_HTAN	HTA7_1283_2	LSP17786.ome.tif	OME-TIFF	1.16017E+11	4168972150987d1a8c3e0fd1c6f1079b	WXS; RNA-Seq	syn68349417									
file	phs002371_HTAN	HTA7_1262_2	LSP17802.ome.tif	OME-TIFF	1.07488E+11	f86a599c7d02539936ef4397dacc0468	WXS; RNA-Seq	syn68349446									
file	phs002371_HTAN	HTA7_1264_2	LSP17822.ome.tif	OME-TIFF	1.17559E+11	1569c304791d8feb461d25cff22d1bf2	WXS; RNA-Seq	syn68349548									
file	phs002371_HTAN	HTA7_1265_2	LSP17850.ome.tif	OME-TIFF	1.07488E+11	71a001cc0dc32cfec53ce4621ea74366	WXS; RNA-Seq	syn68349550									
file	phs002371_HTAN	HTA7_1263_2	LSP17818.ome.tif	OME-TIFF	1.57944E+11	db785b5c8c58f4641c520daa36b8a9f6	WXS; RNA-Seq	syn68349552									
file	phs002371_HTAN	HTA7_1266_2	LSP18301.ome.tif	OME-TIFF	1.25488E+11	68ac268a124d6687f1f17eeb01cb9ca1	WXS; RNA-Seq	syn68349599									
file	phs002371_HTAN	HTA7_1268_2	LSP18309.ome.tif	OME-TIFF	1.31824E+11	a673367d7195d5160e0be7105212e321	WXS; RNA-Seq	syn68349618									
file	phs002371_HTAN	HTA7_1267_2	LSP18305.ome.tif	OME-TIFF	1.71059E+11	2d292344061870803417ac2883e672a5	WXS; RNA-Seq	syn68349624									
file	phs002371_HTAN	HTA7_1269_2	LSP18313.ome.tif	OME-TIFF	1.93734E+11	f95ddbd7178a928fd016fd86c311884b	WXS; RNA-Seq	syn68349645									
file	phs002371_HTAN	HTA7_1270_2	LSP18317.ome.tif	OME-TIFF	1.51608E+11	d02497b8206b9ed102d1fbc56e1aeceb	WXS; RNA-Seq	syn68349650									
file	phs002371_HTAN	HTA7_1278_2	LSP19416.ome.tif	OME-TIFF	1.41271E+11	32672fae28b6c9ae078533bb0b0f80cf	WXS; RNA-Seq	syn68349664									
file	phs002371_HTAN	HTA7_1277_2	LSP19412.ome.tif	OME-TIFF	1.81063E+11	fe58d0b86b9c73426c01a967e61da358	WXS; RNA-Seq	syn68349665									
file	phs002371_HTAN	HTA7_1279_2	LSP19420.ome.tif	OME-TIFF	1.76284E+11	d70807ea2866e99e5ac46c123b7d5687	WXS; RNA-Seq	syn68349682									
file	phs002371_HTAN	HTA3_80001_1901002	HTA3_80001_1901002_panel1.ome.tiff	OME-TIFF	10266741396	2edfc9d72092f45556f38791ccfe8278	WXS; RNA-Seq	syn58895348									
file	phs002371_HTAN	HTA3_80001_1901002	HTA3_80001_1901002_panel2.ome.tiff	OME-TIFF	7009722642	8ebd67b3279ff8158822b731b9763330	WXS; RNA-Seq	syn58895364									
file	phs002371_HTAN	HTA3_80001_1902001	HTA3_80001_1902001_panel1.ome.tiff	OME-TIFF	1528881278	d6298c8cb6127815196f465d3b12754b	WXS; RNA-Seq	syn58895374									
file	phs002371_HTAN	HTA3_80001_1902001	HTA3_80001_1902001_panel2.ome.tiff	OME-TIFF	1085109796	17cac3d6ca244de74b4fc84e03a8c0be	WXS; RNA-Seq	syn58895379									
file	phs002371_HTAN	HTA3_80003_1901001	HTA3_80003_1901001_panel1.ome.tiff	OME-TIFF	1094847528	32ed7b0c406bccda2afbd4b32e1f1fb9	WXS; RNA-Seq	syn58895384									
file	phs002371_HTAN	HTA3_80003_1901001	HTA3_80003_1901001_panel2.ome.tiff	OME-TIFF	804833340	cb8b861a36cd7a04e63f3375123db5db	WXS; RNA-Seq	syn58895389									
file	phs002371_HTAN	HTA3_80003_1902002	HTA3_80003_1902002_panel1.ome.tiff	OME-TIFF	13586710836	4f9d91f330a941307a2b9fa6db206e47	WXS; RNA-Seq	syn58895434									
file	phs002371_HTAN	HTA3_80003_1902002	HTA3_80003_1902002_panel2.ome.tiff	OME-TIFF	11354667692	9a2fac4e4beb1f9c99a802ee0dfa0445	WXS; RNA-Seq	syn58895481									
file	phs002371_HTAN	HTA3_80004_1901004	HTA3_80004_1901004-1_panel1.ome.tiff	OME-TIFF	6899352192	bc231c746e0c8f32280a70ce8b58ea39	WXS; RNA-Seq	syn58895539									
file	phs002371_HTAN	HTA3_80004_1901004	HTA3_80004_1901004-1_panel2.ome.tiff	OME-TIFF	4562832762	3d3eca76739952ad5a79cb428dad74ee	WXS; RNA-Seq	syn58895561									
file	phs002371_HTAN	HTA3_80004_1901004	HTA3_80004_1901004-2_panel1.ome.tiff	OME-TIFF	5892854844	824bfca78365f9bf92c25a5a30c8f46a	WXS; RNA-Seq	syn58895584									
file	phs002371_HTAN	HTA3_80004_1901004	HTA3_80004_1901004-2_panel2.ome.tiff	OME-TIFF	3898196966	3dc540dffcc91fd0497b502500ec27e6	WXS; RNA-Seq	syn58895598									
file	phs002371_HTAN	HTA3_80004_1902003	HTA3_80004_1902003-1_panel1.ome.tiff	OME-TIFF	1886368184	65a1635ebbda3b2f4169adc9fb86264f	WXS; RNA-Seq	syn58895604									
file	phs002371_HTAN	HTA3_80004_1902003	HTA3_80004_1902003-1_panel2.ome.tiff	OME-TIFF	1504331482	2ba1cb28f6815440b538d847561f6d65	WXS; RNA-Seq	syn58895611									
file	phs002371_HTAN	HTA3_80004_1902003	HTA3_80004_1902003-2_panel1.ome.tiff	OME-TIFF	1261787576	2c87a024b522940dd366b16d4a7ed906	WXS; RNA-Seq	syn58895612									
file	phs002371_HTAN	HTA3_80004_1902003	HTA3_80004_1902003-2_panel2.ome.tiff	OME-TIFF	979904902	e3dd4d0d8db355ce23bb4c791400a129	WXS; RNA-Seq	syn58895616									
file	phs002371_HTAN	HTA3_80004_1903005	HTA3_80004_1903005_panel1.ome.tiff	OME-TIFF	15909757528	70427936ac524dcc6c76d16b4d477c58	WXS; RNA-Seq	syn58895635									
file	phs002371_HTAN	HTA3_80004_1903005	HTA3_80004_1903005_panel2.ome.tiff	OME-TIFF	13275319974	71589994a1002da7762a8fefde41e43d	WXS; RNA-Seq	syn58895691									
file	phs002371_HTAN	HTA3_80004_1904002	HTA3_80004_1904002_panel2.ome.tiff	OME-TIFF	923271000	90b33ea7b17c0d0204f632ae55b6c3c1	WXS; RNA-Seq	syn58895697									
file	phs002371_HTAN	HTA3_80004_1905001	HTA3_80004_1905001_panel1.ome.tiff	OME-TIFF	1535314524	c819c89cb662b0fcfb6c775bb7b2e34c	WXS; RNA-Seq	syn58895702									
file	phs002371_HTAN	HTA3_80004_1905001	HTA3_80004_1905001_panel2.ome.tiff	OME-TIFF	1332001880	81858180bd86a93ce78b4e4d4b504a72	WXS; RNA-Seq	syn58895709									
file	phs002371_HTAN	HTA3_80006_1901001	HTA3_80006_1901001_panel1.ome.tiff	OME-TIFF	2393063862	90f2fff724870bb4376805723ec9c6c6	WXS; RNA-Seq	syn58895716									
file	phs002371_HTAN	HTA3_80006_1901001	HTA3_80006_1901001_panel2.ome.tiff	OME-TIFF	1340979722	f7f0c5592b73ed0d836c8afe51d9fe59	WXS; RNA-Seq	syn58895721									
file	phs002371_HTAN	HTA3_80006_1901002	HTA3_80006_1901002_panel1.ome.tiff	OME-TIFF	11688828136	5776e4c10b10122a459c042ac903bc79	WXS; RNA-Seq	syn58895743									
file	phs002371_HTAN	HTA3_80006_1901002	HTA3_80006_1901002_panel2.ome.tiff	OME-TIFF	6798275252	157d2303b5b191d647abaecb95dbe890	WXS; RNA-Seq	syn58895764									
file	phs002371_HTAN	HTA3_80003_1901000	SD07462_E4_P1Scan1.qptiff	TIFF	2041909839	afef0bcc6eca01c27889858401c161a0	WXS; RNA-Seq	syn59611695									
file	phs002371_HTAN	HTA3_80003_1901000	SD07462_E4_Scan1.qptiff	TIFF	1814461258	abf106bfab4f152c9eb95d0b0f42b40d	WXS; RNA-Seq	syn59611696									
file	phs002371_HTAN	HTA3_80003_1902000	SD07462_E7_P1Scan1.qptiff	TIFF	7049571598	ea1dbd69aeb1b0616c748105bb9b5307	WXS; RNA-Seq	syn59611699									
file	phs002371_HTAN	HTA3_80003_1902000	SD07462_E7_Scan1.qptiff	TIFF	5995269141	6e918d45ad0986f37d269dbc7c53c594	WXS; RNA-Seq	syn59611704									
file	phs002371_HTAN	HTA3_80004_1901000	SD07688_A2_Scan1.qptiff	TIFF	5322586173	7c2b3e53598d44c0ae6671007faa12db	WXS; RNA-Seq	syn59611723									
file	phs002371_HTAN	HTA3_80004_1901000	SD07688_A2-1_P1Scan1.qptiff	TIFF	6616195854	0c6bcbae91f05b457648272992c3b3aa	WXS; RNA-Seq	syn59611712									
file	phs002371_HTAN	HTA3_80004_1902000	SD07688_B1_Scan1.qptiff	TIFF	3903471876	751c3d0903c6e92f603ca6025aa32371	WXS; RNA-Seq	syn59611730									
file	phs002371_HTAN	HTA3_80004_1902000	SD07688_B1-1_P1Scan1.qptiff	TIFF	4254015615	8d3e3cdd4d010aee145e856ac99f2b87	WXS; RNA-Seq	syn59611726									
file	phs002371_HTAN	HTA3_80004_1903000	SD07688_G4_P1Scan1.qptiff	TIFF	6498798051	95b7ce96441eb76f7cd94204ab0498e5	WXS; RNA-Seq	syn59611735									
file	phs002371_HTAN	HTA3_80004_1903000	SD07688_G4_Scan1.qptiff	TIFF	6118962908	8a40ad5c11ee5ee84c7ee9fc97d4501a	WXS; RNA-Seq	syn59611737									
file	phs002371_HTAN	HTA3_80004_1904000	SD07688_G6_Scan1.qptiff	TIFF	5103843690	2a53ecc2cb3002b8a5c77c92c59e8016	WXS; RNA-Seq	syn59611738									
file	phs002371_HTAN	HTA3_80004_1905000	SD07688_G7_P1Scan1.qptiff	TIFF	5826697444	ccdae5c35e3a53b458fd33c5b6c13ec7	WXS; RNA-Seq	syn59611739									
file	phs002371_HTAN	HTA3_80004_1905000	SD07688_G7_Scan1.qptiff	TIFF	4990049205	2808c733a77dce7a4de9ed2d48d65202	WXS; RNA-Seq	syn59611743									
file	phs002371_HTAN	HTA3_80006_1901000	SD08004_F2_P1Scan1.qptiff	TIFF	6448223558	5c4df6520190e43d18722e62d0d84312	WXS; RNA-Seq	syn59611753									
file	phs002371_HTAN	HTA3_80006_1901000	SD08004_F2_Scan1.qptiff	TIFF	6394099263	4ad2da26076f5afc2015d353f5008c0e	WXS; RNA-Seq	syn59611756									
file	phs002371_HTAN	HTA3_80001_1901000	SD26731_A2_P1Scan2.qptiff	TIFF	6156381972	1c74d3a889236fae05577164c400d8d3	WXS; RNA-Seq	syn59611773									
file	phs002371_HTAN	HTA3_80001_1902000	SD26731_A2_Scan1.qptiff	TIFF	5317937787	1d63dbd06d9b50c43ba7169fd765e7ff	WXS; RNA-Seq	syn59611780									
file	phs002371_HTAN	HTA3_80001_1902000	SD26731_A4_P1Scan2.qptiff	TIFF	4913513334	60dec9ce5dc3aff4ee946aa356768b7c	WXS; RNA-Seq	syn59611781									
file	phs002371_HTAN	HTA3_80001_1901000	SD26731_A4_Scan1.qptiff	TIFF	4160448003	0e7d83ef46e612533d824b08cb62b188	WXS; RNA-Seq	syn59611784									
file	phs002371_HTAN	HTA12_273_1	HT553P1-H2__20230427.ome.tiff	OME-TIFF	1505099124	82bfd549d3e487994bce75ec95fb0b28	WXS; RNA-Seq	syn62178253									
file	phs002371_HTAN	HTA4_1008_4028	3059_Scan1.ome.tif	OME-TIFF	8880793336	1bf58977a421bdafdb3d7f2d464a2947	WXS; RNA-Seq	syn64153271									
file	phs002371_HTAN	HTA4_1008_4029	3078_Scan1.ome.tif	OME-TIFF	7014042152	bd11a652e80a0bd5761508e6ad42250a	WXS; RNA-Seq	syn64153281									
file	phs002371_HTAN	HTA4_1009_4032	3458_Scan1.ome.tif	OME-TIFF	9106794692	3e63ac179a00ea720c31bf39b2e5d1a9	WXS; RNA-Seq	syn64153273									
file	phs002371_HTAN	HTA4_1009_4033	3472_Scan1.ome.tif	OME-TIFF	10042882451	f8df903e7b82022feaa8988f9f07c259	WXS; RNA-Seq	syn64153274									
file	phs002371_HTAN	HTA8_6017_001103	HTA8_6017_001103000.ome.tif	TIFF	58578461971	abdeacae45b33f15cf07f61445ffe1cc	WXS; RNA-Seq	syn63385107									
file	phs002371_HTAN	HTA8_6017_002103	HTA8_6017_002103000.ome.tif	TIFF	58684464623	ef6a504ac5c5f8553121dee091393381	WXS; RNA-Seq	syn63385172									
file	phs002371_HTAN	HTA8_6017_003103	HTA8_6017_003103000.ome.tif	TIFF	58542668116	dd9c04eab54d358e94f23c9d127121b7	WXS; RNA-Seq	syn63386837									
file	phs002371_HTAN	HTA8_6017_004103	HTA8_6017_004103000.ome.tif	TIFF	58578461971	0e1753ee2bee6cdeff54e4b7cfeae1f4	WXS; RNA-Seq	syn63386544									
file	phs002371_HTAN	HTA8_6018_001102	HTA8_6018_001102000.ome.tif	TIFF	58578461971	971df56c86249ce21c452876e05496e4	WXS; RNA-Seq	syn63386543									
file	phs002371_HTAN	HTA8_6018_002102	HTA8_6018_002102000.ome.tif	TIFF	58578461971	edb51e4c58355c14ea1960dab4e4840b	WXS; RNA-Seq	syn61377115									
file	phs002371_HTAN	HTA8_6018_003102	HTA8_6018_003102000.ome.tif	TIFF	58578461971	03c15c9cbeebe66aa4cf5991eaaedeb2	WXS; RNA-Seq	syn63386515									
file	phs002371_HTAN	HTA8_6022_005101	HTA8_6022_005101000.ome.tif	TIFF	58578461971	84288f3030a7a0ef25f74308f8de096e	WXS; RNA-Seq	syn61377578									
file	phs002371_HTAN	HTA8_6022_004104	HTA8_6022_004104000.ome.tif	TIFF	58329742507	98fe50a1ea01b3abf7935d089faf3b32	WXS; RNA-Seq	syn61377377									
file	phs002371_HTAN	HTA8_6023_002102	HTA8_6023_002102000.ome.tif	TIFF	58578461971	7a6d8158a672487db806681b2ba19287	WXS; RNA-Seq	syn63386395									
file	phs002371_HTAN	HTA8_6023_003102	HTA8_6023_003102000.ome.tif	TIFF	58578461692	2425a20416b704604a4b0ed145826bde	WXS; RNA-Seq	syn61377992									
file	phs002371_HTAN	HTA8_6023_004103	HTA8_6023_004103000.ome.tif	TIFF	58578461971	c0c1ad04859938a25165fbd7234133b7	WXS; RNA-Seq	syn63386396									
file	phs002371_HTAN	HTA8_6007_001103	HTA8_6007_001103000.ome.tif	TIFF	58578461972	17c3b4b9f0a16355404b4d6477dab0c7	WXS; RNA-Seq	syn61375137									
file	phs002371_HTAN	HTA8_6007_002103	HTA8_6007_002103000.ome.tif	TIFF	58578461972	15c7c36331e1bf4664a8d87d207abbef	WXS; RNA-Seq	syn61375238									
file	phs002371_HTAN	HTA8_6007_003103	HTA8_6007_003103000.ome.tif	TIFF	58578461971	cf745465fccad636e5aa41d445557019	WXS; RNA-Seq	syn63384995									
file	phs002371_HTAN	HTA8_6015_003102	HTA8_6015_003102000.ome.tif	TIFF	58578461972	fafaec79c0ea8eea50b351b58c8b4bbb	WXS; RNA-Seq	syn63386516									
file	phs002371_HTAN	HTA8_6015_001103	HTA8_6015_001103000.ome.tif	TIFF	58578461971	7c4b9b26de73881707a0ab32a789b2f5	WXS; RNA-Seq	syn63386770									
file	phs002371_HTAN	HTA8_6015_002103	HTA8_6015_002103000.ome.tif	TIFF	58720259320	c5c2c687175ce3f28645a920d5b251da	WXS; RNA-Seq	syn63386535									
file	phs002371_HTAN	HTA8_6003_001102	HTA8_6003_001102000.tif	TIFF	134507387	18b98da288a0724ad40d4cd60cfec453	WXS; RNA-Seq	syn61371796									
file	phs002371_HTAN	HTA8_6032_001101	HTA8_6032_001101000.tif	TIFF	162654735	d0e35d8fceb8c9833986b2537d244797	WXS; RNA-Seq	syn63384903									
file	phs002371_HTAN	HTA8_6008_001102	HTA8_6008_001102000.tif	TIFF	169628441	9c8c10f239aec634e5648aa3008597b0	WXS; RNA-Seq	syn61373206									
file	phs002371_HTAN	HTA8_6002_003102	HTA8_6002_003102000.tif	TIFF	143600300	dd4e9e51fab55610074b95adc242111b	WXS; RNA-Seq	syn61371709									
file	phs002371_HTAN	HTA8_6027_004101	HTA8_6027_004101000.tif	TIFF	147076670	ebe037ffbd7d825f242155357b995389	WXS; RNA-Seq	syn63384746									
file	phs002371_HTAN	HTA8_6013_003102	HTA8_6013_003102000.tif	TIFF	174375980	8819e00536e19e96901a3ad1bc12ed0d	WXS; RNA-Seq	syn61374105									
file	phs002371_HTAN	HTA8_6014_001102	HTA8_6014_001102000.tif	TIFF	162123767	957b91449eedeca43fc4f6df8044d0dc	WXS; RNA-Seq	syn61374199									
file	phs002371_HTAN	HTA8_6003_003101	HTA8_6003_003101000.tif	TIFF	148812687	7950ec7d6fc02117e736519e15112a47	WXS; RNA-Seq	syn61372015									
file	phs002371_HTAN	HTA8_6004_002101	HTA8_6004_002101000.tif	TIFF	149004464	c5b9b6af22c0e430c538c23f122f47e2	WXS; RNA-Seq	syn61372214									
file	phs002371_HTAN	HTA8_6025_002102	HTA8_6025_002102000.tif	TIFF	168420802	062cd1bef07e891b01b9039fd212c37e	WXS; RNA-Seq	syn63384434									
file	phs002371_HTAN	HTA8_6015_002102	HTA8_6015_002102000.tif	TIFF	155502182	7b75588dc002abb3f644734911f19176	WXS; RNA-Seq	syn61374387									
file	phs002371_HTAN	HTA8_6009_001102	HTA8_6009_001102000.tif	TIFF	150446816	97c946d42b2d476bf83ef0fbc9f08c48	WXS; RNA-Seq	syn61373467									
file	phs002371_HTAN	HTA8_6013_001102	HTA8_6013_001102000.tif	TIFF	134216917	3897078651e17b14f4026cc8ebef8b30	WXS; RNA-Seq	syn61374006									
file	phs002371_HTAN	HTA8_6017_002102	HTA8_6017_002102000.tif	TIFF	187331024	bf6bcf201c3f8d57f82de3105766d61b	WXS; RNA-Seq	syn61374542									
file	phs002371_HTAN	HTA8_6013_002102	HTA8_6013_002102000.tif	TIFF	184184100	43abe91aca8128fb44b39f92684cc0a5	WXS; RNA-Seq	syn61374059									
file	phs002371_HTAN	HTA8_6003_003101	HTA8_6003_003101001.tif	TIFF	147806841	1cb02e463379db8570782eaa638d2791	WXS; RNA-Seq	syn61372019									
file	phs002371_HTAN	HTA8_6010_001102	HTA8_6010_001102000.tif	TIFF	171240105	b7b6c60a4aa304fb3598d8c6fd8b05d6	WXS; RNA-Seq	syn61373659									
file	phs002371_HTAN	HTA8_6015_002102	HTA8_6015_002102001.tif	TIFF	145932580	52081a4bce8deee3172c3529815e5e66	WXS; RNA-Seq	syn61374388									
file	phs002371_HTAN	HTA8_6027_001102	HTA8_6027_001102000.tif	TIFF	129982937	5f531b74adc00f133e507f78735956e4	WXS; RNA-Seq	syn63384589									
file	phs002371_HTAN	HTA8_6032_002101	HTA8_6032_002101000.tif	TIFF	135211658	210a88b5bdbd599abae1455df9afc328	WXS; RNA-Seq	syn63384916									
file	phs002371_HTAN	HTA8_6024_002102	HTA8_6024_002102000.tif	TIFF	128301270	dc95534a69300c83d313738a6f52e5ba	WXS; RNA-Seq	syn61374718									
file	phs002371_HTAN	HTA8_6006_002102	HTA8_6006_002102000.tif	TIFF	135902236	61ce12bbcebcd7a4113286a3287814d5	WXS; RNA-Seq	syn61372750									
file	phs002371_HTAN	HTA8_6027_004101	HTA8_6027_004101001.tif	TIFF	144189060	e43fdab2e2191d3f8e6aab6797dd0197	WXS; RNA-Seq	syn63384749									
file	phs002371_HTAN	HTA8_6014_003101	HTA8_6014_003101000.tif	TIFF	135623466	504199ad3d31e1070b156b0a7443c76c	WXS; RNA-Seq	syn61374332									
file	phs002371_HTAN	HTA8_6005_002102	HTA8_6005_002102000.tif	TIFF	120333800	ef88f7e2aae20137f245c124984d71fb	WXS; RNA-Seq	syn61372532									
file	phs002371_HTAN	HTA8_6024_003102	HTA8_6024_003102000.tif	TIFF	26626059	a6b181695a60edb42941c6af5b3bf34f	WXS; RNA-Seq	syn61374772									
file	phs002371_HTAN	HTA8_6008_001102	HTA8_6008_001102001.tif	TIFF	160794986	b58efea213c28aee5378f41449891e45	WXS; RNA-Seq	syn61373210									
file	phs002371_HTAN	HTA8_6032_002101	HTA8_6032_002101001.tif	TIFF	124335689	020bb6225f23639ae1e2e49dd3d257f4	WXS; RNA-Seq	syn63384917									
file	phs002371_HTAN	HTA8_6028_003102	HTA8_6028_003102000.tif	TIFF	131038730	0711431886c684329f62c5c74fdeb96b	WXS; RNA-Seq	syn63384874									
file	phs002371_HTAN	HTA8_6012_001102	HTA8_6012_001102000.tif	TIFF	197971304	1e1c4ee4ac7a1fda7628f48602bb7e67	WXS; RNA-Seq	syn61373875									
file	phs002371_HTAN	HTA8_6014_002102	HTA8_6014_002102000.tif	TIFF	183174936	563d9b6eff05dc47c1f70aa0af82c2d4	WXS; RNA-Seq	syn61374252									
file	phs002371_HTAN	HTA8_6034_001101	HTA8_6034_001101000.tif	TIFF	135268302	1bebee9e60930eeb297f25e59e086307	WXS; RNA-Seq	syn63384955									
file	phs002371_HTAN	HTA8_6012_002102	HTA8_6012_002102000.tif	TIFF	152361318	2b0fecd9fb9af8b39c4232721a73d389	WXS; RNA-Seq	syn61373898									
file	phs002371_HTAN	HTA8_6013_001102	HTA8_6013_001102001.tif	TIFF	129045480	088fc347135989d0de095f03f04e0733	WXS; RNA-Seq	syn61374009									
file	phs002371_HTAN	HTA8_6010_003102	HTA8_6010_003102000.tif	TIFF	155520466	42c574138f2590323e6d06bebaa5834d	WXS; RNA-Seq	syn61373736									
file	phs002371_HTAN	HTA8_6009_003102	HTA8_6009_003102000.tif	TIFF	158512283	4e03d2f0e5e12143ce1258ea358342f5	WXS; RNA-Seq	syn61373598									
file	phs002371_HTAN	HTA8_6028_003102	HTA8_6028_003102001.tif	TIFF	131756200	6c8766d471dae5a0e6886ff3c9cc70b5	WXS; RNA-Seq	syn63384875									
file	phs002371_HTAN	HTA8_6015_001102	HTA8_6015_001102000.tif	TIFF	183140684	a8b3bc33a326b57ac99cb91680e34c5b	WXS; RNA-Seq	syn61374365									
file	phs002371_HTAN	HTA8_6025_003102	HTA8_6025_003102000.tif	TIFF	155755574	3d1ebb9bf3d7f8cf3743d5ca7301f87e	WXS; RNA-Seq	syn63384498									
file	phs002371_HTAN	HTA8_6034_002101	HTA8_6034_002101000.tif	TIFF	135121168	108e7ac2b3247c4d120661075124c33e	WXS; RNA-Seq	syn63384969									
file	phs002371_HTAN	HTA8_6004_003101	HTA8_6004_003101000.tif	TIFF	125477809	372c37feebca3a7285592cce020ff77f	WXS; RNA-Seq	syn61372323									
file	phs002371_HTAN	HTA8_6028_003102	HTA8_6028_003102002.tif	TIFF	25210296	da6bbb556ac6c6e150295f26d7828aab	WXS; RNA-Seq	syn63384876									
file	phs002371_HTAN	HTA8_6007_003102	HTA8_6007_003102000.tif	TIFF	130594618	31010307c6989405eb8dbb6a25ba5c5e	WXS; RNA-Seq	syn61373126									
file	phs002371_HTAN	HTA8_6013_001102	HTA8_6013_001102002.tif	TIFF	144305260	f4ec867dc17c8591877233e3b35af3a8	WXS; RNA-Seq	syn61374012									
file	phs002371_HTAN	HTA8_6010_001102	HTA8_6010_001102001.tif	TIFF	177646871	e0a141f485fd546abfadfe63eee78c3f	WXS; RNA-Seq	syn61373661									
file	phs002371_HTAN	HTA8_6032_003101	HTA8_6032_003101000.tif	TIFF	123921991	84cf2b93e8c086a1b3e2376e018be1d4	WXS; RNA-Seq	syn63384937									
file	phs002371_HTAN	HTA8_6012_001102	HTA8_6012_001102001.tif	TIFF	172338167	a4c2fda16578346d0f5104c10b836595	WXS; RNA-Seq	syn61373880									
file	phs002371_HTAN	HTA8_6005_002102	HTA8_6005_002102001.tif	TIFF	143147832	f3877ba70efe7f911e67235a45a8d333	WXS; RNA-Seq	syn61372535									
file	phs002371_HTAN	HTA8_6003_002102	HTA8_6003_002102000.tif	TIFF	149249042	ad3928cb765ce0809d83e0a140d4cc3f	WXS; RNA-Seq	syn61371902									
file	phs002371_HTAN	HTA8_6034_002101	HTA8_6034_002101001.tif	TIFF	153784800	c9e2efa26e50073216c58ca679396f83	WXS; RNA-Seq	syn63384970									
file	phs002371_HTAN	HTA8_6032_002101	HTA8_6032_002101002.tif	TIFF	128180823	5bc275a6d6d338d90979c7e1b652e2a1	WXS; RNA-Seq	syn63384918									
file	phs002371_HTAN	HTA8_6014_002102	HTA8_6014_002102001.tif	TIFF	189463951	6753a2367d125fe5fbdde2477a6f9f40	WXS; RNA-Seq	syn61374255									
file	phs002371_HTAN	HTA8_6001_001102	HTA8_6001_001102000.tif	TIFF	131786344	d1c2b83744e6a23000a350234fa4db84	WXS; RNA-Seq	syn61371357									
file	phs002371_HTAN	HTA8_6009_002102	HTA8_6009_002102000.tif	TIFF	152849438	a7c64f776f7f37f9bc1c4580eec2ca7c	WXS; RNA-Seq	syn61373537									
file	phs002371_HTAN	HTA8_6010_001102	HTA8_6010_001102002.tif	TIFF	145347896	9607f36ae51bcf9bf5bb95818571a747	WXS; RNA-Seq	syn61373662									
file	phs002371_HTAN	HTA8_6008_002102	HTA8_6008_002102000.tif	TIFF	143814612	2663afb28ffd0d07e0819c49b9769f35	WXS; RNA-Seq	syn61373380									
file	phs002371_HTAN	HTA8_6012_004101	HTA8_6012_004101000.tif	TIFF	171782399	88447fc5576ea8c0333c050ba2f2f068	WXS; RNA-Seq	syn61373966									
file	phs002371_HTAN	HTA8_6002_003102	HTA8_6002_003102001.tif	TIFF	141823141	6cb2fb8e3268a74c08988d476ade55be	WXS; RNA-Seq	syn61371712									
file	phs002371_HTAN	HTA8_6010_001102	HTA8_6010_001102003.tif	TIFF	33138476	95feee430459f896bc23a982e47ffe0c	WXS; RNA-Seq	syn61373665									
file	phs002371_HTAN	HTA8_6025_003102	HTA8_6025_003102001.tif	TIFF	139900690	e01caeb3b4ca031b0880b4259ddae0ff	WXS; RNA-Seq	syn63384502									
file	phs002371_HTAN	HTA8_6017_002102	HTA8_6017_002102001.tif	TIFF	186673952	439a0dd69b4f0b3c543eee664f2ecd3c	WXS; RNA-Seq	syn61374544									
file	phs002371_HTAN	HTA8_6017_003102	HTA8_6017_003102000.tif	TIFF	174014394	cc79a159102f70784153e85eb0ee3b70	WXS; RNA-Seq	syn61374587									
file	phs002371_HTAN	HTA8_6007_002102	HTA8_6007_002102000.tif	TIFF	120335010	35e0b07b65286e734a9bc64a3e1e24b4	WXS; RNA-Seq	syn61372977									
file	phs002371_HTAN	HTA8_6024_001102	HTA8_6024_001102000.tif	TIFF	120742066	68d9ed9b16d5c0028150587554b8ecf5	WXS; RNA-Seq	syn61374692									
file	phs002371_HTAN	HTA8_6034_001101	HTA8_6034_001101001.tif	TIFF	138596650	4ca1bcb3df59ab18ed4d8cc66473fba8	WXS; RNA-Seq	syn63384956									
file	phs002371_HTAN	HTA8_6003_001102	HTA8_6003_001102001.tif	TIFF	121238862	91536f428b3345a4350a9de925967774	WXS; RNA-Seq	syn61371800									
file	phs002371_HTAN	HTA8_6024_003103	HTA8_6024_003103000.tif	TIFF	186702337	a4d9b03b149e680155f5667ee36ce461	WXS; RNA-Seq	syn61374802									
file	phs002371_HTAN	HTA8_6008_002102	HTA8_6008_002102001.tif	TIFF	144701903	0df184bb199f445f320f75b7f48357f0	WXS; RNA-Seq	syn61373387									
file	phs002371_HTAN	HTA8_6015_001102	HTA8_6015_001102001.tif	TIFF	180340969	4486b579d3e04bf00e4aa14a64b397ad	WXS; RNA-Seq	syn61374366									
file	phs002371_HTAN	HTA8_6024_003103	HTA8_6024_003103001.tif	TIFF	166554513	1e08cd72a35a098f314930750e28d08f	WXS; RNA-Seq	syn61374803									
file	phs002371_HTAN	HTA8_6008_002102	HTA8_6008_002102002.tif	TIFF	144149189	0da96113b854aefe0fe43a59b381bde3	WXS; RNA-Seq	syn61373392									
file	phs002371_HTAN	HTA8_6010_005101	HTA8_6010_005101000.tif	TIFF	146578381	486a1b004abc8370ca957186d1142db4	WXS; RNA-Seq	syn61373842									
file	phs002371_HTAN	HTA8_6004_002101	HTA8_6004_002101001.tif	TIFF	119375788	071e9a9d683dfeeebcf65f9c4f08e6cb	WXS; RNA-Seq	syn61372220									
file	phs002371_HTAN	HTA8_6016_002102	HTA8_6016_002102000.tif	TIFF	164525471	8a5c72c048e20a5cf757a38b82a59add	WXS; RNA-Seq	syn61374463									
file	phs002371_HTAN	HTA8_6002_001102	HTA8_6002_001102000.tif	TIFF	144977921	30e75509b412c34ad9a2f7903ee25bec	WXS; RNA-Seq	syn61371516									
file	phs002371_HTAN	HTA8_6013_001102	HTA8_6013_001102003.tif	TIFF	132452593	8963251bd4010adeff6b01a99daaf26d	WXS; RNA-Seq	syn61374014									
file	phs002371_HTAN	HTA8_6009_002102	HTA8_6009_002102001.tif	TIFF	149139322	3cdee7caa841647411901f6da873bdea	WXS; RNA-Seq	syn61373540									
file	phs002371_HTAN	HTA8_6002_002102	HTA8_6002_002102000.tif	TIFF	139079699	cc9ef5b63ca6a8ad6a47d3194b6d67c6	WXS; RNA-Seq	syn61371597									
file	phs002371_HTAN	HTA8_6005_002102	HTA8_6005_002102002.tif	TIFF	106470764	70d50d532da6f1aa7b28988d2b01b1a8	WXS; RNA-Seq	syn61372539									
file	phs002371_HTAN	HTA8_6015_003101	HTA8_6015_003101000.tif	TIFF	149810173	8f3d9538d0d605a454e02b00d012dbe7	WXS; RNA-Seq	syn61374417									
file	phs002371_HTAN	HTA8_6024_003103	HTA8_6024_003103002.tif	TIFF	178679606	9ebf0988ccb383d4273895b25ce90fe8	WXS; RNA-Seq	syn61374804									
file	phs002371_HTAN	HTA8_6007_001102	HTA8_6007_001102000.tif	TIFF	134087322	87be6efefabe6e84cd8bfd0b9ab3ca9a	WXS; RNA-Seq	syn61372942									
file	phs002371_HTAN	HTA8_6017_002102	HTA8_6017_002102002.tif	TIFF	180721219	098849fe36baa0fa9caa98fff4f003a6	WXS; RNA-Seq	syn61374545									
file	phs002371_HTAN	HTA8_6017_003102	HTA8_6017_003102001.tif	TIFF	176082948	cf6d8c17eb04b2f31f13f9cd662773d9	WXS; RNA-Seq	syn61374588									
file	phs002371_HTAN	HTA8_6002_001102	HTA8_6002_001102001.tif	TIFF	134537894	530e7c98fafb4812e63c1a44b3bef831	WXS; RNA-Seq	syn61371523									
file	phs002371_HTAN	HTA8_6006_001102	HTA8_6006_001102000.tif	TIFF	130317329	5af973b1c5cce86cf847dc448343363b	WXS; RNA-Seq	syn61372660									
file	phs002371_HTAN	HTA8_6034_001101	HTA8_6034_001101002.tif	TIFF	144621398	dcb0654629403ea6b173c9e705ea1097	WXS; RNA-Seq	syn63384957									
file	phs002371_HTAN	HTA8_6012_001102	HTA8_6012_001102002.tif	TIFF	156248434	3acf06b44bd4035843a0500717b7c6e4	WXS; RNA-Seq	syn61373881									
file	phs002371_HTAN	HTA8_6016_002102	HTA8_6016_002102001.tif	TIFF	162867791	8cfa380472117d924864b49766c4e68e	WXS; RNA-Seq	syn61374464									
file	phs002371_HTAN	HTA8_6007_003102	HTA8_6007_003102001.tif	TIFF	129949770	cb76b7d2c641b36a55f621eb80def413	WXS; RNA-Seq	syn61373130									
file	phs002371_HTAN	HTA8_6028_002102	HTA8_6028_002102000.tif	TIFF	200911765	7c0fefb13bcc01bfd0b1a0cb97ccb225	WXS; RNA-Seq	syn63384842									
file	phs002371_HTAN	HTA8_6015_001102	HTA8_6015_001102002.tif	TIFF	186748447	e9fd6393b56c55eb3808dd109c42819c	WXS; RNA-Seq	syn61374368									
file	phs002371_HTAN	HTA8_6010_003102	HTA8_6010_003102001.tif	TIFF	166406018	e60ae529f26b0480e1eb9c2e783e6dba	WXS; RNA-Seq	syn61373739									
file	phs002371_HTAN	HTA8_6009_003102	HTA8_6009_003102001.tif	TIFF	155755166	0da28385c9ebb9c5db4d1226aa78b0a4	WXS; RNA-Seq	syn61373599									
file	phs002371_HTAN	HTA8_6007_002102	HTA8_6007_002102001.tif	TIFF	126655910	a8507524b8a69e8bf6e1f30cbefe9997	WXS; RNA-Seq	syn61372985									
file	phs002371_HTAN	HTA8_6032_001101	HTA8_6032_001101001.tif	TIFF	160597670	affa054e1c53d349ec6cce796a00006e	WXS; RNA-Seq	syn63384904									
file	phs002371_HTAN	HTA8_6013_002102	HTA8_6013_002102001.tif	TIFF	168400697	0cb7f24e67e7d8d96730027676f935d8	WXS; RNA-Seq	syn61374065									
file	phs002371_HTAN	HTA8_6010_003102	HTA8_6010_003102002.tif	TIFF	155536003	c260694f734b0279538effb9b15128a2	WXS; RNA-Seq	syn61373742									
file	phs002371_HTAN	HTA8_6014_002102	HTA8_6014_002102002.tif	TIFF	167826053	741b4681485022735a737e2ea39471fc	WXS; RNA-Seq	syn61374257									
file	phs002371_HTAN	HTA8_6034_003101	HTA8_6034_003101000.tif	TIFF	183308992	5afa9adf8ceb4595736c9407355c52da	WXS; RNA-Seq	syn63385008									
file	phs002371_HTAN	HTA8_6006_003102	HTA8_6006_003102000.tif	TIFF	181610315	e72a8d912388434783996b167de515e2	WXS; RNA-Seq	syn61372869									
file	phs002371_HTAN	HTA8_6032_002101	HTA8_6032_002101003.tif	TIFF	127660799	2e8c157c4d2587b8044b40d97536f791	WXS; RNA-Seq	syn63384919									
file	phs002371_HTAN	HTA8_6012_004101	HTA8_6012_004101001.tif	TIFF	153432847	53d92fc6432f3c7bcced2d3a413c4db1	WXS; RNA-Seq	syn61373969									
file	phs002371_HTAN	HTA8_6003_001102	HTA8_6003_001102002.tif	TIFF	128401845	ca768c0a10c07b1524c5f2ccefad0a03	WXS; RNA-Seq	syn61371805									
file	phs002371_HTAN	HTA8_6024_001102	HTA8_6024_001102001.tif	TIFF	129560379	85b4cca3c479ef3afdd509468641593b	WXS; RNA-Seq	syn61374697									
file	phs002371_HTAN	HTA8_6010_003102	HTA8_6010_003102003.tif	TIFF	155924254	f20e9de7b31eecd22d0f0ddd6a7c81bc	WXS; RNA-Seq	syn61373747									
file	phs002371_HTAN	HTA8_6024_002103	HTA8_6024_002103000.tif	TIFF	147314658	b6a043728267ccb49584a042637c3854	WXS; RNA-Seq	syn61374741									
file	phs002371_HTAN	HTA8_6004_002101	HTA8_6004_002101002.tif	TIFF	140521344	734b595d00b515a30886a5882b5bb429	WXS; RNA-Seq	syn61372228									
file	phs002371_HTAN	HTA8_6004_002101	HTA8_6004_002101003.tif	TIFF	138993203	ed33b3f5e7e3227bbac25c47afee6503	WXS; RNA-Seq	syn61372234									
file	phs002371_HTAN	HTA8_6024_003103	HTA8_6024_003103003.tif	TIFF	160496893	d1cd255946583341cc4db51fa1fce6bd	WXS; RNA-Seq	syn61374805									
file	phs002371_HTAN	HTA8_6025_001102	HTA8_6025_001102000.tif	TIFF	133361182	810bf8ab1244642ab0232b8b043b6f19	WXS; RNA-Seq	syn61374842									
file	phs002371_HTAN	HTA8_6034_003101	HTA8_6034_003101001.tif	TIFF	152012833	b64defc8e2ed1c28fcd60507131ac514	WXS; RNA-Seq	syn63385009									
file	phs002371_HTAN	HTA8_6005_003101	HTA8_6005_003101000.tif	TIFF	132007003	7462fa32f496686d8f79331ddf990ac1	WXS; RNA-Seq	syn61372601									
file	phs002371_HTAN	HTA8_6007_001102	HTA8_6007_001102001.tif	TIFF	25817632	284ed87eb9bcf220dbd405b85fafcd09	WXS; RNA-Seq	syn61372945									
file	phs002371_HTAN	HTA8_6024_002103	HTA8_6024_002103001.tif	TIFF	145788673	3db49b824a6487b2526629f437ba87b4	WXS; RNA-Seq	syn61374743									
file	phs002371_HTAN	HTA8_6014_001102	HTA8_6014_001102001.tif	TIFF	152994084	acb0d70608dcdcc83385763bfb26a5e0	WXS; RNA-Seq	syn61374204									
file	phs002371_HTAN	HTA8_6034_003101	HTA8_6034_003101002.tif	TIFF	159516795	fd31c96449556ebb64be978359bff165	WXS; RNA-Seq	syn63385010									
file	phs002371_HTAN	HTA8_6017_001102	HTA8_6017_001102000.tif	TIFF	140454417	b109f7dab093ecffe06d9b5986fcc851	WXS; RNA-Seq	syn61374516									
file	phs002371_HTAN	HTA8_6014_002102	HTA8_6014_002102003.tif	TIFF	182433944	e35912930622e9a9ea7578e80317e765	WXS; RNA-Seq	syn61374260									
file	phs002371_HTAN	HTA8_6001_001102	HTA8_6001_001102001.tif	TIFF	145150090	bbefa706dd513418b249689d8c6ea3e4	WXS; RNA-Seq	syn61371363									
file	phs002371_HTAN	HTA8_6025_002102	HTA8_6025_002102001.tif	TIFF	179064259	a4aefe4cb0ddeead663d4220f724bb6d	WXS; RNA-Seq	syn63384437									
file	phs002371_HTAN	HTA8_6024_003102	HTA8_6024_003102001.tif	TIFF	22946469	eef2872aa09f83b1479a30fc681434cb	WXS; RNA-Seq	syn61374773									
file	phs002371_HTAN	HTA8_6027_004101	HTA8_6027_004101002.tif	TIFF	26811491	5fd2ae8b7ef234ed82dd18fd6de767e3	WXS; RNA-Seq	syn63384753									
file	phs002371_HTAN	HTA8_6034_001101	HTA8_6034_001101003.tif	TIFF	144254752	61495e919f4465b209f69a50a3ffd800	WXS; RNA-Seq	syn63384958									
file	phs002371_HTAN	HTA8_6010_003102	HTA8_6010_003102004.tif	TIFF	149127790	3d68f12b68736c757b1a8a777a22bd15	WXS; RNA-Seq	syn61373749									
file	phs002371_HTAN	HTA8_6025_001102	HTA8_6025_001102001.tif	TIFF	128836878	917af6d1702c808351e3ff020e23a049	WXS; RNA-Seq	syn61374846									
file	phs002371_HTAN	HTA8_6032_002101	HTA8_6032_002101004.tif	TIFF	132629945	b02f0d4738731626d146bddb86c000de	WXS; RNA-Seq	syn63384920									
file	phs002371_HTAN	HTA8_6001_002102	HTA8_6001_002102000.tif	TIFF	138567484	4ddcd51fbd6cdd44092fe9bfb500b117	WXS; RNA-Seq	syn61371426									
file	phs002371_HTAN	HTA8_6009_002102	HTA8_6009_002102002.tif	TIFF	151104724	2924686048be0da74fa4fb73fe9e7ba9	WXS; RNA-Seq	syn61373541									
file	phs002371_HTAN	HTA8_6008_003101	HTA8_6008_003101000.tif	TIFF	149767229	65742c93745e5772e5efd22180e864c5	WXS; RNA-Seq	syn61373426									
file	phs002371_HTAN	HTA8_6014_001102	HTA8_6014_001102002.tif	TIFF	166660839	a3c63b3bd1f939e4ec1d1ac5014c0ad7	WXS; RNA-Seq	syn61374205									
file	phs002371_HTAN	HTA8_6017_001102	HTA8_6017_001102001.tif	TIFF	160448518	05bdf76c4e4439a8fd8bdab38398fad4	WXS; RNA-Seq	syn61374518									
file	phs002371_HTAN	HTA8_6024_001102	HTA8_6024_001102002.tif	TIFF	131962463	880ff21bf9b6cb2b60c8624a6ac63e52	WXS; RNA-Seq	syn61374698									
file	phs002371_HTAN	HTA8_6010_001102	HTA8_6010_001102004.tif	TIFF	153357514	2ade5fc4bdc4ff82eebdfb47132fedb9	WXS; RNA-Seq	syn61373667									
file	phs002371_HTAN	HTA8_6015_003101	HTA8_6015_003101001.tif	TIFF	140039775	c4f660f0aad55d27dc5d765dd57304b4	WXS; RNA-Seq	syn61374419									
file	phs002371_HTAN	HTA8_6002_002102	HTA8_6002_002102001.tif	TIFF	147533313	4dee72cf5cc5fa557f3ef46cd7d81783	WXS; RNA-Seq	syn61371603									
file	phs002371_HTAN	HTA8_6006_003102	HTA8_6006_003102001.tif	TIFF	178772612	187982d886b72ba91d9c222ebb697cdf	WXS; RNA-Seq	syn61372872									
file	phs002371_HTAN	HTA8_6004_003101	HTA8_6004_003101001.tif	TIFF	125514049	3baca91ad760f47be86c2996552fc284	WXS; RNA-Seq	syn61372328									
file	phs002371_HTAN	HTA8_6028_003102	HTA8_6028_003102003.tif	TIFF	131921240	b5859578fad3953b6ae068eca2d5afd2	WXS; RNA-Seq	syn63384877									
file	phs002371_HTAN	HTA8_6007_003102	HTA8_6007_003102002.tif	TIFF	136948793	5e6a733a75e9878341764efebd2625e0	WXS; RNA-Seq	syn61373133									
file	phs002371_HTAN	HTA8_6024_003102	HTA8_6024_003102002.tif	TIFF	110484186	99c2c333b3d8acb3161fa828603a5ac8	WXS; RNA-Seq	syn61374774									
file	phs002371_HTAN	HTA8_6009_002102	HTA8_6009_002102003.tif	TIFF	152193718	ee00014379f81ef195724e98385236d0	WXS; RNA-Seq	syn61373544									
file	phs002371_HTAN	HTA8_6016_002102	HTA8_6016_002102002.tif	TIFF	161550806	8b5351ef2bc68b2717a759e4626c2e9e	WXS; RNA-Seq	syn61374465									
file	phs002371_HTAN	HTA8_6027_002102	HTA8_6027_002102000.tif	TIFF	153212636	3897f835cf1b4feee0ce556981f0ff5b	WXS; RNA-Seq	syn63384636									
file	phs002371_HTAN	HTA8_6007_002102	HTA8_6007_002102002.tif	TIFF	114303222	269d5444db7192d4a7269e715e70ec40	WXS; RNA-Seq	syn61372988									
file	phs002371_HTAN	HTA8_6015_002102	HTA8_6015_002102002.tif	TIFF	147507781	f475902fda698af04371f5a5ec481730	WXS; RNA-Seq	syn61374389									
file	phs002371_HTAN	HTA8_6025_003102	HTA8_6025_003102002.tif	TIFF	154466581	5ac3b8d64db6500283eb79ba153dea4f	WXS; RNA-Seq	syn63384505									
file	phs002371_HTAN	HTA8_6006_002102	HTA8_6006_002102001.tif	TIFF	130050664	b5f761cab4e379568d880ccf76af0f89	WXS; RNA-Seq	syn61372757									
file	phs002371_HTAN	HTA8_6024_003103	HTA8_6024_003103004.tif	TIFF	170620263	71cca803636267f57a2da47ff097c58f	WXS; RNA-Seq	syn61374806									
file	phs002371_HTAN	HTA8_6017_001102	HTA8_6017_001102002.tif	TIFF	192784214	c306b30d1d0b6aeac400a7dcacd8a721	WXS; RNA-Seq	syn61374519									
file	phs002371_HTAN	HTA8_6027_004101	HTA8_6027_004101003.tif	TIFF	140334646	510fc05985786d27eefee2ecd14bbbba	WXS; RNA-Seq	syn63384760									
file	phs002371_HTAN	HTA8_6010_003102	HTA8_6010_003102005.tif	TIFF	142733591	88d7f31cf03e765426e96efdfde31ef4	WXS; RNA-Seq	syn61373752									
file	phs002371_HTAN	HTA8_6017_001102	HTA8_6017_001102003.tif	TIFF	195123888	57a64560e71e4ccffea594c11d94b658	WXS; RNA-Seq	syn61374521									
file	phs002371_HTAN	HTA8_6025_003102	HTA8_6025_003102003.tif	TIFF	162970169	dd5d5de8e335b05a74fd4c9c65e91be3	WXS; RNA-Seq	syn63384508									
file	phs002371_HTAN	HTA8_6013_002102	HTA8_6013_002102002.tif	TIFF	170393322	d76eeb6c2399e325c1f4f91d99881a5e	WXS; RNA-Seq	syn61374069									
file	phs002371_HTAN	HTA8_6006_002102	HTA8_6006_002102002.tif	TIFF	122943218	56949016a3172feca8a4504a4bbcbd84	WXS; RNA-Seq	syn61372763									
file	phs002371_HTAN	HTA8_6025_002102	HTA8_6025_002102002.tif	TIFF	159451756	d3fb8c96b9612e53676c025dab3f53bb	WXS; RNA-Seq	syn63384441									
file	phs002371_HTAN	HTA8_6028_002102	HTA8_6028_002102001.tif	TIFF	181746901	c99685464e99fb1b234b3f232957145a	WXS; RNA-Seq	syn63384845									
file	phs002371_HTAN	HTA8_6013_002102	HTA8_6013_002102003.tif	TIFF	182496347	76d220ed4fdc2e0d493e72963e0745a6	WXS; RNA-Seq	syn61374070									
file	phs002371_HTAN	HTA8_6013_003102	HTA8_6013_003102001.tif	TIFF	173871532	c1463d904266a52c0410c74f17a4a5a8	WXS; RNA-Seq	syn61374111									
file	phs002371_HTAN	HTA8_6032_003101	HTA8_6032_003101001.tif	TIFF	142911752	8b40c07b3c0a99b41964907f3064a384	WXS; RNA-Seq	syn63384938									
file	phs002371_HTAN	HTA8_6025_003102	HTA8_6025_003102004.tif	TIFF	140659528	d761ffeece6515b1e6084b3d86a28cc4	WXS; RNA-Seq	syn63384516									
file	phs002371_HTAN	HTA8_6017_003102	HTA8_6017_003102002.tif	TIFF	189006995	320394b17126a0d7a4694d52c1008ec6	WXS; RNA-Seq	syn61374589									
file	phs002371_HTAN	HTA8_6015_001102	HTA8_6015_001102003.tif	TIFF	180292161	4d3e6fba80a40db5f683400649531477	WXS; RNA-Seq	syn61374369									
file	phs002371_HTAN	HTA8_6009_002102	HTA8_6009_002102004.tif	TIFF	149723570	bbe8912a6ee8a681a3412ad45ab5bee3	WXS; RNA-Seq	syn61373549									
file	phs002371_HTAN	HTA8_6028_002102	HTA8_6028_002102002.tif	TIFF	175275974	9b8eb7f4a2935a80a530e35636710f90	WXS; RNA-Seq	syn63384847									
file	phs002371_HTAN	HTA8_6012_002102	HTA8_6012_002102001.tif	TIFF	158850379	9929b3c6007328264165673527da0f73	WXS; RNA-Seq	syn61373902									
file	phs002371_HTAN	HTA8_6003_002102	HTA8_6003_002102001.tif	TIFF	153005150	669e497b21be9ca60473315f8de17d7a	WXS; RNA-Seq	syn61371910									
file	phs002371_HTAN	HTA8_6016_001102	HTA8_6016_001102000.tif	TIFF	130465913	dd031c72e0a84d609e13daf628458084	WXS; RNA-Seq	syn61374438									
file	phs002371_HTAN	HTA8_6034_002101	HTA8_6034_002101002.tif	TIFF	137584962	120d37a3423826366093d44757f096bc	WXS; RNA-Seq	syn63384971									
file	phs002371_HTAN	HTA8_6027_004101	HTA8_6027_004101004.tif	TIFF	26405080	6164ba4d06dd07c3b06b0e88ea729b20	WXS; RNA-Seq	syn63384762									
file	phs002371_HTAN	HTA8_6032_003101	HTA8_6032_003101002.tif	TIFF	137443026	a65a117af613ca238628d4517fd9ecc7	WXS; RNA-Seq	syn63384939									
file	phs002371_HTAN	HTA8_6032_003101	HTA8_6032_003101003.tif	TIFF	145898527	1daf8d8f97b1433fd8d8412a6ed44927	WXS; RNA-Seq	syn63384940									
file	phs002371_HTAN	HTA8_6014_001102	HTA8_6014_001102003.tif	TIFF	155628974	b164822b42ea3079ca7c0a59decdeea2	WXS; RNA-Seq	syn61374207									
file	phs002371_HTAN	HTA8_6028_003102	HTA8_6028_003102004.tif	TIFF	126932642	4cf3adba121db8f8a5b7e6a4e27be237	WXS; RNA-Seq	syn63384878									
file	phs002371_HTAN	HTA8_6007_002102	HTA8_6007_002102003.tif	TIFF	118391311	577135fa606348c0f8a1f90df327e223	WXS; RNA-Seq	syn61372995									
file	phs002371_HTAN	HTA8_6010_003102	HTA8_6010_003102006.tif	TIFF	161284306	1b578babc62a7023c453fe3325e3d4d0	WXS; RNA-Seq	syn61373756									
file	phs002371_HTAN	HTA8_6001_002102	HTA8_6001_002102001.tif	TIFF	140175580	e75e168c3aa365d21722ac7872b5fa83	WXS; RNA-Seq	syn61371430									
file	phs002371_HTAN	HTA8_6016_001102	HTA8_6016_001102001.tif	TIFF	127577078	13286c2774942961d7d76d80c047552f	WXS; RNA-Seq	syn61374439									
file	phs002371_HTAN	HTA8_6024_003102	HTA8_6024_003102003.tif	TIFF	25127048	883533bbaec4d42012686def47b71b30	WXS; RNA-Seq	syn61374775									
file	phs002371_HTAN	HTA8_6004_002101	HTA8_6004_002101004.tif	TIFF	131175929	4f5c3d300e643841eea1251b87516fe2	WXS; RNA-Seq	syn61372240									
file	phs002371_HTAN	HTA8_6028_002102	HTA8_6028_002102003.tif	TIFF	173958438	49fd4f90733dd3b8ffcae13cbf285cf1	WXS; RNA-Seq	syn63384850									
file	phs002371_HTAN	HTA8_6002_003102	HTA8_6002_003102002.tif	TIFF	147209035	161e7f59a43eef8409549538b7673b88	WXS; RNA-Seq	syn61371720									
file	phs002371_HTAN	HTA8_6032_002101	HTA8_6032_002101005.tif	TIFF	146526390	2603c64cc7d7b2b99d422db4049718be	WXS; RNA-Seq	syn63384921									
file	phs002371_HTAN	HTA8_6013_001102	HTA8_6013_001102004.tif	TIFF	141146266	5b8d316f328c8aec71b04a2ca67f4a81	WXS; RNA-Seq	syn61374017									
file	phs002371_HTAN	HTA8_6006_003102	HTA8_6006_003102002.tif	TIFF	184086356	8299e306d2e6980880fcd4fd27b79809	WXS; RNA-Seq	syn61372876									
file	phs002371_HTAN	HTA8_6015_002102	HTA8_6015_002102003.tif	TIFF	147289372	da4737419ce111e10276559392f594aa	WXS; RNA-Seq	syn61374390									
file	phs002371_HTAN	HTA8_6004_001102	HTA8_6004_001102000.tif	TIFF	153966253	95cd8eaaedfc76dd289a3d8e93b01686	WXS; RNA-Seq	syn61372104									
file	phs002371_HTAN	HTA8_6008_001102	HTA8_6008_001102002.tif	TIFF	178060567	3b8bcf6ed629b41de3feb27389eb663d	WXS; RNA-Seq	syn61373214									
file	phs002371_HTAN	HTA8_6002_003102	HTA8_6002_003102003.tif	TIFF	151493471	f6d17c185150961f485e6757476c0c7e	WXS; RNA-Seq	syn61371724									
file	phs002371_HTAN	HTA8_6002_002102	HTA8_6002_002102002.tif	TIFF	137352237	b3e241f5aa5d388bce92e71342ab4b42	WXS; RNA-Seq	syn61371607									
file	phs002371_HTAN	HTA8_6025_003102	HTA8_6025_003102005.tif	TIFF	182631057	ab3cd6e2746d2ed438b65f8ccf639520	WXS; RNA-Seq	syn63384520									
file	phs002371_HTAN	HTA8_6027_004101	HTA8_6027_004101005.tif	TIFF	140989088	20a1cb000d3c835683b96f8b9de87d7c	WXS; RNA-Seq	syn63384766									
file	phs002371_HTAN	HTA8_6006_003102	HTA8_6006_003102003.tif	TIFF	173357973	1eea1e97fa48e8df6c2f46563ff85343	WXS; RNA-Seq	syn61372880									
file	phs002371_HTAN	HTA8_6008_002102	HTA8_6008_002102003.tif	TIFF	150121649	a43e6fc05b51dde4d680a6688b554ed5	WXS; RNA-Seq	syn61373395									
file	phs002371_HTAN	HTA8_6010_003102	HTA8_6010_003102007.tif	TIFF	162021172	123475dc5df448f30127707d0173342c	WXS; RNA-Seq	syn61373759									
file	phs002371_HTAN	HTA8_6015_002102	HTA8_6015_002102004.tif	TIFF	158867917	25743fea0d8ed6910f670420a8b73501	WXS; RNA-Seq	syn61374391									
file	phs002371_HTAN	HTA8_6002_003102	HTA8_6002_003102004.tif	TIFF	146134876	cf2beaee58fe4a99fea9e01c314a23d9	WXS; RNA-Seq	syn61371729									
file	phs002371_HTAN	HTA8_6028_003102	HTA8_6028_003102005.tif	TIFF	118424859	9cbfd35e1a5fbed82449342fb71a643c	WXS; RNA-Seq	syn63384879									
file	phs002371_HTAN	HTA8_6014_001102	HTA8_6014_001102004.tif	TIFF	164259063	166d8a3a816df24ddb54367e24c7502f	WXS; RNA-Seq	syn61374211									
file	phs002371_HTAN	HTA8_6004_003101	HTA8_6004_003101002.tif	TIFF	133602436	f35b1e2cb77f5a76fe10f9036ce13548	WXS; RNA-Seq	syn61372334									
file	phs002371_HTAN	HTA8_6032_002101	HTA8_6032_002101006.tif	TIFF	139036620	2fb9a22a6ae61ebdfdb131e5c7bb5b84	WXS; RNA-Seq	syn63384922									
file	phs002371_HTAN	HTA8_6010_001102	HTA8_6010_001102005.tif	TIFF	142761302	7882e1161996bec558bee3f5f4088137	WXS; RNA-Seq	syn61373669									
file	phs002371_HTAN	HTA8_6001_001102	HTA8_6001_001102002.tif	TIFF	131841534	7ef56b704b673415063f69a90dae8a4e	WXS; RNA-Seq	syn61371371									
file	phs002371_HTAN	HTA8_6008_001102	HTA8_6008_001102003.tif	TIFF	183327448	3f077a7af9db8f442f96798b95b53522	WXS; RNA-Seq	syn61373218									
file	phs002371_HTAN	HTA8_6009_003102	HTA8_6009_003102002.tif	TIFF	143247764	e0c11ce73de8b48000c2b620415805f0	WXS; RNA-Seq	syn61373603									
file	phs002371_HTAN	HTA8_6006_001102	HTA8_6006_001102001.tif	TIFF	142089716	84781de05e3b05b431f8e36f93176347	WXS; RNA-Seq	syn61372663									
file	phs002371_HTAN	HTA8_6005_002102	HTA8_6005_002102003.tif	TIFF	115524237	0c335b78cdbed8665e5059dd86573cb6	WXS; RNA-Seq	syn61372542									
file	phs002371_HTAN	HTA8_6006_003102	HTA8_6006_003102004.tif	TIFF	162580496	2669bf9add6e0f0d623c2f6b73520fe3	WXS; RNA-Seq	syn61372883									
file	phs002371_HTAN	HTA8_6004_003101	HTA8_6004_003101003.tif	TIFF	137448253	f5749b0deec8da2f6d2aa589a0f5f2d2	WXS; RNA-Seq	syn61372339									
file	phs002371_HTAN	HTA8_6032_003101	HTA8_6032_003101004.tif	TIFF	117985602	c9300cf01e49f979dfc1a925465fb436	WXS; RNA-Seq	syn63384941									
file	phs002371_HTAN	HTA8_6004_003101	HTA8_6004_003101004.tif	TIFF	129581511	2c8bc56384079157c7270eb44e63e6c3	WXS; RNA-Seq	syn61372348									
file	phs002371_HTAN	HTA8_6007_002102	HTA8_6007_002102004.tif	TIFF	115957462	bb82c60ab29a987d03e14a4f43a8ff19	WXS; RNA-Seq	syn61372999									
file	phs002371_HTAN	HTA8_6014_002102	HTA8_6014_002102004.tif	TIFF	196622562	bd6f9d97b53b0208a8a6b3e9bdf345c4	WXS; RNA-Seq	syn61374266									
file	phs002371_HTAN	HTA8_6016_001102	HTA8_6016_001102002.tif	TIFF	127044167	a91b07d7a174fc312d5c35df957d3b04	WXS; RNA-Seq	syn61374441									
file	phs002371_HTAN	HTA8_6003_003101	HTA8_6003_003101002.tif	TIFF	135697435	a487bd71681a1b44ba0565b6e6790a60	WXS; RNA-Seq	syn61372028									
file	phs002371_HTAN	HTA8_6028_002102	HTA8_6028_002102004.tif	TIFF	185799126	31feb65e21e12c84c3ff406fef37f354	WXS; RNA-Seq	syn63384851									
file	phs002371_HTAN	HTA8_6014_003101	HTA8_6014_003101001.tif	TIFF	120530754	260d242abe24df893401f88b6ec650cf	WXS; RNA-Seq	syn61374335									
file	phs002371_HTAN	HTA8_6034_002101	HTA8_6034_002101003.tif	TIFF	148340463	aff8df8daa31e843837df843ee1b0d09	WXS; RNA-Seq	syn63384972									
file	phs002371_HTAN	HTA8_6004_002101	HTA8_6004_002101005.tif	TIFF	126780139	7ab748007cb835d004640cb45add2683	WXS; RNA-Seq	syn61372245									
file	phs002371_HTAN	HTA8_6024_003103	HTA8_6024_003103005.tif	TIFF	166875928	8d968569bdf20adcdf2137732939c4b8	WXS; RNA-Seq	syn61374813									
file	phs002371_HTAN	HTA8_6015_002102	HTA8_6015_002102005.tif	TIFF	133404744	3c6f19577e7184975e2dcf56eef2cdfb	WXS; RNA-Seq	syn61374392									
file	phs002371_HTAN	HTA8_6009_003102	HTA8_6009_003102003.tif	TIFF	155024261	4b672f7df30f7d6ec2fe5c41f096796e	WXS; RNA-Seq	syn61373605									
file	phs002371_HTAN	HTA8_6008_001102	HTA8_6008_001102004.tif	TIFF	165452939	1fcbccf1b7c1e57677e6e5fdfcabc725	WXS; RNA-Seq	syn61373226									
file	phs002371_HTAN	HTA8_6034_002101	HTA8_6034_002101004.tif	TIFF	198666610	34c72a3d1742459bb82811ad673f4f22	WXS; RNA-Seq	syn63384973									
file	phs002371_HTAN	HTA8_6013_003102	HTA8_6013_003102002.tif	TIFF	173785611	92e1a05ce322b58e2fda98a39e68f2f4	WXS; RNA-Seq	syn61374112									
file	phs002371_HTAN	HTA8_6016_003102	HTA8_6016_003102000.tif	TIFF	155382675	e87fb4cb4d00ba83da43ffd9461d7b64	WXS; RNA-Seq	syn61374482									
file	phs002371_HTAN	HTA8_6012_002102	HTA8_6012_002102002.tif	TIFF	156580479	5d7f0e3d496ce3245843e84ad5d959aa	WXS; RNA-Seq	syn61373905									
file	phs002371_HTAN	HTA8_6004_002101	HTA8_6004_002101006.tif	TIFF	137048682	218cadea2856666523c35b2e86115346	WXS; RNA-Seq	syn61372250									
file	phs002371_HTAN	HTA8_6024_002103	HTA8_6024_002103002.tif	TIFF	139133147	a44641e0121b18b5b823bf75aca47de4	WXS; RNA-Seq	syn61374744									
file	phs002371_HTAN	HTA8_6016_001102	HTA8_6016_001102003.tif	TIFF	132365403	3c803d23b959fac7919ceab547fde56e	WXS; RNA-Seq	syn61374442									
file	phs002371_HTAN	HTA8_6025_001102	HTA8_6025_001102002.tif	TIFF	136857750	b15699b48ba1b8635a6d36b6e726b751	WXS; RNA-Seq	syn61374847									
file	phs002371_HTAN	HTA8_6003_001102	HTA8_6003_001102003.tif	TIFF	104239498	c641dd3929e43373e14acd54c80fffa0	WXS; RNA-Seq	syn61371810									
file	phs002371_HTAN	HTA8_6007_003102	HTA8_6007_003102003.tif	TIFF	130904167	ed793ff78b53c14dae8ed8885ec149cf	WXS; RNA-Seq	syn61373136									
file	phs002371_HTAN	HTA8_6014_002102	HTA8_6014_002102005.tif	TIFF	178879228	a644778f911e3e30e65ed7890515f315	WXS; RNA-Seq	syn61374270									
file	phs002371_HTAN	HTA8_6006_001102	HTA8_6006_001102002.tif	TIFF	129089649	ea9f79b7c8405f10b8eec34cc07ef46d	WXS; RNA-Seq	syn61372670									
file	phs002371_HTAN	HTA8_6003_002102	HTA8_6003_002102002.tif	TIFF	157541661	2c4c2876641b738ca236831d59354920	WXS; RNA-Seq	syn61371919									
file	phs002371_HTAN	HTA8_6003_003101	HTA8_6003_003101003.tif	TIFF	149887931	93cf57288562b1fd1ff5d8a8189d25ea	WXS; RNA-Seq	syn61372036									
file	phs002371_HTAN	HTA8_6027_004101	HTA8_6027_004101006.tif	TIFF	147629473	da0e7da67c8639ab67d41932bff5d9e6	WXS; RNA-Seq	syn63384770									
file	phs002371_HTAN	HTA8_6009_001102	HTA8_6009_001102001.tif	TIFF	146905911	625cd80db52fc61c787272ef7ddcef05	WXS; RNA-Seq	syn61373469									
file	phs002371_HTAN	HTA8_6002_002102	HTA8_6002_002102003.tif	TIFF	146080562	d3c40efc39a917a50da0fa57e1eb3c7a	WXS; RNA-Seq	syn61371615									
file	phs002371_HTAN	HTA8_6004_003101	HTA8_6004_003101005.tif	TIFF	138295685	29c36c91ddfea2612455e816f2605c85	WXS; RNA-Seq	syn61372354									
file	phs002371_HTAN	HTA8_6014_002102	HTA8_6014_002102006.tif	TIFF	189872391	06f9716736e25a77db041358fa261113	WXS; RNA-Seq	syn61374274									
file	phs002371_HTAN	HTA8_6032_002101	HTA8_6032_002101007.tif	TIFF	136230315	9cc12fd62ed855851f179adb2c57eb49	WXS; RNA-Seq	syn63384923									
file	phs002371_HTAN	HTA8_6027_004101	HTA8_6027_004101007.tif	TIFF	28026692	25593a38e841e8df610fbc9cdc6a8454	WXS; RNA-Seq	syn63384773									
file	phs002371_HTAN	HTA8_6010_005101	HTA8_6010_005101001.tif	TIFF	140201273	0758e9567b11020624f1d915ffa6dae4	WXS; RNA-Seq	syn61373843									
file	phs002371_HTAN	HTA8_6005_001102	HTA8_6005_001102000.tif	TIFF	35709621	1af250b633b6048b641613576f470d7c	WXS; RNA-Seq	syn61372423									
file	phs002371_HTAN	HTA8_6034_002101	HTA8_6034_002101005.tif	TIFF	150243670	d44ee952b5154878f77d3ba6dd448cc7	WXS; RNA-Seq	syn63384974									
file	phs002371_HTAN	HTA8_6016_003102	HTA8_6016_003102001.tif	TIFF	179008493	636577115458bb68d42c432378863918	WXS; RNA-Seq	syn61374484									
file	phs002371_HTAN	HTA8_6034_002101	HTA8_6034_002101006.tif	TIFF	151729888	2c2b5333d8407310a058e757d1df274b	WXS; RNA-Seq	syn63384975									
file	phs002371_HTAN	HTA8_6013_002102	HTA8_6013_002102004.tif	TIFF	179346975	ce481eddd8661040446f233baec5bc51	WXS; RNA-Seq	syn61374072									
file	phs002371_HTAN	HTA8_6017_001102	HTA8_6017_001102004.tif	TIFF	145562996	736306f5f9c1d2a072c26cf721f4ddef	WXS; RNA-Seq	syn61374523									
file	phs002371_HTAN	HTA8_6006_002102	HTA8_6006_002102003.tif	TIFF	147655923	fe4091319e11f2ac17b80184ceb8e684	WXS; RNA-Seq	syn61372772									
file	phs002371_HTAN	HTA8_6027_004101	HTA8_6027_004101008.tif	TIFF	29749548	d33421125c7b4f08007eb2d74c05681c	WXS; RNA-Seq	syn63384775									
file	phs002371_HTAN	HTA8_6034_002101	HTA8_6034_002101007.tif	TIFF	146369138	77a332c6743cd081137ddd3396393fac	WXS; RNA-Seq	syn63384978									
file	phs002371_HTAN	HTA8_6028_003102	HTA8_6028_003102006.tif	TIFF	140134952	29f180f0b4a12d64568a21efcb7051e6	WXS; RNA-Seq	syn63384880									
file	phs002371_HTAN	HTA8_6027_002102	HTA8_6027_002102001.tif	TIFF	163211180	35205f2260fd64e10e7f94fa8c19a267	WXS; RNA-Seq	syn63384640									
file	phs002371_HTAN	HTA8_6012_004101	HTA8_6012_004101002.tif	TIFF	192684087	0405f863b363ce46f028609fc5fc05d3	WXS; RNA-Seq	syn61373970									
file	phs002371_HTAN	HTA8_6025_003102	HTA8_6025_003102006.tif	TIFF	153767990	df553c7755aec0007bb01bff72a7c435	WXS; RNA-Seq	syn63384524									
file	phs002371_HTAN	HTA8_6008_003101	HTA8_6008_003101001.tif	TIFF	133538356	3e261854b6da48b557cc18b82dbc2ba1	WXS; RNA-Seq	syn61373432									
file	phs002371_HTAN	HTA8_6017_001102	HTA8_6017_001102005.tif	TIFF	149578058	686bc5d6becd8ccef3992452a19fdb44	WXS; RNA-Seq	syn61374524									
file	phs002371_HTAN	HTA8_6014_002102	HTA8_6014_002102007.tif	TIFF	165344188	729944ab731088db05940a92a6804f29	WXS; RNA-Seq	syn61374278									
file	phs002371_HTAN	HTA8_6010_003102	HTA8_6010_003102008.tif	TIFF	145376626	31abf86c52b132ccd6e1add3a1a1429b	WXS; RNA-Seq	syn61373762									
file	phs002371_HTAN	HTA8_6015_003101	HTA8_6015_003101002.tif	TIFF	146304627	c4a22f6f5b01b9738d50423daef48f44	WXS; RNA-Seq	syn61374420									
file	phs002371_HTAN	HTA8_6003_002102	HTA8_6003_002102003.tif	TIFF	154840408	51189f28682b42ac8948e60f822f1f4d	WXS; RNA-Seq	syn61371924									
file	phs002371_HTAN	HTA8_6002_003102	HTA8_6002_003102005.tif	TIFF	144642697	cb87f1c6964575b3e6a260ab52ecf69a	WXS; RNA-Seq	syn61371733									
file	phs002371_HTAN	HTA8_6013_002102	HTA8_6013_002102005.tif	TIFF	193980371	97ca8e5373d68bd3a8dd00f3f81525d5	WXS; RNA-Seq	syn61374073									
file	phs002371_HTAN	HTA8_6009_003102	HTA8_6009_003102004.tif	TIFF	164042499	f5ce4ca723c6a85c13571c8118f5eff6	WXS; RNA-Seq	syn61373607									
file	phs002371_HTAN	HTA8_6034_003101	HTA8_6034_003101003.tif	TIFF	168875828	ae32d4784c02ca966af35e6ad39fae21	WXS; RNA-Seq	syn63385011									
file	phs002371_HTAN	HTA8_6010_003102	HTA8_6010_003102009.tif	TIFF	159485944	6962ea56f59635861e92bcbce20bf92d	WXS; RNA-Seq	syn61373763									
file	phs002371_HTAN	HTA8_6014_002102	HTA8_6014_002102008.tif	TIFF	173325381	066bb7a49112481e4d319badf71e6342	WXS; RNA-Seq	syn61374282									
file	phs002371_HTAN	HTA8_6002_002102	HTA8_6002_002102004.tif	TIFF	136288185	22e8be1578962b477d08267a68017ab9	WXS; RNA-Seq	syn61371619									
file	phs002371_HTAN	HTA8_6007_003102	HTA8_6007_003102004.tif	TIFF	128575995	8d290c4d3b396bdb99f9e05afa82fcc2	WXS; RNA-Seq	syn61373139									
file	phs002371_HTAN	HTA8_6024_002102	HTA8_6024_002102001.tif	TIFF	122138601	e522ce2546e7fa8290803772e520c582	WXS; RNA-Seq	syn61374719									
file	phs002371_HTAN	HTA8_6017_002102	HTA8_6017_002102003.tif	TIFF	180450197	2c19a8d735c965fe7fecaa26822a3b03	WXS; RNA-Seq	syn61374547									
file	phs002371_HTAN	HTA8_6009_002102	HTA8_6009_002102005.tif	TIFF	153412098	842efa312c405bfc19b8c9755385fe44	WXS; RNA-Seq	syn61373552									
file	phs002371_HTAN	HTA8_6024_002103	HTA8_6024_002103003.tif	TIFF	135882087	abb061c43ce71c7fbe3711be96e95bfc	WXS; RNA-Seq	syn61374745									
file	phs002371_HTAN	HTA8_6005_001102	HTA8_6005_001102001.tif	TIFF	162784794	56c19ec51fbcd7a298319a78c720d579	WXS; RNA-Seq	syn61372427									
file	phs002371_HTAN	HTA8_6015_001102	HTA8_6015_001102004.tif	TIFF	181106850	9f0840ab2073892a996da0ecf851ba5b	WXS; RNA-Seq	syn61374371									
file	phs002371_HTAN	HTA8_6032_003101	HTA8_6032_003101005.tif	TIFF	148768720	9394e6b8d922499f9158ce0920fce5d7	WXS; RNA-Seq	syn63384942									
file	phs002371_HTAN	HTA8_6016_003102	HTA8_6016_003102002.tif	TIFF	178986123	0dde1043412e3e62cb5d8984d10ba757	WXS; RNA-Seq	syn61374485									
file	phs002371_HTAN	HTA8_6007_003102	HTA8_6007_003102005.tif	TIFF	130942203	3e2be3440a98ca557a524f223a39bbe0	WXS; RNA-Seq	syn61373142									
file	phs002371_HTAN	HTA8_6008_001102	HTA8_6008_001102005.tif	TIFF	150159146	954c1b209fcda8729fd33db00bd8d503	WXS; RNA-Seq	syn61373234									
file	phs002371_HTAN	HTA8_6014_002102	HTA8_6014_002102009.tif	TIFF	193739822	e7f3fd123fa506da61c6ee7197297ec8	WXS; RNA-Seq	syn61374286									
file	phs002371_HTAN	HTA8_6012_002102	HTA8_6012_002102003.tif	TIFF	148332952	80a92b19b3150d0e98233496507334ab	WXS; RNA-Seq	syn61373908									
file	phs002371_HTAN	HTA8_6009_002102	HTA8_6009_002102006.tif	TIFF	150458089	2a203871ac29bef6f68e575446402b50	WXS; RNA-Seq	syn61373555									
file	phs002371_HTAN	HTA8_6034_003101	HTA8_6034_003101004.tif	TIFF	157865205	84c2f9be181295ef973a0c4a91ba6454	WXS; RNA-Seq	syn63385012									
file	phs002371_HTAN	HTA8_6004_001102	HTA8_6004_001102001.tif	TIFF	156497648	d575eab28690d82b02a2cdbf1c30a3f2	WXS; RNA-Seq	syn61372113									
file	phs002371_HTAN	HTA8_6012_001102	HTA8_6012_001102003.tif	TIFF	172568317	a11110e4bf7cb35d1a9f21c626c7848e	WXS; RNA-Seq	syn61373886									
file	phs002371_HTAN	HTA8_6010_001102	HTA8_6010_001102006.tif	TIFF	155795131	85649f5826e7b7a8d02bbd137144dd94	WXS; RNA-Seq	syn61373674									
file	phs002371_HTAN	HTA8_6004_001102	HTA8_6004_001102002.tif	TIFF	151124897	82af97dd322e80ebeece45bf0b4cf080	WXS; RNA-Seq	syn61372119									
file	phs002371_HTAN	HTA8_6017_003102	HTA8_6017_003102003.tif	TIFF	168403485	ae4787b30f8121e3cd4ffaa9f8d29d00	WXS; RNA-Seq	syn61374590									
file	phs002371_HTAN	HTA8_6027_004101	HTA8_6027_004101009.tif	TIFF	29558766	63e70b7b422790ed338790f42d8fecbc	WXS; RNA-Seq	syn63384777									
file	phs002371_HTAN	HTA8_6034_001101	HTA8_6034_001101004.tif	TIFF	136298426	abe44cafaa17bfe24ac4a27083a41780	WXS; RNA-Seq	syn63384959									
file	phs002371_HTAN	HTA8_6032_003101	HTA8_6032_003101006.tif	TIFF	120692718	ec847716c652e1cbd97067447b3725b6	WXS; RNA-Seq	syn63384943									
file	phs002371_HTAN	HTA8_6001_002102	HTA8_6001_002102002.tif	TIFF	27213580	c8682919bd66f849365de0c3a953a78f	WXS; RNA-Seq	syn61371439									
file	phs002371_HTAN	HTA8_6016_003102	HTA8_6016_003102003.tif	TIFF	159364937	63baa87317599d44c52fc7a606b7a014	WXS; RNA-Seq	syn61374487									
file	phs002371_HTAN	HTA8_6024_003103	HTA8_6024_003103006.tif	TIFF	191898007	a6473e213a8f2433eb52ed74c677c0a7	WXS; RNA-Seq	syn61374816									
file	phs002371_HTAN	HTA8_6006_002102	HTA8_6006_002102004.tif	TIFF	157876929	81b6fea52830e5ab4d9b80ab1404f22e	WXS; RNA-Seq	syn61372779									
file	phs002371_HTAN	HTA8_6010_003102	HTA8_6010_003102010.tif	TIFF	138594238	c295aafeeb4b47efe35e47f903545224	WXS; RNA-Seq	syn61373771									
file	phs002371_HTAN	HTA8_6005_002102	HTA8_6005_002102004.tif	TIFF	108925757	f8a7e86193e859776a8701dbc92f42ef	WXS; RNA-Seq	syn61372545									
file	phs002371_HTAN	HTA8_6005_001102	HTA8_6005_001102002.tif	TIFF	193012294	5519a26507319afc431b88b1b1672228	WXS; RNA-Seq	syn61372433									
file	phs002371_HTAN	HTA8_6003_002102	HTA8_6003_002102004.tif	TIFF	155494645	524e756bb07789c4939b8ad862cbfc73	WXS; RNA-Seq	syn61371933									
file	phs002371_HTAN	HTA8_6014_002102	HTA8_6014_002102010.tif	TIFF	184509799	db5e369b441ea91da0ede45361c70e5a	WXS; RNA-Seq	syn61374289									
file	phs002371_HTAN	HTA8_6010_001102	HTA8_6010_001102007.tif	TIFF	167281315	fbcc856783f8090cf3627cff2e96d0b6	WXS; RNA-Seq	syn61373677									
file	phs002371_HTAN	HTA8_6013_002102	HTA8_6013_002102006.tif	TIFF	151108848	cb495594a194264d8788fea790813e4f	WXS; RNA-Seq	syn61374076									
file	phs002371_HTAN	HTA8_6017_003102	HTA8_6017_003102004.tif	TIFF	186959414	93b6be694939a5b20f1e6e6543c087d3	WXS; RNA-Seq	syn61374591									
file	phs002371_HTAN	HTA8_6016_002102	HTA8_6016_002102003.tif	TIFF	162494336	5ec615a45cce1541ee09734074700be5	WXS; RNA-Seq	syn61374466									
file	phs002371_HTAN	HTA8_6034_002101	HTA8_6034_002101008.tif	TIFF	138703203	07dca9f2d1697f7d688a4e1dd7a58cf1	WXS; RNA-Seq	syn63384980									
file	phs002371_HTAN	HTA8_6003_002102	HTA8_6003_002102005.tif	TIFF	154698978	5fd4daa963964cec67faef41645b83ef	WXS; RNA-Seq	syn61371937									
file	phs002371_HTAN	HTA8_6014_002102	HTA8_6014_002102011.tif	TIFF	194778410	ca3aa5e025f8ac011f9b0c6b4fcba3ea	WXS; RNA-Seq	syn61374292									
file	phs002371_HTAN	HTA8_6012_004101	HTA8_6012_004101003.tif	TIFF	187851717	4718eb818439d74387e14b5e2d7a6e54	WXS; RNA-Seq	syn61373975									
file	phs002371_HTAN	HTA8_6013_001102	HTA8_6013_001102005.tif	TIFF	139762973	f1ef5f32ae36ffded86a7356e76a6c42	WXS; RNA-Seq	syn61374022									
file	phs002371_HTAN	HTA8_6015_002102	HTA8_6015_002102006.tif	TIFF	160332428	1a382cb8fe6a0bf53f4f05d49be7a96c	WXS; RNA-Seq	syn61374393									
file	phs002371_HTAN	HTA8_6027_002102	HTA8_6027_002102002.tif	TIFF	140719097	f0d3d52f5a2774cabb26ebee551ef30f	WXS; RNA-Seq	syn63384644									
file	phs002371_HTAN	HTA8_6016_002102	HTA8_6016_002102004.tif	TIFF	160378833	a1a9df84acd4d5fad72277410a8c88da	WXS; RNA-Seq	syn61374468									
file	phs002371_HTAN	HTA8_6016_002102	HTA8_6016_002102005.tif	TIFF	159194285	53076767ead2c90c08bbf58eeaf5163e	WXS; RNA-Seq	syn61374469									
file	phs002371_HTAN	HTA8_6024_002102	HTA8_6024_002102002.tif	TIFF	145010095	4e779c64b41e7f5ce06e17f67f19a9be	WXS; RNA-Seq	syn61374720									
file	phs002371_HTAN	HTA8_6004_003101	HTA8_6004_003101006.tif	TIFF	146433178	9655c6200a19574cf186224f935c1a26	WXS; RNA-Seq	syn61372360									
file	phs002371_HTAN	HTA8_6006_003102	HTA8_6006_003102005.tif	TIFF	175042887	1b9fa4772308cf667e8dc84660bf27ee	WXS; RNA-Seq	syn61372887									
file	phs002371_HTAN	HTA8_6010_003102	HTA8_6010_003102011.tif	TIFF	155160858	4810978bb0de88538f9ecd7449b2c759	WXS; RNA-Seq	syn61373776									
file	phs002371_HTAN	HTA8_6012_002102	HTA8_6012_002102004.tif	TIFF	161745467	941fd1f31799e286b0aca63b04cc7ed0	WXS; RNA-Seq	syn61373912									
file	phs002371_HTAN	HTA8_6032_001101	HTA8_6032_001101002.tif	TIFF	162396905	c043d90632b1095fdef529f01e6a2d36	WXS; RNA-Seq	syn63384905									
file	phs002371_HTAN	HTA8_6015_001102	HTA8_6015_001102005.tif	TIFF	164935119	dbd83b13a76e802a02ef889941132376	WXS; RNA-Seq	syn61374372									
file	phs002371_HTAN	HTA8_6006_003102	HTA8_6006_003102006.tif	TIFF	197038975	fd0c94343905263d02e9dc8e6f343384	WXS; RNA-Seq	syn61372892									
file	phs002371_HTAN	HTA8_6010_001102	HTA8_6010_001102008.tif	TIFF	155893259	c3ac4621f2b9ff86d7b8139431ea7be9	WXS; RNA-Seq	syn61373679									
file	phs002371_HTAN	HTA8_6015_002102	HTA8_6015_002102007.tif	TIFF	145856777	c7b09dbeb532f112e14462f8e3fde87b	WXS; RNA-Seq	syn61374394									
file	phs002371_HTAN	HTA8_6007_003102	HTA8_6007_003102006.tif	TIFF	149167699	44e8412ec82827e1ee48da722125df4a	WXS; RNA-Seq	syn61373147									
file	phs002371_HTAN	HTA8_6005_001102	HTA8_6005_001102003.tif	TIFF	112093701	fd65596fdeb22d99411f094efdd27751	WXS; RNA-Seq	syn61372437									
file	phs002371_HTAN	HTA8_6013_003102	HTA8_6013_003102003.tif	TIFF	179140742	c9b1a8b128e827abcc9e2192249d6240	WXS; RNA-Seq	syn61374116									
file	phs002371_HTAN	HTA8_6006_001102	HTA8_6006_001102003.tif	TIFF	127908961	2ada4eff636b0004f62b3ce85f574b38	WXS; RNA-Seq	syn61372673									
file	phs002371_HTAN	HTA8_6002_003102	HTA8_6002_003102006.tif	TIFF	150336079	1eeb977737e3e4b8c9167eb26f64a889	WXS; RNA-Seq	syn61371737									
file	phs002371_HTAN	HTA8_6009_001102	HTA8_6009_001102002.tif	TIFF	145307231	1ae7f150a95fd1bc1b9cef1b05217253	WXS; RNA-Seq	syn61373472									
file	phs002371_HTAN	HTA8_6027_001102	HTA8_6027_001102001.tif	TIFF	129298837	0a379545c42acdce9bd960864a809a78	WXS; RNA-Seq	syn63384592									
file	phs002371_HTAN	HTA8_6010_003102	HTA8_6010_003102012.tif	TIFF	137097265	a728ed3aecfac08e328f98d13115d8a0	WXS; RNA-Seq	syn61373777									
file	phs002371_HTAN	HTA8_6016_002102	HTA8_6016_002102006.tif	TIFF	157329903	a7b9bf6aef6f5c061807f8417a292659	WXS; RNA-Seq	syn61374470									
file	phs002371_HTAN	HTA8_6025_002102	HTA8_6025_002102003.tif	TIFF	165966539	a1a7f2be4cb6bb6ad5e5867fb3e84ef0	WXS; RNA-Seq	syn63384445									
file	phs002371_HTAN	HTA8_6010_005101	HTA8_6010_005101002.tif	TIFF	146537927	68d4803f3203d36222a1f182dcc8fc37	WXS; RNA-Seq	syn61373846									
file	phs002371_HTAN	HTA8_6034_002101	HTA8_6034_002101009.tif	TIFF	140690380	ab8933ab808f0edff951e9c73180196e	WXS; RNA-Seq	syn63384981									
file	phs002371_HTAN	HTA8_6017_001102	HTA8_6017_001102006.tif	TIFF	145233441	1a8787154f50f3705060f9c5dc1d8e43	WXS; RNA-Seq	syn61374525									
file	phs002371_HTAN	HTA8_6010_005101	HTA8_6010_005101003.tif	TIFF	146720248	4d0cef80fc0e509dc87bcd3c9977c086	WXS; RNA-Seq	syn61373850									
file	phs002371_HTAN	HTA8_6017_002102	HTA8_6017_002102004.tif	TIFF	187889950	fd519f3149c274d9fbb8403779273af3	WXS; RNA-Seq	syn61374548									
file	phs002371_HTAN	HTA8_6002_003102	HTA8_6002_003102007.tif	TIFF	148631388	c23f264298dced8c1742d0100f51827f	WXS; RNA-Seq	syn61371743									
file	phs002371_HTAN	HTA8_6025_001102	HTA8_6025_001102003.tif	TIFF	138667485	a53cada839b10516436be223279e4a55	WXS; RNA-Seq	syn61374850									
file	phs002371_HTAN	HTA8_6005_003101	HTA8_6005_003101001.tif	TIFF	141044170	5f92fcc6d68b6856175c6f0ab4bdbb97	WXS; RNA-Seq	syn61372609									
file	phs002371_HTAN	HTA8_6028_003102	HTA8_6028_003102007.tif	TIFF	120840556	b52229455c451127fa1c6cc5e8f37300	WXS; RNA-Seq	syn63384881									
file	phs002371_HTAN	HTA8_6003_002102	HTA8_6003_002102006.tif	TIFF	153281541	49c52aa9ce6a46b60a104aac2a378061	WXS; RNA-Seq	syn61371945									
file	phs002371_HTAN	HTA8_6012_002102	HTA8_6012_002102005.tif	TIFF	140130731	7a20118a425f57d0bd96b09365bb3dea	WXS; RNA-Seq	syn61373914									
file	phs002371_HTAN	HTA8_6004_001102	HTA8_6004_001102003.tif	TIFF	160361784	da82d5bbb34a5d1bc5cad53e7a7ba093	WXS; RNA-Seq	syn61372126									
file	phs002371_HTAN	HTA8_6016_003102	HTA8_6016_003102004.tif	TIFF	181326679	d7a187f4eb0e948222a8e48177900345	WXS; RNA-Seq	syn61374488									
file	phs002371_HTAN	HTA8_6024_001102	HTA8_6024_001102003.tif	TIFF	136501639	433f6f636a70b55e471d62f2bc71078f	WXS; RNA-Seq	syn61374699									
file	phs002371_HTAN	HTA8_6025_003102	HTA8_6025_003102007.tif	TIFF	130570160	a3aacd2db3c0f535822b8b5c1ee36185	WXS; RNA-Seq	syn63384528									
file	phs002371_HTAN	HTA8_6024_002102	HTA8_6024_002102003.tif	TIFF	132673561	7a2527810bd57f9e6bc4ba863526cb2f	WXS; RNA-Seq	syn61374721									
file	phs002371_HTAN	HTA8_6014_002102	HTA8_6014_002102012.tif	TIFF	157494965	bb1ac3d43c3d4dc1b347e2fb7f787878	WXS; RNA-Seq	syn61374297									
file	phs002371_HTAN	HTA8_6014_003101	HTA8_6014_003101002.tif	TIFF	138908301	e97e50a32a0b77966809fa64862de994	WXS; RNA-Seq	syn61374338									
file	phs002371_HTAN	HTA8_6012_002102	HTA8_6012_002102006.tif	TIFF	166431996	5a92399e8f1c591b13bedc1739f441d3	WXS; RNA-Seq	syn61373917									
file	phs002371_HTAN	HTA8_6032_002101	HTA8_6032_002101008.tif	TIFF	129981871	7b20e221bca30d7b6971a53b4c1dbd5e	WXS; RNA-Seq	syn63384924									
file	phs002371_HTAN	HTA8_6014_003101	HTA8_6014_003101003.tif	TIFF	129333051	0e4992ef1b9ed9946b7228ba4760a78e	WXS; RNA-Seq	syn61374342									
file	phs002371_HTAN	HTA8_6025_001102	HTA8_6025_001102004.tif	TIFF	121787011	d85c9dfcf160b02b477e34dd6a66021f	WXS; RNA-Seq	syn63384390									
file	phs002371_HTAN	HTA8_6024_002102	HTA8_6024_002102004.tif	TIFF	145363516	3d86518e47b24e747cdafd6c43c09d88	WXS; RNA-Seq	syn61374722									
file	phs002371_HTAN	HTA8_6009_003102	HTA8_6009_003102005.tif	TIFF	154922085	2fbe15c4cecd47e0539ca950b0e790d4	WXS; RNA-Seq	syn61373608									
file	phs002371_HTAN	HTA8_6004_003101	HTA8_6004_003101007.tif	TIFF	26565044	498a31f87876f8769e0aaebe259e02ef	WXS; RNA-Seq	syn61372363									
file	phs002371_HTAN	HTA8_6014_001102	HTA8_6014_001102005.tif	TIFF	149513657	1fc501ce1009027f818c3f1a66852003	WXS; RNA-Seq	syn61374215									
file	phs002371_HTAN	HTA8_6015_003101	HTA8_6015_003101003.tif	TIFF	145127309	3b8352734638ab9504cb80abfe7c38fb	WXS; RNA-Seq	syn61374421									
file	phs002371_HTAN	HTA8_6009_002102	HTA8_6009_002102007.tif	TIFF	149988065	5bbf520665b9c871900f345caff93aeb	WXS; RNA-Seq	syn61373558									
file	phs002371_HTAN	HTA8_6007_003102	HTA8_6007_003102007.tif	TIFF	135525081	2c5c91695f63a4d936302b6c430ce240	WXS; RNA-Seq	syn61373151									
file	phs002371_HTAN	HTA8_6010_003102	HTA8_6010_003102013.tif	TIFF	140662641	c77f37ed1d4291fef6fedec9f1b37481	WXS; RNA-Seq	syn61373779									
file	phs002371_HTAN	HTA8_6007_002102	HTA8_6007_002102005.tif	TIFF	123509050	933303050675b494c020814a82720be7	WXS; RNA-Seq	syn61373004									
file	phs002371_HTAN	HTA8_6014_003101	HTA8_6014_003101004.tif	TIFF	134042021	4bf681351f65f771597672116257ec1d	WXS; RNA-Seq	syn61374344									
file	phs002371_HTAN	HTA8_6013_001102	HTA8_6013_001102006.tif	TIFF	138762079	7fc1c6a5a034d00ae69d4a1491a391e6	WXS; RNA-Seq	syn61374024									
file	phs002371_HTAN	HTA8_6005_001102	HTA8_6005_001102004.tif	TIFF	184011732	5fd6f7c1b2f4663bfd7858bf58d76d11	WXS; RNA-Seq	syn61372442									
file	phs002371_HTAN	HTA8_6025_002102	HTA8_6025_002102004.tif	TIFF	182534370	8811e3a7bc1745406b110dd3c0d4c225	WXS; RNA-Seq	syn63384448									
file	phs002371_HTAN	HTA8_6025_003102	HTA8_6025_003102008.tif	TIFF	147795514	f79f512b238a09c1a52b1f0e57928987	WXS; RNA-Seq	syn63384531									
file	phs002371_HTAN	HTA8_6016_003102	HTA8_6016_003102005.tif	TIFF	157590102	ed9ecff5e2b85bec2fda146bb2a1db03	WXS; RNA-Seq	syn61374489									
file	phs002371_HTAN	HTA8_6032_001101	HTA8_6032_001101003.tif	TIFF	163813000	b558f035f47db4a2079b4e04ea7d82a9	WXS; RNA-Seq	syn63384906									
file	phs002371_HTAN	HTA8_6025_001102	HTA8_6025_001102005.tif	TIFF	126475364	8b9b59bc955eb2e1252f0b81543d171e	WXS; RNA-Seq	syn63384394									
file	phs002371_HTAN	HTA8_6017_001102	HTA8_6017_001102007.tif	TIFF	151076495	ff99238c5a97cc9541dcab06d83ba0fe	WXS; RNA-Seq	syn61374527									
file	phs002371_HTAN	HTA8_6027_004101	HTA8_6027_004101010.tif	TIFF	28303676	e3f76004d6faf93e701cbfb4f1ee1e20	WXS; RNA-Seq	syn63384780									
file	phs002371_HTAN	HTA8_6028_003102	HTA8_6028_003102008.tif	TIFF	129161202	b3035e907e0489f37301b03e806a975c	WXS; RNA-Seq	syn63384882									
file	phs002371_HTAN	HTA8_6012_002102	HTA8_6012_002102007.tif	TIFF	157258913	7409476ddf4a19d32bda74478e84033c	WXS; RNA-Seq	syn61373921									
file	phs002371_HTAN	HTA8_6001_003102	HTA8_6001_003102000.tif	TIFF	127804056	b453145b7c4093de45b2c5bdbd0f2702	WXS; RNA-Seq	syn61371484									
file	phs002371_HTAN	HTA8_6004_001102	HTA8_6004_001102004.tif	TIFF	151552172	f83d4484803b0611e1769a04a1e0a650	WXS; RNA-Seq	syn61372131									
file	phs002371_HTAN	HTA8_6032_003101	HTA8_6032_003101007.tif	TIFF	132067516	6ea12414e9f973b328d33b308b55da31	WXS; RNA-Seq	syn63384944									
file	phs002371_HTAN	HTA8_6012_004101	HTA8_6012_004101004.tif	TIFF	174638511	a7edca526786661d0cd252de429f649a	WXS; RNA-Seq	syn61373979									
file	phs002371_HTAN	HTA8_6024_002103	HTA8_6024_002103004.tif	TIFF	141539141	79455ea14b7598e6173713ff85fe001f	WXS; RNA-Seq	syn61374746									
file	phs002371_HTAN	HTA8_6016_003102	HTA8_6016_003102006.tif	TIFF	167468493	88639b5c16b45564e9957fc1cf193229	WXS; RNA-Seq	syn61374491									
file	phs002371_HTAN	HTA8_6012_002102	HTA8_6012_002102008.tif	TIFF	154866777	3724790162f0cda28212bb125b995dfe	WXS; RNA-Seq	syn61373924									
file	phs002371_HTAN	HTA8_6012_004101	HTA8_6012_004101005.tif	TIFF	177946716	270e1a9ec8002b417e5c07477d69530e	WXS; RNA-Seq	syn61373981									
file	phs002371_HTAN	HTA8_6017_003102	HTA8_6017_003102005.tif	TIFF	177995141	1d09cb6e2a244278780b36f92eee4916	WXS; RNA-Seq	syn61374592									
file	phs002371_HTAN	HTA8_6013_002102	HTA8_6013_002102007.tif	TIFF	168509299	6ebcfa6c169a87fa089c7abc43a57631	WXS; RNA-Seq	syn61374080									
file	phs002371_HTAN	HTA8_6009_001102	HTA8_6009_001102003.tif	TIFF	152182058	bd73553321fb9126211c9cd2db0f3e13	WXS; RNA-Seq	syn61373479									
file	phs002371_HTAN	HTA8_6008_002102	HTA8_6008_002102004.tif	TIFF	146738610	3681d2eac0efdd88d8213a55edba361d	WXS; RNA-Seq	syn61373396									
file	phs002371_HTAN	HTA8_6027_004101	HTA8_6027_004101011.tif	TIFF	139740969	06fd906d856a2acaaa1d4f07487fd8cf	WXS; RNA-Seq	syn63384783									
file	phs002371_HTAN	HTA8_6004_001102	HTA8_6004_001102005.tif	TIFF	153730527	e4455a2db69d063d34054641e8f4871b	WXS; RNA-Seq	syn61372138									
file	phs002371_HTAN	HTA8_6002_003102	HTA8_6002_003102008.tif	TIFF	145879817	00d6db2e91f76e024c6fe37959eb74f1	WXS; RNA-Seq	syn61371747									
file	phs002371_HTAN	HTA8_6006_001102	HTA8_6006_001102004.tif	TIFF	144315164	abcfe75ea5f17feff39165c0177e4e42	WXS; RNA-Seq	syn61372679									
file	phs002371_HTAN	HTA8_6016_001102	HTA8_6016_001102004.tif	TIFF	125907974	59f78598d4a9e6bf6cd90dfdb4d08d05	WXS; RNA-Seq	syn61374444									
file	phs002371_HTAN	HTA8_6012_002102	HTA8_6012_002102009.tif	TIFF	156820944	47283f23b5bc1a760a6006765244998d	WXS; RNA-Seq	syn61373930									
file	phs002371_HTAN	HTA8_6006_001102	HTA8_6006_001102005.tif	TIFF	116218446	420c0d1340e5ebc5aae7a77ccda8bad5	WXS; RNA-Seq	syn61372683									
file	phs002371_HTAN	HTA8_6002_002102	HTA8_6002_002102005.tif	TIFF	141386748	3a0bc63e0b907ab0129f694d86ca604f	WXS; RNA-Seq	syn61371623									
file	phs002371_HTAN	HTA8_6014_002102	HTA8_6014_002102013.tif	TIFF	188235450	40a7f8b35227bc6efe76c1a8ec2dd531	WXS; RNA-Seq	syn61374302									
file	phs002371_HTAN	HTA8_6015_002102	HTA8_6015_002102008.tif	TIFF	157347058	fec50cfb3373ada024609c1a63d8f9e6	WXS; RNA-Seq	syn61374395									
file	phs002371_HTAN	HTA8_6015_002102	HTA8_6015_002102009.tif	TIFF	140152046	1e77510a9fe4947bfc2be31088bb456a	WXS; RNA-Seq	syn61374396									
file	phs002371_HTAN	HTA8_6014_001102	HTA8_6014_001102006.tif	TIFF	148799112	c3f65b41d2d85de3c2d68913dba5b841	WXS; RNA-Seq	syn61374218									
file	phs002371_HTAN	HTA8_6008_003101	HTA8_6008_003101002.tif	TIFF	147336074	091faeb0990e4a03a2d1030647b66638	WXS; RNA-Seq	syn61373435									
file	phs002371_HTAN	HTA8_6024_003103	HTA8_6024_003103007.tif	TIFF	180860463	22f2e37591fa49eb1ecd59b5dea50f5a	WXS; RNA-Seq	syn61374817									
file	phs002371_HTAN	HTA8_6024_001102	HTA8_6024_001102004.tif	TIFF	144944564	25ffa983d4908d373c03e28b061e62a6	WXS; RNA-Seq	syn61374703									
file	phs002371_HTAN	HTA8_6007_002102	HTA8_6007_002102006.tif	TIFF	130693106	9ceec4f9c4200a96266290cef214562a	WXS; RNA-Seq	syn61373007									
file	phs002371_HTAN	HTA8_6017_003102	HTA8_6017_003102006.tif	TIFF	175740298	f46c46228b71ae732c0874ae382124e8	WXS; RNA-Seq	syn61374593									
file	phs002371_HTAN	HTA8_6015_003101	HTA8_6015_003101004.tif	TIFF	147594970	ec141a38b2a9cc2f5f6054d27833945f	WXS; RNA-Seq	syn61374423									
file	phs002371_HTAN	HTA8_6027_004101	HTA8_6027_004101012.tif	TIFF	27147786	b05858cfd91d399fc16fa5d12370b879	WXS; RNA-Seq	syn63384786									
file	phs002371_HTAN	HTA8_6010_003102	HTA8_6010_003102014.tif	TIFF	170486207	b49c1c92ac525c1be091d8ebd283169c	WXS; RNA-Seq	syn61373781									
file	phs002371_HTAN	HTA8_6005_001102	HTA8_6005_001102005.tif	TIFF	170043686	076e5e1f909d00ebdd0a92ceb3d62301	WXS; RNA-Seq	syn61372449									
file	phs002371_HTAN	HTA8_6024_003102	HTA8_6024_003102004.tif	TIFF	28268134	476459706dc967be0b6302fe68cb236d	WXS; RNA-Seq	syn61374776									
file	phs002371_HTAN	HTA8_6015_002102	HTA8_6015_002102010.tif	TIFF	153101475	cd5ead3ff09b622ff9f922395b40176f	WXS; RNA-Seq	syn61374397									
file	phs002371_HTAN	HTA8_6017_002102	HTA8_6017_002102005.tif	TIFF	180582967	dc62d98c94095f4c48d26d0b8c9acca0	WXS; RNA-Seq	syn61374549									
file	phs002371_HTAN	HTA8_6004_003101	HTA8_6004_003101008.tif	TIFF	129973864	e1223a110a0c6c6f9268c3706daca344	WXS; RNA-Seq	syn61372369									
file	phs002371_HTAN	HTA8_6025_003102	HTA8_6025_003102009.tif	TIFF	180263668	e3b909111ad9a7ddcc32b9658b0cea5b	WXS; RNA-Seq	syn63384542									
file	phs002371_HTAN	HTA8_6015_001102	HTA8_6015_001102006.tif	TIFF	182699550	3c00df67ce32a90ce3cc42f059e4ffba	WXS; RNA-Seq	syn61374374									
file	phs002371_HTAN	HTA8_6001_002102	HTA8_6001_002102003.tif	TIFF	133201556	0d286f0348fe0c672c5741fcb9e15222	WXS; RNA-Seq	syn61371446									
file	phs002371_HTAN	HTA8_6005_003101	HTA8_6005_003101002.tif	TIFF	137353045	1c5e647f880b2444277cb686fdfb8f1e	WXS; RNA-Seq	syn61372619									
file	phs002371_HTAN	HTA8_6007_003102	HTA8_6007_003102008.tif	TIFF	132623636	8fdcb407087acc643354cf1ab1e4e6e0	WXS; RNA-Seq	syn61373154									
file	phs002371_HTAN	HTA8_6024_003103	HTA8_6024_003103008.tif	TIFF	181664670	5f1589ca1d72d143496fcec0c4e5c004	WXS; RNA-Seq	syn61374818									
file	phs002371_HTAN	HTA8_6013_003102	HTA8_6013_003102004.tif	TIFF	176700677	031143660165375db29ecb9af418065d	WXS; RNA-Seq	syn61374119									
file	phs002371_HTAN	HTA8_6002_001102	HTA8_6002_001102002.tif	TIFF	150448319	14744b36355f99400fb1eb6cdd176980	WXS; RNA-Seq	syn61371527									
file	phs002371_HTAN	HTA8_6017_003102	HTA8_6017_003102007.tif	TIFF	172566143	f2ec995bd23bc2a0301095080fb3befd	WXS; RNA-Seq	syn61374595									
file	phs002371_HTAN	HTA8_6016_003102	HTA8_6016_003102007.tif	TIFF	187421772	134f0f79f5db73632109841916799724	WXS; RNA-Seq	syn61374492									
file	phs002371_HTAN	HTA8_6016_003102	HTA8_6016_003102008.tif	TIFF	147375948	dd8b9066554518bda061dc9d5f00a550	WXS; RNA-Seq	syn61374493									
file	phs002371_HTAN	HTA8_6003_001102	HTA8_6003_001102004.tif	TIFF	133714888	01f81d218ed252dd54c96430a42a828e	WXS; RNA-Seq	syn61371814									
file	phs002371_HTAN	HTA8_6002_002102	HTA8_6002_002102006.tif	TIFF	151404932	4bfcdc7890e23068637dfec8608f4130	WXS; RNA-Seq	syn61371631									
file	phs002371_HTAN	HTA8_6010_001102	HTA8_6010_001102009.tif	TIFF	175839654	141c3a3f197315e5406498b44d2ed2c4	WXS; RNA-Seq	syn61373684									
file	phs002371_HTAN	HTA8_6001_003102	HTA8_6001_003102001.tif	TIFF	155105215	bc19ca20a91522d8942d32bdc3cb6ddf	WXS; RNA-Seq	syn61371490									
file	phs002371_HTAN	HTA8_6007_002102	HTA8_6007_002102007.tif	TIFF	139976147	f3db671af65904b428672a54292117cb	WXS; RNA-Seq	syn61373012									
file	phs002371_HTAN	HTA8_6006_002102	HTA8_6006_002102005.tif	TIFF	133587576	04cbb457815101c054d8fd3f399e89d8	WXS; RNA-Seq	syn61372786									
file	phs002371_HTAN	HTA8_6016_001102	HTA8_6016_001102005.tif	TIFF	128615097	cd30c2820b7c7593e89c098cb0b090a6	WXS; RNA-Seq	syn61374447									
file	phs002371_HTAN	HTA8_6032_001101	HTA8_6032_001101004.tif	TIFF	163001490	1db52431162c202eab46e227f6da8159	WXS; RNA-Seq	syn63384907									
file	phs002371_HTAN	HTA8_6002_002102	HTA8_6002_002102007.tif	TIFF	143835020	b7b64c678ea37c19956a65412b475c08	WXS; RNA-Seq	syn61371637									
file	phs002371_HTAN	HTA8_6027_001102	HTA8_6027_001102002.tif	TIFF	134687877	51721e30d8738bd538f71926b588a293	WXS; RNA-Seq	syn63384598									
file	phs002371_HTAN	HTA8_6001_001102	HTA8_6001_001102003.tif	TIFF	30606519	ba05fc6e11fe6c9fbc0b98334127cca0	WXS; RNA-Seq	syn61371375									
file	phs002371_HTAN	HTA8_6013_003102	HTA8_6013_003102005.tif	TIFF	171403681	39869fc618c8cee373bdc106fa5a90dd	WXS; RNA-Seq	syn61374125									
file	phs002371_HTAN	HTA8_6008_001102	HTA8_6008_001102006.tif	TIFF	157212733	a868e4970c026aaad60163d2ae43e4f7	WXS; RNA-Seq	syn61373245									
file	phs002371_HTAN	HTA8_6017_001102	HTA8_6017_001102008.tif	TIFF	155269336	b7178745c89618f0c58629a1236109ab	WXS; RNA-Seq	syn61374529									
file	phs002371_HTAN	HTA8_6007_001102	HTA8_6007_001102002.tif	TIFF	26012563	71a279aae742dc408cb3dfb4cd72b837	WXS; RNA-Seq	syn61372948									
file	phs002371_HTAN	HTA8_6010_003102	HTA8_6010_003102015.tif	TIFF	157165272	3ce2c557ccbe35c271e2653ca96b8cff	WXS; RNA-Seq	syn61373784									
file	phs002371_HTAN	HTA8_6006_003102	HTA8_6006_003102007.tif	TIFF	168883628	39cf0a985b9596ee114f80c2a981b1c1	WXS; RNA-Seq	syn61372900									
file	phs002371_HTAN	HTA8_6025_001102	HTA8_6025_001102006.tif	TIFF	124679640	d9a2f1a65faca0841125e3f3e9c9a42e	WXS; RNA-Seq	syn63384399									
file	phs002371_HTAN	HTA8_6005_002102	HTA8_6005_002102005.tif	TIFF	92101609	8270c32f5f4260fdfefa4878e34fd245	WXS; RNA-Seq	syn61372548									
file	phs002371_HTAN	HTA8_6027_004101	HTA8_6027_004101013.tif	TIFF	27743765	6166a266d88e9c9881a3875cba2da48c	WXS; RNA-Seq	syn63384789									
file	phs002371_HTAN	HTA8_6012_001102	HTA8_6012_001102004.tif	TIFF	183164034	9aaab26d479f2c654100cb86735fe87b	WXS; RNA-Seq	syn61373889									
file	phs002371_HTAN	HTA8_6028_002102	HTA8_6028_002102005.tif	TIFF	188757780	f0446ddb3a80047389c9257baad677a9	WXS; RNA-Seq	syn63384856									
file	phs002371_HTAN	HTA8_6008_003101	HTA8_6008_003101003.tif	TIFF	150068768	cb1ec3d82da8d938c181607dd594ef1c	WXS; RNA-Seq	syn61373437									
file	phs002371_HTAN	HTA8_6027_002102	HTA8_6027_002102003.tif	TIFF	161289321	1ddcfcd60eb11a15474f0f1adb99ec68	WXS; RNA-Seq	syn63384647									
file	phs002371_HTAN	HTA8_6025_002102	HTA8_6025_002102005.tif	TIFF	167487727	be2f05bb948619afe52b477c8333d332	WXS; RNA-Seq	syn63384452									
file	phs002371_HTAN	HTA8_6016_003102	HTA8_6016_003102009.tif	TIFF	167496503	cbc12f5f1b9d4130dc2893366014856c	WXS; RNA-Seq	syn61374495									
file	phs002371_HTAN	HTA8_6027_002102	HTA8_6027_002102004.tif	TIFF	143738326	9a93fb6a02580e509ae343e80494a686	WXS; RNA-Seq	syn63384650									
file	phs002371_HTAN	HTA8_6034_002101	HTA8_6034_002101010.tif	TIFF	152370331	75859df992a36133d9e794d0badfd438	WXS; RNA-Seq	syn63384982									
file	phs002371_HTAN	HTA8_6032_002101	HTA8_6032_002101009.tif	TIFF	143571227	37e152087290f1589b99ad777b9f01ca	WXS; RNA-Seq	syn63384925									
file	phs002371_HTAN	HTA8_6006_002102	HTA8_6006_002102006.tif	TIFF	151932709	eb83e849418c4436e956df5d9e75d20c	WXS; RNA-Seq	syn61372793									
file	phs002371_HTAN	HTA8_6010_005101	HTA8_6010_005101004.tif	TIFF	148457514	3739dd85159df800a378e369cc1787aa	WXS; RNA-Seq	syn61373851									
file	phs002371_HTAN	HTA8_6024_002102	HTA8_6024_002102005.tif	TIFF	155806631	411f7edd772a70889f24b402ae0bb3cc	WXS; RNA-Seq	syn61374728									
file	phs002371_HTAN	HTA8_6034_002101	HTA8_6034_002101011.tif	TIFF	142044974	31ec139405e25807cce51d8cedb56298	WXS; RNA-Seq	syn63384983									
file	phs002371_HTAN	HTA8_6016_002102	HTA8_6016_002102007.tif	TIFF	160357924	b04159a94fbcd746bcd12c81ff46f27f	WXS; RNA-Seq	syn61374471									
file	phs002371_HTAN	HTA8_6002_002102	HTA8_6002_002102008.tif	TIFF	167580767	6ee7f381e0f1421fbef72ac17f3a5db3	WXS; RNA-Seq	syn61371645									
file	phs002371_HTAN	HTA8_6024_002103	HTA8_6024_002103005.tif	TIFF	111501075	476d63714b0af6b77884af2161b71123	WXS; RNA-Seq	syn61374747									
file	phs002371_HTAN	HTA8_6028_002102	HTA8_6028_002102006.tif	TIFF	180012967	56c2037ec21a5f90021a6bfcee68c976	WXS; RNA-Seq	syn63384860									
file	phs002371_HTAN	HTA8_6015_003101	HTA8_6015_003101005.tif	TIFF	130517168	9991f825b3ac1063f280b31730538af5	WXS; RNA-Seq	syn61374424									
file	phs002371_HTAN	HTA8_6015_001102	HTA8_6015_001102007.tif	TIFF	177010475	e3dcc8b7b7694ac2d878f36744409896	WXS; RNA-Seq	syn61374375									
file	phs002371_HTAN	HTA8_6010_003102	HTA8_6010_003102016.tif	TIFF	148589305	b1ef4dad748f083ef3f1b0a97b65bb12	WXS; RNA-Seq	syn61373787									
file	phs002371_HTAN	HTA8_6017_001102	HTA8_6017_001102009.tif	TIFF	198549794	37712b57f50ae182c11197dbf93c8c1b	WXS; RNA-Seq	syn61374530									
file	phs002371_HTAN	HTA8_6027_004101	HTA8_6027_004101014.tif	TIFF	29461688	ea891fba2903d5a1a6c4a9005df197f1	WXS; RNA-Seq	syn63384793									
file	phs002371_HTAN	HTA8_6016_003102	HTA8_6016_003102010.tif	TIFF	176093131	91a30e57bcc459d79bb834a2fe96949b	WXS; RNA-Seq	syn61374496									
file	phs002371_HTAN	HTA8_6034_003101	HTA8_6034_003101005.tif	TIFF	180099813	faeb17800e529e2fb147425dba2652f2	WXS; RNA-Seq	syn63385013									
file	phs002371_HTAN	HTA8_6002_001102	HTA8_6002_001102003.tif	TIFF	142488769	678a877e4c541f38b21b6f969c4275f4	WXS; RNA-Seq	syn61371533									
file	phs002371_HTAN	HTA8_6027_004101	HTA8_6027_004101015.tif	TIFF	28656384	b0516e38b32b4a1a8014c819ea036805	WXS; RNA-Seq	syn63384796									
file	phs002371_HTAN	HTA8_6027_002102	HTA8_6027_002102005.tif	TIFF	155330876	008991305346338768cb43f8e15c203c	WXS; RNA-Seq	syn63384655									
file	phs002371_HTAN	HTA8_6014_003101	HTA8_6014_003101005.tif	TIFF	132917657	91da1f0861fbb5b4c8b0a52b36f557a7	WXS; RNA-Seq	syn61374345									
file	phs002371_HTAN	HTA8_6004_001102	HTA8_6004_001102006.tif	TIFF	146781973	cc347c0d32e57032e7a7958f417d2e90	WXS; RNA-Seq	syn61372144									
file	phs002371_HTAN	HTA8_6007_003102	HTA8_6007_003102009.tif	TIFF	122010009	dcb2bef486cbaf0512475d81c8e21997	WXS; RNA-Seq	syn61373158									
file	phs002371_HTAN	HTA8_6032_002101	HTA8_6032_002101010.tif	TIFF	144226189	f5ade9ac1b53beecb135b75226b3544c	WXS; RNA-Seq	syn63384926									
file	phs002371_HTAN	HTA8_6002_003102	HTA8_6002_003102009.tif	TIFF	151330642	471a5800cf93cdced54e570501b7c875	WXS; RNA-Seq	syn61371751									
file	phs002371_HTAN	HTA8_6013_003102	HTA8_6013_003102006.tif	TIFF	157792696	041803fcd1e490ca89f69d0de5758f90	WXS; RNA-Seq	syn61374129									
file	phs002371_HTAN	HTA8_6009_002102	HTA8_6009_002102008.tif	TIFF	155153354	56a65a650b3ad8a2066d4e4cbb378a2a	WXS; RNA-Seq	syn61373563									
file	phs002371_HTAN	HTA8_6024_002102	HTA8_6024_002102006.tif	TIFF	131379936	afa98eaf384917abb55037ec7acffa52	WXS; RNA-Seq	syn61374729									
file	phs002371_HTAN	HTA8_6007_002102	HTA8_6007_002102008.tif	TIFF	113977495	9ff88774dd28a39cb869988a9d076227	WXS; RNA-Seq	syn61373016									
file	phs002371_HTAN	HTA8_6002_001102	HTA8_6002_001102004.tif	TIFF	151546719	b5ed09a09a522b21cf7e1c4948aba771	WXS; RNA-Seq	syn61371540									
file	phs002371_HTAN	HTA8_6015_002102	HTA8_6015_002102011.tif	TIFF	146023353	eec155c3cdda59dd816ecd3d4b116749	WXS; RNA-Seq	syn61374398									
file	phs002371_HTAN	HTA8_6012_002102	HTA8_6012_002102010.tif	TIFF	153502097	6b45db3e461fe8ff23d23292d8390965	WXS; RNA-Seq	syn61373931									
file	phs002371_HTAN	HTA8_6009_003102	HTA8_6009_003102006.tif	TIFF	155012934	161d279efcf931d2daef1f1083a97c08	WXS; RNA-Seq	syn61373611									
file	phs002371_HTAN	HTA8_6014_001102	HTA8_6014_001102007.tif	TIFF	170245703	a5e4f3febee3d9a24ae9f5dd2f6183bf	WXS; RNA-Seq	syn61374220									
file	phs002371_HTAN	HTA8_6008_001102	HTA8_6008_001102007.tif	TIFF	162206310	ce7fee629ce0ee6da135aee014230664	WXS; RNA-Seq	syn61373249									
file	phs002371_HTAN	HTA8_6010_001102	HTA8_6010_001102010.tif	TIFF	143375446	c8b5649a585fe388c25740045b7567c7	WXS; RNA-Seq	syn61373685									
file	phs002371_HTAN	HTA8_6006_002102	HTA8_6006_002102007.tif	TIFF	125884266	81e48b301f21b02436c208b33da27670	WXS; RNA-Seq	syn61372800									
file	phs002371_HTAN	HTA8_6014_003101	HTA8_6014_003101006.tif	TIFF	133167086	8b1487a5bdc7a854cad2f2e241b38536	WXS; RNA-Seq	syn61374347									
file	phs002371_HTAN	HTA8_6025_003102	HTA8_6025_003102010.tif	TIFF	136946808	a7179c81bba95affbfb341794d5b6c8b	WXS; RNA-Seq	syn63384546									
file	phs002371_HTAN	HTA8_6009_003102	HTA8_6009_003102007.tif	TIFF	147795921	60218a1fcc0a347b8b96bd09e1c0af03	WXS; RNA-Seq	syn61373614									
file	phs002371_HTAN	HTA8_6007_002102	HTA8_6007_002102009.tif	TIFF	127364038	b3070090d9b6da041d48d2c7209e9a28	WXS; RNA-Seq	syn61373019									
file	phs002371_HTAN	HTA8_6003_003101	HTA8_6003_003101004.tif	TIFF	149984093	8601d313b4b86833b4c40ad9761dafac	WXS; RNA-Seq	syn61372042									
file	phs002371_HTAN	HTA8_6017_001102	HTA8_6017_001102010.tif	TIFF	142708110	0399f79ad65df15f87eb713a86346ad1	WXS; RNA-Seq	syn61374531									
file	phs002371_HTAN	HTA8_6007_002102	HTA8_6007_002102010.tif	TIFF	136409729	5a260a60ae23d03be5d6468a644b6124	WXS; RNA-Seq	syn61373022									
file	phs002371_HTAN	HTA8_6007_002102	HTA8_6007_002102011.tif	TIFF	132500711	d46611d5a7de9a1bf74b49c16c21cb9b	WXS; RNA-Seq	syn61373026									
file	phs002371_HTAN	HTA8_6013_001102	HTA8_6013_001102007.tif	TIFF	155551347	f17bc687a39423f00776dc3205b2c5c4	WXS; RNA-Seq	syn61374029									
file	phs002371_HTAN	HTA8_6027_001102	HTA8_6027_001102003.tif	TIFF	129914005	1c66d9ed200e777861504002e34587d0	WXS; RNA-Seq	syn63384601									
file	phs002371_HTAN	HTA8_6014_002102	HTA8_6014_002102014.tif	TIFF	156440205	bd0413a3b2deefe389ad5f72c400e90e	WXS; RNA-Seq	syn61374306									
file	phs002371_HTAN	HTA8_6005_002102	HTA8_6005_002102006.tif	TIFF	111251363	fb1f2cc286a7051169b413446e81d7bb	WXS; RNA-Seq	syn61372551									
file	phs002371_HTAN	HTA8_6034_003101	HTA8_6034_003101006.tif	TIFF	184606596	abf5e8ad806b3989c713737e3291f456	WXS; RNA-Seq	syn63385014									
file	phs002371_HTAN	HTA8_6025_002102	HTA8_6025_002102006.tif	TIFF	172547611	bac870cc1019f8a6f6ee7639a0d9a87f	WXS; RNA-Seq	syn63384457									
file	phs002371_HTAN	HTA8_6025_001102	HTA8_6025_001102007.tif	TIFF	137464317	026fa55b1a894f6c1f6a35d80f3b28a1	WXS; RNA-Seq	syn63384402									
file	phs002371_HTAN	HTA8_6024_002103	HTA8_6024_002103006.tif	TIFF	121738381	ea08c1d8c5960f80fb392672589ab4c1	WXS; RNA-Seq	syn61374748									
file	phs002371_HTAN	HTA8_6024_003102	HTA8_6024_003102005.tif	TIFF	28425543	f862c52a8721c82e375b1f23d957bf07	WXS; RNA-Seq	syn61374777									
file	phs002371_HTAN	HTA8_6013_003102	HTA8_6013_003102007.tif	TIFF	161434416	97724bf3d0bb3aa0034484cdfffa4476	WXS; RNA-Seq	syn61374130									
file	phs002371_HTAN	HTA8_6013_003102	HTA8_6013_003102008.tif	TIFF	180192704	e2bca2243c344b55d0b3168b0b28ec05	WXS; RNA-Seq	syn61374134									
file	phs002371_HTAN	HTA8_6034_002101	HTA8_6034_002101012.tif	TIFF	134011738	6b8fde3efce0ee819b7419d187ec3817	WXS; RNA-Seq	syn63384984									
file	phs002371_HTAN	HTA8_6027_002102	HTA8_6027_002102006.tif	TIFF	139490578	e3b84cf28df8bad945cc26ca054f8fda	WXS; RNA-Seq	syn63384658									
file	phs002371_HTAN	HTA8_6013_003102	HTA8_6013_003102009.tif	TIFF	172666238	6a292281e32e06eef352c513c571a55d	WXS; RNA-Seq	syn61374136									
file	phs002371_HTAN	HTA8_6009_003102	HTA8_6009_003102008.tif	TIFF	148740746	8c36a7255f34bbb2ae36d246f163964d	WXS; RNA-Seq	syn61373616									
file	phs002371_HTAN	HTA8_6008_003101	HTA8_6008_003101004.tif	TIFF	143587560	f6d6e57817ec70da20b42ce78e4ccc14	WXS; RNA-Seq	syn61373439									
file	phs002371_HTAN	HTA8_6028_002102	HTA8_6028_002102007.tif	TIFF	195099347	866d9389730cf9768d5dd4a65d3f00bc	WXS; RNA-Seq	syn63384861									
file	phs002371_HTAN	HTA8_6007_003102	HTA8_6007_003102010.tif	TIFF	130976948	8a1b761779dab773e51147fb90db7731	WXS; RNA-Seq	syn61373163									
file	phs002371_HTAN	HTA8_6003_003101	HTA8_6003_003101005.tif	TIFF	154536820	d81ef8550dcef5191500fb5d3171a9be	WXS; RNA-Seq	syn61372049									
file	phs002371_HTAN	HTA8_6009_001102	HTA8_6009_001102004.tif	TIFF	149582280	4aeb6db0558e1905b4095df4474f3167	WXS; RNA-Seq	syn61373482									
file	phs002371_HTAN	HTA8_6032_003101	HTA8_6032_003101008.tif	TIFF	144310877	70836cc63c4f163ddcd599b2ccc41ef4	WXS; RNA-Seq	syn63384945									
file	phs002371_HTAN	HTA8_6016_001102	HTA8_6016_001102006.tif	TIFF	128841220	fbe1986f3ff836c326f523dd6eb1d48c	WXS; RNA-Seq	syn61374448									
file	phs002371_HTAN	HTA8_6003_001102	HTA8_6003_001102005.tif	TIFF	118740895	8251ecdb5c2876f28619b50fcfd34e2b	WXS; RNA-Seq	syn61371818									
file	phs002371_HTAN	HTA8_6013_003102	HTA8_6013_003102010.tif	TIFF	176524042	a24f797e7f5d2354c6380fe53355f34c	WXS; RNA-Seq	syn61374142									
file	phs002371_HTAN	HTA8_6024_001102	HTA8_6024_001102005.tif	TIFF	133962256	ad30516cc57054a015e191252de03a64	WXS; RNA-Seq	syn61374704									
file	phs002371_HTAN	HTA8_6009_002102	HTA8_6009_002102009.tif	TIFF	150720391	00031647f36a219fd9c11402751d6757	WXS; RNA-Seq	syn61373570									
file	phs002371_HTAN	HTA8_6015_003101	HTA8_6015_003101006.tif	TIFF	140123477	20c2eb3f6e9d60c64e4f6697a88087bc	WXS; RNA-Seq	syn61374427									
file	phs002371_HTAN	HTA8_6027_001102	HTA8_6027_001102004.tif	TIFF	132390875	e2833fe7c90130d2e9bf4944b767aef6	WXS; RNA-Seq	syn63384605									
file	phs002371_HTAN	HTA8_6010_001102	HTA8_6010_001102011.tif	TIFF	169945499	f3ec7c781c0d2a4780c70d91a3799271	WXS; RNA-Seq	syn61373688									
file	phs002371_HTAN	HTA8_6014_003101	HTA8_6014_003101007.tif	TIFF	133848938	281782184937a4233e131fea1e74f3d9	WXS; RNA-Seq	syn61374351									
file	phs002371_HTAN	HTA8_6002_001102	HTA8_6002_001102005.tif	TIFF	113409489	7e8b1499e7c22aa8496330f8458f1db1	WXS; RNA-Seq	syn61371547									
file	phs002371_HTAN	HTA8_6010_001102	HTA8_6010_001102012.tif	TIFF	143695134	3b712ea17518b2d29dee730865fef32c	WXS; RNA-Seq	syn61373690									
file	phs002371_HTAN	HTA8_6009_003102	HTA8_6009_003102009.tif	TIFF	150523700	dd56dfc73228ee1be38ca6e745fb1674	WXS; RNA-Seq	syn61373619									
file	phs002371_HTAN	HTA8_6004_001102	HTA8_6004_001102007.tif	TIFF	161497734	e8d2351ee74b4aa74faf0d4a6bccab84	WXS; RNA-Seq	syn61372150									
file	phs002371_HTAN	HTA8_6024_003102	HTA8_6024_003102006.tif	TIFF	20493569	3c2008f322203dc9bd6e8a1734321783	WXS; RNA-Seq	syn61374778									
file	phs002371_HTAN	HTA8_6008_001102	HTA8_6008_001102008.tif	TIFF	157329289	22cd797ccca2f382b0b33a3c60f922fc	WXS; RNA-Seq	syn61373252									
file	phs002371_HTAN	HTA8_6014_001102	HTA8_6014_001102008.tif	TIFF	161190044	8ccda32f4a2518a59b8ddd04a83dfe3b	WXS; RNA-Seq	syn61374221									
file	phs002371_HTAN	HTA8_6024_002103	HTA8_6024_002103007.tif	TIFF	143788141	256e4ddc9e187d063039d51bf91c4bfb	WXS; RNA-Seq	syn61374749									
file	phs002371_HTAN	HTA8_6028_002102	HTA8_6028_002102008.tif	TIFF	185989647	dfe6f5ae6993f98fc0acf4ebcaed817d	WXS; RNA-Seq	syn63384862									
file	phs002371_HTAN	HTA8_6001_002102	HTA8_6001_002102004.tif	TIFF	142377014	641d2fd877422a7769c1992068bb7cea	WXS; RNA-Seq	syn61371450									
file	phs002371_HTAN	HTA8_6004_002101	HTA8_6004_002101007.tif	TIFF	146617870	563c68176e13effb0686f7cec3e1a94d	WXS; RNA-Seq	syn61372257									
file	phs002371_HTAN	HTA8_6014_002102	HTA8_6014_002102015.tif	TIFF	176938599	860cd8630c7e748cddcca1be59168245	WXS; RNA-Seq	syn61374308									
file	phs002371_HTAN	HTA8_6027_002102	HTA8_6027_002102007.tif	TIFF	129154777	0b1bc122e352d1d6a76fa02998033fc0	WXS; RNA-Seq	syn63384662									
file	phs002371_HTAN	HTA8_6028_003102	HTA8_6028_003102009.tif	TIFF	115123343	78585e202aa356672549784b1e8f7800	WXS; RNA-Seq	syn63384883									
file	phs002371_HTAN	HTA8_6007_002102	HTA8_6007_002102012.tif	TIFF	141488766	fca20c91dcf8af73b2a875ae3d551ffa	WXS; RNA-Seq	syn61373030									
file	phs002371_HTAN	HTA8_6006_002102	HTA8_6006_002102008.tif	TIFF	166549067	db67a0733f784fc3e3765b30d784d83b	WXS; RNA-Seq	syn61372807									
file	phs002371_HTAN	HTA8_6032_002101	HTA8_6032_002101011.tif	TIFF	122506683	f0edc999add40286ffe707fde40a48ec	WXS; RNA-Seq	syn63384927									
file	phs002371_HTAN	HTA8_6034_003101	HTA8_6034_003101007.tif	TIFF	149775434	cf06c915a305e6ef14d68a4f691fcf85	WXS; RNA-Seq	syn63385015									
file	phs002371_HTAN	HTA8_6006_003102	HTA8_6006_003102008.tif	TIFF	170138916	a9cd94a1ce7366610e60d70cd69270aa	WXS; RNA-Seq	syn61372904									
file	phs002371_HTAN	HTA8_6006_001102	HTA8_6006_001102006.tif	TIFF	155172465	af0e9d4e7c5c1b4b2df04f6df7c475fe	WXS; RNA-Seq	syn61372690									
file	phs002371_HTAN	HTA8_6005_003101	HTA8_6005_003101003.tif	TIFF	132428317	3d1cd974d791a7ff4e6ef35a7242cea7	WXS; RNA-Seq	syn61372624									
file	phs002371_HTAN	HTA8_6013_003102	HTA8_6013_003102011.tif	TIFF	179472529	a87ef4d401d44a78bc3c13424301e9d9	WXS; RNA-Seq	syn61374145									
file	phs002371_HTAN	HTA8_6024_003102	HTA8_6024_003102007.tif	TIFF	23320074	85c70dccf0a620eab3b8c0ad82868e3e	WXS; RNA-Seq	syn61374782									
file	phs002371_HTAN	HTA8_6027_004101	HTA8_6027_004101016.tif	TIFF	27982482	6af4d06e6667b5b70b8b685e1ac54d8f	WXS; RNA-Seq	syn63384799									
file	phs002371_HTAN	HTA8_6024_003103	HTA8_6024_003103009.tif	TIFF	175688284	d56a62553fc2c08a9e5732b8876ffe74	WXS; RNA-Seq	syn61374819									
file	phs002371_HTAN	HTA8_6017_002102	HTA8_6017_002102006.tif	TIFF	184425204	f45f0b76b8c173cbb579c2080e0c4026	WXS; RNA-Seq	syn61374551									
file	phs002371_HTAN	HTA8_6013_002102	HTA8_6013_002102008.tif	TIFF	169586037	57267c2c191cd9ee23356b9354d2278d	WXS; RNA-Seq	syn61374083									
file	phs002371_HTAN	HTA8_6005_003101	HTA8_6005_003101004.tif	TIFF	128421172	6831f1a9e7624068a0fd6421749dbb0f	WXS; RNA-Seq	syn61372635									
file	phs002371_HTAN	HTA8_6016_003102	HTA8_6016_003102011.tif	TIFF	179382910	25f1dc1a2af1c1151845baafc551e8b5	WXS; RNA-Seq	syn61374497									
file	phs002371_HTAN	HTA8_6017_001102	HTA8_6017_001102011.tif	TIFF	187299878	f4032d506bbc3abf4fe13a8121ba55b7	WXS; RNA-Seq	syn61374533									
file	phs002371_HTAN	HTA8_6008_001102	HTA8_6008_001102009.tif	TIFF	161402991	18c983a6572066f837ce43c626b9f121	WXS; RNA-Seq	syn61373259									
file	phs002371_HTAN	HTA8_6008_001102	HTA8_6008_001102010.tif	TIFF	175571482	8c8fe648d02a8269556b89bfca009e49	WXS; RNA-Seq	syn61373263									
file	phs002371_HTAN	HTA8_6009_003102	HTA8_6009_003102010.tif	TIFF	171593968	03eb1f509837b38e15a53fd41bc84a4f	WXS; RNA-Seq	syn61373624									
file	phs002371_HTAN	HTA8_6024_002102	HTA8_6024_002102007.tif	TIFF	135921368	56e6b4ec61fb3cfa3d51eb363c5a45d2	WXS; RNA-Seq	syn61374730									
file	phs002371_HTAN	HTA8_6004_002101	HTA8_6004_002101008.tif	TIFF	146665439	5153a399dfe82777fbe97ff3ab387068	WXS; RNA-Seq	syn61372261									
file	phs002371_HTAN	HTA8_6003_003101	HTA8_6003_003101006.tif	TIFF	138411867	bec144d4098772c5f4d78402665d9990	WXS; RNA-Seq	syn61372054									
file	phs002371_HTAN	HTA8_6024_001102	HTA8_6024_001102006.tif	TIFF	129692069	a6e6c935cc45891e16ef95f643347e34	WXS; RNA-Seq	syn61374706									
file	phs002371_HTAN	HTA8_6024_002103	HTA8_6024_002103008.tif	TIFF	133642035	d858c33469464dfd04f575d2cd46da16	WXS; RNA-Seq	syn61374751									
file	phs002371_HTAN	HTA8_6028_003102	HTA8_6028_003102010.tif	TIFF	119489596	bfa9a1b60e350eddf9f60b0672f05209	WXS; RNA-Seq	syn63384884									
file	phs002371_HTAN	HTA8_6015_002102	HTA8_6015_002102012.tif	TIFF	168562771	6b8327f65e25285bcc1a731f882a3985	WXS; RNA-Seq	syn61374400									
file	phs002371_HTAN	HTA8_6005_001102	HTA8_6005_001102006.tif	TIFF	118911337	e0f3261874bdf894995d7273c00ef15b	WXS; RNA-Seq	syn61372452									
file	phs002371_HTAN	HTA8_6027_001102	HTA8_6027_001102005.tif	TIFF	133893530	e502b9669776f7e5ae8fb2e7447045c3	WXS; RNA-Seq	syn63384610									
file	phs002371_HTAN	HTA8_6017_002102	HTA8_6017_002102007.tif	TIFF	186711911	83cf9cced3c7c70135b0f5438db020e9	WXS; RNA-Seq	syn61374552									
file	phs002371_HTAN	HTA8_6004_003101	HTA8_6004_003101009.tif	TIFF	119919873	1ebbdbab90c53a9784bb99deb4efd06f	WXS; RNA-Seq	syn61372375									
file	phs002371_HTAN	HTA8_6009_002102	HTA8_6009_002102010.tif	TIFF	156046532	c47bdd8f0387e4ee424b7247a92ebd37	WXS; RNA-Seq	syn61373572									
file	phs002371_HTAN	HTA8_6032_002101	HTA8_6032_002101012.tif	TIFF	120123601	55ac1bae9ea8aba9ae7226918abb23c2	WXS; RNA-Seq	syn63384928									
file	phs002371_HTAN	HTA8_6013_003102	HTA8_6013_003102012.tif	TIFF	177449778	840d3a7c55c626809bb9df339ed33ddb	WXS; RNA-Seq	syn61374148									
file	phs002371_HTAN	HTA8_6008_001102	HTA8_6008_001102011.tif	TIFF	160183353	b955521e7e38f4bf8fdda28fe3cd43ca	WXS; RNA-Seq	syn61373267									
file	phs002371_HTAN	HTA8_6007_002102	HTA8_6007_002102013.tif	TIFF	144290402	2c81c37e9ba9c8b425edc96766d5cafa	WXS; RNA-Seq	syn61373038									
file	phs002371_HTAN	HTA8_6009_003102	HTA8_6009_003102011.tif	TIFF	157087456	8fc5b429f395d28ae5cc418f0df7f872	WXS; RNA-Seq	syn61373627									
file	phs002371_HTAN	HTA8_6015_002102	HTA8_6015_002102013.tif	TIFF	145710740	86ffc0d803646a0f1ac92a5312c94ac7	WXS; RNA-Seq	syn61374402									
file	phs002371_HTAN	HTA8_6027_002102	HTA8_6027_002102008.tif	TIFF	157336085	55952e883aeecebb2f2ee9b012f0b0c2	WXS; RNA-Seq	syn63384665									
file	phs002371_HTAN	HTA8_6034_003101	HTA8_6034_003101008.tif	TIFF	150777295	54dec80d3e7c384889b7b9a2d4e3b9ac	WXS; RNA-Seq	syn63385016									
file	phs002371_HTAN	HTA8_6014_001102	HTA8_6014_001102009.tif	TIFF	164793056	f4fb26cc3594079a499da8ad0124bd7c	WXS; RNA-Seq	syn61374223									
file	phs002371_HTAN	HTA8_6006_002102	HTA8_6006_002102009.tif	TIFF	126781801	edea6a840ebfc775ddb9455ca8742fca	WXS; RNA-Seq	syn61372813									
file	phs002371_HTAN	HTA8_6004_002101	HTA8_6004_002101009.tif	TIFF	147867615	db396def95b543d5f51aca6446186998	WXS; RNA-Seq	syn61372268									
file	phs002371_HTAN	HTA8_6017_003102	HTA8_6017_003102008.tif	TIFF	180707712	397a709af3934e4fd0d31906cd436d50	WXS; RNA-Seq	syn61374596									
file	phs002371_HTAN	HTA8_6012_002102	HTA8_6012_002102011.tif	TIFF	151576475	e6978902388385b133c0d93856aaae4a	WXS; RNA-Seq	syn61373935									
file	phs002371_HTAN	HTA8_6007_002102	HTA8_6007_002102014.tif	TIFF	160863781	33242f1c26672eb7e4e2abc49e24a018	WXS; RNA-Seq	syn61373044									
file	phs002371_HTAN	HTA8_6008_001102	HTA8_6008_001102012.tif	TIFF	163631408	c54ffb2fb386104f7444c88e97a196d1	WXS; RNA-Seq	syn61373269									
file	phs002371_HTAN	HTA8_6002_002102	HTA8_6002_002102009.tif	TIFF	152569842	ef0c0766013ef6de54f5ae57f36c93d6	WXS; RNA-Seq	syn61371648									
file	phs002371_HTAN	HTA8_6005_002102	HTA8_6005_002102007.tif	TIFF	117399201	e8ad4e17d5a26b11b4ad41d6ff0715b5	WXS; RNA-Seq	syn61372555									
file	phs002371_HTAN	HTA8_6003_001102	HTA8_6003_001102006.tif	TIFF	130041776	59af992442f06c693d9072a9cc5f3e7f	WXS; RNA-Seq	syn61371823									
file	phs002371_HTAN	HTA8_6003_001102	HTA8_6003_001102007.tif	TIFF	118176182	d89a471171398f4fd97e65b88e0bb0f6	WXS; RNA-Seq	syn61371827									
file	phs002371_HTAN	HTA8_6028_003102	HTA8_6028_003102011.tif	TIFF	130653230	fe9b272c7eb62edee87163ca20da27c2	WXS; RNA-Seq	syn63384885									
file	phs002371_HTAN	HTA8_6034_001101	HTA8_6034_001101005.tif	TIFF	143594281	158a127cd232663756c177260046093a	WXS; RNA-Seq	syn63384960									
file	phs002371_HTAN	HTA8_6032_001101	HTA8_6032_001101005.tif	TIFF	161278086	5b1aa8aeea3054e2f7a460562e807371	WXS; RNA-Seq	syn63384908									
file	phs002371_HTAN	HTA8_6009_002102	HTA8_6009_002102011.tif	TIFF	150366571	842b60da339ffb4ebebb2ab38653cc9b	WXS; RNA-Seq	syn61373573									
file	phs002371_HTAN	HTA8_6010_003102	HTA8_6010_003102017.tif	TIFF	150278420	f72090d085f66a79699b0ff8ce9f1e6e	WXS; RNA-Seq	syn61373788									
file	phs002371_HTAN	HTA8_6034_003101	HTA8_6034_003101009.tif	TIFF	156809205	2a51637086d80d102d451ed87c807362	WXS; RNA-Seq	syn63385017									
file	phs002371_HTAN	HTA8_6034_001101	HTA8_6034_001101006.tif	TIFF	148205211	c7eaf9f598c17558af4dcd8690d84931	WXS; RNA-Seq	syn63384961									
file	phs002371_HTAN	HTA8_6002_001102	HTA8_6002_001102006.tif	TIFF	142830689	170ecde1d454b00e5fcb5de34076e733	WXS; RNA-Seq	syn61371552									
file	phs002371_HTAN	HTA8_6004_002101	HTA8_6004_002101010.tif	TIFF	128823641	ed535ba0bbb2c9acda21a818e6efeb69	WXS; RNA-Seq	syn61372272									
file	phs002371_HTAN	HTA8_6007_002102	HTA8_6007_002102015.tif	TIFF	120136018	1d3e8c8a66822abd07536cce69cf736d	WXS; RNA-Seq	syn61373048									
file	phs002371_HTAN	HTA8_6002_002102	HTA8_6002_002102010.tif	TIFF	135255205	4bfc167db2867cff5333c7c98568d7b0	WXS; RNA-Seq	syn61371658									
file	phs002371_HTAN	HTA8_6001_001102	HTA8_6001_001102004.tif	TIFF	147955506	ee29c7c826c912fe7eb09fbced7b2de6	WXS; RNA-Seq	syn61371384									
file	phs002371_HTAN	HTA8_6001_001102	HTA8_6001_001102005.tif	TIFF	137093602	581130685e3f7f22aa86f523e3a8f466	WXS; RNA-Seq	syn61371393									
file	phs002371_HTAN	HTA8_6008_002102	HTA8_6008_002102005.tif	TIFF	131676675	def8d0902b378000accdbe1b53c4bb78	WXS; RNA-Seq	syn61373399									
file	phs002371_HTAN	HTA8_6016_003102	HTA8_6016_003102012.tif	TIFF	178998712	9adba42e0b2fc5d6ae6d050e85db8b2f	WXS; RNA-Seq	syn61374499									
file	phs002371_HTAN	HTA8_6032_001101	HTA8_6032_001101006.tif	TIFF	160770318	0065d1b6b7b16c8261e1a7157f879d28	WXS; RNA-Seq	syn63384909									
file	phs002371_HTAN	HTA8_6006_001102	HTA8_6006_001102007.tif	TIFF	147310726	f6f7b9055f6d90e247fdcc94f4f29bec	WXS; RNA-Seq	syn61372697									
file	phs002371_HTAN	HTA8_6024_003102	HTA8_6024_003102008.tif	TIFF	26284961	2b00eedb50e91faf1c2b84bffd8789e4	WXS; RNA-Seq	syn61374783									
file	phs002371_HTAN	HTA8_6022_004102	HTA8_6022_004102000.tif	TIFF	137186762	a3d5d02f4b48982395c35f4627cebc29	WXS; RNA-Seq	syn61374663									
file	phs002371_HTAN	HTA8_6022_004102	HTA8_6022_004102001.tif	TIFF	142477394	c9514e5de58e4d6072f8373777d93d61	WXS; RNA-Seq	syn61374665									
file	phs002371_HTAN	HTA8_6022_004102	HTA8_6022_004102002.tif	TIFF	136355560	b162616b25e88ea1a63f5bef341e11c3	WXS; RNA-Seq	syn61374666									
file	phs002371_HTAN	HTA8_6022_004102	HTA8_6022_004102003.tif	TIFF	147317103	a2250201ad8af73d23b2f5ad0712da32	WXS; RNA-Seq	syn61374667									
file	phs002371_HTAN	HTA8_6022_004102	HTA8_6022_004102004.tif	TIFF	124798929	cf3056b04e3d4c82d36556f422bec959	WXS; RNA-Seq	syn61374668									
file	phs002371_HTAN	HTA8_6022_004102	HTA8_6022_004102005.tif	TIFF	113214180	5d2cff891aedfd7e94d257e218ac801d	WXS; RNA-Seq	syn61374669									
file	phs002371_HTAN	HTA8_6022_004103	HTA8_6022_004103000.tif	TIFF	74340856	8375147961f68e98e3266b461e12cc59	WXS; RNA-Seq	syn61374671									
file	phs002371_HTAN	HTA8_6022_004103	HTA8_6022_004103001.tif	TIFF	73556999	bfb4bc09ea87a67931010591abaa7183	WXS; RNA-Seq	syn61374672									
file	phs002371_HTAN	HTA8_6022_004103	HTA8_6022_004103002.tif	TIFF	71012492	2021176c9779a3f03f428c918ae209cc	WXS; RNA-Seq	syn61374673									
file	phs002371_HTAN	HTA8_6022_004103	HTA8_6022_004103003.tif	TIFF	87366079	dc82aa0c077bee09a9feef0a944b682c	WXS; RNA-Seq	syn61374675									
file	phs002371_HTAN	HTA8_6022_004103	HTA8_6022_004103004.tif	TIFF	67257949	61442403dfed2ab1c05471699569cf84	WXS; RNA-Seq	syn61374676									
file	phs002371_HTAN	HTA8_6022_004103	HTA8_6022_004103005.tif	TIFF	78552448	abbf76f12d8ddaaec1bebff502c9e0c6	WXS; RNA-Seq	syn61374677									
file	phs002371_HTAN	HTA8_6035_001101	HTA8_6035_001101000.tif	TIFF	210327675	67660682a003b6961fe172de718f6ad6	WXS; RNA-Seq	syn63385029									
file	phs002371_HTAN	HTA8_6035_001101	HTA8_6035_001101001.tif	TIFF	112469070	d6a83907db42172067bbaddbcfa50a21	WXS; RNA-Seq	syn63385030									
file	phs002371_HTAN	HTA8_6035_001101	HTA8_6035_001101002.tif	TIFF	203694891	97b4b4dd0403fee53f809b714c6fb1b4	WXS; RNA-Seq	syn63385031									
file	phs002371_HTAN	HTA8_6035_001101	HTA8_6035_001101003.tif	TIFF	204314790	58ab7b02cc319601fc10a57969fd31c3	WXS; RNA-Seq	syn63385032									
file	phs002371_HTAN	HTA8_6035_001101	HTA8_6035_001101004.tif	TIFF	43129367	8c91eed30855fc5396d2ca2452548144	WXS; RNA-Seq	syn63385033									
file	phs002371_HTAN	HTA8_6035_001102	HTA8_6035_001102000.tif	TIFF	134102078	2a66ae28c5f4af161f22142a508a2696	WXS; RNA-Seq	syn63385034									
file	phs002371_HTAN	HTA8_6035_001102	HTA8_6035_001102001.tif	TIFF	99999150	36183fac10131c17bab4ed18dc8477b6	WXS; RNA-Seq	syn63385036									
file	phs002371_HTAN	HTA8_6035_001102	HTA8_6035_001102002.tif	TIFF	109506672	4ab8d509269259312febc08a61be2d73	WXS; RNA-Seq	syn63385037									
file	phs002371_HTAN	HTA8_6035_001102	HTA8_6035_001102003.tif	TIFF	112520501	0cc5e73d1a8695218968d3c4b903942e	WXS; RNA-Seq	syn63385038									
file	phs002371_HTAN	HTA8_6035_001102	HTA8_6035_001102004.tif	TIFF	129898918	90f6226b0c140f2e284aba09191d3562	WXS; RNA-Seq	syn63385039									
file	phs002371_HTAN	HTA8_6035_001102	HTA8_6035_001102005.tif	TIFF	94828923	15570309a453f4066a7f9f1d9764db3f	WXS; RNA-Seq	syn63385040									
file	phs002371_HTAN	HTA8_6035_001102	HTA8_6035_001102006.tif	TIFF	67971884	7c452ca619cd9328e6060fd55029f839	WXS; RNA-Seq	syn63385041									
file	phs002371_HTAN	HTA8_6023_004102	HTA8_6023_004102000.tif	TIFF	130580943	a0f1cea9b963bc8ec19d70aa14e3a288	WXS; RNA-Seq	syn61374678									
file	phs002371_HTAN	HTA8_6023_004102	HTA8_6023_004102001.tif	TIFF	135189054	44667b884f9a97d3e6e0ac67b9b92de4	WXS; RNA-Seq	syn61374680									
file	phs002371_HTAN	HTA8_6023_004102	HTA8_6023_004102002.tif	TIFF	104562563	b453219b24f71b9de60da81a4d3da76c	WXS; RNA-Seq	syn61374681									
file	phs002371_HTAN	HTA8_6023_004102	HTA8_6023_004102003.tif	TIFF	19627953	3fa078f84868789e51a1dc9163fc574a	WXS; RNA-Seq	syn61374682									
file	phs002371_HTAN	HTA8_6023_004102	HTA8_6023_004102004.tif	TIFF	99828763	57502983a022272ff4f9f3c00398896a	WXS; RNA-Seq	syn61374684									
file	phs002371_HTAN	HTA8_6023_004102	HTA8_6023_004102005.tif	TIFF	103160093	95c46477a908bb339293036cb918718e	WXS; RNA-Seq	syn61374685									
file	phs002371_HTAN	HTA8_6023_004102	HTA8_6023_004102006.tif	TIFF	100464238	f84d578c017ec431672fabdc37243a16	WXS; RNA-Seq	syn61374686									
file	phs002371_HTAN	HTA8_6023_004102	HTA8_6023_004102007.tif	TIFF	93274114	6836023dfbec31b0dc2978b2bfa831ff	WXS; RNA-Seq	syn61374687									
file	phs002371_HTAN	HTA8_6023_004102	HTA8_6023_004102008.tif	TIFF	102558824	0f3fd4695e3ca3f646ee58014a0b801a	WXS; RNA-Seq	syn61374691									
file	phs002371_HTAN	HTA8_6027_003102	HTA8_6027_003102000.tif	TIFF	110161449	2f81535183520973b2684bd37071a0be	WXS; RNA-Seq	syn63384711									
file	phs002371_HTAN	HTA8_6027_003102	HTA8_6027_003102001.tif	TIFF	130651530	2f4f0a4c09db26511bcd4cec23832738	WXS; RNA-Seq	syn63384714									
file	phs002371_HTAN	HTA8_6027_003102	HTA8_6027_003102002.tif	TIFF	121136054	32332b00c9bee36fde3bd26b2012e917	WXS; RNA-Seq	syn63384717									
file	phs002371_HTAN	HTA8_6027_003102	HTA8_6027_003102003.tif	TIFF	125696064	74d2e43286c5514337d89a935c560a82	WXS; RNA-Seq	syn63384721									
file	phs002371_HTAN	HTA8_6027_003102	HTA8_6027_003102004.tif	TIFF	130492772	4d48dab11de968f58e06776af07097fb	WXS; RNA-Seq	syn63384725									
file	phs002371_HTAN	HTA8_6027_003102	HTA8_6027_003102005.tif	TIFF	130225739	ca43686f405fc34f52370a32f29e2601	WXS; RNA-Seq	syn63384731									
file	phs002371_HTAN	HTA8_6027_003102	HTA8_6027_003102006.tif	TIFF	120494839	ec17914b9d7ce3adcd8c3bf6304b09d8	WXS; RNA-Seq	syn63384735									
file	phs002371_HTAN	HTA8_6027_003102	HTA8_6027_003102007.tif	TIFF	119173074	2bbee16fea57e13755a31e3e7c28132e	WXS; RNA-Seq	syn63384738									
file	phs002371_HTAN	HTA8_6027_003102	HTA8_6027_003102008.tif	TIFF	115805519	cba245a679b598e3935e7c1ab74d7b99	WXS; RNA-Seq	syn63384742									
file	phs002371_HTAN	HTA8_6017_004102	HTA8_6017_004102000.tif	TIFF	170013224	e6eeacb6eb61d0fc92d7d1a6c5d547ba	WXS; RNA-Seq	syn61374644									
file	phs002371_HTAN	HTA8_6017_004102	HTA8_6017_004102001.tif	TIFF	179066662	a81f8112939c09bd306cc668db2eecbc	WXS; RNA-Seq	syn61374647									
file	phs002371_HTAN	HTA8_6017_004102	HTA8_6017_004102002.tif	TIFF	173449301	6a881d3fc2abf1b610212c2544e9ac7e	WXS; RNA-Seq	syn61374649									
file	phs002371_HTAN	HTA8_6017_004102	HTA8_6017_004102003.tif	TIFF	189739718	06eb0ad1cdd3a56396d7abba594111b3	WXS; RNA-Seq	syn61374650									
file	phs002371_HTAN	HTA8_6017_004102	HTA8_6017_004102004.tif	TIFF	191158163	5fd60b2b486a0da915d7d8c34d164bad	WXS; RNA-Seq	syn61374652									
file	phs002371_HTAN	HTA8_6017_004102	HTA8_6017_004102005.tif	TIFF	180729268	5f34df11d943bc74c23cdd14d240c54b	WXS; RNA-Seq	syn61374653									
file	phs002371_HTAN	HTA8_6017_004102	HTA8_6017_004102006.tif	TIFF	170070123	939082d46f6c07422adba8c0fe2e6a7c	WXS; RNA-Seq	syn61374654									
file	phs002371_HTAN	HTA8_6017_004102	HTA8_6017_004102007.tif	TIFF	161946675	2e9a285481bd3e1ad0df16883e5f276d	WXS; RNA-Seq	syn61374658									
file	phs002371_HTAN	HTA8_6017_004102	HTA8_6017_004102008.tif	TIFF	167143702	dd99842b0c3298064b17977ee0413d3f	WXS; RNA-Seq	syn61374659									
file	phs002371_HTAN	HTA8_6017_004102	HTA8_6017_004102009.tif	TIFF	172430781	a0f3a57742ec119ccf620aa02ef019b9	WXS; RNA-Seq	syn61374662									
file	phs002371_HTAN	HTA8_6024_003103	HTA8_6024_003103010.tif	TIFF	104860370	14d7a88dbc2e01e2378fd94d0a3b607d	WXS; RNA-Seq	syn61374822									
file	phs002371_HTAN	HTA8_6024_002103	HTA8_6024_002103009.tif	TIFF	139116953	1585357e6876b074e015bf4b9f9da418	WXS; RNA-Seq	syn61374753									
file	phs002371_HTAN	HTA8_6008_001102	HTA8_6008_001102013.tif	TIFF	177928699	61f078addaa440b72dd09b27443fbcda	WXS; RNA-Seq	syn61373274									
file	phs002371_HTAN	HTA8_6034_003102	HTA8_6034_003102000.tif	TIFF	117989672	a6aadf320e3518ef2db6ec7c42e5bf2c	WXS; RNA-Seq	syn63385018									
file	phs002371_HTAN	HTA8_6002_002103	HTA8_6002_002103000.tif	TIFF	176378611	301105e25a63ec1592ee399d36a71a31	WXS; RNA-Seq	syn61371664									
file	phs002371_HTAN	HTA8_6016_003102	HTA8_6016_003102013.tif	TIFF	138416200	a4eab2dcd45f7e2dca113f20f3e54e63	WXS; RNA-Seq	syn61374500									
file	phs002371_HTAN	HTA8_6002_003103	HTA8_6002_003103000.tif	TIFF	162801194	23225d8d4e42686eb5191b7811da7a0b	WXS; RNA-Seq	syn61371756									
file	phs002371_HTAN	HTA8_6032_003101	HTA8_6032_003101009.tif	TIFF	123524296	4fdfe25658a2aa2cb14ef6a26cd24733	WXS; RNA-Seq	syn63384946									
file	phs002371_HTAN	HTA8_6017_002102	HTA8_6017_002102008.tif	TIFF	129810035	abd22b3e5ccfca82520bbb2f1386b8f4	WXS; RNA-Seq	syn61374553									
file	phs002371_HTAN	HTA8_6024_001102	HTA8_6024_001102007.tif	TIFF	125010041	d6f745f0c6bf173721a95a1eab33ef4c	WXS; RNA-Seq	syn61374709									
file	phs002371_HTAN	HTA8_6014_003101	HTA8_6014_003101008.tif	TIFF	140594167	076a312d33b3fe9f229f97f8d93e48b0	WXS; RNA-Seq	syn61374355									
file	phs002371_HTAN	HTA8_6027_002102	HTA8_6027_002102009.tif	TIFF	136271398	76ccb5e8402114ac192c858636b24bbe	WXS; RNA-Seq	syn63384672									
file	phs002371_HTAN	HTA8_6013_002102	HTA8_6013_002102009.tif	TIFF	186622550	fcd83b85849a1fa41915c9a47e99cc12	WXS; RNA-Seq	syn61374085									
file	phs002371_HTAN	HTA8_6032_001101	HTA8_6032_001101007.tif	TIFF	162036963	e692f4ba0896d2720ab4699e323fd564	WXS; RNA-Seq	syn63384910									
file	phs002371_HTAN	HTA8_6004_001102	HTA8_6004_001102008.tif	TIFF	163845876	15ca005f2078b996a9c6d00763a029c5	WXS; RNA-Seq	syn61372158									
file	phs002371_HTAN	HTA8_6013_003102	HTA8_6013_003102013.tif	TIFF	129313320	5a756798fd213ceb0ab947b55beb772e	WXS; RNA-Seq	syn61374154									
file	phs002371_HTAN	HTA8_6014_001102	HTA8_6014_001102010.tif	TIFF	196194826	83477b84221d61a319edcbe012b0cb84	WXS; RNA-Seq	syn61374228									
file	phs002371_HTAN	HTA8_6032_003101	HTA8_6032_003101010.tif	TIFF	113687146	0f95e71a8c9b0e68687e559d048989ef	WXS; RNA-Seq	syn63384947									
file	phs002371_HTAN	HTA8_6017_003102	HTA8_6017_003102009.tif	TIFF	151860752	e816ceb8b33594a6ed3d95dd9ff1984d	WXS; RNA-Seq	syn61374597									
file	phs002371_HTAN	HTA8_6005_001102	HTA8_6005_001102007.tif	TIFF	166671993	586f88333256d6a0b95ae3785f730c20	WXS; RNA-Seq	syn61372456									
file	phs002371_HTAN	HTA8_6024_002102	HTA8_6024_002102008.tif	TIFF	130008161	d3bbd200dadc34e193b002ec1ae26407	WXS; RNA-Seq	syn61374731									
file	phs002371_HTAN	HTA8_6012_002102	HTA8_6012_002102012.tif	TIFF	110818173	cd0a42f18220f48f20174745118f3dd0	WXS; RNA-Seq	syn61373937									
file	phs002371_HTAN	HTA8_6012_002102	HTA8_6012_002102013.tif	TIFF	118598410	1e230bc420a7fb5d46f8ce58fcb97684	WXS; RNA-Seq	syn61373940									
file	phs002371_HTAN	HTA8_6024_003103	HTA8_6024_003103011.tif	TIFF	99452252	78559e96a3f0bd227cb2cdcf7de77274	WXS; RNA-Seq	syn61374823									
file	phs002371_HTAN	HTA8_6009_002102	HTA8_6009_002102012.tif	TIFF	151637516	5f2c715bc0feb1fc6daa0de908460fc8	WXS; RNA-Seq	syn61373578									
file	phs002371_HTAN	HTA8_6001_001103	HTA8_6001_001103000.tif	TIFF	192361673	514a9a6370ec0d2759b78252fd946f98	WXS; RNA-Seq	syn61371399									
file	phs002371_HTAN	HTA8_6024_003103	HTA8_6024_003103012.tif	TIFF	99590140	bb2dfb07c1bd8890efab1de0e2d6fb48	WXS; RNA-Seq	syn61374825									
file	phs002371_HTAN	HTA8_6010_003102	HTA8_6010_003102018.tif	TIFF	115167599	bc98b34267c59509f773d75791c9323e	WXS; RNA-Seq	syn61373791									
file	phs002371_HTAN	HTA8_6034_003102	HTA8_6034_003102001.tif	TIFF	112123528	b24883a50e0beb971e969578eca42085	WXS; RNA-Seq	syn63385019									
file	phs002371_HTAN	HTA8_6024_002102	HTA8_6024_002102009.tif	TIFF	143090171	a073ea6bcdb834162373d2ed6f7049b8	WXS; RNA-Seq	syn61374733									
file	phs002371_HTAN	HTA8_6028_002102	HTA8_6028_002102009.tif	TIFF	147939045	0a0bd1fbcf373e55489eecf5cc21d122	WXS; RNA-Seq	syn63384863									
file	phs002371_HTAN	HTA8_6009_001102	HTA8_6009_001102005.tif	TIFF	187739228	3deda352da2fd726dce89935521cd098	WXS; RNA-Seq	syn61373487									
file	phs002371_HTAN	HTA8_6017_002102	HTA8_6017_002102009.tif	TIFF	124853782	c56684e8ee4a979e5f5698661d168026	WXS; RNA-Seq	syn61374554									
file	phs002371_HTAN	HTA8_6032_002101	HTA8_6032_002101013.tif	TIFF	97011471	d1246f295019e92657babdaab771f8ce	WXS; RNA-Seq	syn63384929									
file	phs002371_HTAN	HTA8_6005_002103	HTA8_6005_002103000.tif	TIFF	31220989	acf9577488e77006e5c5edb82dcd006c	WXS; RNA-Seq	syn61372558									
file	phs002371_HTAN	HTA8_6006_001102	HTA8_6006_001102008.tif	TIFF	156786975	3433146061b1fd006200cadfda281ffb	WXS; RNA-Seq	syn61372704									
file	phs002371_HTAN	HTA8_6032_003101	HTA8_6032_003101011.tif	TIFF	120100184	bf096eadcfa05dc788832f1fd502b82e	WXS; RNA-Seq	syn63384948									
file	phs002371_HTAN	HTA8_6017_003102	HTA8_6017_003102010.tif	TIFF	34861777	558e401e33034d986e7be2185b17570f	WXS; RNA-Seq	syn61374599									
file	phs002371_HTAN	HTA8_6016_001102	HTA8_6016_001102007.tif	TIFF	169784600	c476960578f9092d904076977a324d0f	WXS; RNA-Seq	syn61374449									
file	phs002371_HTAN	HTA8_6008_003101	HTA8_6008_003101005.tif	TIFF	165548928	327ba3a46d61779b2a050a3cf58416d0	WXS; RNA-Seq	syn61373445									
file	phs002371_HTAN	HTA8_6017_002102	HTA8_6017_002102010.tif	TIFF	143179815	9ef32b5ba616cd2916b1067f50c1348e	WXS; RNA-Seq	syn61374556									
file	phs002371_HTAN	HTA8_6024_002103	HTA8_6024_002103010.tif	TIFF	144315911	ff197f102ad8e2849ac4b0bf1bc6cc49	WXS; RNA-Seq	syn61374754									
file	phs002371_HTAN	HTA8_6025_001102	HTA8_6025_001102008.tif	TIFF	139387349	d034aa3d3810226a322503e709d8b9b1	WXS; RNA-Seq	syn63384407									
file	phs002371_HTAN	HTA8_6017_001102	HTA8_6017_001102012.tif	TIFF	149108472	d71f8557a5cc64c92759e4ca6498095d	WXS; RNA-Seq	syn61374534									
file	phs002371_HTAN	HTA8_6003_002102	HTA8_6003_002102007.tif	TIFF	140759139	f0965e314f51eca9a34d0eb7e8045269	WXS; RNA-Seq	syn61371950									
file	phs002371_HTAN	HTA8_6034_003102	HTA8_6034_003102002.tif	TIFF	117204782	d947b2522cdee4e863f6814a1ccfdb67	WXS; RNA-Seq	syn63385020									
file	phs002371_HTAN	HTA8_6003_003101	HTA8_6003_003101007.tif	TIFF	114902309	c17657e105e9f76bcdd50bd22c0ed51b	WXS; RNA-Seq	syn61372059									
file	phs002371_HTAN	HTA8_6004_003101	HTA8_6004_003101010.tif	TIFF	166259974	8c8cb349cfd1a7461f24678a4b31fc40	WXS; RNA-Seq	syn61372378									
file	phs002371_HTAN	HTA8_6034_001101	HTA8_6034_001101007.tif	TIFF	146491080	9b289d079e17232908c693234743750a	WXS; RNA-Seq	syn63384962									
file	phs002371_HTAN	HTA8_6005_003101	HTA8_6005_003101005.tif	TIFF	167780450	227e5d4d33cec428907985350a6910a5	WXS; RNA-Seq	syn61372638									
file	phs002371_HTAN	HTA8_6004_003101	HTA8_6004_003101011.tif	TIFF	179504405	1b53b454c8a2ea32f1127c3b2e90612f	WXS; RNA-Seq	syn61372383									
file	phs002371_HTAN	HTA8_6001_002103	HTA8_6001_002103000.tif	TIFF	197512375	594284fb2ada4fcb7c29ea5d3b468763	WXS; RNA-Seq	syn61371456									
file	phs002371_HTAN	HTA8_6006_001102	HTA8_6006_001102009.tif	TIFF	166721146	b63677b712109a2e172b1961d8037181	WXS; RNA-Seq	syn61372714									
file	phs002371_HTAN	HTA8_6008_001102	HTA8_6008_001102014.tif	TIFF	179202335	f4c8a0dd837ff8a3180df21dde6a9dfb	WXS; RNA-Seq	syn61373354									
file	phs002371_HTAN	HTA8_6027_004102	HTA8_6027_004102000.tif	TIFF	112597246	2fb18d6a1341031267202fe44a1b6146	WXS; RNA-Seq	syn63384802									
file	phs002371_HTAN	HTA8_6010_005101	HTA8_6010_005101005.tif	TIFF	186339928	15d3319c7255018c9b6b6056d5a85eb2	WXS; RNA-Seq	syn61373853									
file	phs002371_HTAN	HTA8_6017_002102	HTA8_6017_002102011.tif	TIFF	130883446	c71092473f06bf6c196b9858b68cac94	WXS; RNA-Seq	syn61374557									
file	phs002371_HTAN	HTA8_6005_003101	HTA8_6005_003101006.tif	TIFF	112457566	2f880fc54535d9d6b41cab5922999e56	WXS; RNA-Seq	syn61372642									
file	phs002371_HTAN	HTA8_6003_002102	HTA8_6003_002102008.tif	TIFF	119240632	d7340e810c470c77720a6be643c73d10	WXS; RNA-Seq	syn61371957									
file	phs002371_HTAN	HTA8_6013_003102	HTA8_6013_003102014.tif	TIFF	126302538	ac59b040e59de870feacb7a2cb4ea2be	WXS; RNA-Seq	syn61374156									
file	phs002371_HTAN	HTA8_6005_001102	HTA8_6005_001102008.tif	TIFF	35775688	20aa774787cf8cee1502178dcbbbbac1	WXS; RNA-Seq	syn61372460									
file	phs002371_HTAN	HTA8_6017_003102	HTA8_6017_003102011.tif	TIFF	158828693	d7fe4d018d6fe894a9e1309ff73147c9	WXS; RNA-Seq	syn61374602									
file	phs002371_HTAN	HTA8_6004_001102	HTA8_6004_001102009.tif	TIFF	137776485	e77b3c388189ef668c4de5d9696a4456	WXS; RNA-Seq	syn61372165									
file	phs002371_HTAN	HTA8_6004_003101	HTA8_6004_003101012.tif	TIFF	121488225	f275152f5513a7c90dab4fb44882b681	WXS; RNA-Seq	syn61372388									
file	phs002371_HTAN	HTA8_6004_003101	HTA8_6004_003101013.tif	TIFF	153742989	cbaea90c096ac443e1d7a44550bdb480	WXS; RNA-Seq	syn61372399									
file	phs002371_HTAN	HTA8_6005_002103	HTA8_6005_002103001.tif	TIFF	118615631	f0c1887d56a74e7954d989632dc497b6	WXS; RNA-Seq	syn61372561									
file	phs002371_HTAN	HTA8_6015_002102	HTA8_6015_002102014.tif	TIFF	116904975	05edf6efb741a63fec9841fedbe4740d	WXS; RNA-Seq	syn61374403									
file	phs002371_HTAN	HTA8_6008_001102	HTA8_6008_001102015.tif	TIFF	207346490	59a3ea208c9befcd8597209e95ba2172	WXS; RNA-Seq	syn61373358									
file	phs002371_HTAN	HTA8_6025_002102	HTA8_6025_002102007.tif	TIFF	142359148	2f409d6a638cd46c5f26eecdcafc9d7d	WXS; RNA-Seq	syn63384461									
file	phs002371_HTAN	HTA8_6024_003102	HTA8_6024_003102009.tif	TIFF	125284905	f57af95348c387cac398602fc35f6978	WXS; RNA-Seq	syn61374786									
file	phs002371_HTAN	HTA8_6004_001102	HTA8_6004_001102010.tif	TIFF	127777443	71c9d9c870323dacc9e53207f3b8bd4c	WXS; RNA-Seq	syn61372172									
file	phs002371_HTAN	HTA8_6002_003103	HTA8_6002_003103001.tif	TIFF	176910562	6d0dd4ef117284e32111f5b7ce4bc9e0	WXS; RNA-Seq	syn61371761									
file	phs002371_HTAN	HTA8_6002_003103	HTA8_6002_003103002.tif	TIFF	129543760	66c2415ccdd2b037ee59da48eae24855	WXS; RNA-Seq	syn61371770									
file	phs002371_HTAN	HTA8_6007_003102	HTA8_6007_003102011.tif	TIFF	115272787	f858265575d4e6e1608d1f080fbec73b	WXS; RNA-Seq	syn61373168									
file	phs002371_HTAN	HTA8_6007_002102	HTA8_6007_002102016.tif	TIFF	142193918	40bd9ec1ed635187b6ee0ede44338eca	WXS; RNA-Seq	syn61373051									
file	phs002371_HTAN	HTA8_6028_003102	HTA8_6028_003102012.tif	TIFF	164871659	f146b35ebb776dcb818783428acf0f71	WXS; RNA-Seq	syn63384886									
file	phs002371_HTAN	HTA8_6015_002102	HTA8_6015_002102015.tif	TIFF	144928105	a970b29c7c86dcd6423bc3b0e8bc520a	WXS; RNA-Seq	syn61374404									
file	phs002371_HTAN	HTA8_6024_001102	HTA8_6024_001102008.tif	TIFF	110586736	64b984c9a0f777562ebead7a60dece29	WXS; RNA-Seq	syn61374710									
file	phs002371_HTAN	HTA8_6012_001102	HTA8_6012_001102005.tif	TIFF	151653966	60b946cd479937e570dca456291d9efc	WXS; RNA-Seq	syn61373890									
file	phs002371_HTAN	HTA8_6010_001102	HTA8_6010_001102013.tif	TIFF	117940694	bceaed0c5cfb097e9912072db2566bf6	WXS; RNA-Seq	syn61373696									
file	phs002371_HTAN	HTA8_6024_002103	HTA8_6024_002103011.tif	TIFF	119472789	d42c07bebbd3d3966241993e88e09490	WXS; RNA-Seq	syn61374756									
file	phs002371_HTAN	HTA8_6032_002101	HTA8_6032_002101014.tif	TIFF	92879310	69a99b476822e961bcf29ba75e0beb1a	WXS; RNA-Seq	syn63384930									
file	phs002371_HTAN	HTA8_6009_003102	HTA8_6009_003102012.tif	TIFF	131236512	a68ddf4a47abd2199c40e2d8557e4c5c	WXS; RNA-Seq	syn61373631									
file	phs002371_HTAN	HTA8_6015_003101	HTA8_6015_003101007.tif	TIFF	171393346	33c5a22296b7334a1d6dddd9d3c5062d	WXS; RNA-Seq	syn61374428									
file	phs002371_HTAN	HTA8_6010_001102	HTA8_6010_001102014.tif	TIFF	113497844	f08ccbeebecceffd992f34479525bcd6	WXS; RNA-Seq	syn61373697									
file	phs002371_HTAN	HTA8_6013_002102	HTA8_6013_002102010.tif	TIFF	148302345	46c01f3b7c814c4c9f2add4b8c50c46c	WXS; RNA-Seq	syn61374087									
file	phs002371_HTAN	HTA8_6016_001102	HTA8_6016_001102008.tif	TIFF	149607851	cf1166cbaa632deaf7e5b37938df92ac	WXS; RNA-Seq	syn61374450									
file	phs002371_HTAN	HTA8_6016_001102	HTA8_6016_001102009.tif	TIFF	161335453	4964064efc6de624143ae05a96ac85bd	WXS; RNA-Seq	syn61374451									
file	phs002371_HTAN	HTA8_6014_003101	HTA8_6014_003101009.tif	TIFF	111283797	a04f3a4a30f2d50e86a395cab5915b84	WXS; RNA-Seq	syn61374356									
file	phs002371_HTAN	HTA8_6016_001102	HTA8_6016_001102010.tif	TIFF	146236376	c1a71a93253598b5e2fb6ee8ec3e2cb3	WXS; RNA-Seq	syn61374452									
file	phs002371_HTAN	HTA8_6025_002102	HTA8_6025_002102008.tif	TIFF	42308066	3334c4b59f48a233739232e48fac7254	WXS; RNA-Seq	syn63384464									
file	phs002371_HTAN	HTA8_6016_001102	HTA8_6016_001102011.tif	TIFF	146505491	7c6443e6592edc7450969677a09ba4e8	WXS; RNA-Seq	syn61374453									
file	phs002371_HTAN	HTA8_6028_003102	HTA8_6028_003102013.tif	TIFF	33377507	996deca4ced20cfc167e5f3bdd8296fb	WXS; RNA-Seq	syn63384887									
file	phs002371_HTAN	HTA8_6015_002102	HTA8_6015_002102016.tif	TIFF	142480152	4668b893a50bb8ddef17e55c6965dbbf	WXS; RNA-Seq	syn61374406									
file	phs002371_HTAN	HTA8_6032_002101	HTA8_6032_002101015.tif	TIFF	142627701	59e34c86b50827cfba7ecfd06bd0f6a9	WXS; RNA-Seq	syn63384931									
file	phs002371_HTAN	HTA8_6027_002102	HTA8_6027_002102010.tif	TIFF	167234841	4c94a93f13d04a4dba8ebc1cd266d211	WXS; RNA-Seq	syn63384675									
file	phs002371_HTAN	HTA8_6025_002102	HTA8_6025_002102009.tif	TIFF	39920393	3aa034b806c9f19fe361348fa28d9cca	WXS; RNA-Seq	syn63384466									
file	phs002371_HTAN	HTA8_6002_003103	HTA8_6002_003103003.tif	TIFF	119830680	64acd8105934cf59b5167160f43b1c84	WXS; RNA-Seq	syn61371775									
file	phs002371_HTAN	HTA8_6028_003102	HTA8_6028_003102014.tif	TIFF	134315266	50b15c8d27c078c141cba249491f3ac8	WXS; RNA-Seq	syn63384888									
file	phs002371_HTAN	HTA8_6010_001102	HTA8_6010_001102015.tif	TIFF	97984652	75258805122872ac40cb23774c694214	WXS; RNA-Seq	syn61373702									
file	phs002371_HTAN	HTA8_6006_002103	HTA8_6006_002103000.tif	TIFF	162100993	51c7be416b5a473441a636dad233ec39	WXS; RNA-Seq	syn61372820									
file	phs002371_HTAN	HTA8_6001_003103	HTA8_6001_003103000.tif	TIFF	121589581	3bd96b8b8379218a9e7bde325e7e7529	WXS; RNA-Seq	syn61371495									
file	phs002371_HTAN	HTA8_6025_003102	HTA8_6025_003102011.tif	TIFF	161038989	d29b9d86d6839190d6bb090e814f0735	WXS; RNA-Seq	syn63384552									
file	phs002371_HTAN	HTA8_6014_002103	HTA8_6014_002103000.tif	TIFF	131259453	17f56fc23818708f1782196791bbbbb1	WXS; RNA-Seq	syn61374310									
file	phs002371_HTAN	HTA8_6024_002102	HTA8_6024_002102010.tif	TIFF	124382748	0f1e7114c516498c6aca01be902af9f6	WXS; RNA-Seq	syn61374734									
file	phs002371_HTAN	HTA8_6004_002101	HTA8_6004_002101011.tif	TIFF	145408076	39713ec7642c6bd35adde9327fa578cb	WXS; RNA-Seq	syn61372278									
file	phs002371_HTAN	HTA8_6005_001102	HTA8_6005_001102009.tif	TIFF	38304179	2fd2ab6dc6c161e57ab2b99586d17e5b	WXS; RNA-Seq	syn61372462									
file	phs002371_HTAN	HTA8_6027_004102	HTA8_6027_004102001.tif	TIFF	125300503	6a3cb9ce677f9bf29d29e17262b28ba9	WXS; RNA-Seq	syn63384805									
file	phs002371_HTAN	HTA8_6013_002102	HTA8_6013_002102011.tif	TIFF	155244147	c3e0221c722ac6d48ae53cb6d6795c90	WXS; RNA-Seq	syn61374090									
file	phs002371_HTAN	HTA8_6013_003102	HTA8_6013_003102015.tif	TIFF	135210180	7a1e7692c52bbe1d822cdad1d3deff7e	WXS; RNA-Seq	syn61374157									
file	phs002371_HTAN	HTA8_6028_002102	HTA8_6028_002102010.tif	TIFF	146266919	bea26fba216d32bad8d003433214e34c	WXS; RNA-Seq	syn63384864									
file	phs002371_HTAN	HTA8_6007_002102	HTA8_6007_002102017.tif	TIFF	140644962	db3e4909801efde25ce6e5439abc6902	WXS; RNA-Seq	syn61373056									
file	phs002371_HTAN	HTA8_6010_001102	HTA8_6010_001102016.tif	TIFF	24428568	5b23005fb0b012ed47376973e525ac89	WXS; RNA-Seq	syn61373707									
file	phs002371_HTAN	HTA8_6034_003102	HTA8_6034_003102003.tif	TIFF	112829581	9a8dbe240f83256c63a79b6b16e49994	WXS; RNA-Seq	syn63385021									
file	phs002371_HTAN	HTA8_6014_003101	HTA8_6014_003101010.tif	TIFF	119111397	de5e0029d6bbfd1b82900907cdf0e91c	WXS; RNA-Seq	syn61374359									
file	phs002371_HTAN	HTA8_6015_003101	HTA8_6015_003101008.tif	TIFF	156285112	8f4ce67c013b8ed80cb9909a96c99b0e	WXS; RNA-Seq	syn61374429									
file	phs002371_HTAN	HTA8_6017_002102	HTA8_6017_002102012.tif	TIFF	138625482	3556fc36abe112fc47542d7be24ff6c8	WXS; RNA-Seq	syn61374558									
file	phs002371_HTAN	HTA8_6007_002102	HTA8_6007_002102018.tif	TIFF	142488363	34c0a16fd9172f0f2882da4c1978e105	WXS; RNA-Seq	syn61373059									
file	phs002371_HTAN	HTA8_6002_001103	HTA8_6002_001103000.tif	TIFF	184320495	97b57e710452566ade49b1b3414f9f04	WXS; RNA-Seq	syn61371559									
file	phs002371_HTAN	HTA8_6013_003102	HTA8_6013_003102016.tif	TIFF	120156691	09582e43e0c04b62ee5b62b01ec28980	WXS; RNA-Seq	syn61374161									
file	phs002371_HTAN	HTA8_6034_002102	HTA8_6034_002102000.tif	TIFF	168775975	eaf9e7875e6db53a7037237a3f44de46	WXS; RNA-Seq	syn63384985									
file	phs002371_HTAN	HTA8_6017_002102	HTA8_6017_002102013.tif	TIFF	131497463	a26ebd3106cc4923654fa4e8f385c5cb	WXS; RNA-Seq	syn61374559									
file	phs002371_HTAN	HTA8_6013_001102	HTA8_6013_001102008.tif	TIFF	187748496	2dd65ca621a34f4d8bcd243ecd8a155f	WXS; RNA-Seq	syn61374031									
file	phs002371_HTAN	HTA8_6002_002103	HTA8_6002_002103001.tif	TIFF	165780657	199a4cfd7a0ee6d44b1dd92696a151c8	WXS; RNA-Seq	syn61371670									
file	phs002371_HTAN	HTA8_6003_001102	HTA8_6003_001102008.tif	TIFF	124834589	fab5c686b6c783b8d06bc7bbb9f34a49	WXS; RNA-Seq	syn61371833									
file	phs002371_HTAN	HTA8_6009_002102	HTA8_6009_002102013.tif	TIFF	122590176	e6a30a9e50c61c619e14c5f2697aa73f	WXS; RNA-Seq	syn61373579									
file	phs002371_HTAN	HTA8_6009_001102	HTA8_6009_001102006.tif	TIFF	191756850	024718b4d40b07c5b56e4a19472b193f	WXS; RNA-Seq	syn61373490									
file	phs002371_HTAN	HTA8_6005_002103	HTA8_6005_002103002.tif	TIFF	32558589	9866ccb8ed39f6220b9c476e0868055e	WXS; RNA-Seq	syn61372563									
file	phs002371_HTAN	HTA8_6005_001102	HTA8_6005_001102010.tif	TIFF	160427945	3ac2241dbf21c4f28747979e2369a1ae	WXS; RNA-Seq	syn61372466									
file	phs002371_HTAN	HTA8_6024_002102	HTA8_6024_002102011.tif	TIFF	126264306	6216c96bb33b0da01de4743569a2e75a	WXS; RNA-Seq	syn61374735									
file	phs002371_HTAN	HTA8_6028_002102	HTA8_6028_002102011.tif	TIFF	145716950	a745d879b9f872fc4a24981c740f597f	WXS; RNA-Seq	syn63384865									
file	phs002371_HTAN	HTA8_6002_003103	HTA8_6002_003103004.tif	TIFF	139139361	a1dcdc62aea8c7fe7a8a16391c690c33	WXS; RNA-Seq	syn61371780									
file	phs002371_HTAN	HTA8_6010_003102	HTA8_6010_003102019.tif	TIFF	133519911	70b10f0c038766905126030ebab67f1d	WXS; RNA-Seq	syn61373795									
file	phs002371_HTAN	HTA8_6024_003103	HTA8_6024_003103013.tif	TIFF	100708492	94c06d1a094588ccb3b7dda03c97b839	WXS; RNA-Seq	syn61374826									
file	phs002371_HTAN	HTA8_6012_002102	HTA8_6012_002102014.tif	TIFF	122659045	c8f7f4517bba80383393487090a531cf	WXS; RNA-Seq	syn61373943									
file	phs002371_HTAN	HTA8_6009_002102	HTA8_6009_002102014.tif	TIFF	155815508	d2903c55edb82cc9353f3d83b63188b5	WXS; RNA-Seq	syn61373582									
file	phs002371_HTAN	HTA8_6032_001101	HTA8_6032_001101008.tif	TIFF	166598166	42c7f7cc8883befaf91bbf50d9410627	WXS; RNA-Seq	syn63384911									
file	phs002371_HTAN	HTA8_6016_003102	HTA8_6016_003102014.tif	TIFF	141819914	55eb1addfef77eedd91bd90c4ae0199b	WXS; RNA-Seq	syn61374501									
file	phs002371_HTAN	HTA8_6012_001102	HTA8_6012_001102006.tif	TIFF	135684422	dba97369477df3a9e59ba59f7c7d57e8	WXS; RNA-Seq	syn61373894									
file	phs002371_HTAN	HTA8_6024_002103	HTA8_6024_002103012.tif	TIFF	134257426	75c066263fee275d1b8069c1311374fa	WXS; RNA-Seq	syn61374757									
file	phs002371_HTAN	HTA8_6016_003102	HTA8_6016_003102015.tif	TIFF	136536526	3715391cdbd128ebaed0e109fca8208e	WXS; RNA-Seq	syn61374502									
file	phs002371_HTAN	HTA8_6024_002102	HTA8_6024_002102012.tif	TIFF	125962106	dbde0ede1d16e34789dbab4e9ab6b280	WXS; RNA-Seq	syn61374736									
file	phs002371_HTAN	HTA8_6017_003102	HTA8_6017_003102012.tif	TIFF	134719655	9b8c39249195a76b421151e029940238	WXS; RNA-Seq	syn61374606									
file	phs002371_HTAN	HTA8_6005_003101	HTA8_6005_003101007.tif	TIFF	154062095	a3b5ca5a0234610873273b3f3fc77016	WXS; RNA-Seq	syn61372646									
file	phs002371_HTAN	HTA8_6034_002102	HTA8_6034_002102001.tif	TIFF	128630328	d17db4e256d68763c1349166caefeab8	WXS; RNA-Seq	syn63384986									
file	phs002371_HTAN	HTA8_6024_002102	HTA8_6024_002102013.tif	TIFF	129061322	0ceca86cca5f09dafef74cb692012951	WXS; RNA-Seq	syn61374737									
file	phs002371_HTAN	HTA8_6008_003101	HTA8_6008_003101006.tif	TIFF	160492035	5db1a930c6c686a9d6187b0829949194	WXS; RNA-Seq	syn61373456									
file	phs002371_HTAN	HTA8_6016_002102	HTA8_6016_002102008.tif	TIFF	135931642	58add34c10a42a6ef70b9738ae32798d	WXS; RNA-Seq	syn61374473									
file	phs002371_HTAN	HTA8_6003_003101	HTA8_6003_003101008.tif	TIFF	139092965	4b40e3b1771e61d9f3e5937526bc3bea	WXS; RNA-Seq	syn61372066									
file	phs002371_HTAN	HTA8_6032_003101	HTA8_6032_003101012.tif	TIFF	94483815	0da65aa2daab8adf55f1a1ed33804516	WXS; RNA-Seq	syn63384949									
file	phs002371_HTAN	HTA8_6015_003101	HTA8_6015_003101009.tif	TIFF	163520312	21164cedfdbe3eb076c63d155872a8ca	WXS; RNA-Seq	syn61374431									
file	phs002371_HTAN	HTA8_6008_001102	HTA8_6008_001102016.tif	TIFF	191080130	2e07f812ee5f87dde92fe7d3bf574b14	WXS; RNA-Seq	syn61373362									
file	phs002371_HTAN	HTA8_6034_002102	HTA8_6034_002102002.tif	TIFF	130281113	8d19ebb0a263e746df9d2242726451b8	WXS; RNA-Seq	syn63384987									
file	phs002371_HTAN	HTA8_6034_002102	HTA8_6034_002102003.tif	TIFF	162688644	363bc488140179542ef22cd316aed663	WXS; RNA-Seq	syn63384988									
file	phs002371_HTAN	HTA8_6010_003102	HTA8_6010_003102020.tif	TIFF	140963925	299d46146f4a26d9c32aad7a835f8d3f	WXS; RNA-Seq	syn61373798									
file	phs002371_HTAN	HTA8_6016_003102	HTA8_6016_003102016.tif	TIFF	134972342	989fb5ec3d37642d4116975c88155d4f	WXS; RNA-Seq	syn61374503									
file	phs002371_HTAN	HTA8_6017_003102	HTA8_6017_003102013.tif	TIFF	152189596	5fccd199b63a0316c44be97426354335	WXS; RNA-Seq	syn61374607									
file	phs002371_HTAN	HTA8_6024_002103	HTA8_6024_002103013.tif	TIFF	157034471	96b40fbf7c55c8e6c278a4479ab8efae	WXS; RNA-Seq	syn61374758									
file	phs002371_HTAN	HTA8_6009_002102	HTA8_6009_002102015.tif	TIFF	140080712	ece7d01edfebfff38f60877b992e86d0	WXS; RNA-Seq	syn61373584									
file	phs002371_HTAN	HTA8_6005_001102	HTA8_6005_001102011.tif	TIFF	154138334	a6abe4a424d8c5ab38b38ca57a36da80	WXS; RNA-Seq	syn61372475									
file	phs002371_HTAN	HTA8_6016_003102	HTA8_6016_003102017.tif	TIFF	133424360	ca9dc4d326456d631e062effbe5db3e8	WXS; RNA-Seq	syn61374504									
file	phs002371_HTAN	HTA8_6013_002102	HTA8_6013_002102012.tif	TIFF	161552095	ea494ad6eea14c3e52dd7bfa3b679ffb	WXS; RNA-Seq	syn61374092									
file	phs002371_HTAN	HTA8_6008_002102	HTA8_6008_002102006.tif	TIFF	188852282	ab82d1bd79f04d5a3030cd1d9305161e	WXS; RNA-Seq	syn61373405									
file	phs002371_HTAN	HTA8_6007_003102	HTA8_6007_003102012.tif	TIFF	104720797	d04a4257d606d24bb126d81543264fa6	WXS; RNA-Seq	syn61373171									
file	phs002371_HTAN	HTA8_6012_002102	HTA8_6012_002102015.tif	TIFF	113682418	b321a0fcdd8414a3d41fc603cb8a76c9	WXS; RNA-Seq	syn61373947									
file	phs002371_HTAN	HTA8_6024_003102	HTA8_6024_003102010.tif	TIFF	145422289	a341d7756112bec1a39af9b5295dd970	WXS; RNA-Seq	syn61374788									
file	phs002371_HTAN	HTA8_6004_002101	HTA8_6004_002101012.tif	TIFF	132514353	5d9fd99d8db0b65be0f3abf20579a480	WXS; RNA-Seq	syn61372284									
file	phs002371_HTAN	HTA8_6032_001101	HTA8_6032_001101009.tif	TIFF	168784567	fb9023c4d73d69cfff5929336d6e16fd	WXS; RNA-Seq	syn63384912									
file	phs002371_HTAN	HTA8_6001_001103	HTA8_6001_001103001.tif	TIFF	202277298	72e4fcf05827f5316f5c39f6ca386a91	WXS; RNA-Seq	syn61371406									
file	phs002371_HTAN	HTA8_6002_001103	HTA8_6002_001103001.tif	TIFF	156785276	33e9f9954fb88b4d8ec320010f81e1b2	WXS; RNA-Seq	syn61371563									
file	phs002371_HTAN	HTA8_6012_002102	HTA8_6012_002102016.tif	TIFF	118587905	29c20fcf7338ba3921b70de6f7fed995	WXS; RNA-Seq	syn61373950									
file	phs002371_HTAN	HTA8_6015_002102	HTA8_6015_002102017.tif	TIFF	123620658	db596b255c01bf57b9f8ee93b42e9bc4	WXS; RNA-Seq	syn61374407									
file	phs002371_HTAN	HTA8_6006_003102	HTA8_6006_003102009.tif	TIFF	210125074	bc7fdb2d75e8ccce753b90e0e1a5dc75	WXS; RNA-Seq	syn61372908									
file	phs002371_HTAN	HTA8_6010_005101	HTA8_6010_005101006.tif	TIFF	170262895	cdc9b7ba4408cae47b43bda48927cadd	WXS; RNA-Seq	syn61373856									
file	phs002371_HTAN	HTA8_6001_002103	HTA8_6001_002103001.tif	TIFF	201598750	da9631e1deba078e36fe29f945f1eefb	WXS; RNA-Seq	syn61371464									
file	phs002371_HTAN	HTA8_6007_002102	HTA8_6007_002102019.tif	TIFF	134211654	cde417fcd1538c98c4c52a8efd07be3e	WXS; RNA-Seq	syn61373062									
file	phs002371_HTAN	HTA8_6016_003102	HTA8_6016_003102018.tif	TIFF	128767102	c7a8997a2143d721e03011776ed3f53b	WXS; RNA-Seq	syn61374505									
file	phs002371_HTAN	HTA8_6001_001103	HTA8_6001_001103002.tif	TIFF	200629641	b203d15df52428c85c75d67fd95a1260	WXS; RNA-Seq	syn61371413									
file	phs002371_HTAN	HTA8_6002_002103	HTA8_6002_002103002.tif	TIFF	176640984	1a66b2de0c20f944f9b66e627b865914	WXS; RNA-Seq	syn61371677									
file	phs002371_HTAN	HTA8_6009_003102	HTA8_6009_003102013.tif	TIFF	115693043	4bb9229355d31990e8b9b43b4ae621ac	WXS; RNA-Seq	syn61373633									
file	phs002371_HTAN	HTA8_6012_002102	HTA8_6012_002102017.tif	TIFF	126078381	9ecbfdb6bb73c6b2c96cf7c93f1dfab9	WXS; RNA-Seq	syn61373953									
file	phs002371_HTAN	HTA8_6006_003102	HTA8_6006_003102010.tif	TIFF	212148230	2543e60c2dbc120144d314e4af6c8039	WXS; RNA-Seq	syn61372912									
file	phs002371_HTAN	HTA8_6024_003103	HTA8_6024_003103014.tif	TIFF	107058316	dc7af8fbe41777fe558830e569745725	WXS; RNA-Seq	syn61374828									
file	phs002371_HTAN	HTA8_6003_002102	HTA8_6003_002102009.tif	TIFF	155069896	84f159d94ba48f89e76b24217cae259b	WXS; RNA-Seq	syn61371962									
file	phs002371_HTAN	HTA8_6027_004102	HTA8_6027_004102002.tif	TIFF	106262578	375ae7836ac5359db57ba58a5252fae6	WXS; RNA-Seq	syn63384811									
file	phs002371_HTAN	HTA8_6016_001102	HTA8_6016_001102012.tif	TIFF	140001651	6192967ac18f737c8f1d85ac5430ef48	WXS; RNA-Seq	syn61374454									
file	phs002371_HTAN	HTA8_6024_003103	HTA8_6024_003103015.tif	TIFF	118549728	49b52e67f577d408bc0e3fab03bef967	WXS; RNA-Seq	syn61374829									
file	phs002371_HTAN	HTA8_6015_002102	HTA8_6015_002102018.tif	TIFF	129957536	0f87d81bab3249d12477bd9f046077a4	WXS; RNA-Seq	syn61374408									
file	phs002371_HTAN	HTA8_6025_002102	HTA8_6025_002102010.tif	TIFF	189647090	3d17cf8523dfb764812c7205160e5cf3	WXS; RNA-Seq	syn63384470									
file	phs002371_HTAN	HTA8_6006_003102	HTA8_6006_003102011.tif	TIFF	199293711	8f7a4239b0365df055b82ead9aa6e358	WXS; RNA-Seq	syn61372917									
file	phs002371_HTAN	HTA8_6028_003102	HTA8_6028_003102015.tif	TIFF	174372866	bb1a3916720f0be9767ec487ef8e320d	WXS; RNA-Seq	syn63384889									
file	phs002371_HTAN	HTA8_6006_002103	HTA8_6006_002103001.tif	TIFF	158090957	a4d8280264515ae6c657a640dc3b94ec	WXS; RNA-Seq	syn61372827									
file	phs002371_HTAN	HTA8_6017_003102	HTA8_6017_003102014.tif	TIFF	317989005	303633542f343a7cac24db690771b28b	WXS; RNA-Seq	syn61374608									
file	phs002371_HTAN	HTA8_6027_001103	HTA8_6027_001103000.tif	TIFF	145156193	82666b5bb3196edc6ddf56aaef6d577f	WXS; RNA-Seq	syn63384614									
file	phs002371_HTAN	HTA8_6007_002102	HTA8_6007_002102020.tif	TIFF	114804653	ef3ec700e4a4bab977a4d53150258bed	WXS; RNA-Seq	syn61373065									
file	phs002371_HTAN	HTA8_6013_001102	HTA8_6013_001102009.tif	TIFF	152599537	2e61cbc26073285e973317c322bb17fe	WXS; RNA-Seq	syn61374037									
file	phs002371_HTAN	HTA8_6007_002102	HTA8_6007_002102021.tif	TIFF	125269358	7ad800f189b37bc1dac9af2086229b34	WXS; RNA-Seq	syn61373067									
file	phs002371_HTAN	HTA8_6009_001102	HTA8_6009_001102007.tif	TIFF	181152274	378e0607ef3a65bd418603f849eef09d	WXS; RNA-Seq	syn61373491									
file	phs002371_HTAN	HTA8_6017_002102	HTA8_6017_002102014.tif	TIFF	145070878	0803aac69eb8e6aeee4581e579d42927	WXS; RNA-Seq	syn61374560									
file	phs002371_HTAN	HTA8_6028_003102	HTA8_6028_003102016.tif	TIFF	33801209	11fe0c47a884b5c230a6cd338a984a3d	WXS; RNA-Seq	syn63384890									
file	phs002371_HTAN	HTA8_6016_002102	HTA8_6016_002102009.tif	TIFF	123870965	de1a49c878cee98d6768dc81e0750276	WXS; RNA-Seq	syn61374474									
file	phs002371_HTAN	HTA8_6014_001102	HTA8_6014_001102011.tif	TIFF	196327954	5c9a3d20ab3a3e62be3bfc57c4f25ca8	WXS; RNA-Seq	syn61374229									
file	phs002371_HTAN	HTA8_6028_002102	HTA8_6028_002102012.tif	TIFF	131121436	a16099bb2c2287b227ca1b6cebd7d0cb	WXS; RNA-Seq	syn63384866									
file	phs002371_HTAN	HTA8_6007_001102	HTA8_6007_001102003.tif	TIFF	113250894	760738222cebdad9e39e4582181cb86a	WXS; RNA-Seq	syn61372952									
file	phs002371_HTAN	HTA8_6028_002102	HTA8_6028_002102013.tif	TIFF	132074037	f1b9254a9792420f55e548ea5a34c133	WXS; RNA-Seq	syn63384867									
file	phs002371_HTAN	HTA8_6024_003103	HTA8_6024_003103016.tif	TIFF	114780632	7bee3bfa5f84be9ff5c76f5c0a386b3a	WXS; RNA-Seq	syn61374830									
file	phs002371_HTAN	HTA8_6024_003103	HTA8_6024_003103017.tif	TIFF	106070969	e08d3c83598cee41e58b55a6b89a0609	WXS; RNA-Seq	syn61374831									
file	phs002371_HTAN	HTA8_6004_001102	HTA8_6004_001102011.tif	TIFF	129477823	77690c946fbb7baffa014bead979c49e	WXS; RNA-Seq	syn61372177									
file	phs002371_HTAN	HTA8_6025_003102	HTA8_6025_003102012.tif	TIFF	165119788	7a8b4c06a86e612dd9eadc4890dd1148	WXS; RNA-Seq	syn63384558									
file	phs002371_HTAN	HTA8_6032_002101	HTA8_6032_002101016.tif	TIFF	98783356	02df0c4cec7c204f23be64ef2da072ec	WXS; RNA-Seq	syn63384932									
file	phs002371_HTAN	HTA8_6014_001102	HTA8_6014_001102012.tif	TIFF	197052882	18fcba5cab1e37f96d0eda2731b61e70	WXS; RNA-Seq	syn61374232									
file	phs002371_HTAN	HTA8_6034_002102	HTA8_6034_002102004.tif	TIFF	159459757	3b3d68de353e9c1c1c95c633eb6846f2	WXS; RNA-Seq	syn63384989									
file	phs002371_HTAN	HTA8_6010_003102	HTA8_6010_003102021.tif	TIFF	117269736	5410750b0c4648354da2550328187175	WXS; RNA-Seq	syn61373800									
file	phs002371_HTAN	HTA8_6006_002103	HTA8_6006_002103002.tif	TIFF	168785906	028f833c3048841402464a5a03d18963	WXS; RNA-Seq	syn61372839									
file	phs002371_HTAN	HTA8_6004_001102	HTA8_6004_001102012.tif	TIFF	149665013	d27fb7b98be0f08cc5663469d446bf39	WXS; RNA-Seq	syn61372184									
file	phs002371_HTAN	HTA8_6034_001101	HTA8_6034_001101008.tif	TIFF	182535932	9347186fbb2cb82d57d4130685ea4065	WXS; RNA-Seq	syn63384963									
file	phs002371_HTAN	HTA8_6027_004102	HTA8_6027_004102003.tif	TIFF	101787455	067ddb1eec180ef75e631c4efcbb54d7	WXS; RNA-Seq	syn63384814									
file	phs002371_HTAN	HTA8_6003_002102	HTA8_6003_002102010.tif	TIFF	159505726	adc35a2f5d9afe00d1b8251bbd15e846	WXS; RNA-Seq	syn61371967									
file	phs002371_HTAN	HTA8_6004_003101	HTA8_6004_003101014.tif	TIFF	176028952	4cea7f8091a423d9ed228c75bc7304f8	WXS; RNA-Seq	syn61372407									
file	phs002371_HTAN	HTA8_6005_002103	HTA8_6005_002103003.tif	TIFF	144026714	df90b99869339f967b6a8674f659e927	WXS; RNA-Seq	syn61372566									
file	phs002371_HTAN	HTA8_6015_003101	HTA8_6015_003101010.tif	TIFF	125048963	05fe17f116ff71a0303032f0ef049fe7	WXS; RNA-Seq	syn61374432									
file	phs002371_HTAN	HTA8_6013_003102	HTA8_6013_003102017.tif	TIFF	128073639	2ec8366c1f50ca91a6538f9a15836919	WXS; RNA-Seq	syn61374162									
file	phs002371_HTAN	HTA8_6024_002103	HTA8_6024_002103014.tif	TIFF	130326199	bb51a51455d70812808da18e07211289	WXS; RNA-Seq	syn61374760									
file	phs002371_HTAN	HTA8_6017_003102	HTA8_6017_003102015.tif	TIFF	147940640	f712598298e7f4dd5d38ab38da55a590	WXS; RNA-Seq	syn61374609									
file	phs002371_HTAN	HTA8_6004_001102	HTA8_6004_001102013.tif	TIFF	137624284	844d6b1d5d5c67c451fdd2eb2732c90a	WXS; RNA-Seq	syn61372189									
file	phs002371_HTAN	HTA8_6015_002102	HTA8_6015_002102019.tif	TIFF	125243096	dd748ee10a7a867336d91d18570a6b8c	WXS; RNA-Seq	syn61374409									
file	phs002371_HTAN	HTA8_6003_001102	HTA8_6003_001102009.tif	TIFF	130035540	2e96813dfca031fcc74b3807cc944404	WXS; RNA-Seq	syn61371845									
file	phs002371_HTAN	HTA8_6016_001102	HTA8_6016_001102013.tif	TIFF	140553182	4068916b11e5fb2163b54ffd2cf569e5	WXS; RNA-Seq	syn61374455									
file	phs002371_HTAN	HTA8_6013_001102	HTA8_6013_001102010.tif	TIFF	151948667	5556cbca9c2741c22ab9d8e2ad5ebb8e	WXS; RNA-Seq	syn61374042									
file	phs002371_HTAN	HTA8_6032_003101	HTA8_6032_003101013.tif	TIFF	109463802	79f68f21cdbd883b769d77454a441084	WXS; RNA-Seq	syn63384950									
file	phs002371_HTAN	HTA8_6015_002102	HTA8_6015_002102020.tif	TIFF	147019079	75f41191d27b8dede0d09f4bb9b6c088	WXS; RNA-Seq	syn61374411									
file	phs002371_HTAN	HTA8_6010_001102	HTA8_6010_001102017.tif	TIFF	112214536	176ddec096055530c24f0985ceca28f4	WXS; RNA-Seq	syn61373709									
file	phs002371_HTAN	HTA8_6002_002103	HTA8_6002_002103003.tif	TIFF	185435668	4c7eb7dfedcc6c712561431d014448c9	WXS; RNA-Seq	syn61371690									
file	phs002371_HTAN	HTA8_6016_003102	HTA8_6016_003102019.tif	TIFF	137593051	7c68de9b1813bf4488459f7116baebde	WXS; RNA-Seq	syn61374507									
file	phs002371_HTAN	HTA8_6034_002102	HTA8_6034_002102005.tif	TIFF	152472510	f80790ec7f0727f4974123a42a513ce5	WXS; RNA-Seq	syn63384990									
file	phs002371_HTAN	HTA8_6007_002102	HTA8_6007_002102022.tif	TIFF	122344596	45f81d35f7060b763756b8b66c887e3f	WXS; RNA-Seq	syn61373070									
file	phs002371_HTAN	HTA8_6017_002102	HTA8_6017_002102015.tif	TIFF	140772812	649d23335416ed5142678d8f3c44d1bf	WXS; RNA-Seq	syn61374562									
file	phs002371_HTAN	HTA8_6025_001102	HTA8_6025_001102009.tif	TIFF	148897796	ce0e8f53aa1cfe3b402805687c4d5682	WXS; RNA-Seq	syn63384412									
file	phs002371_HTAN	HTA8_6003_001102	HTA8_6003_001102010.tif	TIFF	102985978	751928ff2e33dcda7e7eae343ccf5dc6	WXS; RNA-Seq	syn61371849									
file	phs002371_HTAN	HTA8_6012_004101	HTA8_6012_004101006.tif	TIFF	186149108	49c490ec5d74c3587b8efa939e7e6b2c	WXS; RNA-Seq	syn61373985									
file	phs002371_HTAN	HTA8_6017_003102	HTA8_6017_003102016.tif	TIFF	30397562	49f81ee3a9035ec355d10c21fae11529	WXS; RNA-Seq	syn61374610									
file	phs002371_HTAN	HTA8_6017_003102	HTA8_6017_003102017.tif	TIFF	139512149	e5aab9720737674a599a2b7fbf4effab	WXS; RNA-Seq	syn61374611									
file	phs002371_HTAN	HTA8_6025_003102	HTA8_6025_003102013.tif	TIFF	164304495	cfd094458119b3130496e0637cc07a06	WXS; RNA-Seq	syn63384562									
file	phs002371_HTAN	HTA8_6004_003101	HTA8_6004_003101015.tif	TIFF	160196281	b39d892d5e0b27f2f6c3b111e444e4c0	WXS; RNA-Seq	syn61372411									
file	phs002371_HTAN	HTA8_6007_002102	HTA8_6007_002102023.tif	TIFF	148513932	8194774e68f178dc90d5dc18d9d94ef7	WXS; RNA-Seq	syn61373074									
file	phs002371_HTAN	HTA8_6005_001102	HTA8_6005_001102012.tif	TIFF	38203618	746d6bc7a2c52e738eb2132d262bba64	WXS; RNA-Seq	syn61372478									
file	phs002371_HTAN	HTA8_6010_001102	HTA8_6010_001102018.tif	TIFF	126967072	222d0b2bd50edb81bb7a257403c16070	WXS; RNA-Seq	syn61373712									
file	phs002371_HTAN	HTA8_6024_003103	HTA8_6024_003103018.tif	TIFF	111347113	672d4671de593b5317f02e594f8939fc	WXS; RNA-Seq	syn61374832									
file	phs002371_HTAN	HTA8_6007_003102	HTA8_6007_003102013.tif	TIFF	133077635	b5c6ab3ec440c9413b5d89735a6b74a0	WXS; RNA-Seq	syn61373177									
file	phs002371_HTAN	HTA8_6025_003102	HTA8_6025_003102014.tif	TIFF	171744372	49ed76b6bcc82c8bae5e86320a555021	WXS; RNA-Seq	syn63384567									
file	phs002371_HTAN	HTA8_6024_002102	HTA8_6024_002102014.tif	TIFF	165069174	bc2699f9a0b8c7824791418db66d4418	WXS; RNA-Seq	syn61374738									
file	phs002371_HTAN	HTA8_6013_003102	HTA8_6013_003102018.tif	TIFF	139629017	1da960a841eaabf5356e35d6053aac76	WXS; RNA-Seq	syn61374166									
file	phs002371_HTAN	HTA8_6012_004101	HTA8_6012_004101007.tif	TIFF	195532509	e377d28d69f0fe539d61ca1abb2f41b8	WXS; RNA-Seq	syn61373991									
file	phs002371_HTAN	HTA8_6017_003102	HTA8_6017_003102018.tif	TIFF	150223262	594f058e25eca83e98fa8084f170a663	WXS; RNA-Seq	syn61374612									
file	phs002371_HTAN	HTA8_6017_002102	HTA8_6017_002102016.tif	TIFF	26694060	0192ebd958059777f27e52a71ddb056b	WXS; RNA-Seq	syn61374563									
file	phs002371_HTAN	HTA8_6009_002102	HTA8_6009_002102016.tif	TIFF	128194532	1b7cdadf1875881923c911b0c0461390	WXS; RNA-Seq	syn61373587									
file	phs002371_HTAN	HTA8_6017_002102	HTA8_6017_002102017.tif	TIFF	29316056	0de8a934b3b1f73ebd5af475e845cb2c	WXS; RNA-Seq	syn61374564									
file	phs002371_HTAN	HTA8_6024_002103	HTA8_6024_002103015.tif	TIFF	125689511	79f4398df8203b97df64f70482d874ce	WXS; RNA-Seq	syn61374761									
file	phs002371_HTAN	HTA8_6010_003102	HTA8_6010_003102022.tif	TIFF	124622263	8c3997d8de018cff74e1253e19e66af6	WXS; RNA-Seq	syn61373804									
file	phs002371_HTAN	HTA8_6025_001102	HTA8_6025_001102010.tif	TIFF	156976287	844a79cb15e59f6049af6c98ea7d15db	WXS; RNA-Seq	syn63384417									
file	phs002371_HTAN	HTA8_6007_001102	HTA8_6007_001102004.tif	TIFF	108060052	b47645257cb0292018da9d94587282f9	WXS; RNA-Seq	syn61372956									
file	phs002371_HTAN	HTA8_6003_001102	HTA8_6003_001102011.tif	TIFF	106304585	52b5f7aa8b842ee3d48ca6cfb3d53b98	WXS; RNA-Seq	syn61371855									
file	phs002371_HTAN	HTA8_6006_001102	HTA8_6006_001102010.tif	TIFF	140639424	61f25f538fa073ceb757541f6010a323	WXS; RNA-Seq	syn61372721									
file	phs002371_HTAN	HTA8_6028_002102	HTA8_6028_002102014.tif	TIFF	152599802	489bf6db3af62b34ec9e57a562a62c72	WXS; RNA-Seq	syn63384868									
file	phs002371_HTAN	HTA8_6032_001101	HTA8_6032_001101010.tif	TIFF	173363993	c2ba3e861d97820521bb4ce7fddb125a	WXS; RNA-Seq	syn63384913									
file	phs002371_HTAN	HTA8_6009_002102	HTA8_6009_002102017.tif	TIFF	144374955	7dd02939ad08915746388a420eb7e48c	WXS; RNA-Seq	syn61373588									
file	phs002371_HTAN	HTA8_6003_001102	HTA8_6003_001102012.tif	TIFF	92101883	0c43eedc553c47bd9a7e55e86192ab30	WXS; RNA-Seq	syn61371865									
file	phs002371_HTAN	HTA8_6017_002102	HTA8_6017_002102018.tif	TIFF	145662339	da5fc68ed1366b615cd17c4439863582	WXS; RNA-Seq	syn61374566									
file	phs002371_HTAN	HTA8_6024_002103	HTA8_6024_002103016.tif	TIFF	149230959	01aa657626cb1dce54d885c172a56210	WXS; RNA-Seq	syn61374763									
file	phs002371_HTAN	HTA8_6017_002102	HTA8_6017_002102019.tif	TIFF	147607693	0fc4ea4e5fdd765506ab2f3e2f072d87	WXS; RNA-Seq	syn61374567									
file	phs002371_HTAN	HTA8_6013_003102	HTA8_6013_003102019.tif	TIFF	129132169	3de209821c183b6bc0a7030b58ce50be	WXS; RNA-Seq	syn61374168									
file	phs002371_HTAN	HTA8_6015_002102	HTA8_6015_002102021.tif	TIFF	130305862	9d951ecd97a7e434aa53a062243debfe	WXS; RNA-Seq	syn61374412									
file	phs002371_HTAN	HTA8_6027_002102	HTA8_6027_002102011.tif	TIFF	135535599	00662564df542a8c81fbda665c3c018d	WXS; RNA-Seq	syn63384678									
file	phs002371_HTAN	HTA8_6014_002103	HTA8_6014_002103001.tif	TIFF	151377390	1ea65fd8bc833c57be939d97fabd236d	WXS; RNA-Seq	syn61374315									
file	phs002371_HTAN	HTA8_6002_001103	HTA8_6002_001103002.tif	TIFF	184137452	ba7f30e02db7008420bd26ae5208a223	WXS; RNA-Seq	syn61371568									
file	phs002371_HTAN	HTA8_6017_002102	HTA8_6017_002102020.tif	TIFF	149121315	897a558b0adf68b1a58418426ccc869e	WXS; RNA-Seq	syn61374568									
file	phs002371_HTAN	HTA8_6017_002102	HTA8_6017_002102021.tif	TIFF	144798655	1c57f1ba8c710b56aca68e0553a3043a	WXS; RNA-Seq	syn61374569									
file	phs002371_HTAN	HTA8_6007_002102	HTA8_6007_002102024.tif	TIFF	140320401	1abf5d8aedbe6bf0ae9582bc2a24c5f0	WXS; RNA-Seq	syn61373077									
file	phs002371_HTAN	HTA8_6009_001102	HTA8_6009_001102008.tif	TIFF	173422909	b9aeeb4de1ac60bbeb5fe614c0da6181	WXS; RNA-Seq	syn61373495									
file	phs002371_HTAN	HTA8_6003_003101	HTA8_6003_003101009.tif	TIFF	133849922	770601206706560eb0eb1202e525768f	WXS; RNA-Seq	syn61372071									
file	phs002371_HTAN	HTA8_6006_002103	HTA8_6006_002103003.tif	TIFF	144788366	b7199df9eb82de1229316f84e2888130	WXS; RNA-Seq	syn61372847									
file	phs002371_HTAN	HTA8_6013_003102	HTA8_6013_003102020.tif	TIFF	133961273	470723d2f7ac99c4091cf13c9c068887	WXS; RNA-Seq	syn61374172									
file	phs002371_HTAN	HTA8_6027_004102	HTA8_6027_004102004.tif	TIFF	99709375	6708b2bb2738d0f69eaa974082345d35	WXS; RNA-Seq	syn63384817									
file	phs002371_HTAN	HTA8_6014_001102	HTA8_6014_001102013.tif	TIFF	38154502	0c5c9a4baa80f561309bed1f81d67c12	WXS; RNA-Seq	syn61374234									
file	phs002371_HTAN	HTA8_6001_003103	HTA8_6001_003103001.tif	TIFF	22729086	bbc754f4677fd5d736ae656a8a8aa3ba	WXS; RNA-Seq	syn61371499									
file	phs002371_HTAN	HTA8_6006_003102	HTA8_6006_003102012.tif	TIFF	204865545	c2ae76874c66a05cf981fe13e4decd51	WXS; RNA-Seq	syn61372921									
file	phs002371_HTAN	HTA8_6028_003102	HTA8_6028_003102017.tif	TIFF	138021646	6e8496ef0b148272fe32c84c263773c7	WXS; RNA-Seq	syn63384891									
file	phs002371_HTAN	HTA8_6017_002102	HTA8_6017_002102022.tif	TIFF	143521595	6d3b399651c8b26a46e09907b3816ff3	WXS; RNA-Seq	syn61374570									
file	phs002371_HTAN	HTA8_6009_003102	HTA8_6009_003102014.tif	TIFF	128964333	c395cd7da75968a8f26c8b17afc47725	WXS; RNA-Seq	syn61373635									
file	phs002371_HTAN	HTA8_6013_003102	HTA8_6013_003102021.tif	TIFF	125915990	089d84e22208a064dca709c8fb7beaa9	WXS; RNA-Seq	syn61374173									
file	phs002371_HTAN	HTA8_6024_003103	HTA8_6024_003103019.tif	TIFF	107657551	5465594b308a415f4f7d10aae4e2d730	WXS; RNA-Seq	syn61374833									
file	phs002371_HTAN	HTA8_6005_001102	HTA8_6005_001102013.tif	TIFF	39869443	ee8c92a2cbc07cce1bf64af5ac0ec582	WXS; RNA-Seq	syn61372482									
file	phs002371_HTAN	HTA8_6024_003102	HTA8_6024_003102011.tif	TIFF	123836383	f56fab4853bad903cb4a52ef20e24286	WXS; RNA-Seq	syn61374789									
file	phs002371_HTAN	HTA8_6024_003103	HTA8_6024_003103020.tif	TIFF	121234099	53e0f9c635a6dc991eeb270d35da1e0e	WXS; RNA-Seq	syn61374834									
file	phs002371_HTAN	HTA8_6004_001102	HTA8_6004_001102014.tif	TIFF	149483346	7ade92677b6eaeace467a9d23bc105e8	WXS; RNA-Seq	syn61372194									
file	phs002371_HTAN	HTA8_6027_002102	HTA8_6027_002102012.tif	TIFF	118497953	81d778e8b47ba7aaf903dc8184380ebe	WXS; RNA-Seq	syn63384681									
file	phs002371_HTAN	HTA8_6003_002102	HTA8_6003_002102011.tif	TIFF	130569387	5c47aa2e420d9878b5b0f7e5188c616a	WXS; RNA-Seq	syn61371971									
file	phs002371_HTAN	HTA8_6027_002102	HTA8_6027_002102013.tif	TIFF	143499045	915612e66872b4e3965ac46164a3e402	WXS; RNA-Seq	syn63384685									
file	phs002371_HTAN	HTA8_6016_003102	HTA8_6016_003102020.tif	TIFF	130812878	63d31109a0987d636a72bd109d8dfc8a	WXS; RNA-Seq	syn61374508									
file	phs002371_HTAN	HTA8_6028_003102	HTA8_6028_003102018.tif	TIFF	151450810	a2bbd7c921c43e9d2a6c711edaae9b64	WXS; RNA-Seq	syn63384892									
file	phs002371_HTAN	HTA8_6027_002102	HTA8_6027_002102014.tif	TIFF	181168820	904773311256343443e337884b4db3fa	WXS; RNA-Seq	syn63384689									
file	phs002371_HTAN	HTA8_6010_005101	HTA8_6010_005101007.tif	TIFF	142388216	09b549b678da142c47c0da4f97b90da8	WXS; RNA-Seq	syn61373857									
file	phs002371_HTAN	HTA8_6028_002102	HTA8_6028_002102015.tif	TIFF	128837761	58b3c43f5209f617e31bf5355250f207	WXS; RNA-Seq	syn63384869									
file	phs002371_HTAN	HTA8_6032_002101	HTA8_6032_002101017.tif	TIFF	94077153	a96eee3bdfb5f9301c8bc5c6d3e1e7b1	WXS; RNA-Seq	syn63384933									
file	phs002371_HTAN	HTA8_6034_002102	HTA8_6034_002102006.tif	TIFF	155264832	d9752fbac167064a9cf2a147822bbd4e	WXS; RNA-Seq	syn63384991									
file	phs002371_HTAN	HTA8_6014_001102	HTA8_6014_001102014.tif	TIFF	193683444	68ec8f0d46c55268c25d64f98926dd28	WXS; RNA-Seq	syn61374239									
file	phs002371_HTAN	HTA8_6017_003102	HTA8_6017_003102019.tif	TIFF	143976784	58c84818b907674ef2dbe0b8329b7935	WXS; RNA-Seq	syn61374613									
file	phs002371_HTAN	HTA8_6003_001102	HTA8_6003_001102013.tif	TIFF	105526592	d601a962a777f08e6627d4d1bfe4530e	WXS; RNA-Seq	syn61371873									
file	phs002371_HTAN	HTA8_6016_001102	HTA8_6016_001102014.tif	TIFF	129895753	67763ed07fdc2d6f294479f0b0203d76	WXS; RNA-Seq	syn61374456									
file	phs002371_HTAN	HTA8_6027_001103	HTA8_6027_001103001.tif	TIFF	177475874	b511080e800bef755001d5c48853b863	WXS; RNA-Seq	syn63384617									
file	phs002371_HTAN	HTA8_6016_002102	HTA8_6016_002102010.tif	TIFF	122597778	0b3ca62ecd6ecd4d2a90cd4b8a8ad89f	WXS; RNA-Seq	syn61374475									
file	phs002371_HTAN	HTA8_6014_002103	HTA8_6014_002103002.tif	TIFF	123306858	cbb3ce9a1bfd3c97a33adff6240f832a	WXS; RNA-Seq	syn61374318									
file	phs002371_HTAN	HTA8_6032_002101	HTA8_6032_002101018.tif	TIFF	109756964	d8084b7af3b64c12c6b38e5a616da57d	WXS; RNA-Seq	syn63384934									
file	phs002371_HTAN	HTA8_6027_004102	HTA8_6027_004102005.tif	TIFF	107302499	8573f7015775bef4733fc608cc1af3ad	WXS; RNA-Seq	syn63384823									
file	phs002371_HTAN	HTA8_6005_001102	HTA8_6005_001102014.tif	TIFF	185360331	4fe50aff0e28afbe1f364cb9755571cd	WXS; RNA-Seq	syn61372487									
file	phs002371_HTAN	HTA8_6025_003102	HTA8_6025_003102015.tif	TIFF	167662549	96628e63e22a2bfe397f63710c9e68a1	WXS; RNA-Seq	syn63384572									
file	phs002371_HTAN	HTA8_6017_003102	HTA8_6017_003102020.tif	TIFF	30431472	b5a2db5c4fbc8d314ecd715722cc2ffd	WXS; RNA-Seq	syn61374614									
file	phs002371_HTAN	HTA8_6032_003101	HTA8_6032_003101014.tif	TIFF	113153952	516c9a0792d3cc260ebdbfdfecbb1793	WXS; RNA-Seq	syn63384951									
file	phs002371_HTAN	HTA8_6013_003102	HTA8_6013_003102022.tif	TIFF	133070837	79c632e64b88601e4190ef2f5423dbc2	WXS; RNA-Seq	syn61374176									
file	phs002371_HTAN	HTA8_6025_002102	HTA8_6025_002102011.tif	TIFF	202503449	f7f43141f1d85ee2d53db1a972d78ef9	WXS; RNA-Seq	syn63384473									
file	phs002371_HTAN	HTA8_6013_001102	HTA8_6013_001102011.tif	TIFF	202706430	6d423f8e42054d5fd9aa5ede0bb92792	WXS; RNA-Seq	syn61374044									
file	phs002371_HTAN	HTA8_6034_002102	HTA8_6034_002102007.tif	TIFF	169620873	56fa8e31a8fe188ef75394ac12ecf94c	WXS; RNA-Seq	syn63384992									
file	phs002371_HTAN	HTA8_6014_002103	HTA8_6014_002103003.tif	TIFF	138745106	79e3b83cb7d339ed6a7aa63ae1e703f0	WXS; RNA-Seq	syn61374322									
file	phs002371_HTAN	HTA8_6034_001101	HTA8_6034_001101009.tif	TIFF	176157133	a2471e2c59adba701cddc1ad06a3db31	WXS; RNA-Seq	syn63384964									
file	phs002371_HTAN	HTA8_6007_002102	HTA8_6007_002102025.tif	TIFF	130796113	684e1d09cc5fd291d2fa64b6e7eec315	WXS; RNA-Seq	syn61373082									
file	phs002371_HTAN	HTA8_6002_001103	HTA8_6002_001103003.tif	TIFF	172587636	14dd9eaed7745f4cf422e3580fd497c3	WXS; RNA-Seq	syn61371571									
file	phs002371_HTAN	HTA8_6024_003103	HTA8_6024_003103021.tif	TIFF	100701259	5b48c4d5a53a1e73ad08f73facb89de2	WXS; RNA-Seq	syn61374835									
file	phs002371_HTAN	HTA8_6002_002103	HTA8_6002_002103004.tif	TIFF	170346700	80c89006bf19fa9e76f0c53173a00a1d	WXS; RNA-Seq	syn61371695									
file	phs002371_HTAN	HTA8_6014_002103	HTA8_6014_002103004.tif	TIFF	130513819	7023c2c439e3b479a688bb9d12e448f7	WXS; RNA-Seq	syn61374326									
file	phs002371_HTAN	HTA8_6015_001102	HTA8_6015_001102008.tif	TIFF	119358473	65fe0e4510a2b79fa1f0f6498ce31ecc	WXS; RNA-Seq	syn61374376									
file	phs002371_HTAN	HTA8_6006_002103	HTA8_6006_002103004.tif	TIFF	138592976	d3aa8faad8b0018a52925a8e07928a97	WXS; RNA-Seq	syn61372856									
file	phs002371_HTAN	HTA8_6034_003102	HTA8_6034_003102004.tif	TIFF	137750064	6c78a70c21a1b620fdcae24796df63c4	WXS; RNA-Seq	syn63385022									
file	phs002371_HTAN	HTA8_6024_003102	HTA8_6024_003102012.tif	TIFF	154552660	6d5fe21780244b131964dd25ccd74f29	WXS; RNA-Seq	syn61374792									
file	phs002371_HTAN	HTA8_6016_003102	HTA8_6016_003102021.tif	TIFF	146275219	7543fa4369ef82f932c363a6b7a5fdd1	WXS; RNA-Seq	syn61374510									
file	phs002371_HTAN	HTA8_6028_003102	HTA8_6028_003102019.tif	TIFF	32773565	01bd2cce3857a8b2c38b0a00a2965fe9	WXS; RNA-Seq	syn63384893									
file	phs002371_HTAN	HTA8_6032_001101	HTA8_6032_001101011.tif	TIFF	140296017	b8529df668d1da7dbc97a59f820a9e84	WXS; RNA-Seq	syn63384914									
file	phs002371_HTAN	HTA8_6024_003102	HTA8_6024_003102013.tif	TIFF	103304053	0e8bd4df41492e22d65415f00f51c850	WXS; RNA-Seq	syn61374794									
file	phs002371_HTAN	HTA8_6010_003102	HTA8_6010_003102023.tif	TIFF	139568655	d365f780619b9a01dad64e32a83f636f	WXS; RNA-Seq	syn61373811									
file	phs002371_HTAN	HTA8_6004_002101	HTA8_6004_002101013.tif	TIFF	170301240	cf00ac05f4ec65dd16b9da8b1f5b715c	WXS; RNA-Seq	syn61372289									
file	phs002371_HTAN	HTA8_6032_003101	HTA8_6032_003101015.tif	TIFF	122026600	1cb5a189975b6611a4459dc5429b95f8	WXS; RNA-Seq	syn63384952									
file	phs002371_HTAN	HTA8_6009_003102	HTA8_6009_003102015.tif	TIFF	135687039	b463329b63f516d1bae31d2300aae4c8	WXS; RNA-Seq	syn61373636									
file	phs002371_HTAN	HTA8_6024_002103	HTA8_6024_002103017.tif	TIFF	136884375	9f58af3db8f13e1a976d256160a2b981	WXS; RNA-Seq	syn61374764									
file	phs002371_HTAN	HTA8_6004_001102	HTA8_6004_001102015.tif	TIFF	152800665	a422c553f918a7379305ae3d1bd9890b	WXS; RNA-Seq	syn61372201									
file	phs002371_HTAN	HTA8_6004_002101	HTA8_6004_002101014.tif	TIFF	116105359	bf75db43b797758cecacc23496be37f7	WXS; RNA-Seq	syn61372293									
file	phs002371_HTAN	HTA8_6001_001103	HTA8_6001_001103003.tif	TIFF	201176587	d56d80cf4287466e5f6beebe698e0a05	WXS; RNA-Seq	syn61371420									
file	phs002371_HTAN	HTA8_6006_003102	HTA8_6006_003102013.tif	TIFF	212398680	ff4300bfc73a0fbd760e878068c79677	WXS; RNA-Seq	syn61372925									
file	phs002371_HTAN	HTA8_6005_002103	HTA8_6005_002103004.tif	TIFF	149170912	eb15b127162f445f95f7426d6d7cdad0	WXS; RNA-Seq	syn61372570									
file	phs002371_HTAN	HTA8_6024_001102	HTA8_6024_001102009.tif	TIFF	135349847	4b475457b8de5e6daca9dcc11af6b068	WXS; RNA-Seq	syn61374711									
file	phs002371_HTAN	HTA8_6014_002103	HTA8_6014_002103005.tif	TIFF	149967648	c6e00aab79c4dad7590d9596185caa33	WXS; RNA-Seq	syn61374330									
file	phs002371_HTAN	HTA8_6034_003102	HTA8_6034_003102005.tif	TIFF	110621529	ec96192010215aee26da9b6aa801307d	WXS; RNA-Seq	syn63385023									
file	phs002371_HTAN	HTA8_6005_003101	HTA8_6005_003101008.tif	TIFF	143496329	7ef4f7b784177717a92499573d4fc76b	WXS; RNA-Seq	syn61372649									
file	phs002371_HTAN	HTA8_6004_003101	HTA8_6004_003101016.tif	TIFF	26281014	51d1e497481bcf7d0c6e2c44583da965	WXS; RNA-Seq	syn61372413									
file	phs002371_HTAN	HTA8_6007_002102	HTA8_6007_002102026.tif	TIFF	139216136	adb203a4a76af08d69381caaf5cd3df4	WXS; RNA-Seq	syn61373086									
file	phs002371_HTAN	HTA8_6017_003102	HTA8_6017_003102021.tif	TIFF	31497729	5583a9a70861608e0735d58950f7e133	WXS; RNA-Seq	syn61374616									
file	phs002371_HTAN	HTA8_6017_003102	HTA8_6017_003102022.tif	TIFF	160278848	ae43b1c3b3b1a0c064d07d4b564f03bc	WXS; RNA-Seq	syn61374619									
file	phs002371_HTAN	HTA8_6034_003102	HTA8_6034_003102006.tif	TIFF	117172511	d5ca1e11422020e9bd5c7329456729a6	WXS; RNA-Seq	syn63385024									
file	phs002371_HTAN	HTA8_6002_002103	HTA8_6002_002103005.tif	TIFF	197740395	ed5e945d45145df7dfb0b0335c63a2fa	WXS; RNA-Seq	syn61371703									
file	phs002371_HTAN	HTA8_6004_003101	HTA8_6004_003101017.tif	TIFF	190234153	812c8888306976c952ea8f4f415aad5b	WXS; RNA-Seq	syn61372416									
file	phs002371_HTAN	HTA8_6016_002102	HTA8_6016_002102011.tif	TIFF	122833384	bba584bade15ee81ab470b42ff456b29	WXS; RNA-Seq	syn61374477									
file	phs002371_HTAN	HTA8_6003_003101	HTA8_6003_003101010.tif	TIFF	192704116	7bd28001a5de60d3b79f4c9dff7c0a4c	WXS; RNA-Seq	syn61372080									
file	phs002371_HTAN	HTA8_6008_003101	HTA8_6008_003101007.tif	TIFF	133262345	8e6dd8296ba03784ae1c52f249159bb9	WXS; RNA-Seq	syn61373458									
file	phs002371_HTAN	HTA8_6017_003102	HTA8_6017_003102023.tif	TIFF	163278333	791a505af2730f8b56291550c9059818	WXS; RNA-Seq	syn61374620									
file	phs002371_HTAN	HTA8_6034_001101	HTA8_6034_001101010.tif	TIFF	174043009	755769f76d00dcbdfa64b8ed6db332a4	WXS; RNA-Seq	syn63384965									
file	phs002371_HTAN	HTA8_6017_003102	HTA8_6017_003102024.tif	TIFF	129373382	392313c6c5983266c3081862ba3ba8b0	WXS; RNA-Seq	syn61374622									
file	phs002371_HTAN	HTA8_6005_001102	HTA8_6005_001102015.tif	TIFF	188453308	1dce2e97cf2d500cc249fe76a29b2b02	WXS; RNA-Seq	syn61372492									
file	phs002371_HTAN	HTA8_6012_002102	HTA8_6012_002102018.tif	TIFF	114122396	7ddff14dae10805cd3e92c5c5f4d8f48	WXS; RNA-Seq	syn61373954									
file	phs002371_HTAN	HTA8_6017_001102	HTA8_6017_001102013.tif	TIFF	158298916	2e04c8ba15e21f09e195563c62661d0f	WXS; RNA-Seq	syn61374535									
file	phs002371_HTAN	HTA8_6024_001102	HTA8_6024_001102010.tif	TIFF	130518583	d9cce8574ac1de1c2f7a7fd54f132b10	WXS; RNA-Seq	syn61374714									
file	phs002371_HTAN	HTA8_6005_003101	HTA8_6005_003101009.tif	TIFF	141371577	3b077cc1ebe0d022fc53c947a77f6e7e	WXS; RNA-Seq	syn61372652									
file	phs002371_HTAN	HTA8_6027_002102	HTA8_6027_002102015.tif	TIFF	150674293	162897b6a127d4ff7abf85453e336bcd	WXS; RNA-Seq	syn63384692									
file	phs002371_HTAN	HTA8_6025_001102	HTA8_6025_001102011.tif	TIFF	163889379	367da250567c6f8dd10f856f90fdd82b	WXS; RNA-Seq	syn63384420									
file	phs002371_HTAN	HTA8_6027_002102	HTA8_6027_002102016.tif	TIFF	140025684	fe28c452e53026b90afe1b06e9c69738	WXS; RNA-Seq	syn63384695									
file	phs002371_HTAN	HTA8_6034_003102	HTA8_6034_003102007.tif	TIFF	117720444	794a51bf6e5f812c0a13a894d0dd028e	WXS; RNA-Seq	syn63385025									
file	phs002371_HTAN	HTA8_6013_003102	HTA8_6013_003102023.tif	TIFF	128472691	fec5e98bbf1e01bb53599b955d4ae0d4	WXS; RNA-Seq	syn61374178									
file	phs002371_HTAN	HTA8_6010_003102	HTA8_6010_003102024.tif	TIFF	127313889	82107bdfdfbafc887497d845a862a63d	WXS; RNA-Seq	syn61373814									
file	phs002371_HTAN	HTA8_6016_001102	HTA8_6016_001102015.tif	TIFF	169395425	401d8362751ce5d2d96c8064dccf6d37	WXS; RNA-Seq	syn61374457									
file	phs002371_HTAN	HTA8_6017_002102	HTA8_6017_002102023.tif	TIFF	29403605	078dba0e298a6eba33d7ea85f0f4ac9e	WXS; RNA-Seq	syn61374573									
file	phs002371_HTAN	HTA8_6028_003102	HTA8_6028_003102020.tif	TIFF	159965251	dd4d65c5bb9b81987dfa14b1bfece9ec	WXS; RNA-Seq	syn63384894									
file	phs002371_HTAN	HTA8_6008_001102	HTA8_6008_001102017.tif	TIFF	201712614	a524d784688842b5ed64e22239d68bfa	WXS; RNA-Seq	syn61373365									
file	phs002371_HTAN	HTA8_6025_001102	HTA8_6025_001102012.tif	TIFF	149130733	1eac95655879a33a5c4eefba21854e35	WXS; RNA-Seq	syn63384423									
file	phs002371_HTAN	HTA8_6025_001102	HTA8_6025_001102013.tif	TIFF	111315082	76a881331878512b2b6ac7781c385399	WXS; RNA-Seq	syn63384427									
file	phs002371_HTAN	HTA8_6015_001102	HTA8_6015_001102009.tif	TIFF	182229687	27fffe5c9397b611655f0c9bdcfebcb6	WXS; RNA-Seq	syn61374377									
file	phs002371_HTAN	HTA8_6001_002103	HTA8_6001_002103002.tif	TIFF	209952559	49c8582ebd6056ffb44f67bbbaa829a8	WXS; RNA-Seq	syn61371471									
file	phs002371_HTAN	HTA8_6024_003102	HTA8_6024_003102014.tif	TIFF	151660630	c4d2ca0b9ad071375bf775fdc2a70809	WXS; RNA-Seq	syn61374795									
file	phs002371_HTAN	HTA8_6008_001102	HTA8_6008_001102018.tif	TIFF	199695387	a4bc71c8f28bbcc5bfa50ef0a45aa5da	WXS; RNA-Seq	syn61373369									
file	phs002371_HTAN	HTA8_6027_002102	HTA8_6027_002102017.tif	TIFF	139107320	a33139ab3330edf625c83c7e76550830	WXS; RNA-Seq	syn63384698									
file	phs002371_HTAN	HTA8_6015_001102	HTA8_6015_001102010.tif	TIFF	120818324	1c5fa4c9dac7919e80d1bc799a316430	WXS; RNA-Seq	syn61374379									
file	phs002371_HTAN	HTA8_6024_002103	HTA8_6024_002103018.tif	TIFF	122204615	ee47457f270226a49f0759e7d45cdec7	WXS; RNA-Seq	syn61374765									
file	phs002371_HTAN	HTA8_6013_003102	HTA8_6013_003102024.tif	TIFF	143524760	f704b9121d98d342f295e23e0fad5d50	WXS; RNA-Seq	syn61374179									
file	phs002371_HTAN	HTA8_6007_003102	HTA8_6007_003102014.tif	TIFF	114078744	dc1cb8535ebca46d8902f0dcfdd49d1d	WXS; RNA-Seq	syn61373182									
file	phs002371_HTAN	HTA8_6003_001102	HTA8_6003_001102014.tif	TIFF	110400265	fc0fcc3e94c1c04c9e7d2f761e3e3987	WXS; RNA-Seq	syn61371878									
file	phs002371_HTAN	HTA8_6017_003102	HTA8_6017_003102025.tif	TIFF	159263227	edd4dd244f88f5d5e324b63d7928e91c	WXS; RNA-Seq	syn61374623									
file	phs002371_HTAN	HTA8_6005_001102	HTA8_6005_001102016.tif	TIFF	143431950	3afac2384857a099897e596c5d76c224	WXS; RNA-Seq	syn61372496									
file	phs002371_HTAN	HTA8_6009_002102	HTA8_6009_002102018.tif	TIFF	141492062	42122d3182c546b11be3f16b397ab9a6	WXS; RNA-Seq	syn61373590									
file	phs002371_HTAN	HTA8_6028_003102	HTA8_6028_003102021.tif	TIFF	183283269	21bdd37c30c1363f39f5fed1b78f852b	WXS; RNA-Seq	syn63384895									
file	phs002371_HTAN	HTA8_6028_002102	HTA8_6028_002102016.tif	TIFF	136242246	8f6298156bb4def77dace8874382b19a	WXS; RNA-Seq	syn63384870									
file	phs002371_HTAN	HTA8_6009_001102	HTA8_6009_001102009.tif	TIFF	180075437	5bde22c737a9a47a1b1a5940437d7ac8	WXS; RNA-Seq	syn61373498									
file	phs002371_HTAN	HTA8_6007_003102	HTA8_6007_003102015.tif	TIFF	118392475	04a595e214768d93d4d9f79dbe30a747	WXS; RNA-Seq	syn61373185									
file	phs002371_HTAN	HTA8_6017_003102	HTA8_6017_003102026.tif	TIFF	164477416	486cd7708ffcb057235edb65d4da2f07	WXS; RNA-Seq	syn61374627									
file	phs002371_HTAN	HTA8_6010_003102	HTA8_6010_003102025.tif	TIFF	139137404	89d83f406c329084957dea8b09dc7698	WXS; RNA-Seq	syn61373816									
file	phs002371_HTAN	HTA8_6012_002102	HTA8_6012_002102019.tif	TIFF	120247863	2e1b952f630704ba8d9a65fda3f71255	WXS; RNA-Seq	syn61373957									
file	phs002371_HTAN	HTA8_6017_002102	HTA8_6017_002102024.tif	TIFF	133555878	39fd9f6e83db389b7fada4f3228753bc	WXS; RNA-Seq	syn61374574									
file	phs002371_HTAN	HTA8_6006_002103	HTA8_6006_002103005.tif	TIFF	132029887	9208821850d3b7bca0a7775bd517a4b5	WXS; RNA-Seq	syn61372861									
file	phs002371_HTAN	HTA8_6017_002102	HTA8_6017_002102025.tif	TIFF	28263266	26d2924ae372120f65bb0fdda36e18e8	WXS; RNA-Seq	syn61374575									
file	phs002371_HTAN	HTA8_6009_003102	HTA8_6009_003102016.tif	TIFF	111165822	a53200fea57cd3da94230d6bf104b700	WXS; RNA-Seq	syn61373640									
file	phs002371_HTAN	HTA8_6017_002102	HTA8_6017_002102026.tif	TIFF	147830670	47ae0415cb94df28dfe3d8892d20545e	WXS; RNA-Seq	syn61374576									
file	phs002371_HTAN	HTA8_6025_003102	HTA8_6025_003102016.tif	TIFF	167257087	b40b88661484c66be04efce84d9d5998	WXS; RNA-Seq	syn63384576									
file	phs002371_HTAN	HTA8_6027_001103	HTA8_6027_001103002.tif	TIFF	140881828	fb5379bace2c2b437240f390f32be316	WXS; RNA-Seq	syn63384621									
file	phs002371_HTAN	HTA8_6017_003102	HTA8_6017_003102027.tif	TIFF	155749922	e171236438629de8dc3451e7903f0e9b	WXS; RNA-Seq	syn61374630									
file	phs002371_HTAN	HTA8_6010_003102	HTA8_6010_003102026.tif	TIFF	128770958	c993bef027e31a142c0710167d577bd2	WXS; RNA-Seq	syn61373819									
file	phs002371_HTAN	HTA8_6027_002102	HTA8_6027_002102018.tif	TIFF	140737780	a6233bb16adc709e1babf3ef1d57cf1d	WXS; RNA-Seq	syn63384703									
file	phs002371_HTAN	HTA8_6005_003101	HTA8_6005_003101010.tif	TIFF	133612648	50cc7477a576e369ce4ca00b490f1fa8	WXS; RNA-Seq	syn61372656									
file	phs002371_HTAN	HTA8_6009_001102	HTA8_6009_001102010.tif	TIFF	165964964	9da27d0a1838adad376b5ff7cd6aa10b	WXS; RNA-Seq	syn61373534									
file	phs002371_HTAN	HTA8_6024_003102	HTA8_6024_003102015.tif	TIFF	122816119	17141df72099d02195b2ca4e2f0b256a	WXS; RNA-Seq	syn61374797									
file	phs002371_HTAN	HTA8_6004_002101	HTA8_6004_002101015.tif	TIFF	128728306	e14cb5c26f469cd6c6894a5b42670e5a	WXS; RNA-Seq	syn61372299									
file	phs002371_HTAN	HTA8_6014_001102	HTA8_6014_001102015.tif	TIFF	166130749	7f29b97a5feaf9c973df82b2c5ff009b	WXS; RNA-Seq	syn61374241									
file	phs002371_HTAN	HTA8_6017_003102	HTA8_6017_003102028.tif	TIFF	157139560	6711fbbd1896919b41ca51a7bf27d9b3	WXS; RNA-Seq	syn61374631									
file	phs002371_HTAN	HTA8_6032_003101	HTA8_6032_003101016.tif	TIFF	96072203	121460c14679b93d196449a616f2d96c	WXS; RNA-Seq	syn63384953									
file	phs002371_HTAN	HTA8_6004_002101	HTA8_6004_002101016.tif	TIFF	153940818	e4a471ed4064b2964d23545060311180	WXS; RNA-Seq	syn61372307									
file	phs002371_HTAN	HTA8_6013_003102	HTA8_6013_003102025.tif	TIFF	145549565	c366f25730cb5e6f6cd895808da1ff24	WXS; RNA-Seq	syn61374184									
file	phs002371_HTAN	HTA8_6027_001103	HTA8_6027_001103003.tif	TIFF	195311487	f3bbdd8e342e3b32916c0af2c95a0dc0	WXS; RNA-Seq	syn63384625									
file	phs002371_HTAN	HTA8_6012_004101	HTA8_6012_004101008.tif	TIFF	194287316	fca35c0dc9c101fc5cd84a3b26b0f923	WXS; RNA-Seq	syn61373999									
file	phs002371_HTAN	HTA8_6032_002101	HTA8_6032_002101019.tif	TIFF	93372860	431a09b79efa5c645835a97d900bf592	WXS; RNA-Seq	syn63384935									
file	phs002371_HTAN	HTA8_6012_004101	HTA8_6012_004101009.tif	TIFF	201259810	f2ba3582a7ccfa5f90468fa7c110072a	WXS; RNA-Seq	syn61374001									
file	phs002371_HTAN	HTA8_6024_001102	HTA8_6024_001102011.tif	TIFF	124856173	f1f939f9ceb3965768300bd43121274e	WXS; RNA-Seq	syn61374715									
file	phs002371_HTAN	HTA8_6003_001102	HTA8_6003_001102015.tif	TIFF	103144677	51629740c1e9e234b3b8d9c81d47380e	WXS; RNA-Seq	syn61371885									
file	phs002371_HTAN	HTA8_6028_003102	HTA8_6028_003102022.tif	TIFF	148199267	06ded1a66afb76fc949a4e2c4175caa6	WXS; RNA-Seq	syn63384896									
file	phs002371_HTAN	HTA8_6005_002103	HTA8_6005_002103005.tif	TIFF	133587913	733256c91d66bb7487cef2ed0787c9dc	WXS; RNA-Seq	syn61372573									
file	phs002371_HTAN	HTA8_6017_003102	HTA8_6017_003102029.tif	TIFF	157928857	9172db446d05dd024ab8a61940f834ce	WXS; RNA-Seq	syn61374633									
file	phs002371_HTAN	HTA8_6009_002102	HTA8_6009_002102019.tif	TIFF	143675276	db6771e86a2b831e94c72de70de5aa06	WXS; RNA-Seq	syn61373596									
file	phs002371_HTAN	HTA8_6025_003102	HTA8_6025_003102017.tif	TIFF	158483008	f1fb3719d4a5c32275281aa32f4597ca	WXS; RNA-Seq	syn63384579									
file	phs002371_HTAN	HTA8_6006_001102	HTA8_6006_001102011.tif	TIFF	148514441	64a079c9eddd268be0e037faab84d01e	WXS; RNA-Seq	syn61372727									
file	phs002371_HTAN	HTA8_6017_002102	HTA8_6017_002102027.tif	TIFF	25903535	594e25537dcf59ef01bf71d6bc6508c4	WXS; RNA-Seq	syn61374578									
file	phs002371_HTAN	HTA8_6024_002103	HTA8_6024_002103019.tif	TIFF	144009220	86f147230bcf5a539402ee00fb45ae18	WXS; RNA-Seq	syn61374767									
file	phs002371_HTAN	HTA8_6010_001102	HTA8_6010_001102019.tif	TIFF	121385948	d3b3e73dc0da01ea0b6054f6b15724a4	WXS; RNA-Seq	syn61373713									
file	phs002371_HTAN	HTA8_6010_003102	HTA8_6010_003102027.tif	TIFF	116787763	649110a6063bbdef5df83f9fb8629bec	WXS; RNA-Seq	syn61373821									
file	phs002371_HTAN	HTA8_6003_002102	HTA8_6003_002102012.tif	TIFF	160143682	159082ed60b83d8fd4714f50b6cb181a	WXS; RNA-Seq	syn61371977									
file	phs002371_HTAN	HTA8_6005_002103	HTA8_6005_002103006.tif	TIFF	133937940	393122bf2940894c997b0094b7543ab1	WXS; RNA-Seq	syn61372576									
file	phs002371_HTAN	HTA8_6002_001103	HTA8_6002_001103004.tif	TIFF	167490631	628c1caf0b52f0af9c8a4e93aa304395	WXS; RNA-Seq	syn61371577									
file	phs002371_HTAN	HTA8_6025_002102	HTA8_6025_002102012.tif	TIFF	190507793	2b287d27ae5d606fcaa23662ead51a05	WXS; RNA-Seq	syn63384480									
file	phs002371_HTAN	HTA8_6013_001102	HTA8_6013_001102012.tif	TIFF	159818581	f79695531a3098c3c46812fa6b658dba	WXS; RNA-Seq	syn61374046									
file	phs002371_HTAN	HTA8_6017_002102	HTA8_6017_002102028.tif	TIFF	138685491	54d7201a576a8b2a3c5d677e078e91a0	WXS; RNA-Seq	syn61374579									
file	phs002371_HTAN	HTA8_6013_003102	HTA8_6013_003102026.tif	TIFF	132906809	3c6d1181d7a7ad9a03331c22979576a9	WXS; RNA-Seq	syn61374186									
file	phs002371_HTAN	HTA8_6010_001102	HTA8_6010_001102020.tif	TIFF	103324234	c902b4e2d87b79162da832f038f46544	WXS; RNA-Seq	syn61373714									
file	phs002371_HTAN	HTA8_6012_004101	HTA8_6012_004101010.tif	TIFF	178848380	d9aabdabd017b39c17003fdfa8876594	WXS; RNA-Seq	syn61374002									
file	phs002371_HTAN	HTA8_6006_001102	HTA8_6006_001102012.tif	TIFF	142266152	066a7eec6bdb67d0f1493122410154b5	WXS; RNA-Seq	syn61372735									
file	phs002371_HTAN	HTA8_6034_002102	HTA8_6034_002102008.tif	TIFF	155905622	b93995e3bb75f374df89a0f280d3b5cc	WXS; RNA-Seq	syn63384993									
file	phs002371_HTAN	HTA8_6007_001102	HTA8_6007_001102005.tif	TIFF	114062306	af48aea0ce496fa5464ed3b7657ce8c1	WXS; RNA-Seq	syn61372961									
file	phs002371_HTAN	HTA8_6007_002102	HTA8_6007_002102027.tif	TIFF	130955706	fe28975f9ce061da715125c248d32ad8	WXS; RNA-Seq	syn61373090									
file	phs002371_HTAN	HTA8_6024_002102	HTA8_6024_002102015.tif	TIFF	144228984	3e2fa8e03507386f275a840c332d6471	WXS; RNA-Seq	syn61374739									
file	phs002371_HTAN	HTA8_6028_002102	HTA8_6028_002102017.tif	TIFF	128486076	80f718ec94aadb77e0643608882bb081	WXS; RNA-Seq	syn63384871									
file	phs002371_HTAN	HTA8_6027_001103	HTA8_6027_001103004.tif	TIFF	179241420	787b2525b0e14662f6915c3ef9ab65c5	WXS; RNA-Seq	syn63384629									
file	phs002371_HTAN	HTA8_6013_002102	HTA8_6013_002102013.tif	TIFF	150218629	dcf6eca97ea35c4a66a4ca2ebf703779	WXS; RNA-Seq	syn61374093									
file	phs002371_HTAN	HTA8_6014_001102	HTA8_6014_001102016.tif	TIFF	195486439	93d3ff880152d3521b240825dae11a71	WXS; RNA-Seq	syn61374245									
file	phs002371_HTAN	HTA8_6013_003102	HTA8_6013_003102027.tif	TIFF	132491273	1c081ab62da80ea299aba3362dacb970	WXS; RNA-Seq	syn61374188									
file	phs002371_HTAN	HTA8_6013_001102	HTA8_6013_001102013.tif	TIFF	155008988	76e52f702072fc3f75e85d7b5a4e4438	WXS; RNA-Seq	syn61374049									
file	phs002371_HTAN	HTA8_6013_003102	HTA8_6013_003102028.tif	TIFF	133281254	70d218bf72caecdb130f6207cef30b5f	WXS; RNA-Seq	syn61374189									
file	phs002371_HTAN	HTA8_6034_001101	HTA8_6034_001101011.tif	TIFF	165260717	2ca3f17e351f01c0bc0814091da78aad	WXS; RNA-Seq	syn63384966									
file	phs002371_HTAN	HTA8_6007_002102	HTA8_6007_002102028.tif	TIFF	149139732	e6383b4a2562f159f52d4ac48a78caa3	WXS; RNA-Seq	syn61373100									
file	phs002371_HTAN	HTA8_6015_001102	HTA8_6015_001102011.tif	TIFF	119268449	d9d9f4fb52698340a74f8155423590ac	WXS; RNA-Seq	syn61374380									
file	phs002371_HTAN	HTA8_6014_001102	HTA8_6014_001102017.tif	TIFF	195029937	031c9cd2e5307be751c0041e14a181fa	WXS; RNA-Seq	syn61374246									
file	phs002371_HTAN	HTA8_6017_002102	HTA8_6017_002102029.tif	TIFF	131975199	990629de4bf6610ea9fa8ed39ffefc29	WXS; RNA-Seq	syn61374581									
file	phs002371_HTAN	HTA8_6010_003102	HTA8_6010_003102028.tif	TIFF	131486655	944323a1090ab11261db7096b3c80a7f	WXS; RNA-Seq	syn61373824									
file	phs002371_HTAN	HTA8_6010_001102	HTA8_6010_001102021.tif	TIFF	124878593	0e68f5fdb037749ca4fe757af8be4653	WXS; RNA-Seq	syn61373718									
file	phs002371_HTAN	HTA8_6008_002102	HTA8_6008_002102007.tif	TIFF	181593847	6cb5aa2efb81710e590c71c6931b8756	WXS; RNA-Seq	syn61373409									
file	phs002371_HTAN	HTA8_6024_003103	HTA8_6024_003103022.tif	TIFF	110548251	f3fd5a8b4d2d9638f00a5c0e95ac18ed	WXS; RNA-Seq	syn61374836									
file	phs002371_HTAN	HTA8_6024_001102	HTA8_6024_001102012.tif	TIFF	107052225	de5210a67bbf83a2b1f047d4d0b3a645	WXS; RNA-Seq	syn61374716									
file	phs002371_HTAN	HTA8_6034_002102	HTA8_6034_002102009.tif	TIFF	157756053	1f5d66426b7225bb773e59a32b473cc4	WXS; RNA-Seq	syn63384994									
file	phs002371_HTAN	HTA8_6008_003101	HTA8_6008_003101008.tif	TIFF	180304868	ef54383b98f18db70d400a6270d1bef5	WXS; RNA-Seq	syn61373463									
file	phs002371_HTAN	HTA8_6007_003102	HTA8_6007_003102016.tif	TIFF	105150721	d2c988e63e6d2a18cca8ae5e1d80505b	WXS; RNA-Seq	syn61373193									
file	phs002371_HTAN	HTA8_6007_002102	HTA8_6007_002102029.tif	TIFF	141478328	a9eb2140f49723c2eaba72d85201a29e	WXS; RNA-Seq	syn61373104									
file	phs002371_HTAN	HTA8_6012_002102	HTA8_6012_002102020.tif	TIFF	116757351	39bd6594c1fa6b3d54f59b57b70af88f	WXS; RNA-Seq	syn61373959									
file	phs002371_HTAN	HTA8_6010_003102	HTA8_6010_003102029.tif	TIFF	136571987	7f0ca3f709be86f59ee04305ad29a8f2	WXS; RNA-Seq	syn61373832									
file	phs002371_HTAN	HTA8_6007_003102	HTA8_6007_003102017.tif	TIFF	117327016	709dafe8877d1857363311a9096b9121	WXS; RNA-Seq	syn61373197									
file	phs002371_HTAN	HTA8_6013_001102	HTA8_6013_001102014.tif	TIFF	189576734	3c6ac6d9ca5e7ba4c86fbf4c9ebb87a6	WXS; RNA-Seq	syn61374050									
file	phs002371_HTAN	HTA8_6014_003101	HTA8_6014_003101011.tif	TIFF	183134040	a338bbe9c69a5f8bade790e086cec98a	WXS; RNA-Seq	syn61374361									
file	phs002371_HTAN	HTA8_6024_002103	HTA8_6024_002103020.tif	TIFF	144103773	0ed4155eb0a4d33d0a521a466da74737	WXS; RNA-Seq	syn61374768									
file	phs002371_HTAN	HTA8_6007_002102	HTA8_6007_002102030.tif	TIFF	141022479	073b601176efa567241556d78098c123	WXS; RNA-Seq	syn61373108									
file	phs002371_HTAN	HTA8_6010_003102	HTA8_6010_003102030.tif	TIFF	137957932	cbc175005826a84a7cef96974c583cdb	WXS; RNA-Seq	syn61373835									
file	phs002371_HTAN	HTA8_6016_003102	HTA8_6016_003102022.tif	TIFF	130311742	1418131d3c2da6511c2c91918418e582	WXS; RNA-Seq	syn61374511									
file	phs002371_HTAN	HTA8_6012_002102	HTA8_6012_002102021.tif	TIFF	117519608	e1d71eade4e11cbbff7ddfc84a4d33df	WXS; RNA-Seq	syn61373961									
file	phs002371_HTAN	HTA8_6028_003102	HTA8_6028_003102023.tif	TIFF	132547562	292f7a91da777658c40d53267f416f38	WXS; RNA-Seq	syn63384897									
file	phs002371_HTAN	HTA8_6032_002101	HTA8_6032_002101020.tif	TIFF	96932361	3ff84d62085307978c5477624079c177	WXS; RNA-Seq	syn63384936									
file	phs002371_HTAN	HTA8_6017_002102	HTA8_6017_002102030.tif	TIFF	26383017	45c98de6648717730a6273b0413f21d0	WXS; RNA-Seq	syn61374582									
file	phs002371_HTAN	HTA8_6012_001102	HTA8_6012_001102007.tif	TIFF	150004474	3b75ac83255217ced34369e7655bd709	WXS; RNA-Seq	syn61373895									
file	phs002371_HTAN	HTA8_6024_003103	HTA8_6024_003103023.tif	TIFF	113519152	e67ed4b7a58f55480abe408770eb9735	WXS; RNA-Seq	syn61374837									
file	phs002371_HTAN	HTA8_6013_003102	HTA8_6013_003102029.tif	TIFF	123370975	497cd088c676db2d03bfc2f024228a7e	WXS; RNA-Seq	syn61374192									
file	phs002371_HTAN	HTA8_6028_003102	HTA8_6028_003102024.tif	TIFF	160766365	4ebb6243da7dcc81d140eb734107ab7c	WXS; RNA-Seq	syn63384898									
file	phs002371_HTAN	HTA8_6017_003102	HTA8_6017_003102030.tif	TIFF	150873981	961884e71a1abec35d690cae7af4025e	WXS; RNA-Seq	syn61374636									
file	phs002371_HTAN	HTA8_6004_002101	HTA8_6004_002101017.tif	TIFF	120768346	4cf6fe3776b58e6a7912668b3a0f9e73	WXS; RNA-Seq	syn61372313									
file	phs002371_HTAN	HTA8_6009_003102	HTA8_6009_003102017.tif	TIFF	147040867	e7e6f064c533b3c7748d08fb3dd34820	WXS; RNA-Seq	syn61373641									
file	phs002371_HTAN	HTA8_6016_001102	HTA8_6016_001102016.tif	TIFF	160764248	1f78218396684f79ee04d0232b197afc	WXS; RNA-Seq	syn61374459									
file	phs002371_HTAN	HTA8_6015_002102	HTA8_6015_002102022.tif	TIFF	115666581	d1f914d0360635e64fdb0a4f4fcbf805	WXS; RNA-Seq	syn61374413									
file	phs002371_HTAN	HTA8_6013_002102	HTA8_6013_002102014.tif	TIFF	148795984	241fa2b7e60d20291d809202c454c019	WXS; RNA-Seq	syn61374097									
file	phs002371_HTAN	HTA8_6016_003102	HTA8_6016_003102023.tif	TIFF	134123285	fe91db6c979dde5f35cf4594eef7f059	WXS; RNA-Seq	syn61374512									
file	phs002371_HTAN	HTA8_6003_001102	HTA8_6003_001102016.tif	TIFF	99153828	72e25edcf497cb547d0bcdf15f84c74c	WXS; RNA-Seq	syn61371894									
file	phs002371_HTAN	HTA8_6005_001102	HTA8_6005_001102017.tif	TIFF	142311737	019600a7bc1703a377ddeddd7c5a9e7f	WXS; RNA-Seq	syn61372500									
file	phs002371_HTAN	HTA8_6024_003102	HTA8_6024_003102016.tif	TIFF	130649024	a62ea19ae88acb3c22f3dfa43a9dfed7	WXS; RNA-Seq	syn61374798									
file	phs002371_HTAN	HTA8_6003_002102	HTA8_6003_002102013.tif	TIFF	131489745	e46b2ed3e04937c14dab7b37ea427c81	WXS; RNA-Seq	syn61371983									
file	phs002371_HTAN	HTA8_6007_002102	HTA8_6007_002102031.tif	TIFF	121620403	2b9ae9bed861cc6e22f0daf34507c2aa	WXS; RNA-Seq	syn61373114									
file	phs002371_HTAN	HTA8_6017_002102	HTA8_6017_002102031.tif	TIFF	155251360	cc263e1a1dcd7ed1f8445ab509dfe208	WXS; RNA-Seq	syn61374583									
file	phs002371_HTAN	HTA8_6017_002102	HTA8_6017_002102032.tif	TIFF	28895298	cca43e28b27a59e5164bf48c20f4f28c	WXS; RNA-Seq	syn61374584									
file	phs002371_HTAN	HTA8_6009_003102	HTA8_6009_003102018.tif	TIFF	128437413	0472ed619572c56d5be436cdff0659df	WXS; RNA-Seq	syn61373642									
file	phs002371_HTAN	HTA8_6006_003102	HTA8_6006_003102014.tif	TIFF	40654904	c9939843973afdb7fc1595f208f1529d	WXS; RNA-Seq	syn61372928									
file	phs002371_HTAN	HTA8_6003_002102	HTA8_6003_002102014.tif	TIFF	123196153	9e9c2b096e0c1bfbdcffd2ecb6391da6	WXS; RNA-Seq	syn61371990									
file	phs002371_HTAN	HTA8_6010_001102	HTA8_6010_001102022.tif	TIFF	115351974	09d2b506dfb6a9ed37baa706c0fe4735	WXS; RNA-Seq	syn61373719									
file	phs002371_HTAN	HTA8_6034_002102	HTA8_6034_002102010.tif	TIFF	123750804	56063642aa1874e3d9bedf5b57a30293	WXS; RNA-Seq	syn63384996									
file	phs002371_HTAN	HTA8_6034_003102	HTA8_6034_003102008.tif	TIFF	111363774	d60665fdbe10bd3b8c66caa4927c74b6	WXS; RNA-Seq	syn63385026									
file	phs002371_HTAN	HTA8_6008_001102	HTA8_6008_001102019.tif	TIFF	174950198	3f27af6071fee19d19a4367608c224e4	WXS; RNA-Seq	syn61373371									
file	phs002371_HTAN	HTA8_6017_001102	HTA8_6017_001102014.tif	TIFF	173569736	4f38ed1d61ff194774a51e0de8996003	WXS; RNA-Seq	syn61374537									
file	phs002371_HTAN	HTA8_6016_002102	HTA8_6016_002102012.tif	TIFF	131749622	cc486d21764b99e48f9ed6b99590a8f9	WXS; RNA-Seq	syn61374478									
file	phs002371_HTAN	HTA8_6015_002102	HTA8_6015_002102023.tif	TIFF	144336907	63bdca6e3502eb455cbc7a7214b8fed2	WXS; RNA-Seq	syn61374414									
file	phs002371_HTAN	HTA8_6013_003102	HTA8_6013_003102030.tif	TIFF	119318048	e8801b7ccea32807a4fab15362409428	WXS; RNA-Seq	syn61374193									
file	phs002371_HTAN	HTA8_6034_002102	HTA8_6034_002102011.tif	TIFF	146108927	fd3dfe188069601241dad48525fb8420	WXS; RNA-Seq	syn63384997									
file	phs002371_HTAN	HTA8_6001_002103	HTA8_6001_002103003.tif	TIFF	187000544	7fe5acb1036acbbd61274387fa2d48d3	WXS; RNA-Seq	syn61371478									
file	phs002371_HTAN	HTA8_6005_002103	HTA8_6005_002103007.tif	TIFF	138345100	b3af021878cd7b40f6e273048538d8c4	WXS; RNA-Seq	syn61372580									
file	phs002371_HTAN	HTA8_6015_003101	HTA8_6015_003101011.tif	TIFF	156295535	673f328e94bd0ff9b7624f8a5cbfca43	WXS; RNA-Seq	syn61374435									
file	phs002371_HTAN	HTA8_6013_003102	HTA8_6013_003102031.tif	TIFF	121134084	369de223cd1501ca33fc5e7552c416ff	WXS; RNA-Seq	syn61374194									
file	phs002371_HTAN	HTA8_6025_001102	HTA8_6025_001102014.tif	TIFF	111473321	d571ce7c9367aaa9d07ff67c75611ef5	WXS; RNA-Seq	syn63384430									
file	phs002371_HTAN	HTA8_6004_001102	HTA8_6004_001102016.tif	TIFF	155616746	db5517b6bf67c583f72d5e5fc22294f7	WXS; RNA-Seq	syn61372210									
file	phs002371_HTAN	HTA8_6010_003102	HTA8_6010_003102031.tif	TIFF	137733664	00b4dc0d71a5576973c10ce75a1c70d7	WXS; RNA-Seq	syn61373836									
file	phs002371_HTAN	HTA8_6016_003102	HTA8_6016_003102024.tif	TIFF	28447982	92323b97dfe2ea9330573e4745f99614	WXS; RNA-Seq	syn61374514									
file	phs002371_HTAN	HTA8_6012_002102	HTA8_6012_002102022.tif	TIFF	118359878	21e4404e040b33cf81031eb7abb68d58	WXS; RNA-Seq	syn61373963									
file	phs002371_HTAN	HTA8_6027_002102	HTA8_6027_002102019.tif	TIFF	141747028	d10f19ceaafe055cd3115f5f295a17e0	WXS; RNA-Seq	syn63384708									
file	phs002371_HTAN	HTA8_6024_003103	HTA8_6024_003103024.tif	TIFF	95700748	6ed9c97926376d2d8d870694e0dc3924	WXS; RNA-Seq	syn61374840									
file	phs002371_HTAN	HTA8_6034_001101	HTA8_6034_001101012.tif	TIFF	151814655	e937f47a90755f4ff1bf76d2af3b1c66	WXS; RNA-Seq	syn63384967									
file	phs002371_HTAN	HTA8_6025_003102	HTA8_6025_003102018.tif	TIFF	163360954	4866efc2075ba55cabcedaff14f13003	WXS; RNA-Seq	syn63384583									
file	phs002371_HTAN	HTA8_6005_001102	HTA8_6005_001102018.tif	TIFF	169218899	f651908c449807668052850176ef2363	WXS; RNA-Seq	syn61372506									
file	phs002371_HTAN	HTA8_6009_003102	HTA8_6009_003102019.tif	TIFF	142697544	f0161f8a66de8950c0ec63af7f1b520d	WXS; RNA-Seq	syn61373646									
file	phs002371_HTAN	HTA8_6005_001102	HTA8_6005_001102019.tif	TIFF	36804705	8fd5773980bd130ca53999ea515f2b52	WXS; RNA-Seq	syn61372511									
file	phs002371_HTAN	HTA8_6006_002103	HTA8_6006_002103006.tif	TIFF	152483110	86d60d6ff16b6e292a8bc8efe8180cb6	WXS; RNA-Seq	syn61372864									
file	phs002371_HTAN	HTA8_6005_001102	HTA8_6005_001102020.tif	TIFF	163225224	0efe9414103b8d2ddf3c031104d67d43	WXS; RNA-Seq	syn61372518									
file	phs002371_HTAN	HTA8_6008_001102	HTA8_6008_001102020.tif	TIFF	192923236	a08b7134389c9a59ff254b2c4c56a7f7	WXS; RNA-Seq	syn61373376									
file	phs002371_HTAN	HTA8_6009_003102	HTA8_6009_003102020.tif	TIFF	130891765	3313653d5befcd5004a47dfdb28080bb	WXS; RNA-Seq	syn61373650									
file	phs002371_HTAN	HTA8_6028_002102	HTA8_6028_002102018.tif	TIFF	140163500	a651e4aaec78028ffb220e905b5e395d	WXS; RNA-Seq	syn63384872									
file	phs002371_HTAN	HTA8_6010_001102	HTA8_6010_001102023.tif	TIFF	105250293	319aca0c5dd529cdb9a6a5e89a88f3fd	WXS; RNA-Seq	syn61373722									
file	phs002371_HTAN	HTA8_6002_003103	HTA8_6002_003103005.tif	TIFF	155610268	2a978a5c51dee35d5a348c304a5d2fac	WXS; RNA-Seq	syn61371786									
file	phs002371_HTAN	HTA8_6013_002102	HTA8_6013_002102015.tif	TIFF	147538245	0a27caae3c7cb4a0078bb87932e82d25	WXS; RNA-Seq	syn61374099									
file	phs002371_HTAN	HTA8_6028_003102	HTA8_6028_003102025.tif	TIFF	149834718	3fd6b93f92f3ee7bd99d6260e02ce6a4	WXS; RNA-Seq	syn63384899									
file	phs002371_HTAN	HTA8_6005_002103	HTA8_6005_002103008.tif	TIFF	144711423	761bd697f7ac312233f685bbf6d436e1	WXS; RNA-Seq	syn61372583									
file	phs002371_HTAN	HTA8_6034_002102	HTA8_6034_002102012.tif	TIFF	117744222	2a5c0abf900eb61542a461bb41a341bb	WXS; RNA-Seq	syn63384998									
file	phs002371_HTAN	HTA8_6016_002102	HTA8_6016_002102013.tif	TIFF	129870092	7ce3bc72f6b016274593c4b4c51a4733	WXS; RNA-Seq	syn61374481									
file	phs002371_HTAN	HTA8_6010_001102	HTA8_6010_001102024.tif	TIFF	110137086	ffceab042dcb19f4c2467d84350af925	WXS; RNA-Seq	syn61373724									
file	phs002371_HTAN	HTA8_6017_003102	HTA8_6017_003102031.tif	TIFF	155555055	0008b9842ec264a5132e11aeee1d3a49	WXS; RNA-Seq	syn61374638									
file	phs002371_HTAN	HTA8_6015_002102	HTA8_6015_002102024.tif	TIFF	118802048	ef8a5f41490626af591d46336abc985a	WXS; RNA-Seq	syn61374416									
file	phs002371_HTAN	HTA8_6017_001102	HTA8_6017_001102015.tif	TIFF	158031659	0a4d64d2f6ae10aa774914eb823beee5	WXS; RNA-Seq	syn61374538									
file	phs002371_HTAN	HTA8_6017_002102	HTA8_6017_002102033.tif	TIFF	143844076	011aee1aa013dcbe30bc82156bed8f79	WXS; RNA-Seq	syn61374586									
file	phs002371_HTAN	HTA8_6005_001102	HTA8_6005_001102021.tif	TIFF	185910846	920f6e53bb3e06d436b708ad3b79a070	WXS; RNA-Seq	syn61372525									
file	phs002371_HTAN	HTA8_6015_001102	HTA8_6015_001102012.tif	TIFF	129281608	3b0f57779378ceadfbe6d4116af11f4b	WXS; RNA-Seq	syn61374382									
file	phs002371_HTAN	HTA8_6027_004102	HTA8_6027_004102006.tif	TIFF	125859517	e035969746228ea36a2b3826a8ed196d	WXS; RNA-Seq	syn63384826									
file	phs002371_HTAN	HTA8_6006_003102	HTA8_6006_003102015.tif	TIFF	219824691	f867de33fb1551ed7c24cff93445dbc9	WXS; RNA-Seq	syn61372933									
file	phs002371_HTAN	HTA8_6028_003102	HTA8_6028_003102026.tif	TIFF	157197233	21f311cb76ef9aa6ca5ae1abf8611158	WXS; RNA-Seq	syn63384900									
file	phs002371_HTAN	HTA8_6034_003102	HTA8_6034_003102009.tif	TIFF	121037568	16cdce9455026ccb84e1cd5cecd411a5	WXS; RNA-Seq	syn63385027									
file	phs002371_HTAN	HTA8_6005_002103	HTA8_6005_002103009.tif	TIFF	144214768	26a74b36a1eb5ff41e6289687390de7e	WXS; RNA-Seq	syn61372587									
file	phs002371_HTAN	HTA8_6034_001101	HTA8_6034_001101013.tif	TIFF	146528273	06a3b7e772f56156bb3a78212eb88fc5	WXS; RNA-Seq	syn63384968									
file	phs002371_HTAN	HTA8_6007_001102	HTA8_6007_001102006.tif	TIFF	115259029	d6faa48753323d317be5018dce0ac856	WXS; RNA-Seq	syn61372970									
file	phs002371_HTAN	HTA8_6016_001102	HTA8_6016_001102017.tif	TIFF	135677205	64585365d9bc1f4a08f0140e6c0bdb77	WXS; RNA-Seq	syn61374462									
file	phs002371_HTAN	HTA8_6005_002103	HTA8_6005_002103010.tif	TIFF	30768083	3e9e204f34e4b98974b856b83e2347a7	WXS; RNA-Seq	syn61372590									
file	phs002371_HTAN	HTA8_6024_002103	HTA8_6024_002103021.tif	TIFF	114924663	6ee92faa1ac1af7368a2ffae931ef7ed	WXS; RNA-Seq	syn61374769									
file	phs002371_HTAN	HTA8_6003_003101	HTA8_6003_003101011.tif	TIFF	156170256	0c347dc169eba8eaeac711763641f0d3	WXS; RNA-Seq	syn61372088									
file	phs002371_HTAN	HTA8_6015_001102	HTA8_6015_001102013.tif	TIFF	123006711	f0dcd31daf9987a1216d452b9e5dcf6b	WXS; RNA-Seq	syn61374383									
file	phs002371_HTAN	HTA8_6007_002102	HTA8_6007_002102032.tif	TIFF	136254779	62a161565372663620c73b48a9f8ef9c	WXS; RNA-Seq	syn61373119									
file	phs002371_HTAN	HTA8_6010_005101	HTA8_6010_005101008.tif	TIFF	165314180	ba83b7121e0f46604557bd56306f220d	WXS; RNA-Seq	syn61373860									
file	phs002371_HTAN	HTA8_6017_003102	HTA8_6017_003102032.tif	TIFF	126477026	5eecfeb9b4c09ade125167c121883842	WXS; RNA-Seq	syn61374639									
file	phs002371_HTAN	HTA8_6008_002102	HTA8_6008_002102008.tif	TIFF	126433282	4a62f647d18eccdaa7f07b5bc9acaf75	WXS; RNA-Seq	syn61373411									
file	phs002371_HTAN	HTA8_6007_003102	HTA8_6007_003102018.tif	TIFF	126146584	5ca0b8663271bb7ac3c6c994d8ebedb3	WXS; RNA-Seq	syn61373201									
file	phs002371_HTAN	HTA8_6006_003102	HTA8_6006_003102016.tif	TIFF	218572399	ce8af7414d973fc681011438fc459dc3	WXS; RNA-Seq	syn61372937									
file	phs002371_HTAN	HTA8_6010_005101	HTA8_6010_005101009.tif	TIFF	172480188	4d8bca6b678a8c9fbcba87d6876d0a28	WXS; RNA-Seq	syn61373861									
file	phs002371_HTAN	HTA8_6024_002102	HTA8_6024_002102016.tif	TIFF	130438065	26128bb2a1d6b0fbb1fceec451897a1b	WXS; RNA-Seq	syn61374740									
file	phs002371_HTAN	HTA8_6025_002102	HTA8_6025_002102013.tif	TIFF	40433514	2223448285eefa11ed6988cd6a7575a5	WXS; RNA-Seq	syn63384483									
file	phs002371_HTAN	HTA8_6032_001101	HTA8_6032_001101012.tif	TIFF	142611627	579636181400d937ac2259f79252107b	WXS; RNA-Seq	syn63384915									
file	phs002371_HTAN	HTA8_6006_001102	HTA8_6006_001102013.tif	TIFF	149902757	2bd771fedb517dfe1f1135df24dca0c8	WXS; RNA-Seq	syn61372742									
file	phs002371_HTAN	HTA8_6024_002103	HTA8_6024_002103022.tif	TIFF	127021965	432f51e7c8a037cb96a1223c70137ec3	WXS; RNA-Seq	syn61374770									
file	phs002371_HTAN	HTA8_6024_001102	HTA8_6024_001102013.tif	TIFF	121779134	65c198f8210374d678f690a7617ecd4a	WXS; RNA-Seq	syn61374717									
file	phs002371_HTAN	HTA8_6027_004102	HTA8_6027_004102007.tif	TIFF	106907175	31315dc59cfb1c55bcadb9c7592725d7	WXS; RNA-Seq	syn63384829									
file	phs002371_HTAN	HTA8_6008_002102	HTA8_6008_002102009.tif	TIFF	137156613	3731deda31f000404d57ea6270a79198	WXS; RNA-Seq	syn61373415									
file	phs002371_HTAN	HTA8_6003_003101	HTA8_6003_003101012.tif	TIFF	158961180	9f986ff4406fb94955631967ba03051e	WXS; RNA-Seq	syn61372097									
file	phs002371_HTAN	HTA8_6028_003102	HTA8_6028_003102027.tif	TIFF	185651438	981e29af1d6d727857f0155977ce4070	WXS; RNA-Seq	syn63384901									
file	phs002371_HTAN	HTA8_6034_002102	HTA8_6034_002102013.tif	TIFF	141385226	5d4865096b23bf2015db22f25e6e346a	WXS; RNA-Seq	syn63385002									
file	phs002371_HTAN	HTA8_6017_003102	HTA8_6017_003102033.tif	TIFF	154944047	d300aa050439fdca44c7d8d3ebf2ad02	WXS; RNA-Seq	syn61374640									
file	phs002371_HTAN	HTA8_6010_005101	HTA8_6010_005101010.tif	TIFF	155176793	6ad169ee8b2781f5bf8f546a7b0df622	WXS; RNA-Seq	syn61373866									
file	phs002371_HTAN	HTA8_6016_003102	HTA8_6016_003102025.tif	TIFF	130186474	c7695c756a3a9b1ddc4bfe8127d92cef	WXS; RNA-Seq	syn61374515									
file	phs002371_HTAN	HTA8_6002_001103	HTA8_6002_001103005.tif	TIFF	172308164	282e6911bff708b6dd313a3a74e0b09d	WXS; RNA-Seq	syn61371587									
file	phs002371_HTAN	HTA8_6005_001102	HTA8_6005_001102022.tif	TIFF	34097257	68b127b297026ec68ae95ca0c1f38d1f	WXS; RNA-Seq	syn61372528									
file	phs002371_HTAN	HTA8_6014_003101	HTA8_6014_003101012.tif	TIFF	113550252	30476b6dd490ef07fa8af63121f771ce	WXS; RNA-Seq	syn61374362									
file	phs002371_HTAN	HTA8_6027_001103	HTA8_6027_001103005.tif	TIFF	174732897	947b79cf941992032de94932a9b3ceed	WXS; RNA-Seq	syn63384633									
file	phs002371_HTAN	HTA8_6010_001102	HTA8_6010_001102025.tif	TIFF	102049523	1ff7d26314b3c2eba9acf938e1029790	WXS; RNA-Seq	syn61373727									
file	phs002371_HTAN	HTA8_6034_003102	HTA8_6034_003102010.tif	TIFF	106605295	8ade8299f755ccdd695674b09b8859eb	WXS; RNA-Seq	syn63385028									
file	phs002371_HTAN	HTA8_6012_001102	HTA8_6012_001102008.tif	TIFF	126763403	bc3e52c3140324dd4d3b187624b3ad12	WXS; RNA-Seq	syn61373897									
file	phs002371_HTAN	HTA8_6003_002102	HTA8_6003_002102015.tif	TIFF	153142658	7fcd158220a05ca6df79360001e042d8	WXS; RNA-Seq	syn61371995									
file	phs002371_HTAN	HTA8_6027_004102	HTA8_6027_004102008.tif	TIFF	119212993	0146f41e005763f81dc1acefbbffc121	WXS; RNA-Seq	syn63384832									
file	phs002371_HTAN	HTA8_6028_002102	HTA8_6028_002102019.tif	TIFF	140273980	a87acf9fd0fd418bb1a935acaeabb6f9	WXS; RNA-Seq	syn63384873									
file	phs002371_HTAN	HTA8_6008_003101	HTA8_6008_003101009.tif	TIFF	143646490	a00bb77ff7561d3d4d73179687d6bec0	WXS; RNA-Seq	syn61373465									
file	phs002371_HTAN	HTA8_6017_003102	HTA8_6017_003102034.tif	TIFF	178188457	f4a50420c96817171f855922f00b901f	WXS; RNA-Seq	syn61374642									
file	phs002371_HTAN	HTA8_6027_004102	HTA8_6027_004102009.tif	TIFF	110819845	efd2c5d4322a739b459f6a81ccd9fb9a	WXS; RNA-Seq	syn63384837									
file	phs002371_HTAN	HTA8_6004_003101	HTA8_6004_003101018.tif	TIFF	133813461	b851fb84b2dbf597642ecffc52d80e67	WXS; RNA-Seq	syn61372421									
file	phs002371_HTAN	HTA8_6002_003103	HTA8_6002_003103006.tif	TIFF	132139400	6056495e18b10885cff6aef4dfb264e0	WXS; RNA-Seq	syn61371790									
file	phs002371_HTAN	HTA8_6032_003101	HTA8_6032_003101017.tif	TIFF	144930999	d8035e8747f8f77e6fb81945a660d7df	WXS; RNA-Seq	syn63384954									
file	phs002371_HTAN	HTA8_6005_002103	HTA8_6005_002103011.tif	TIFF	129343755	8abc4c45b9a732c5feabd51d4b734410	WXS; RNA-Seq	syn61372598									
file	phs002371_HTAN	HTA8_6003_002102	HTA8_6003_002102016.tif	TIFF	130961389	dca0f1b46090fbe656f5baaaca1af98d	WXS; RNA-Seq	syn61372004									
file	phs002371_HTAN	HTA8_6010_003102	HTA8_6010_003102032.tif	TIFF	134609117	2a7542f3ececf20b89257bf0ec4bf272	WXS; RNA-Seq	syn61373837									
file	phs002371_HTAN	HTA8_6034_002102	HTA8_6034_002102014.tif	TIFF	145546534	4e01316cfd8db542eaba0b76c196749d	WXS; RNA-Seq	syn63385004									
file	phs002371_HTAN	HTA8_6028_003102	HTA8_6028_003102028.tif	TIFF	119681595	cb2538859edb9e489bdf54130023efde	WXS; RNA-Seq	syn63384902									
file	phs002371_HTAN	HTA8_6024_003102	HTA8_6024_003102017.tif	TIFF	118787530	f920a23e7d5a03be29cd43ab2648fe04	WXS; RNA-Seq	syn61374799									
file	phs002371_HTAN	HTA8_6025_002102	HTA8_6025_002102014.tif	TIFF	209257482	3e217566329f9b33b8045671da8e7b0a	WXS; RNA-Seq	syn63384487									
file	phs002371_HTAN	HTA8_6008_002102	HTA8_6008_002102010.tif	TIFF	142928922	9a77aed9dba56248f7b4345ca706943d	WXS; RNA-Seq	syn61373420									
file	phs002371_HTAN	HTA8_6004_002101	HTA8_6004_002101018.tif	TIFF	120624134	1eebd886d418aa30843bf1b81953d34d	WXS; RNA-Seq	syn61372317									
file	phs002371_HTAN	HTA8_6009_003102	HTA8_6009_003102021.tif	TIFF	127059696	7e435a8cc81c1cc3d6b97b6e84dcfaaf	WXS; RNA-Seq	syn61373654									
file	phs002371_HTAN	HTA8_6025_003102	HTA8_6025_003102019.tif	TIFF	159741092	9268482c339ded8c144ff02e81aa107a	WXS; RNA-Seq	syn63384586									
file	phs002371_HTAN	HTA8_6025_002102	HTA8_6025_002102015.tif	TIFF	208528493	e639fb2e7ab11b0ba8a43800394e5322	WXS; RNA-Seq	syn63384491									
file	phs002371_HTAN	HTA8_6013_002102	HTA8_6013_002102016.tif	TIFF	175247367	d2ddb0debc051a8992b90197ba4a99e1	WXS; RNA-Seq	syn61374104									
file	phs002371_HTAN	HTA8_6017_003102	HTA8_6017_003102035.tif	TIFF	153645655	2669c5316647cc33cb59386f2bcb3400	WXS; RNA-Seq	syn61374643									
file	phs002371_HTAN	HTA8_6013_003102	HTA8_6013_003102032.tif	TIFF	118548910	e68205eab9117c2f0a8a27fbf16d52a3	WXS; RNA-Seq	syn61374197									
file	phs002371_HTAN	HTA8_6017_001102	HTA8_6017_001102016.tif	TIFF	165495787	e60ad903e38cd7ed2e212aef8769add0	WXS; RNA-Seq	syn61374539									
file	phs002371_HTAN	HTA8_6015_001102	HTA8_6015_001102014.tif	TIFF	120136876	0980fa1f8bd70fbfa11c054cdbe8df04	WXS; RNA-Seq	syn61374384									
file	phs002371_HTAN	HTA8_6010_001102	HTA8_6010_001102026.tif	TIFF	103933480	a6e35130e25397d354f6d60944119fbd	WXS; RNA-Seq	syn61373732									
file	phs002371_HTAN	HTA8_6015_001102	HTA8_6015_001102015.tif	TIFF	138450058	997a41f5907c87e6406d2b0b298791b0	WXS; RNA-Seq	syn61374385									
file	phs002371_HTAN	HTA8_6007_002102	HTA8_6007_002102033.tif	TIFF	132244835	6958d302159e8301d34d12a44363c9c5	WXS; RNA-Seq	syn61373123									
file	phs002371_HTAN	HTA8_6024_003102	HTA8_6024_003102018.tif	TIFF	20318585	b04dc0669b78565f129ecddcd878afbd	WXS; RNA-Seq	syn61374800									
file	phs002371_HTAN	HTA8_6014_001102	HTA8_6014_001102018.tif	TIFF	195603956	f42cb2869fabff77fbaec429aaf9cf71	WXS; RNA-Seq	syn61374251									
file	phs002371_HTAN	HTA8_6010_003102	HTA8_6010_003102033.tif	TIFF	137838165	e3ecc330de8c9bb337f6fb5fb5ac9bd5	WXS; RNA-Seq	syn61373840									
file	phs002371_HTAN	HTA8_6015_003101	HTA8_6015_003101012.tif	TIFF	163894930	73a16a9709d3e535b3818a4f7187f1cb	WXS; RNA-Seq	syn61374437									
file	phs002371_HTAN	HTA8_6010_001102	HTA8_6010_001102027.tif	TIFF	104386381	bf76bd80075981338fcfe6cc85b5be1f	WXS; RNA-Seq	syn61373734									
file	phs002371_HTAN	HTA8_6013_001102	HTA8_6013_001102015.tif	TIFF	201081508	086ee35c709fe35b04a8621f771429f1	WXS; RNA-Seq	syn61374054									
file	phs002371_HTAN	HTA8_6017_001102	HTA8_6017_001102017.tif	TIFF	151394146	e4c9fcedda0792043bff1b91f088c0f0	WXS; RNA-Seq	syn61374541									
file	phs002371_HTAN	HTA8_6003_002102	HTA8_6003_002102017.tif	TIFF	160555100	c651c929fa7dca6fd60cc07e2e2f7a1f	WXS; RNA-Seq	syn61372010									
file	phs002371_HTAN	HTA8_6013_001102	HTA8_6013_001102016.tif	TIFF	205184323	dfae37331bdf3fc2f3e32a76d488a0cf	WXS; RNA-Seq	syn61374055									
file	phs002371_HTAN	HTA8_6025_002102	HTA8_6025_002102016.tif	TIFF	192257936	d23749d519c1126cd7313698a98815d2	WXS; RNA-Seq	syn63384495									
file	phs002371_HTAN	HTA8_6022_004102	HTA8_6022_004102006.tif	TIFF	195527830	81464f35ed21cfa3380fa1b1fe1da672	WXS; RNA-Seq	syn63385116									
file	phs002371_HTAN	HTA8_6022_004102	HTA8_6022_004102007.tif	TIFF	193781976	5c94ecdbf28b8b5cb5e98eedfbde9c41	WXS; RNA-Seq	syn63385117									
file	phs002371_HTAN	HTA8_6022_004102	HTA8_6022_004102008.tif	TIFF	133229714	18a6a1d6be6c803a7326c35357c8668f	WXS; RNA-Seq	syn63385118									
file	phs002371_HTAN	HTA8_6022_004102	HTA8_6022_004102009.tif	TIFF	194354904	deeb44a6b4491aea8a4e3f40f2f57df4	WXS; RNA-Seq	syn63385119									
file	phs002371_HTAN	HTA8_6022_004102	HTA8_6022_004102010.tif	TIFF	171323348	cf64804b56db958b7a82679aa4d6f331	WXS; RNA-Seq	syn63385120									
file	phs002371_HTAN	HTA8_6022_004103	HTA8_6022_004103006.tif	TIFF	127513750	e9d991c06b16bca0fc1530ee4ba3f157	WXS; RNA-Seq	syn63385121									
file	phs002371_HTAN	HTA8_6022_004103	HTA8_6022_004103007.tif	TIFF	124063920	b9e47677ad63b3479e4ecaceddd58512	WXS; RNA-Seq	syn63385122									
file	phs002371_HTAN	HTA8_6022_004103	HTA8_6022_004103008.tif	TIFF	124576823	5c3700d7f92479a919afad2caa8ee6de	WXS; RNA-Seq	syn63385123									
file	phs002371_HTAN	HTA8_6022_004103	HTA8_6022_004103009.tif	TIFF	115991338	b255305f1b1e02854987bce43de1edc7	WXS; RNA-Seq	syn63385124									
file	phs002371_HTAN	HTA8_6035_001101	HTA8_6035_001101005.tif	TIFF	119811564	e2470e96e6d67ffd4f38e680c385343e	WXS; RNA-Seq	syn63385145									
file	phs002371_HTAN	HTA8_6035_001101	HTA8_6035_001101006.tif	TIFF	153484697	5837417f1e5ed62eaa80d976f71d831e	WXS; RNA-Seq	syn63385146									
file	phs002371_HTAN	HTA8_6035_001101	HTA8_6035_001101007.tif	TIFF	132268783	692dcf154e2b19ee07b9c632bb181970	WXS; RNA-Seq	syn63385147									
file	phs002371_HTAN	HTA8_6035_001101	HTA8_6035_001101008.tif	TIFF	147904634	9b770cf58256765bf4d1d57983410a40	WXS; RNA-Seq	syn63385148									
file	phs002371_HTAN	HTA8_6035_001101	HTA8_6035_001101009.tif	TIFF	143402232	b8b4573f470e9587a51fdb1e41ee3abe	WXS; RNA-Seq	syn63385149									
file	phs002371_HTAN	HTA8_6035_001101	HTA8_6035_001101010.tif	TIFF	145734122	1119c4ec58fb37060e6758b94a941ab0	WXS; RNA-Seq	syn63385150									
file	phs002371_HTAN	HTA8_6035_001102	HTA8_6035_001102007.tif	TIFF	63876365	03dafe336c1bd60e7ffe9c173cdedfa5	WXS; RNA-Seq	syn63385151									
file	phs002371_HTAN	HTA8_6035_001102	HTA8_6035_001102008.tif	TIFF	67660675	eac40fc4e4fb13630c4ea8bc1b103795	WXS; RNA-Seq	syn63385152									
file	phs002371_HTAN	HTA8_6035_001102	HTA8_6035_001102009.tif	TIFF	77579942	1b584e09944470806d9526fe17f76ed6	WXS; RNA-Seq	syn63385153									
file	phs002371_HTAN	HTA8_6035_001102	HTA8_6035_001102010.tif	TIFF	68462374	78f547b2462b050e0b7b9f83c5641f8a	WXS; RNA-Seq	syn63385154									
file	phs002371_HTAN	HTA8_6023_004102	HTA8_6023_004102009.tif	TIFF	76751383	69a5bbfa4ce94feba6780da7db3aa931	WXS; RNA-Seq	syn63385125									
file	phs002371_HTAN	HTA8_6023_004102	HTA8_6023_004102010.tif	TIFF	83951963	d81dc0d0206bdbde520cbf1065957b56	WXS; RNA-Seq	syn63385126									
file	phs002371_HTAN	HTA8_6023_004102	HTA8_6023_004102011.tif	TIFF	94014479	4564c54f40b28463f0579f548c132c40	WXS; RNA-Seq	syn63385127									
file	phs002371_HTAN	HTA8_6023_004102	HTA8_6023_004102012.tif	TIFF	73835138	7f6d6be0222c0b64717e657a6490ac7e	WXS; RNA-Seq	syn63385128									
file	phs002371_HTAN	HTA8_6023_004102	HTA8_6023_004102013.tif	TIFF	76532329	e7b3856c4815374d40b81a5de55f7395	WXS; RNA-Seq	syn63385129									
file	phs002371_HTAN	HTA8_6023_004102	HTA8_6023_004102014.tif	TIFF	69296702	c2434c376b097b1595fd40be66888b04	WXS; RNA-Seq	syn63385130									
file	phs002371_HTAN	HTA8_6023_004102	HTA8_6023_004102015.tif	TIFF	64873009	6d872b9716c74c05ace08b0114d9d447	WXS; RNA-Seq	syn63385134									
file	phs002371_HTAN	HTA8_6027_003102	HTA8_6027_003102009.tif	TIFF	92671232	75143ef18e6c08b60029a7f2a512eee3	WXS; RNA-Seq	syn63385135									
file	phs002371_HTAN	HTA8_6027_003102	HTA8_6027_003102010.tif	TIFF	95478367	d6794d3fa2887bff76c562e27f8351c5	WXS; RNA-Seq	syn63385139									
file	phs002371_HTAN	HTA8_6027_003102	HTA8_6027_003102011.tif	TIFF	105272461	9b9759cb2a4e572d1e17b0ea7a136e04	WXS; RNA-Seq	syn63385140									
file	phs002371_HTAN	HTA8_6027_003102	HTA8_6027_003102012.tif	TIFF	105204939	57eac90a71b00f239c852f4b341c73bc	WXS; RNA-Seq	syn63385141									
file	phs002371_HTAN	HTA8_6027_003102	HTA8_6027_003102013.tif	TIFF	90698380	8abf78fa69d4d1adc79dcbd1ed2a6ed2	WXS; RNA-Seq	syn63385142									
file	phs002371_HTAN	HTA8_6027_003102	HTA8_6027_003102014.tif	TIFF	106033306	de38f2a5fc8137e9f2717bc74f271a40	WXS; RNA-Seq	syn63385143									
file	phs002371_HTAN	HTA8_6027_003102	HTA8_6027_003102015.tif	TIFF	99665350	1d48cd3079e131c399fe5a3fab123a8f	WXS; RNA-Seq	syn63385144									
file	phs002371_HTAN	HTA8_6017_004102	HTA8_6017_004102010.tif	TIFF	93801049	f6bc1ca3ff6dc4004e16e4071cc4b9bd	WXS; RNA-Seq	syn63385109									
file	phs002371_HTAN	HTA8_6017_004102	HTA8_6017_004102011.tif	TIFF	106329133	e7e5aa81a1cbe132ec51dd1de9b6bde9	WXS; RNA-Seq	syn63385110									
file	phs002371_HTAN	HTA8_6017_004102	HTA8_6017_004102012.tif	TIFF	142749403	73f3cb688fd49e40e73a64b435116c99	WXS; RNA-Seq	syn63385111									
file	phs002371_HTAN	HTA8_6017_004102	HTA8_6017_004102013.tif	TIFF	87770469	dafdbd99107f824c1b08b02b82dfa731	WXS; RNA-Seq	syn63385112									
file	phs002371_HTAN	HTA8_6017_004102	HTA8_6017_004102014.tif	TIFF	80954005	10efd6a1fc7e79e24de9f0837346024d	WXS; RNA-Seq	syn63385113									
file	phs002371_HTAN	HTA8_6017_004102	HTA8_6017_004102015.tif	TIFF	129673768	d5dfc7ceec3b2fb8c320fcf661765d1b	WXS; RNA-Seq	syn63385114									
file	phs002371_HTAN	HTA8_6017_004102	HTA8_6017_004102016.tif	TIFF	141646612	6a670889e6fcbd5d410c40d264a4bc92	WXS; RNA-Seq	syn63385115									
file	phs002371_HTAN	HTA5_1184_1518	melanoma_tma2_7_2200.ome.tif	TIFF	2284489980	5d1835d70588ef1584fdad84794cd340	WXS; RNA-Seq	syn68695402									
file	phs002371_HTAN	HTA5_1184_1525	melanoma_tma2_8_2200.ome.tif	TIFF	2284489980	5f0d0f555d9755b992c76fdc5efc1984	WXS; RNA-Seq	syn68695404									
file	phs002371_HTAN	HTA5_1287_1211	melanoma_tma2_9_2200.ome.tif	TIFF	2284489980	1aa69efb9f9825091866725900dd56d3	WXS; RNA-Seq	syn68695405									
file	phs002371_HTAN	HTA5_1287_1218	melanoma_tma2_10_2200.ome.tif	TIFF	2284489980	abba9af96d20e14759f31bc582681eba	WXS; RNA-Seq	syn68695383									
file	phs002371_HTAN	HTA5_1287_1225	melanoma_tma2_11_2200.ome.tif	TIFF	2284489980	cfbc9289190252ccdfbffe1e03dc5bba	WXS; RNA-Seq	syn68695381									
file	phs002371_HTAN	HTA5_1340_1211	melanoma_tma2_12_2200.ome.tif	TIFF	1901839580	39bad45aec9dd321199756458deebeab	WXS; RNA-Seq	syn68695384									
file	phs002371_HTAN	HTA5_1340_1218	melanoma_tma2_13_2200.ome.tif	TIFF	2284489980	11c1e4b8daa4bcaaed3ef1f2d3c82219	WXS; RNA-Seq	syn68695380									
file	phs002371_HTAN	HTA5_1340_1225	melanoma_tma2_14_2200.ome.tif	TIFF	2284489980	d47ccec304765625fedace062de7ed97	WXS; RNA-Seq	syn68695382									
file	phs002371_HTAN	HTA5_1380_1211	melanoma_tma2_15_2200.ome.tif	TIFF	2284489980	f41702c45e87225e159638e67874f2b8	WXS; RNA-Seq	syn68695391									
file	phs002371_HTAN	HTA5_1380_1218	melanoma_tma2_16_2200.ome.tif	TIFF	2284489980	bd5e42e07fd783548b7dc3b85052bbf2	WXS; RNA-Seq	syn68695385									
file	phs002371_HTAN	HTA5_1529_1311	melanoma_tma2_17_2200.ome.tif	TIFF	2284489980	5d07811b0a6f4f8e723acca01e3f4e7a	WXS; RNA-Seq	syn68695389									
file	phs002371_HTAN	HTA5_1529_1318	melanoma_tma2_18_2200.ome.tif	TIFF	1855111580	59e2de93a205cbfcf3ff3a09a9630753	WXS; RNA-Seq	syn68695393									
file	phs002371_HTAN	HTA5_1627_1311	melanoma_tma2_19_2200.ome.tif	TIFF	2284489980	6f5d76d216a8eb23b194ac2e0c7a0888	WXS; RNA-Seq	syn68695390									
file	phs002371_HTAN	HTA5_1627_1318	melanoma_tma2_20_2200.ome.tif	TIFF	2284489980	6f7d634d4e4bb307e6769525b8d67850	WXS; RNA-Seq	syn68695388									
file	phs002371_HTAN	HTA5_1627_1325	melanoma_tma2_21_2200.ome.tif	TIFF	2284489980	ebf93689a8932c2993f445907d4ba908	WXS; RNA-Seq	syn68695392									
file	phs002371_HTAN	HTA5_1654_1211	melanoma_tma2_22_2200.ome.tif	TIFF	2284489980	fc89f8fdae1582d15d2992a23dcb722c	WXS; RNA-Seq	syn68695387									
file	phs002371_HTAN	HTA5_1654_1218	melanoma_tma2_23_2200.ome.tif	TIFF	2284489980	a46782fb1fb644de92f3d28374e3305b	WXS; RNA-Seq	syn68695394									
file	phs002371_HTAN	HTA5_1654_1225	melanoma_tma2_24_2200.ome.tif	TIFF	1878475580	c6c76fb644356ad8c27164ee58bd8e99	WXS; RNA-Seq	syn68695397									
file	phs002371_HTAN	HTA5_1733_1311	melanoma_tma2_25_2200.ome.tif	TIFF	2284489980	3ce086ec613631ccee3e3217dcc439ea	WXS; RNA-Seq	syn68695401									
file	phs002371_HTAN	HTA5_1733_1318	melanoma_tma2_26_2200.ome.tif	TIFF	2284489980	9c4db59f7840e0cbb007d93547cda6b7	WXS; RNA-Seq	syn68695409									
file	phs002371_HTAN	HTA5_1847_1306	melanoma_tma2_27_2200.ome.tif	TIFF	2284489980	86e4dc70225eb9a62f721edc3a9244c2	WXS; RNA-Seq	syn68695395									
file	phs002371_HTAN	HTA5_1847_1313	melanoma_tma2_28_2200.ome.tif	TIFF	2284489980	12842652c6fa56c3e7a5bf1b32199ccc	WXS; RNA-Seq	syn68695408									
file	phs002371_HTAN	HTA5_1847_1320	melanoma_tma2_29_2200.ome.tif	TIFF	2284489980	2ffbc4f3989ac2d54b4b91e5d42051dc	WXS; RNA-Seq	syn68695396									
file	phs002371_HTAN	HTA5_1876_1611	melanoma_tma2_30_2200.ome.tif	TIFF	1878475580	9a909aec7546bac5361c07f7327f289c	WXS; RNA-Seq	syn68695386									
file	phs002371_HTAN	HTA5_1876_1618	melanoma_tma2_31_2200.ome.tif	TIFF	2284489980	fec41f1b3fe0de0d81de251922b583ce	WXS; RNA-Seq	syn68695403									
file	phs002371_HTAN	HTA5_1876_1625	melanoma_tma2_32_2200.ome.tif	TIFF	2284489980	b89cce471e43385c616ef756dd18e338	WXS; RNA-Seq	syn68695410									
file	phs002371_HTAN	HTA5_1918_1211	melanoma_tma2_33_2200.ome.tif	TIFF	2284489980	9f9ff3ac4ea99b5935ea889efbe40e89	WXS; RNA-Seq	syn68695412									
file	phs002371_HTAN	HTA5_1918_1218	melanoma_tma2_34_2200.ome.tif	TIFF	2284489980	a2361c59b163a7d8b3e6d506ab2656d2	WXS; RNA-Seq	syn68695400									
file	phs002371_HTAN	HTA5_1918_1225	melanoma_tma2_35_2200.ome.tif	TIFF	2284489980	e56279f179d8c5db72d9fc1ead75a4f0	WXS; RNA-Seq	syn68695406									
file	phs002371_HTAN	HTA5_1942_1311	melanoma_tma2_36_2200.ome.tif	TIFF	1808383580	948cb1b4aa445ae78d8c0848cae5d63a	WXS; RNA-Seq	syn68695407									
file	phs002371_HTAN	HTA5_1942_1318	melanoma_tma2_37_2200.ome.tif	TIFF	2284489980	3ee59cf6caf5c78d923a4d42b78ecd1c	WXS; RNA-Seq	syn68695413									
file	phs002371_HTAN	HTA5_1942_1325	melanoma_tma2_38_2200.ome.tif	TIFF	2284489980	c1e371e7c02576891b40b6f595ca53e9	WXS; RNA-Seq	syn68695411									
file	phs002371_HTAN	HTA5_1039_1324	melanoma_tma2_1_2300.ome.tif	TIFF	804083340	d193bd764ca8f1082971c9cd1a3fb7db	WXS; RNA-Seq	syn68695433									
file	phs002371_HTAN	HTA5_1039_1330	melanoma_tma2_2_2300.ome.tif	TIFF	804083340	4c9d5feadf13d8123e178f2a0d654d9e	WXS; RNA-Seq	syn68695446									
file	phs002371_HTAN	HTA5_1039_1338	melanoma_tma2_3_2300.ome.tif	TIFF	804083340	bbadffb2a1e792cc5b92f00cf5014d58	WXS; RNA-Seq	syn68695448									
file	phs002371_HTAN	HTA5_1043_1210	melanoma_tma2_4_2300.ome.tif	TIFF	804083340	dacebdbc04f89bc408b5fcedb92d495d	WXS; RNA-Seq	syn68695457									
file	phs002371_HTAN	HTA5_1043_1217	melanoma_tma2_5_2300.ome.tif	TIFF	804083340	3741989dbcf979a9845c15286a4e3597	WXS; RNA-Seq	syn68695452									
file	phs002371_HTAN	HTA5_1184_1517	melanoma_tma2_7_2300.ome.tif	TIFF	804083340	51f332b96efe8e675ea954e6e54e6985	WXS; RNA-Seq	syn68695450									
file	phs002371_HTAN	HTA5_1184_1524	melanoma_tma2_8_2300.ome.tif	TIFF	804083340	b52fefff7ec48fae3b6de402b76fc50d	WXS; RNA-Seq	syn68695454									
file	phs002371_HTAN	HTA5_1287_1210	melanoma_tma2_9_2300.ome.tif	TIFF	804083340	f091a9c316ca00e3b4c7e3b968ed487a	WXS; RNA-Seq	syn68695456									
file	phs002371_HTAN	HTA5_1287_1217	melanoma_tma2_10_2300.ome.tif	TIFF	804083340	875f4badc64a48b7227956a929555187	WXS; RNA-Seq	syn68695420									
file	phs002371_HTAN	HTA5_1287_1224	melanoma_tma2_11_2300.ome.tif	TIFF	804083340	6af018ac419da150abc5991ebfd38ce7	WXS; RNA-Seq	syn68695418									
file	phs002371_HTAN	HTA5_1340_1210	melanoma_tma2_12_2300.ome.tif	TIFF	804083340	2488cead4596647d087c6b65fdac9717	WXS; RNA-Seq	syn68695419									
file	phs002371_HTAN	HTA5_1340_1217	melanoma_tma2_13_2300.ome.tif	TIFF	804083340	c6640583372378c778d342879d1f31e5	WXS; RNA-Seq	syn68695421									
file	phs002371_HTAN	HTA5_1340_1224	melanoma_tma2_14_2300.ome.tif	TIFF	804083340	bce97c8e343d46fe28b6b14608cd1143	WXS; RNA-Seq	syn68695422									
file	phs002371_HTAN	HTA5_1380_1210	melanoma_tma2_15_2300.ome.tif	TIFF	804083340	882fc378d4846dde2c128c5a48c462a2	WXS; RNA-Seq	syn68695428									
file	phs002371_HTAN	HTA5_1380_1217	melanoma_tma2_16_2300.ome.tif	TIFF	804083340	e88333ef189b3190f2ee4a5752583e0e	WXS; RNA-Seq	syn68695424									
file	phs002371_HTAN	HTA5_1529_1310	melanoma_tma2_17_2300.ome.tif	TIFF	804083340	771161139be46f9741c3d22f10a34063	WXS; RNA-Seq	syn68695423									
file	phs002371_HTAN	HTA5_1529_1317	melanoma_tma2_18_2300.ome.tif	TIFF	804083340	4ba805d79265f2cbbb006f0b317bcbc9	WXS; RNA-Seq	syn68695425									
file	phs002371_HTAN	HTA5_1627_1310	melanoma_tma2_19_2300.ome.tif	TIFF	804083340	3fb4c9fa1b5cf3ef6753c753296302f3	WXS; RNA-Seq	syn68695426									
file	phs002371_HTAN	HTA5_1627_1317	melanoma_tma2_20_2300.ome.tif	TIFF	804083340	079e0115748f9703e32d8a0b5796cf8e	WXS; RNA-Seq	syn68695429									
file	phs002371_HTAN	HTA5_1627_1324	melanoma_tma2_21_2300.ome.tif	TIFF	804083340	962b799f10402ad15069c9ce31b86dda	WXS; RNA-Seq	syn68695436									
file	phs002371_HTAN	HTA5_1654_1210	melanoma_tma2_22_2300.ome.tif	TIFF	804083340	3f34c52d24fc4c6a79e9c13d6ae36904	WXS; RNA-Seq	syn68695437									
file	phs002371_HTAN	HTA5_1654_1217	melanoma_tma2_23_2300.ome.tif	TIFF	804083340	992161542ce76070de5ff6db09624beb	WXS; RNA-Seq	syn68695427									
file	phs002371_HTAN	HTA5_1654_1224	melanoma_tma2_24_2300.ome.tif	TIFF	804083340	6f03a697ab851f5b956c41028be0b0a3	WXS; RNA-Seq	syn68695431									
file	phs002371_HTAN	HTA5_1733_1310	melanoma_tma2_25_2300.ome.tif	TIFF	804083340	dd5ad5e176c8f2c75d841132c5d22933	WXS; RNA-Seq	syn68695432									
file	phs002371_HTAN	HTA5_1733_1317	melanoma_tma2_26_2300.ome.tif	TIFF	804083340	87a87c0ff179d4b2fd73386a3ea8a5e8	WXS; RNA-Seq	syn68695430									
file	phs002371_HTAN	HTA5_1847_1305	melanoma_tma2_27_2300.ome.tif	TIFF	804083340	718ca1d431e0e56aa25b49ed50a3f3b2	WXS; RNA-Seq	syn68695434									
file	phs002371_HTAN	HTA5_1847_1312	melanoma_tma2_28_2300.ome.tif	TIFF	804083340	f57d1043c71f15279778fa92c1db8802	WXS; RNA-Seq	syn68695435									
file	phs002371_HTAN	HTA5_1847_1319	melanoma_tma2_29_2300.ome.tif	TIFF	804083340	c434582791cc08953bbc70c288e3d616	WXS; RNA-Seq	syn68695447									
file	phs002371_HTAN	HTA5_1876_1610	melanoma_tma2_30_2300.ome.tif	TIFF	186970112	bfcda874f33509bca999752a90a11f08	WXS; RNA-Seq	syn68695438									
file	phs002371_HTAN	HTA5_1876_1617	melanoma_tma2_31_2300.ome.tif	TIFF	0	d41d8cd98f00b204e9800998ecf8427e	WXS; RNA-Seq	syn68695441									
file	phs002371_HTAN	HTA5_1876_1624	melanoma_tma2_32_2300.ome.tif	TIFF	0	d41d8cd98f00b204e9800998ecf8427e	WXS; RNA-Seq	syn68695439									
file	phs002371_HTAN	HTA5_1918_1210	melanoma_tma2_33_2300.ome.tif	TIFF	45056	f2d797ea462d2f145344e4f37c1fbe8f	WXS; RNA-Seq	syn68695440									
file	phs002371_HTAN	HTA5_1918_1217	melanoma_tma2_34_2300.ome.tif	TIFF	4096	9410a43793d957d56b8adc1f3fc08d1e	WXS; RNA-Seq	syn68695444									
file	phs002371_HTAN	HTA5_1918_1224	melanoma_tma2_35_2300.ome.tif	TIFF	0	d41d8cd98f00b204e9800998ecf8427e	WXS; RNA-Seq	syn68695442									
file	phs002371_HTAN	HTA5_1942_1310	melanoma_tma2_36_2300.ome.tif	TIFF	0	d41d8cd98f00b204e9800998ecf8427e	WXS; RNA-Seq	syn68695443									
file	phs002371_HTAN	HTA5_1942_1317	melanoma_tma2_37_2300.ome.tif	TIFF	0	d41d8cd98f00b204e9800998ecf8427e	WXS; RNA-Seq	syn68695445									
file	phs002371_HTAN	HTA5_1942_1324	melanoma_tma2_38_2300.ome.tif	TIFF	0	d41d8cd98f00b204e9800998ecf8427e	WXS; RNA-Seq	syn68695453									